userCode,extId,moduleId,sessionId,sessionToken,trialId,executableId,session.complete,session.condition,session.forceExit,givenResponse,reactionTime,score,shiftingType,stimulusValue,stimulusType,correctResponse
134158,,c7fbf674-7151-4b31-9215-b4523cffdc16,1,sWUVlrfc1616520108389,1,figural_single_1_practice,1,,0,angular,41977.19999999936,0,single,r_b_10.png,shape,round
134158,,c7fbf674-7151-4b31-9215-b4523cffdc16,1,sWUVlrfc1616520108389,2,figural_single_1_practice,1,,0,angular,4099.099999999453,1,single,e_b_09.png,shape,angular
134158,,c7fbf674-7151-4b31-9215-b4523cffdc16,1,sWUVlrfc1616520108389,3,figural_single_1_practice,1,,0,round,9025.499999999753,1,single,r_b_11.png,shape,round
134158,,c7fbf674-7151-4b31-9215-b4523cffdc16,1,sWUVlrfc1616520108389,4,figural_single_1_practice,1,,0,angular,3144.8000000000175,0,single,r_g_05.png,shape,round
134158,,c7fbf674-7151-4b31-9215-b4523cffdc16,1,sWUVlrfc1616520108389,5,figural_single_1_practice,1,,0,round,2268.7999999998137,0,single,e_b_14.png,shape,angular
134158,,c7fbf674-7151-4b31-9215-b4523cffdc16,1,sWUVlrfc1616520108389,6,figural_single_1_practice,1,,0,round,1256.9000000003143,0,single,e_g_07.png,shape,angular
134158,,c7fbf674-7151-4b31-9215-b4523cffdc16,1,sWUVlrfc1616520108389,7,figural_single_1_practice,1,,0,round,679.4000000008964,0,single,e_g_12.png,shape,angular
134158,,c7fbf674-7151-4b31-9215-b4523cffdc16,1,sWUVlrfc1616520108389,8,figural_single_1_practice,1,,0,angular,1497.1999999997788,0,single,r_b_16.png,shape,round
134158,,c7fbf674-7151-4b31-9215-b4523cffdc16,1,sWUVlrfc1616520108389,9,figural_single_1_practice,1,,0,round,870.3000000005122,1,single,r_g_02.png,shape,round
134158,,c7fbf674-7151-4b31-9215-b4523cffdc16,1,sWUVlrfc1616520108389,10,figural_single_1_practice,1,,0,angular,1513.599999998405,1,single,e_b_04.png,shape,angular
134158,,c7fbf674-7151-4b31-9215-b4523cffdc16,1,sWUVlrfc1616520108389,11,figural_single_1_practice,1,,0,angular,1325.300000000425,1,single,e_g_06.png,shape,angular
134158,,c7fbf674-7151-4b31-9215-b4523cffdc16,1,sWUVlrfc1616520108389,12,figural_single_1_practice,1,,0,angular,1916.9999999994761,0,single,r_g_15.png,shape,round
134158,,c7fbf674-7151-4b31-9215-b4523cffdc16,1,sWUVlrfc1616520108389,13,figural_single_1_1,1,,0,round,3246.4999999992724,1,single,r_b_01.png,shape,round
134158,,c7fbf674-7151-4b31-9215-b4523cffdc16,1,sWUVlrfc1616520108389,14,figural_single_1_1,1,,0,angular,994.9999999989523,1,single,e_g_11.png,shape,angular
134158,,c7fbf674-7151-4b31-9215-b4523cffdc16,1,sWUVlrfc1616520108389,15,figural_single_1_1,1,,0,round,936.400000000489,1,single,r_b_10.png,shape,round
134158,,c7fbf674-7151-4b31-9215-b4523cffdc16,1,sWUVlrfc1616520108389,16,figural_single_1_1,1,,0,angular,1255.9999999993888,0,single,r_b_06.png,shape,round
134158,,c7fbf674-7151-4b31-9215-b4523cffdc16,1,sWUVlrfc1616520108389,17,figural_single_1_1,1,,0,angular,825.6000000000931,1,single,e_g_07.png,shape,angular
134158,,c7fbf674-7151-4b31-9215-b4523cffdc16,1,sWUVlrfc1616520108389,18,figural_single_1_1,1,,0,angular,621.1999999996042,1,single,e_g_13.png,shape,angular
134158,,c7fbf674-7151-4b31-9215-b4523cffdc16,1,sWUVlrfc1616520108389,19,figural_single_1_1,1,,0,angular,664.0999999999767,0,single,r_g_06.png,shape,round
134158,,c7fbf674-7151-4b31-9215-b4523cffdc16,1,sWUVlrfc1616520108389,20,figural_single_1_1,1,,0,angular,1112.0999999984633,1,single,e_g_16.png,shape,angular
134158,,c7fbf674-7151-4b31-9215-b4523cffdc16,1,sWUVlrfc1616520108389,21,figural_single_1_1,1,,0,angular,578.1000000006461,1,single,e_b_09.png,shape,angular
134158,,c7fbf674-7151-4b31-9215-b4523cffdc16,1,sWUVlrfc1616520108389,22,figural_single_1_1,1,,0,angular,745.1999999993714,1,single,e_b_08.png,shape,angular
134158,,c7fbf674-7151-4b31-9215-b4523cffdc16,1,sWUVlrfc1616520108389,23,figural_single_1_1,1,,0,round,1528.5000000003492,1,single,r_b_12.png,shape,round
134158,,c7fbf674-7151-4b31-9215-b4523cffdc16,1,sWUVlrfc1616520108389,24,figural_single_1_1,1,,0,angular,908.5000000013679,1,single,e_b_10.png,shape,angular
134158,,c7fbf674-7151-4b31-9215-b4523cffdc16,1,sWUVlrfc1616520108389,25,figural_single_1_1,1,,0,angular,758.9000000007218,1,single,e_b_05.png,shape,angular
134158,,c7fbf674-7151-4b31-9215-b4523cffdc16,1,sWUVlrfc1616520108389,26,figural_single_1_1,1,,0,angular,760.6000000014319,0,single,r_b_13.png,shape,round
134158,,c7fbf674-7151-4b31-9215-b4523cffdc16,1,sWUVlrfc1616520108389,27,figural_single_1_1,1,,0,angular,563.0999999993946,0,single,r_g_15.png,shape,round
134158,,c7fbf674-7151-4b31-9215-b4523cffdc16,1,sWUVlrfc1616520108389,28,figural_single_1_1,1,,0,angular,542.9999999996799,1,single,e_g_09.png,shape,angular
134158,,c7fbf674-7151-4b31-9215-b4523cffdc16,1,sWUVlrfc1616520108389,29,figural_single_1_1,1,,0,round,882.700000000099,1,single,r_g_02.png,shape,round
134158,,c7fbf674-7151-4b31-9215-b4523cffdc16,1,sWUVlrfc1616520108389,30,figural_single_1_1,1,,0,angular,1037.000000000262,0,single,r_b_07.png,shape,round
134158,,c7fbf674-7151-4b31-9215-b4523cffdc16,1,sWUVlrfc1616520108389,31,figural_single_1_1,1,,0,angular,603.6000000003551,1,single,e_b_06.png,shape,angular
134158,,c7fbf674-7151-4b31-9215-b4523cffdc16,1,sWUVlrfc1616520108389,32,figural_single_1_1,1,,0,angular,740.6999999984982,0,single,r_b_16.png,shape,round
134158,,c7fbf674-7151-4b31-9215-b4523cffdc16,1,sWUVlrfc1616520108389,33,figural_single_1_1,1,,0,round,865.2999999994936,1,single,r_b_02.png,shape,round
134158,,c7fbf674-7151-4b31-9215-b4523cffdc16,1,sWUVlrfc1616520108389,34,figural_single_1_1,1,,0,angular,676.9999999996799,1,single,e_g_06.png,shape,angular
134158,,c7fbf674-7151-4b31-9215-b4523cffdc16,1,sWUVlrfc1616520108389,35,figural_single_1_1,1,,0,angular,729.4999999994761,0,single,r_g_03.png,shape,round
134158,,c7fbf674-7151-4b31-9215-b4523cffdc16,1,sWUVlrfc1616520108389,36,figural_single_1_1,1,,0,angular,772.1000000001222,1,single,e_g_05.png,shape,angular
134158,,c7fbf674-7151-4b31-9215-b4523cffdc16,1,sWUVlrfc1616520108389,37,figural_single_1_1,1,,0,angular,682.6999999993714,1,single,e_b_13.png,shape,angular
134158,,c7fbf674-7151-4b31-9215-b4523cffdc16,1,sWUVlrfc1616520108389,38,figural_single_1_1,1,,0,angular,585.7999999989406,1,single,e_g_15.png,shape,angular
134158,,c7fbf674-7151-4b31-9215-b4523cffdc16,1,sWUVlrfc1616520108389,39,figural_single_1_1,1,,0,angular,566.700000001234,0,single,r_g_08.png,shape,round
134158,,c7fbf674-7151-4b31-9215-b4523cffdc16,1,sWUVlrfc1616520108389,40,figural_single_1_1,1,,0,angular,743.3000000000757,0,single,r_b_05.png,shape,round
134158,,c7fbf674-7151-4b31-9215-b4523cffdc16,1,sWUVlrfc1616520108389,41,figural_single_1_1,1,,0,angular,523.9999999994179,1,single,e_b_02.png,shape,angular
134158,,c7fbf674-7151-4b31-9215-b4523cffdc16,1,sWUVlrfc1616520108389,42,figural_single_1_1,1,,0,angular,554.2999999997846,1,single,e_g_14.png,shape,angular
134158,,c7fbf674-7151-4b31-9215-b4523cffdc16,1,sWUVlrfc1616520108389,43,figural_single_1_1,1,,0,angular,668.7999999994645,0,single,r_b_03.png,shape,round
134158,,c7fbf674-7151-4b31-9215-b4523cffdc16,1,sWUVlrfc1616520108389,44,figural_single_1_1,1,,0,angular,663.8000000002503,1,single,e_b_14.png,shape,angular
134158,,c7fbf674-7151-4b31-9215-b4523cffdc16,1,sWUVlrfc1616520108389,45,figural_single_1_1,1,,0,angular,723.7999999997555,1,single,e_b_04.png,shape,angular
134158,,c7fbf674-7151-4b31-9215-b4523cffdc16,1,sWUVlrfc1616520108389,46,figural_single_1_1,1,,0,angular,506.00000000122236,1,single,e_b_03.png,shape,angular
134158,,c7fbf674-7151-4b31-9215-b4523cffdc16,1,sWUVlrfc1616520108389,47,figural_single_1_1,1,,0,angular,895.6999999991385,0,single,r_g_16.png,shape,round
134158,,c7fbf674-7151-4b31-9215-b4523cffdc16,1,sWUVlrfc1616520108389,48,figural_single_1_1,1,,0,angular,503.5999999999767,0,single,r_g_13.png,shape,round
134158,,c7fbf674-7151-4b31-9215-b4523cffdc16,1,sWUVlrfc1616520108389,49,figural_single_1_1,1,,0,angular,536.6000000012864,0,single,r_g_14.png,shape,round
134158,,c7fbf674-7151-4b31-9215-b4523cffdc16,1,sWUVlrfc1616520108389,50,figural_single_1_1,1,,0,angular,493.70000000088476,1,single,e_g_08.png,shape,angular
134158,,c7fbf674-7151-4b31-9215-b4523cffdc16,1,sWUVlrfc1616520108389,51,figural_single_1_1,1,,0,angular,529.9000000013621,0,single,r_g_09.png,shape,round
134158,,c7fbf674-7151-4b31-9215-b4523cffdc16,1,sWUVlrfc1616520108389,52,figural_single_1_1,1,,0,angular,747.9000000003143,1,single,e_g_04.png,shape,angular
134158,,c7fbf674-7151-4b31-9215-b4523cffdc16,1,sWUVlrfc1616520108389,53,figural_single_1_1,1,,0,angular,602.1999999993714,1,single,e_b_15.png,shape,angular
134158,,c7fbf674-7151-4b31-9215-b4523cffdc16,1,sWUVlrfc1616520108389,54,figural_single_1_1,1,,0,angular,594.6999999996624,0,single,r_g_04.png,shape,round
134158,,c7fbf674-7151-4b31-9215-b4523cffdc16,1,sWUVlrfc1616520108389,55,figural_single_1_1,1,,0,angular,683.6999999996042,1,single,e_b_07.png,shape,angular
134158,,c7fbf674-7151-4b31-9215-b4523cffdc16,1,sWUVlrfc1616520108389,56,figural_single_1_1,1,,0,angular,717.0999999998312,1,single,e_b_16.png,shape,angular
134158,,c7fbf674-7151-4b31-9215-b4523cffdc16,1,sWUVlrfc1616520108389,57,figural_single_1_1,1,,0,angular,486.0000000007858,0,single,r_b_08.png,shape,round
134158,,c7fbf674-7151-4b31-9215-b4523cffdc16,1,sWUVlrfc1616520108389,58,figural_single_1_1,1,,0,angular,608.099999999482,1,single,e_g_12.png,shape,angular
134158,,c7fbf674-7151-4b31-9215-b4523cffdc16,1,sWUVlrfc1616520108389,59,figural_single_1_1,1,,0,angular,625.9999999983702,0,single,r_b_14.png,shape,round
134158,,c7fbf674-7151-4b31-9215-b4523cffdc16,1,sWUVlrfc1616520108389,60,figural_single_1_1,1,,0,angular,807.8000000004831,0,single,r_g_05.png,shape,round
134158,,c7fbf674-7151-4b31-9215-b4523cffdc16,1,sWUVlrfc1616520108389,61,figural_single_1_1,1,,0,round,2018.4000000008382,1,single,r_g_01.png,shape,round
134158,,c7fbf674-7151-4b31-9215-b4523cffdc16,1,sWUVlrfc1616520108389,62,figural_single_1_1,1,,0,angular,704.4999999998254,1,single,e_g_02.png,shape,angular
134158,,c7fbf674-7151-4b31-9215-b4523cffdc16,1,sWUVlrfc1616520108389,63,figural_single_1_1,1,,0,angular,747.800000001007,0,single,r_g_11.png,shape,round
134158,,c7fbf674-7151-4b31-9215-b4523cffdc16,1,sWUVlrfc1616520108389,64,figural_single_1_1,1,,0,angular,689.5999999997148,0,single,r_g_10.png,shape,round
134158,,c7fbf674-7151-4b31-9215-b4523cffdc16,1,sWUVlrfc1616520108389,65,figural_single_1_1,1,,0,round,1803.6000000010827,1,single,r_b_04.png,shape,round
134158,,c7fbf674-7151-4b31-9215-b4523cffdc16,1,sWUVlrfc1616520108389,66,figural_single_1_1,1,,0,angular,665.699999999546,1,single,e_g_01.png,shape,angular
134158,,c7fbf674-7151-4b31-9215-b4523cffdc16,1,sWUVlrfc1616520108389,67,figural_single_1_1,1,,0,angular,712.4999999996217,0,single,r_b_09.png,shape,round
134158,,c7fbf674-7151-4b31-9215-b4523cffdc16,1,sWUVlrfc1616520108389,68,figural_single_1_1,1,,0,angular,560.7999999992899,0,single,r_b_15.png,shape,round
134158,,c7fbf674-7151-4b31-9215-b4523cffdc16,1,sWUVlrfc1616520108389,69,figural_single_1_1,1,,0,angular,583.8000000003376,0,single,r_g_07.png,shape,round
134158,,c7fbf674-7151-4b31-9215-b4523cffdc16,1,sWUVlrfc1616520108389,70,figural_single_1_1,1,,0,angular,466.30000000004657,1,single,e_b_01.png,shape,angular
134158,,c7fbf674-7151-4b31-9215-b4523cffdc16,1,sWUVlrfc1616520108389,71,figural_single_1_1,1,,0,angular,480.70000000006985,1,single,e_b_12.png,shape,angular
134158,,c7fbf674-7151-4b31-9215-b4523cffdc16,1,sWUVlrfc1616520108389,72,figural_single_1_1,1,,0,angular,494.69999999928405,0,single,r_b_11.png,shape,round
134158,,c7fbf674-7151-4b31-9215-b4523cffdc16,1,sWUVlrfc1616520108389,73,figural_single_1_1,1,,0,round,1022.3999999998487,1,single,r_g_12.png,shape,round
134158,,c7fbf674-7151-4b31-9215-b4523cffdc16,1,sWUVlrfc1616520108389,74,figural_single_1_1,1,,0,angular,617.2000000005937,1,single,e_g_03.png,shape,angular
134158,,c7fbf674-7151-4b31-9215-b4523cffdc16,1,sWUVlrfc1616520108389,75,figural_single_1_1,1,,0,angular,498.3000000011234,1,single,e_g_10.png,shape,angular
134158,,c7fbf674-7151-4b31-9215-b4523cffdc16,1,sWUVlrfc1616520108389,76,figural_single_1_1,1,,0,angular,776.7999999996391,1,single,e_b_11.png,shape,angular
134158,,c7fbf674-7151-4b31-9215-b4523cffdc16,1,sWUVlrfc1616520108389,77,figural_single_2_practice,1,,0,blue,12395.400000001246,1,single,r_b_07.png,color,blue
134158,,c7fbf674-7151-4b31-9215-b4523cffdc16,1,sWUVlrfc1616520108389,78,figural_single_2_practice,1,,0,green,2327.8000000009197,1,single,r_g_09.png,color,green
134158,,c7fbf674-7151-4b31-9215-b4523cffdc16,1,sWUVlrfc1616520108389,79,figural_single_2_practice,1,,0,green,1174.899999999965,1,single,e_g_04.png,color,green
134158,,c7fbf674-7151-4b31-9215-b4523cffdc16,1,sWUVlrfc1616520108389,80,figural_single_2_practice,1,,0,blue,3108.6000000013737,1,single,r_b_14.png,color,blue
134158,,c7fbf674-7151-4b31-9215-b4523cffdc16,1,sWUVlrfc1616520108389,81,figural_single_2_practice,1,,0,green,1914.2999999985332,0,single,e_b_06.png,color,blue
134158,,c7fbf674-7151-4b31-9215-b4523cffdc16,1,sWUVlrfc1616520108389,82,figural_single_2_practice,1,,0,green,1376.700000000652,1,single,e_g_10.png,color,green
134158,,c7fbf674-7151-4b31-9215-b4523cffdc16,1,sWUVlrfc1616520108389,83,figural_single_2_practice,1,,0,green,2835.699999999604,0,single,e_b_16.png,color,blue
134158,,c7fbf674-7151-4b31-9215-b4523cffdc16,1,sWUVlrfc1616520108389,84,figural_single_2_practice,1,,0,green,889.100000000326,1,single,e_g_08.png,color,green
134158,,c7fbf674-7151-4b31-9215-b4523cffdc16,1,sWUVlrfc1616520108389,85,figural_single_2_practice,1,,0,green,1547.8999999995576,0,single,e_b_02.png,color,blue
134158,,c7fbf674-7151-4b31-9215-b4523cffdc16,1,sWUVlrfc1616520108389,86,figural_single_2_practice,1,,0,green,857,1,single,r_g_03.png,color,green
134158,,c7fbf674-7151-4b31-9215-b4523cffdc16,1,sWUVlrfc1616520108389,87,figural_single_2_practice,1,,0,blue,3171.5000000003492,1,single,r_b_13.png,color,blue
134158,,c7fbf674-7151-4b31-9215-b4523cffdc16,1,sWUVlrfc1616520108389,88,figural_single_2_practice,1,,0,green,3163.8999999995576,1,single,r_g_01.png,color,green
134158,,c7fbf674-7151-4b31-9215-b4523cffdc16,1,sWUVlrfc1616520108389,89,figural_single_2_1,1,,0,green,3695.0000000015134,1,single,r_g_07.png,color,green
134158,,c7fbf674-7151-4b31-9215-b4523cffdc16,1,sWUVlrfc1616520108389,90,figural_single_2_1,1,,0,green,2802.3000000012107,0,single,r_b_03.png,color,blue
134158,,c7fbf674-7151-4b31-9215-b4523cffdc16,1,sWUVlrfc1616520108389,91,figural_single_2_1,1,,0,green,602.2000000011758,1,single,r_g_08.png,color,green
134158,,c7fbf674-7151-4b31-9215-b4523cffdc16,1,sWUVlrfc1616520108389,92,figural_single_2_1,1,,0,green,645.300000000163,1,single,e_g_01.png,color,green
134158,,c7fbf674-7151-4b31-9215-b4523cffdc16,1,sWUVlrfc1616520108389,93,figural_single_2_1,1,,0,green,618.4999999986612,1,single,e_g_09.png,color,green
134158,,c7fbf674-7151-4b31-9215-b4523cffdc16,1,sWUVlrfc1616520108389,94,figural_single_2_1,1,,0,blue,2353.699999999604,1,single,r_b_08.png,color,blue
134158,,c7fbf674-7151-4b31-9215-b4523cffdc16,1,sWUVlrfc1616520108389,95,figural_single_2_1,1,,0,green,469.6999999996624,0,single,e_b_03.png,color,blue
134158,,c7fbf674-7151-4b31-9215-b4523cffdc16,1,sWUVlrfc1616520108389,96,figural_single_2_1,1,,0,green,517.4999999999418,1,single,e_g_07.png,color,green
134158,,c7fbf674-7151-4b31-9215-b4523cffdc16,1,sWUVlrfc1616520108389,97,figural_single_2_1,1,,0,green,574.1999999990803,0,single,e_b_02.png,color,blue
134158,,c7fbf674-7151-4b31-9215-b4523cffdc16,1,sWUVlrfc1616520108389,98,figural_single_2_1,1,,0,green,637.0000000006403,1,single,e_g_04.png,color,green
134158,,c7fbf674-7151-4b31-9215-b4523cffdc16,1,sWUVlrfc1616520108389,99,figural_single_2_1,1,,0,green,504.10000000015134,1,single,r_g_06.png,color,green
134158,,c7fbf674-7151-4b31-9215-b4523cffdc16,1,sWUVlrfc1616520108389,100,figural_single_2_1,1,,0,blue,2317.9999999993015,1,single,e_b_08.png,color,blue
134158,,c7fbf674-7151-4b31-9215-b4523cffdc16,1,sWUVlrfc1616520108389,101,figural_single_2_1,1,,0,green,547.8000000002794,1,single,e_g_16.png,color,green
134158,,c7fbf674-7151-4b31-9215-b4523cffdc16,1,sWUVlrfc1616520108389,102,figural_single_2_1,1,,0,green,709.4999999990105,0,single,e_b_06.png,color,blue
134158,,c7fbf674-7151-4b31-9215-b4523cffdc16,1,sWUVlrfc1616520108389,103,figural_single_2_1,1,,0,blue,1178.90000000078,1,single,e_b_04.png,color,blue
134158,,c7fbf674-7151-4b31-9215-b4523cffdc16,1,sWUVlrfc1616520108389,104,figural_single_2_1,1,,0,green,689.7000000008265,1,single,r_g_10.png,color,green
134158,,c7fbf674-7151-4b31-9215-b4523cffdc16,1,sWUVlrfc1616520108389,105,figural_single_2_1,1,,0,blue,1140.800000001036,1,single,e_b_12.png,color,blue
134158,,c7fbf674-7151-4b31-9215-b4523cffdc16,1,sWUVlrfc1616520108389,106,figural_single_2_1,1,,0,green,182.39999999973224,0,single,r_b_09.png,color,blue
134158,,c7fbf674-7151-4b31-9215-b4523cffdc16,1,sWUVlrfc1616520108389,107,figural_single_2_1,1,,0,green,132.29999999928987,1,single,r_g_15.png,color,green
134158,,c7fbf674-7151-4b31-9215-b4523cffdc16,1,sWUVlrfc1616520108389,108,figural_single_2_1,1,,0,green,70.7999999995227,1,single,e_g_08.png,color,green
134158,,c7fbf674-7151-4b31-9215-b4523cffdc16,1,sWUVlrfc1616520108389,109,figural_single_2_1,1,,0,green,244.8000000003958,0,single,e_b_11.png,color,blue
134158,,c7fbf674-7151-4b31-9215-b4523cffdc16,1,sWUVlrfc1616520108389,110,figural_single_2_1,1,,0,green,460.80000000074506,0,single,r_b_13.png,color,blue
134158,,c7fbf674-7151-4b31-9215-b4523cffdc16,1,sWUVlrfc1616520108389,111,figural_single_2_1,1,,0,green,521.0000000006403,0,single,r_b_12.png,color,blue
134158,,c7fbf674-7151-4b31-9215-b4523cffdc16,1,sWUVlrfc1616520108389,112,figural_single_2_1,1,,0,green,444.7999999993481,0,single,r_b_15.png,color,blue
134158,,c7fbf674-7151-4b31-9215-b4523cffdc16,1,sWUVlrfc1616520108389,113,figural_single_2_1,1,,0,green,322.09999999939464,1,single,e_g_05.png,color,green
134158,,c7fbf674-7151-4b31-9215-b4523cffdc16,1,sWUVlrfc1616520108389,114,figural_single_2_1,1,,0,green,325.300000000454,1,single,r_g_12.png,color,green
134158,,c7fbf674-7151-4b31-9215-b4523cffdc16,1,sWUVlrfc1616520108389,115,figural_single_2_1,1,,0,green,373.49999999970896,0,single,r_b_02.png,color,blue
134158,,c7fbf674-7151-4b31-9215-b4523cffdc16,1,sWUVlrfc1616520108389,116,figural_single_2_1,1,,0,green,260.2000000005937,0,single,r_b_01.png,color,blue
134158,,c7fbf674-7151-4b31-9215-b4523cffdc16,1,sWUVlrfc1616520108389,117,figural_single_2_1,1,,0,green,128.0999999999185,0,single,r_b_07.png,color,blue
134158,,c7fbf674-7151-4b31-9215-b4523cffdc16,1,sWUVlrfc1616520108389,118,figural_single_2_1,1,,0,green,229.10000000044238,1,single,e_g_15.png,color,green
134158,,c7fbf674-7151-4b31-9215-b4523cffdc16,1,sWUVlrfc1616520108389,119,figural_single_2_1,1,,0,green,423.0000000006403,1,single,e_g_11.png,color,green
134158,,c7fbf674-7151-4b31-9215-b4523cffdc16,1,sWUVlrfc1616520108389,120,figural_single_2_1,1,,0,green,464.09999999922,0,single,e_b_07.png,color,blue
134158,,c7fbf674-7151-4b31-9215-b4523cffdc16,1,sWUVlrfc1616520108389,121,figural_single_2_1,1,,0,green,323.8000000001048,1,single,r_g_04.png,color,green
134158,,c7fbf674-7151-4b31-9215-b4523cffdc16,1,sWUVlrfc1616520108389,122,figural_single_2_1,1,,0,green,368.09999999962747,1,single,e_g_02.png,color,green
134158,,c7fbf674-7151-4b31-9215-b4523cffdc16,1,sWUVlrfc1616520108389,123,figural_single_2_1,1,,0,green,274.1000000005588,0,single,e_b_01.png,color,blue
134158,,c7fbf674-7151-4b31-9215-b4523cffdc16,1,sWUVlrfc1616520108389,124,figural_single_2_1,1,,0,green,250,0,single,r_b_05.png,color,blue
134158,,c7fbf674-7151-4b31-9215-b4523cffdc16,1,sWUVlrfc1616520108389,125,figural_single_2_1,1,,0,green,177.10000000079162,1,single,e_g_03.png,color,green
134158,,c7fbf674-7151-4b31-9215-b4523cffdc16,1,sWUVlrfc1616520108389,126,figural_single_2_1,1,,0,green,198.5999999997439,0,single,r_b_04.png,color,blue
134158,,c7fbf674-7151-4b31-9215-b4523cffdc16,1,sWUVlrfc1616520108389,127,figural_single_2_1,1,,0,green,240.2999999994645,1,single,e_g_06.png,color,green
134158,,c7fbf674-7151-4b31-9215-b4523cffdc16,1,sWUVlrfc1616520108389,128,figural_single_2_1,1,,0,green,234.6999999990221,1,single,e_g_12.png,color,green
134158,,c7fbf674-7151-4b31-9215-b4523cffdc16,1,sWUVlrfc1616520108389,129,figural_single_2_1,1,,0,green,288.50000000052387,1,single,r_g_14.png,color,green
134158,,c7fbf674-7151-4b31-9215-b4523cffdc16,1,sWUVlrfc1616520108389,130,figural_single_2_1,1,,0,green,283.8000000010361,0,single,e_b_09.png,color,blue
134158,,c7fbf674-7151-4b31-9215-b4523cffdc16,1,sWUVlrfc1616520108389,131,figural_single_2_1,1,,0,green,422.99999999883585,0,single,e_b_16.png,color,blue
134158,,c7fbf674-7151-4b31-9215-b4523cffdc16,1,sWUVlrfc1616520108389,132,figural_single_2_1,1,,0,green,420.2999999997555,1,single,r_g_01.png,color,green
134158,,c7fbf674-7151-4b31-9215-b4523cffdc16,1,sWUVlrfc1616520108389,133,figural_single_2_1,1,,0,green,401.0999999991036,1,single,r_g_09.png,color,green
134158,,c7fbf674-7151-4b31-9215-b4523cffdc16,1,sWUVlrfc1616520108389,134,figural_single_2_1,1,,0,blue,777.7999999998137,0,single,e_g_13.png,color,green
134158,,c7fbf674-7151-4b31-9215-b4523cffdc16,1,sWUVlrfc1616520108389,135,figural_single_2_1,1,,0,green,429.0000000000582,0,single,r_b_06.png,color,blue
134158,,c7fbf674-7151-4b31-9215-b4523cffdc16,1,sWUVlrfc1616520108389,136,figural_single_2_1,1,,0,green,633.0999999991036,0,single,r_b_14.png,color,blue
134158,,c7fbf674-7151-4b31-9215-b4523cffdc16,1,sWUVlrfc1616520108389,137,figural_single_2_1,1,,0,blue,1089.3999999989173,0,single,r_g_05.png,color,green
134158,,c7fbf674-7151-4b31-9215-b4523cffdc16,1,sWUVlrfc1616520108389,138,figural_single_2_1,1,,0,green,948.6999999989639,1,single,e_g_10.png,color,green
134158,,c7fbf674-7151-4b31-9215-b4523cffdc16,1,sWUVlrfc1616520108389,139,figural_single_2_1,1,,0,green,530.0999999999185,1,single,r_g_02.png,color,green
134158,,c7fbf674-7151-4b31-9215-b4523cffdc16,1,sWUVlrfc1616520108389,140,figural_single_2_1,1,,0,green,1151.0999999991618,0,single,e_b_10.png,color,blue
134158,,c7fbf674-7151-4b31-9215-b4523cffdc16,1,sWUVlrfc1616520108389,141,figural_single_2_1,1,,0,green,411.7000000005355,0,single,r_b_16.png,color,blue
134158,,c7fbf674-7151-4b31-9215-b4523cffdc16,1,sWUVlrfc1616520108389,142,figural_single_2_1,1,,0,green,314.400000001071,1,single,r_g_11.png,color,green
134158,,c7fbf674-7151-4b31-9215-b4523cffdc16,1,sWUVlrfc1616520108389,143,figural_single_2_1,1,,0,green,161.29999999975553,1,single,r_g_03.png,color,green
134158,,c7fbf674-7151-4b31-9215-b4523cffdc16,1,sWUVlrfc1616520108389,144,figural_single_2_1,1,,0,green,238.79999999917345,0,single,e_b_14.png,color,blue
134158,,c7fbf674-7151-4b31-9215-b4523cffdc16,1,sWUVlrfc1616520108389,145,figural_single_2_1,1,,0,green,390.29999999911524,0,single,e_b_13.png,color,blue
134158,,c7fbf674-7151-4b31-9215-b4523cffdc16,1,sWUVlrfc1616520108389,146,figural_single_2_1,1,,0,green,271.9999999990687,0,single,r_b_10.png,color,blue
134158,,c7fbf674-7151-4b31-9215-b4523cffdc16,1,sWUVlrfc1616520108389,147,figural_single_2_1,1,,0,green,251.79999999998836,1,single,e_g_14.png,color,green
134158,,c7fbf674-7151-4b31-9215-b4523cffdc16,1,sWUVlrfc1616520108389,148,figural_single_2_1,1,,0,green,271.0000000006403,0,single,e_b_15.png,color,blue
134158,,c7fbf674-7151-4b31-9215-b4523cffdc16,1,sWUVlrfc1616520108389,149,figural_single_2_1,1,,0,green,325.39999999973224,0,single,e_b_05.png,color,blue
134158,,c7fbf674-7151-4b31-9215-b4523cffdc16,1,sWUVlrfc1616520108389,150,figural_single_2_1,1,,0,green,434.4999999994179,0,single,r_b_11.png,color,blue
134158,,c7fbf674-7151-4b31-9215-b4523cffdc16,1,sWUVlrfc1616520108389,151,figural_single_2_1,1,,0,green,274.49999999953434,1,single,r_g_13.png,color,green
134158,,c7fbf674-7151-4b31-9215-b4523cffdc16,1,sWUVlrfc1616520108389,152,figural_single_2_1,1,,0,green,113.49999999947613,1,single,r_g_16.png,color,green
134158,,c7fbf674-7151-4b31-9215-b4523cffdc16,1,sWUVlrfc1616520108389,153,figural_mixed_practice,1,,0,angular,10985.000000000582,1,start,e_g_13.png,shape,angular
134158,,c7fbf674-7151-4b31-9215-b4523cffdc16,1,sWUVlrfc1616520108389,154,figural_mixed_practice,1,,0,angular,4135.5999999996275,1,repetition,e_g_15.png,shape,angular
134158,,c7fbf674-7151-4b31-9215-b4523cffdc16,1,sWUVlrfc1616520108389,155,figural_mixed_practice,1,,0,blue,2165.499999999127,1,switch,r_b_02.png,color,blue
134158,,c7fbf674-7151-4b31-9215-b4523cffdc16,1,sWUVlrfc1616520108389,156,figural_mixed_practice,1,,0,green,2342.000000000582,1,repetition,r_g_10.png,color,green
134158,,c7fbf674-7151-4b31-9215-b4523cffdc16,1,sWUVlrfc1616520108389,157,figural_mixed_practice,1,,0,round,2182.600000000093,1,switch,r_b_03.png,shape,round
134158,,c7fbf674-7151-4b31-9215-b4523cffdc16,1,sWUVlrfc1616520108389,158,figural_mixed_practice,1,,0,green,1848.40000000078,0,switch,e_b_11.png,color,blue
134158,,c7fbf674-7151-4b31-9215-b4523cffdc16,1,sWUVlrfc1616520108389,159,figural_mixed_practice,1,,0,green,1049.3999999998487,1,repetition,r_g_06.png,color,green
134158,,c7fbf674-7151-4b31-9215-b4523cffdc16,1,sWUVlrfc1616520108389,160,figural_mixed_practice,1,,0,angular,2868.0000000004075,0,switch,r_b_08.png,shape,round
134158,,c7fbf674-7151-4b31-9215-b4523cffdc16,1,sWUVlrfc1616520108389,161,figural_mixed_practice,1,,0,angular,1030.800000000454,1,repetition,e_b_12.png,shape,angular
134158,,c7fbf674-7151-4b31-9215-b4523cffdc16,1,sWUVlrfc1616520108389,162,figural_mixed_practice,1,,0,round,1690.999999998894,1,repetition,r_g_04.png,shape,round
134158,,c7fbf674-7151-4b31-9215-b4523cffdc16,1,sWUVlrfc1616520108389,163,figural_mixed_practice,1,,0,green,1995.2999999987078,0,switch,e_b_01.png,color,blue
134158,,c7fbf674-7151-4b31-9215-b4523cffdc16,1,sWUVlrfc1616520108389,164,figural_mixed_practice,1,,0,green,1335.1999999994878,1,repetition,e_g_05.png,color,green
134158,,c7fbf674-7151-4b31-9215-b4523cffdc16,1,sWUVlrfc1616520108389,165,figural_mixed,1,,0,blue,3801.9000000003725,0,start,r_g_12.png,color,green
134158,,c7fbf674-7151-4b31-9215-b4523cffdc16,1,sWUVlrfc1616520108389,166,figural_mixed,1,,0,green,995.1000000000931,1,repetition,e_g_16.png,color,green
134158,,c7fbf674-7151-4b31-9215-b4523cffdc16,1,sWUVlrfc1616520108389,167,figural_mixed,1,,0,round,1652.5000000001164,1,switch,r_b_01.png,shape,round
134158,,c7fbf674-7151-4b31-9215-b4523cffdc16,1,sWUVlrfc1616520108389,168,figural_mixed,1,,0,green,833.3999999995576,0,switch,e_b_10.png,color,blue
134158,,c7fbf674-7151-4b31-9215-b4523cffdc16,1,sWUVlrfc1616520108389,169,figural_mixed,1,,0,round,1526.59999999922,1,switch,r_g_07.png,shape,round
134158,,c7fbf674-7151-4b31-9215-b4523cffdc16,1,sWUVlrfc1616520108389,170,figural_mixed,1,,0,angular,913.8000000002794,1,repetition,e_g_16.png,shape,angular
134158,,c7fbf674-7151-4b31-9215-b4523cffdc16,1,sWUVlrfc1616520108389,171,figural_mixed,1,,0,angular,582.3000000000466,1,repetition,e_b_11.png,shape,angular
134158,,c7fbf674-7151-4b31-9215-b4523cffdc16,1,sWUVlrfc1616520108389,172,figural_mixed,1,,0,green,561.1000000008498,0,switch,e_b_12.png,color,blue
134158,,c7fbf674-7151-4b31-9215-b4523cffdc16,1,sWUVlrfc1616520108389,173,figural_mixed,1,,0,blue,1053.5,1,repetition,r_b_05.png,color,blue
134158,,c7fbf674-7151-4b31-9215-b4523cffdc16,1,sWUVlrfc1616520108389,174,figural_mixed,1,,0,angular,1174.899999999965,1,switch,e_b_15.png,shape,angular
134158,,c7fbf674-7151-4b31-9215-b4523cffdc16,1,sWUVlrfc1616520108389,175,figural_mixed,1,,0,round,967.3000000002794,1,repetition,r_g_01.png,shape,round
134158,,c7fbf674-7151-4b31-9215-b4523cffdc16,1,sWUVlrfc1616520108389,176,figural_mixed,1,,0,green,575.0999999999767,1,switch,r_g_11.png,color,green
134158,,c7fbf674-7151-4b31-9215-b4523cffdc16,1,sWUVlrfc1616520108389,177,figural_mixed,1,,0,green,828.2999999992317,0,repetition,e_b_14.png,color,blue
134158,,c7fbf674-7151-4b31-9215-b4523cffdc16,1,sWUVlrfc1616520108389,178,figural_mixed,1,,0,blue,1278.400000001071,0,repetition,r_g_05.png,color,green
134158,,c7fbf674-7151-4b31-9215-b4523cffdc16,1,sWUVlrfc1616520108389,179,figural_mixed,1,,0,angular,681.3999999994994,1,switch,e_g_09.png,shape,angular
134158,,c7fbf674-7151-4b31-9215-b4523cffdc16,1,sWUVlrfc1616520108389,180,figural_mixed,1,,0,round,1321.4000000007218,1,repetition,r_b_04.png,shape,round
134158,,c7fbf674-7151-4b31-9215-b4523cffdc16,1,sWUVlrfc1616520108389,181,figural_mixed,1,,0,round,1215.700000000652,1,repetition,r_g_12.png,shape,round
134158,,c7fbf674-7151-4b31-9215-b4523cffdc16,1,sWUVlrfc1616520108389,182,figural_mixed,1,,0,round,1232.7000000004773,1,repetition,r_b_02.png,shape,round
134158,,c7fbf674-7151-4b31-9215-b4523cffdc16,1,sWUVlrfc1616520108389,183,figural_mixed,1,,0,blue,902.0999999993364,0,switch,r_g_04.png,color,green
134158,,c7fbf674-7151-4b31-9215-b4523cffdc16,1,sWUVlrfc1616520108389,184,figural_mixed,1,,0,green,769.9000000011874,0,repetition,e_b_02.png,color,blue
134158,,c7fbf674-7151-4b31-9215-b4523cffdc16,1,sWUVlrfc1616520108389,185,figural_mixed,1,,0,green,735.6999999992549,0,repetition,r_b_16.png,color,blue
134158,,c7fbf674-7151-4b31-9215-b4523cffdc16,1,sWUVlrfc1616520108389,186,figural_mixed,1,,0,angular,681.3000000002212,1,switch,e_g_03.png,shape,angular
134158,,c7fbf674-7151-4b31-9215-b4523cffdc16,1,sWUVlrfc1616520108389,187,figural_mixed,1,,0,blue,1445.200000000128,1,switch,r_b_10.png,color,blue
134158,,c7fbf674-7151-4b31-9215-b4523cffdc16,1,sWUVlrfc1616520108389,188,figural_mixed,1,,0,green,710.3999999999069,1,repetition,e_g_03.png,color,green
134158,,c7fbf674-7151-4b31-9215-b4523cffdc16,1,sWUVlrfc1616520108389,189,figural_mixed,1,,0,green,610.5000000006985,1,repetition,r_g_06.png,color,green
134158,,c7fbf674-7151-4b31-9215-b4523cffdc16,1,sWUVlrfc1616520108389,190,figural_mixed,1,,0,angular,586.4999999994179,0,switch,r_b_09.png,shape,round
134158,,c7fbf674-7151-4b31-9215-b4523cffdc16,1,sWUVlrfc1616520108389,191,figural_mixed,1,,0,blue,844.600000000326,1,switch,r_b_02.png,color,blue
134158,,c7fbf674-7151-4b31-9215-b4523cffdc16,1,sWUVlrfc1616520108389,192,figural_mixed,1,,0,green,617.2999999998719,1,repetition,r_g_01.png,color,green
134158,,c7fbf674-7151-4b31-9215-b4523cffdc16,1,sWUVlrfc1616520108389,193,figural_mixed,1,,0,angular,2549.3999999998487,1,switch,e_g_07.png,shape,angular
134158,,c7fbf674-7151-4b31-9215-b4523cffdc16,1,sWUVlrfc1616520108389,194,figural_mixed,1,,0,green,720.8000000009779,0,switch,r_b_13.png,color,blue
134158,,c7fbf674-7151-4b31-9215-b4523cffdc16,1,sWUVlrfc1616520108389,195,figural_mixed,1,,0,angular,920.0000000000582,1,switch,e_b_14.png,shape,angular
134158,,c7fbf674-7151-4b31-9215-b4523cffdc16,1,sWUVlrfc1616520108389,196,figural_mixed,1,,0,angular,729.1000000004424,0,repetition,r_g_09.png,shape,round
134158,,c7fbf674-7151-4b31-9215-b4523cffdc16,1,sWUVlrfc1616520108389,197,figural_mixed,1,,0,angular,745.3999999997905,0,repetition,r_b_11.png,shape,round
134158,,c7fbf674-7151-4b31-9215-b4523cffdc16,1,sWUVlrfc1616520108389,198,figural_mixed,1,,0,blue,1804.0999999993364,0,switch,r_g_07.png,color,green
134158,,c7fbf674-7151-4b31-9215-b4523cffdc16,1,sWUVlrfc1616520108389,199,figural_mixed,1,,0,angular,1061.2000000000698,1,switch,e_b_04.png,shape,angular
134158,,c7fbf674-7151-4b31-9215-b4523cffdc16,1,sWUVlrfc1616520108389,200,figural_mixed,1,,0,angular,585.9000000000233,0,repetition,r_g_14.png,shape,round
134158,,c7fbf674-7151-4b31-9215-b4523cffdc16,1,sWUVlrfc1616520108389,201,figural_mixed,1,,0,green,793.2000000000698,0,switch,e_b_09.png,color,blue
134158,,c7fbf674-7151-4b31-9215-b4523cffdc16,1,sWUVlrfc1616520108389,202,figural_mixed,1,,0,angular,668.7999999994645,1,switch,e_g_10.png,shape,angular
134158,,c7fbf674-7151-4b31-9215-b4523cffdc16,1,sWUVlrfc1616520108389,203,figural_mixed,1,,0,green,766.7000000001281,1,switch,r_g_15.png,color,green
134158,,c7fbf674-7151-4b31-9215-b4523cffdc16,1,sWUVlrfc1616520108389,204,figural_mixed,1,,0,green,1015.4999999995343,1,repetition,e_g_14.png,color,green
134158,,c7fbf674-7151-4b31-9215-b4523cffdc16,1,sWUVlrfc1616520108389,205,figural_mixed,1,,0,blue,1155.500000000815,1,repetition,r_b_07.png,color,blue
134158,,c7fbf674-7151-4b31-9215-b4523cffdc16,1,sWUVlrfc1616520108389,206,figural_mixed,1,,0,green,531.699999999546,0,repetition,r_b_09.png,color,blue
134158,,c7fbf674-7151-4b31-9215-b4523cffdc16,1,sWUVlrfc1616520108389,207,figural_mixed,1,,0,angular,699.999999998894,1,switch,e_g_14.png,shape,angular
134158,,c7fbf674-7151-4b31-9215-b4523cffdc16,1,sWUVlrfc1616520108389,208,figural_mixed,1,,0,angular,555.5999999996857,1,repetition,e_g_13.png,shape,angular
134158,,c7fbf674-7151-4b31-9215-b4523cffdc16,1,sWUVlrfc1616520108389,209,figural_mixed,1,,0,green,801.6999999999534,0,switch,e_b_04.png,color,blue
134158,,c7fbf674-7151-4b31-9215-b4523cffdc16,1,sWUVlrfc1616520108389,210,figural_mixed,1,,0,green,778.0999999995693,1,repetition,e_g_10.png,color,green
134158,,c7fbf674-7151-4b31-9215-b4523cffdc16,1,sWUVlrfc1616520108389,211,figural_mixed,1,,0,green,1031.3999999999069,1,repetition,e_g_04.png,color,green
134158,,c7fbf674-7151-4b31-9215-b4523cffdc16,1,sWUVlrfc1616520108389,212,figural_mixed,1,,0,angular,519.400000001071,1,switch,e_b_07.png,shape,angular
134158,,c7fbf674-7151-4b31-9215-b4523cffdc16,1,sWUVlrfc1616520108389,213,figural_mixed,1,,0,angular,565.4000000013039,0,repetition,r_g_11.png,shape,round
134158,,c7fbf674-7151-4b31-9215-b4523cffdc16,1,sWUVlrfc1616520108389,214,figural_mixed,1,,0,round,1069.300000000978,1,repetition,r_g_04.png,shape,round
134158,,c7fbf674-7151-4b31-9215-b4523cffdc16,1,sWUVlrfc1616520108389,215,figural_mixed,1,,0,angular,649.4000000002561,1,repetition,e_g_15.png,shape,angular
134158,,c7fbf674-7151-4b31-9215-b4523cffdc16,1,sWUVlrfc1616520108389,216,figural_mixed,1,,0,green,533.6000000006752,1,switch,e_g_11.png,color,green
134158,,c7fbf674-7151-4b31-9215-b4523cffdc16,1,sWUVlrfc1616520108389,217,figural_mixed,1,,0,angular,598.7999999997555,0,switch,r_g_08.png,shape,round
134158,,c7fbf674-7151-4b31-9215-b4523cffdc16,1,sWUVlrfc1616520108389,218,figural_mixed,1,,0,angular,665.1000000001513,0,repetition,r_g_10.png,shape,round
134158,,c7fbf674-7151-4b31-9215-b4523cffdc16,1,sWUVlrfc1616520108389,219,figural_mixed,1,,0,green,752.0000000003492,1,switch,e_g_15.png,color,green
134158,,c7fbf674-7151-4b31-9215-b4523cffdc16,1,sWUVlrfc1616520108389,220,figural_mixed,1,,0,blue,1006.8000000010361,0,repetition,r_g_02.png,color,green
134158,,c7fbf674-7151-4b31-9215-b4523cffdc16,1,sWUVlrfc1616520108389,221,figural_mixed,1,,0,angular,643.9000000009546,1,switch,e_b_01.png,shape,angular
134158,,c7fbf674-7151-4b31-9215-b4523cffdc16,1,sWUVlrfc1616520108389,222,figural_mixed,1,,0,green,1357.2999999996973,0,switch,e_b_15.png,color,blue
134158,,c7fbf674-7151-4b31-9215-b4523cffdc16,1,sWUVlrfc1616520108389,223,figural_mixed,1,,0,green,720.6000000005588,0,repetition,e_b_03.png,color,blue
134158,,c7fbf674-7151-4b31-9215-b4523cffdc16,1,sWUVlrfc1616520108389,224,figural_mixed,1,,0,green,795.9000000009546,0,repetition,e_b_01.png,color,blue
134158,,c7fbf674-7151-4b31-9215-b4523cffdc16,1,sWUVlrfc1616520108389,225,figural_mixed,1,,0,round,747.600000000617,1,switch,r_g_02.png,shape,round
134158,,c7fbf674-7151-4b31-9215-b4523cffdc16,1,sWUVlrfc1616520108389,226,figural_mixed,1,,0,green,623.2999999992899,1,switch,e_g_05.png,color,green
134158,,c7fbf674-7151-4b31-9215-b4523cffdc16,1,sWUVlrfc1616520108389,227,figural_mixed,1,,0,angular,590.0000000001746,0,switch,r_b_06.png,shape,round
134158,,c7fbf674-7151-4b31-9215-b4523cffdc16,1,sWUVlrfc1616520108389,228,figural_mixed,1,,0,green,496.10000000032596,1,switch,e_g_08.png,color,green
134158,,c7fbf674-7151-4b31-9215-b4523cffdc16,1,sWUVlrfc1616520108389,229,figural_mixed,1,,0,green,634.399999999092,1,repetition,e_g_02.png,color,green
134158,,c7fbf674-7151-4b31-9215-b4523cffdc16,1,sWUVlrfc1616520108389,230,figural_mixed,1,,0,green,566.0999999999767,0,repetition,e_b_06.png,color,blue
134158,,c7fbf674-7151-4b31-9215-b4523cffdc16,1,sWUVlrfc1616520108389,231,figural_mixed,1,,0,angular,656.3999999997905,1,switch,e_b_08.png,shape,angular
134158,,c7fbf674-7151-4b31-9215-b4523cffdc16,1,sWUVlrfc1616520108389,232,figural_mixed,1,,0,green,594.8000000008615,1,switch,r_g_09.png,color,green
134158,,c7fbf674-7151-4b31-9215-b4523cffdc16,1,sWUVlrfc1616520108389,233,figural_mixed,1,,0,green,797.0000000004657,0,repetition,e_b_13.png,color,blue
134158,,c7fbf674-7151-4b31-9215-b4523cffdc16,1,sWUVlrfc1616520108389,234,figural_mixed,1,,0,round,1213.1000000007916,1,switch,r_b_10.png,shape,round
134158,,c7fbf674-7151-4b31-9215-b4523cffdc16,1,sWUVlrfc1616520108389,235,figural_mixed,1,,0,angular,688.4999999983702,0,repetition,r_b_13.png,shape,round
134158,,c7fbf674-7151-4b31-9215-b4523cffdc16,1,sWUVlrfc1616520108389,236,figural_mixed,1,,0,green,593.399999999674,0,switch,e_b_11.png,color,blue
134158,,c7fbf674-7151-4b31-9215-b4523cffdc16,1,sWUVlrfc1616520108389,237,figural_mixed,1,,0,green,602.4999999989523,1,repetition,r_g_08.png,color,green
134158,,c7fbf674-7151-4b31-9215-b4523cffdc16,1,sWUVlrfc1616520108389,238,figural_mixed,1,,0,angular,570.9999999998836,1,switch,e_b_10.png,shape,angular
134158,,c7fbf674-7151-4b31-9215-b4523cffdc16,1,sWUVlrfc1616520108389,239,figural_mixed,1,,0,angular,750.5999999993946,1,repetition,e_g_06.png,shape,angular
134158,,c7fbf674-7151-4b31-9215-b4523cffdc16,1,sWUVlrfc1616520108389,240,figural_mixed,1,,0,angular,620.1000000000931,1,repetition,e_g_11.png,shape,angular
134158,,c7fbf674-7151-4b31-9215-b4523cffdc16,1,sWUVlrfc1616520108389,241,figural_mixed,1,,0,angular,703.0999999988126,0,repetition,r_b_07.png,shape,round
134158,,c7fbf674-7151-4b31-9215-b4523cffdc16,1,sWUVlrfc1616520108389,242,figural_mixed,1,,0,green,849.2999999999302,0,switch,r_b_06.png,color,blue
134158,,c7fbf674-7151-4b31-9215-b4523cffdc16,1,sWUVlrfc1616520108389,243,figural_mixed,1,,0,green,678.5,0,repetition,e_b_07.png,color,blue
134158,,c7fbf674-7151-4b31-9215-b4523cffdc16,1,sWUVlrfc1616520108389,244,figural_mixed,1,,0,green,530.6000000000931,0,repetition,r_b_14.png,color,blue
134158,,c7fbf674-7151-4b31-9215-b4523cffdc16,1,sWUVlrfc1616520108389,245,figural_mixed,1,,0,green,711.2999999989988,1,repetition,r_g_16.png,color,green
134158,,c7fbf674-7151-4b31-9215-b4523cffdc16,1,sWUVlrfc1616520108389,246,figural_mixed,1,,0,angular,599.2000000005355,1,switch,e_b_09.png,shape,angular
134158,,c7fbf674-7151-4b31-9215-b4523cffdc16,1,sWUVlrfc1616520108389,247,figural_mixed,1,,0,round,1523.2000000014668,1,repetition,r_g_05.png,shape,round
134158,,c7fbf674-7151-4b31-9215-b4523cffdc16,1,sWUVlrfc1616520108389,248,figural_mixed,1,,0,angular,768.8000000016764,1,repetition,e_b_12.png,shape,angular
134158,,c7fbf674-7151-4b31-9215-b4523cffdc16,1,sWUVlrfc1616520108389,249,figural_mixed,1,,0,green,552.5999999990454,0,switch,e_b_05.png,color,blue
134158,,c7fbf674-7151-4b31-9215-b4523cffdc16,1,sWUVlrfc1616520108389,250,figural_mixed,1,,0,angular,623.8000000012107,0,switch,r_g_06.png,shape,round
134158,,c7fbf674-7151-4b31-9215-b4523cffdc16,1,sWUVlrfc1616520108389,251,figural_mixed,1,,0,green,556.5999999998603,0,switch,e_b_16.png,color,blue
134158,,c7fbf674-7151-4b31-9215-b4523cffdc16,1,sWUVlrfc1616520108389,252,figural_mixed,1,,0,blue,996.1999999996042,0,repetition,r_g_13.png,color,green
134158,,c7fbf674-7151-4b31-9215-b4523cffdc16,1,sWUVlrfc1616520108389,253,figural_mixed,1,,0,angular,529.6999999991385,1,switch,e_g_02.png,shape,angular
134158,,c7fbf674-7151-4b31-9215-b4523cffdc16,1,sWUVlrfc1616520108389,254,figural_mixed,1,,0,round,912.7000000007683,1,repetition,r_b_03.png,shape,round
134158,,c7fbf674-7151-4b31-9215-b4523cffdc16,1,sWUVlrfc1616520108389,255,figural_mixed,1,,0,angular,472.60000000102445,0,repetition,r_b_14.png,shape,round
134158,,c7fbf674-7151-4b31-9215-b4523cffdc16,1,sWUVlrfc1616520108389,256,figural_mixed,1,,0,angular,631.199999999837,1,repetition,e_g_12.png,shape,angular
134158,,c7fbf674-7151-4b31-9215-b4523cffdc16,1,sWUVlrfc1616520108389,257,figural_mixed,1,,0,blue,1243.6999999991385,1,switch,r_b_04.png,color,blue
134158,,c7fbf674-7151-4b31-9215-b4523cffdc16,1,sWUVlrfc1616520108389,258,figural_mixed,1,,0,angular,617.8999999993248,0,switch,r_g_15.png,shape,round
134158,,c7fbf674-7151-4b31-9215-b4523cffdc16,1,sWUVlrfc1616520108389,259,figural_mixed,1,,0,angular,678.3999999989755,1,repetition,e_g_08.png,shape,angular
134158,,c7fbf674-7151-4b31-9215-b4523cffdc16,1,sWUVlrfc1616520108389,260,figural_mixed,1,,0,angular,660.8999999989755,0,repetition,r_b_16.png,shape,round
134158,,c7fbf674-7151-4b31-9215-b4523cffdc16,1,sWUVlrfc1616520108389,261,figural_mixed,1,,0,blue,987.3000000006286,0,switch,r_g_10.png,color,green
134158,,c7fbf674-7151-4b31-9215-b4523cffdc16,1,sWUVlrfc1616520108389,262,figural_mixed,1,,0,green,479.8000000009779,1,repetition,e_g_06.png,color,green
134158,,c7fbf674-7151-4b31-9215-b4523cffdc16,1,sWUVlrfc1616520108389,263,figural_mixed,1,,0,round,860.0999999998603,1,switch,r_g_13.png,shape,round
134158,,c7fbf674-7151-4b31-9215-b4523cffdc16,1,sWUVlrfc1616520108389,264,figural_mixed,1,,0,blue,913.2999999983003,1,switch,r_b_03.png,color,blue
134158,,c7fbf674-7151-4b31-9215-b4523cffdc16,1,sWUVlrfc1616520108389,265,figural_mixed,1,,0,angular,731.3999999987427,1,switch,e_b_02.png,shape,angular
134158,,c7fbf674-7151-4b31-9215-b4523cffdc16,1,sWUVlrfc1616520108389,266,figural_mixed,1,,0,angular,598.6000000012573,1,repetition,e_b_03.png,shape,angular
134158,,c7fbf674-7151-4b31-9215-b4523cffdc16,1,sWUVlrfc1616520108389,267,figural_mixed,1,,0,green,536.8999999992084,1,switch,e_g_07.png,color,green
134158,,c7fbf674-7151-4b31-9215-b4523cffdc16,1,sWUVlrfc1616520108389,268,figural_mixed,1,,0,green,682.6000000000931,0,repetition,r_b_08.png,color,blue
134158,,c7fbf674-7151-4b31-9215-b4523cffdc16,1,sWUVlrfc1616520108389,269,figural_mixed,1,,0,blue,925.9000000001397,1,repetition,r_b_01.png,color,blue
134158,,c7fbf674-7151-4b31-9215-b4523cffdc16,1,sWUVlrfc1616520108389,270,figural_mixed,1,,0,angular,772.6999999996042,1,switch,e_b_05.png,shape,angular
134158,,c7fbf674-7151-4b31-9215-b4523cffdc16,1,sWUVlrfc1616520108389,271,figural_mixed,1,,0,green,1306.5999999999767,1,switch,r_g_16.png,color,green
134158,,c7fbf674-7151-4b31-9215-b4523cffdc16,1,sWUVlrfc1616520108389,272,figural_mixed,1,,0,angular,897.0000000008149,1,switch,e_g_04.png,shape,angular
134158,,c7fbf674-7151-4b31-9215-b4523cffdc16,1,sWUVlrfc1616520108389,273,figural_mixed,1,,0,round,977.6999999994878,1,repetition,r_b_05.png,shape,round
134158,,c7fbf674-7151-4b31-9215-b4523cffdc16,1,sWUVlrfc1616520108389,274,figural_mixed,1,,0,round,712.9999999996508,1,repetition,r_g_03.png,shape,round
134158,,c7fbf674-7151-4b31-9215-b4523cffdc16,1,sWUVlrfc1616520108389,275,figural_mixed,1,,0,green,725.9999999987194,0,switch,r_b_15.png,color,blue
134158,,c7fbf674-7151-4b31-9215-b4523cffdc16,1,sWUVlrfc1616520108389,276,figural_mixed,1,,0,green,803.2999999995809,1,repetition,r_g_14.png,color,green
134158,,c7fbf674-7151-4b31-9215-b4523cffdc16,1,sWUVlrfc1616520108389,277,figural_mixed,1,,0,angular,907.8000000009779,1,switch,e_g_01.png,shape,angular
134158,,c7fbf674-7151-4b31-9215-b4523cffdc16,1,sWUVlrfc1616520108389,278,figural_mixed,1,,0,angular,645.8000000002794,0,repetition,r_b_15.png,shape,round
134158,,c7fbf674-7151-4b31-9215-b4523cffdc16,1,sWUVlrfc1616520108389,279,figural_mixed,1,,0,angular,522.7000000013504,0,repetition,r_b_08.png,shape,round
134158,,c7fbf674-7151-4b31-9215-b4523cffdc16,1,sWUVlrfc1616520108389,280,figural_mixed,1,,0,green,567.600000000326,1,switch,e_g_12.png,color,green
134158,,c7fbf674-7151-4b31-9215-b4523cffdc16,1,sWUVlrfc1616520108389,281,figural_mixed,1,,0,angular,538.300000000163,1,switch,e_b_13.png,shape,angular
134158,,c7fbf674-7151-4b31-9215-b4523cffdc16,1,sWUVlrfc1616520108389,282,figural_mixed,1,,0,blue,911.2999999996973,0,switch,r_g_03.png,color,green
134158,,c7fbf674-7151-4b31-9215-b4523cffdc16,1,sWUVlrfc1616520108389,283,figural_mixed,1,,0,blue,783.4000000002561,1,repetition,r_b_12.png,color,blue
134158,,c7fbf674-7151-4b31-9215-b4523cffdc16,1,sWUVlrfc1616520108389,284,figural_mixed,1,,0,angular,804.7000000006519,1,switch,e_b_06.png,shape,angular
134158,,c7fbf674-7151-4b31-9215-b4523cffdc16,1,sWUVlrfc1616520108389,285,figural_mixed,1,,0,angular,602.3000000003958,1,repetition,e_g_05.png,shape,angular
134158,,c7fbf674-7151-4b31-9215-b4523cffdc16,1,sWUVlrfc1616520108389,286,figural_mixed,1,,0,green,493.20000000076834,0,switch,r_b_11.png,color,blue
134158,,c7fbf674-7151-4b31-9215-b4523cffdc16,1,sWUVlrfc1616520108389,287,figural_mixed,1,,0,angular,680.5000000003492,1,switch,e_b_16.png,shape,angular
134158,,c7fbf674-7151-4b31-9215-b4523cffdc16,1,sWUVlrfc1616520108389,288,figural_mixed,1,,0,green,569.8999999986263,1,switch,e_g_01.png,color,green
134158,,c7fbf674-7151-4b31-9215-b4523cffdc16,1,sWUVlrfc1616520108389,289,figural_mixed,1,,0,green,548.4000000015367,1,repetition,e_g_13.png,color,green
134158,,c7fbf674-7151-4b31-9215-b4523cffdc16,1,sWUVlrfc1616520108389,290,figural_mixed,1,,0,round,952.4000000001397,1,switch,r_b_12.png,shape,round
134158,,c7fbf674-7151-4b31-9215-b4523cffdc16,1,sWUVlrfc1616520108389,291,figural_mixed,1,,0,green,498.3000000012107,0,switch,e_b_08.png,color,blue
134158,,c7fbf674-7151-4b31-9215-b4523cffdc16,1,sWUVlrfc1616520108389,292,figural_mixed,1,,0,green,589.7999999996973,1,repetition,e_g_09.png,color,green
134158,,c7fbf674-7151-4b31-9215-b4523cffdc16,1,sWUVlrfc1616520108389,293,figural_mixed,1,,0,blue,902.0999999993946,0,repetition,r_g_12.png,color,green
134158,,c7fbf674-7151-4b31-9215-b4523cffdc16,1,sWUVlrfc1616520108389,294,figural_single_2_2,1,,0,blue,3363.1999999997206,1,single,e_b_01.png,color,blue
134158,,c7fbf674-7151-4b31-9215-b4523cffdc16,1,sWUVlrfc1616520108389,295,figural_single_2_2,1,,0,green,987.2999999988824,0,single,r_b_03.png,color,blue
134158,,c7fbf674-7151-4b31-9215-b4523cffdc16,1,sWUVlrfc1616520108389,296,figural_single_2_2,1,,0,blue,1675.0000000010477,0,single,e_g_01.png,color,green
134158,,c7fbf674-7151-4b31-9215-b4523cffdc16,1,sWUVlrfc1616520108389,297,figural_single_2_2,1,,0,blue,955.19999999844,0,single,e_g_13.png,color,green
134158,,c7fbf674-7151-4b31-9215-b4523cffdc16,1,sWUVlrfc1616520108389,298,figural_single_2_2,1,,0,blue,674.9000000000233,1,single,r_b_16.png,color,blue
134158,,c7fbf674-7151-4b31-9215-b4523cffdc16,1,sWUVlrfc1616520108389,299,figural_single_2_2,1,,0,green,1302.4999999997672,0,single,r_b_07.png,color,blue
134158,,c7fbf674-7151-4b31-9215-b4523cffdc16,1,sWUVlrfc1616520108389,300,figural_single_2_2,1,,0,blue,1160.7000000003027,0,single,r_g_08.png,color,green
134158,,c7fbf674-7151-4b31-9215-b4523cffdc16,1,sWUVlrfc1616520108389,301,figural_single_2_2,1,,0,blue,1188.700000000652,1,single,r_b_09.png,color,blue
134158,,c7fbf674-7151-4b31-9215-b4523cffdc16,1,sWUVlrfc1616520108389,302,figural_single_2_2,1,,0,green,861.8000000005122,1,single,r_g_02.png,color,green
134158,,c7fbf674-7151-4b31-9215-b4523cffdc16,1,sWUVlrfc1616520108389,303,figural_single_2_2,1,,0,green,1345.9000000003725,1,single,r_g_12.png,color,green
134158,,c7fbf674-7151-4b31-9215-b4523cffdc16,1,sWUVlrfc1616520108389,304,figural_single_2_2,1,,0,blue,689.2999999999302,1,single,e_b_08.png,color,blue
134158,,c7fbf674-7151-4b31-9215-b4523cffdc16,1,sWUVlrfc1616520108389,305,figural_single_2_2,1,,0,green,1029.5999999997439,1,single,r_g_04.png,color,green
134158,,c7fbf674-7151-4b31-9215-b4523cffdc16,1,sWUVlrfc1616520108389,306,figural_single_2_2,1,,0,blue,4372.500000001281,1,single,e_b_03.png,color,blue
134158,,c7fbf674-7151-4b31-9215-b4523cffdc16,1,sWUVlrfc1616520108389,307,figural_single_2_2,1,,0,blue,654.0999999997439,1,single,e_b_11.png,color,blue
134158,,c7fbf674-7151-4b31-9215-b4523cffdc16,1,sWUVlrfc1616520108389,308,figural_single_2_2,1,,0,blue,599.4000000009546,1,single,r_b_14.png,color,blue
134158,,c7fbf674-7151-4b31-9215-b4523cffdc16,1,sWUVlrfc1616520108389,309,figural_single_2_2,1,,0,blue,683.600000000326,0,single,e_g_07.png,color,green
134158,,c7fbf674-7151-4b31-9215-b4523cffdc16,1,sWUVlrfc1616520108389,310,figural_single_2_2,1,,0,blue,775.4000000003725,1,single,r_b_13.png,color,blue
134158,,c7fbf674-7151-4b31-9215-b4523cffdc16,1,sWUVlrfc1616520108389,311,figural_single_2_2,1,,0,blue,725.6999999990221,0,single,e_g_16.png,color,green
134158,,c7fbf674-7151-4b31-9215-b4523cffdc16,1,sWUVlrfc1616520108389,312,figural_single_2_2,1,,0,blue,621.6000000004424,1,single,e_b_14.png,color,blue
134158,,c7fbf674-7151-4b31-9215-b4523cffdc16,1,sWUVlrfc1616520108389,313,figural_single_2_2,1,,0,blue,633.7999999995809,0,single,e_g_12.png,color,green
134158,,c7fbf674-7151-4b31-9215-b4523cffdc16,1,sWUVlrfc1616520108389,314,figural_single_2_2,1,,0,green,1895.3999999994412,1,single,r_g_07.png,color,green
134158,,c7fbf674-7151-4b31-9215-b4523cffdc16,1,sWUVlrfc1616520108389,315,figural_single_2_2,1,,0,blue,910.5999999992782,1,single,e_b_15.png,color,blue
134158,,c7fbf674-7151-4b31-9215-b4523cffdc16,1,sWUVlrfc1616520108389,316,figural_single_2_2,1,,0,blue,509.69999999867287,1,single,e_b_05.png,color,blue
134158,,c7fbf674-7151-4b31-9215-b4523cffdc16,1,sWUVlrfc1616520108389,317,figural_single_2_2,1,,0,blue,566.6000000000931,0,single,r_g_15.png,color,green
134158,,c7fbf674-7151-4b31-9215-b4523cffdc16,1,sWUVlrfc1616520108389,318,figural_single_2_2,1,,0,blue,577.1000000004424,1,single,r_b_06.png,color,blue
134158,,c7fbf674-7151-4b31-9215-b4523cffdc16,1,sWUVlrfc1616520108389,319,figural_single_2_2,1,,0,blue,552.8999999987427,0,single,e_g_02.png,color,green
134158,,c7fbf674-7151-4b31-9215-b4523cffdc16,1,sWUVlrfc1616520108389,320,figural_single_2_2,1,,0,blue,845.9999999995343,0,single,r_g_16.png,color,green
134158,,c7fbf674-7151-4b31-9215-b4523cffdc16,1,sWUVlrfc1616520108389,321,figural_single_2_2,1,,0,blue,1258.2000000003027,1,single,e_b_10.png,color,blue
134158,,c7fbf674-7151-4b31-9215-b4523cffdc16,1,sWUVlrfc1616520108389,322,figural_single_2_2,1,,0,blue,493.50000000046566,0,single,e_g_05.png,color,green
134158,,c7fbf674-7151-4b31-9215-b4523cffdc16,1,sWUVlrfc1616520108389,323,figural_single_2_2,1,,0,blue,467.5999999999767,0,single,e_g_03.png,color,green
134158,,c7fbf674-7151-4b31-9215-b4523cffdc16,1,sWUVlrfc1616520108389,324,figural_single_2_2,1,,0,blue,514.100000000326,0,single,e_g_11.png,color,green
134158,,c7fbf674-7151-4b31-9215-b4523cffdc16,1,sWUVlrfc1616520108389,325,figural_single_2_2,1,,0,blue,522.5000000009313,1,single,r_b_15.png,color,blue
134158,,c7fbf674-7151-4b31-9215-b4523cffdc16,1,sWUVlrfc1616520108389,326,figural_single_2_2,1,,0,blue,593.6999999994878,1,single,e_b_02.png,color,blue
134158,,c7fbf674-7151-4b31-9215-b4523cffdc16,1,sWUVlrfc1616520108389,327,figural_single_2_2,1,,0,blue,509,1,single,r_b_08.png,color,blue
134158,,c7fbf674-7151-4b31-9215-b4523cffdc16,1,sWUVlrfc1616520108389,328,figural_single_2_2,1,,0,blue,481.0000000016298,0,single,e_g_06.png,color,green
134158,,c7fbf674-7151-4b31-9215-b4523cffdc16,1,sWUVlrfc1616520108389,329,figural_single_2_2,1,,0,blue,735.6999999993714,1,single,e_b_16.png,color,blue
134158,,c7fbf674-7151-4b31-9215-b4523cffdc16,1,sWUVlrfc1616520108389,330,figural_single_2_2,1,,0,blue,546.3999999992084,1,single,e_b_06.png,color,blue
134158,,c7fbf674-7151-4b31-9215-b4523cffdc16,1,sWUVlrfc1616520108389,331,figural_single_2_2,1,,0,blue,570.1000000007916,0,single,r_g_09.png,color,green
134158,,c7fbf674-7151-4b31-9215-b4523cffdc16,1,sWUVlrfc1616520108389,332,figural_single_2_2,1,,0,blue,599.7999999999302,0,single,e_g_10.png,color,green
134158,,c7fbf674-7151-4b31-9215-b4523cffdc16,1,sWUVlrfc1616520108389,333,figural_single_2_2,1,,0,blue,565.3999999995576,1,single,e_b_12.png,color,blue
134158,,c7fbf674-7151-4b31-9215-b4523cffdc16,1,sWUVlrfc1616520108389,334,figural_single_2_2,1,,0,green,1099.900000001071,1,single,r_g_11.png,color,green
134158,,c7fbf674-7151-4b31-9215-b4523cffdc16,1,sWUVlrfc1616520108389,335,figural_single_2_2,1,,0,green,920.2999999998137,1,single,r_g_06.png,color,green
134158,,c7fbf674-7151-4b31-9215-b4523cffdc16,1,sWUVlrfc1616520108389,336,figural_single_2_2,1,,0,blue,1180.1999999989057,0,single,e_g_04.png,color,green
134158,,c7fbf674-7151-4b31-9215-b4523cffdc16,1,sWUVlrfc1616520108389,337,figural_single_2_2,1,,0,green,1072.399999999092,0,single,r_b_01.png,color,blue
134158,,c7fbf674-7151-4b31-9215-b4523cffdc16,1,sWUVlrfc1616520108389,338,figural_single_2_2,1,,0,green,1547.7000000010012,1,single,r_g_03.png,color,green
134158,,c7fbf674-7151-4b31-9215-b4523cffdc16,1,sWUVlrfc1616520108389,339,figural_single_2_2,1,,0,blue,1275.5000000015134,1,single,e_b_04.png,color,blue
134158,,c7fbf674-7151-4b31-9215-b4523cffdc16,1,sWUVlrfc1616520108389,340,figural_single_2_2,1,,0,green,689.4999999984866,0,single,r_b_12.png,color,blue
134158,,c7fbf674-7151-4b31-9215-b4523cffdc16,1,sWUVlrfc1616520108389,341,figural_single_2_2,1,,0,blue,1524.5000000012806,0,single,r_g_13.png,color,green
134158,,c7fbf674-7151-4b31-9215-b4523cffdc16,1,sWUVlrfc1616520108389,342,figural_single_2_2,1,,0,green,840.2000000005355,0,single,r_b_02.png,color,blue
134158,,c7fbf674-7151-4b31-9215-b4523cffdc16,1,sWUVlrfc1616520108389,343,figural_single_2_2,1,,0,blue,704.0999999990454,0,single,e_g_09.png,color,green
134158,,c7fbf674-7151-4b31-9215-b4523cffdc16,1,sWUVlrfc1616520108389,344,figural_single_2_2,1,,0,blue,1402.200000000419,0,single,e_g_15.png,color,green
134158,,c7fbf674-7151-4b31-9215-b4523cffdc16,1,sWUVlrfc1616520108389,345,figural_single_2_2,1,,0,blue,564.3999999993248,0,single,e_g_08.png,color,green
134158,,c7fbf674-7151-4b31-9215-b4523cffdc16,1,sWUVlrfc1616520108389,346,figural_single_2_2,1,,0,green,1298.8000000003958,0,single,r_b_05.png,color,blue
134158,,c7fbf674-7151-4b31-9215-b4523cffdc16,1,sWUVlrfc1616520108389,347,figural_single_2_2,1,,0,blue,3547.8999999995576,0,single,r_g_14.png,color,green
134158,,c7fbf674-7151-4b31-9215-b4523cffdc16,1,sWUVlrfc1616520108389,348,figural_single_2_2,1,,0,green,924.4999999991851,0,single,r_b_04.png,color,blue
134158,,c7fbf674-7151-4b31-9215-b4523cffdc16,1,sWUVlrfc1616520108389,349,figural_single_2_2,1,,0,green,954.4999999997672,1,single,r_g_10.png,color,green
134158,,c7fbf674-7151-4b31-9215-b4523cffdc16,1,sWUVlrfc1616520108389,350,figural_single_2_2,1,,0,green,727.6000000000931,1,single,r_g_01.png,color,green
134158,,c7fbf674-7151-4b31-9215-b4523cffdc16,1,sWUVlrfc1616520108389,351,figural_single_2_2,1,,0,green,996.6999999997206,0,single,r_b_11.png,color,blue
134158,,c7fbf674-7151-4b31-9215-b4523cffdc16,1,sWUVlrfc1616520108389,352,figural_single_2_2,1,,0,green,928.0999999991618,1,single,r_g_05.png,color,green
134158,,c7fbf674-7151-4b31-9215-b4523cffdc16,1,sWUVlrfc1616520108389,353,figural_single_2_2,1,,0,green,1370.3999999997905,0,single,r_b_10.png,color,blue
134158,,c7fbf674-7151-4b31-9215-b4523cffdc16,1,sWUVlrfc1616520108389,354,figural_single_2_2,1,,0,blue,773.4000000000233,1,single,e_b_13.png,color,blue
134158,,c7fbf674-7151-4b31-9215-b4523cffdc16,1,sWUVlrfc1616520108389,355,figural_single_2_2,1,,0,blue,1026.8999999989755,0,single,e_g_14.png,color,green
134158,,c7fbf674-7151-4b31-9215-b4523cffdc16,1,sWUVlrfc1616520108389,356,figural_single_2_2,1,,0,blue,475.40000000118744,1,single,e_b_07.png,color,blue
134158,,c7fbf674-7151-4b31-9215-b4523cffdc16,1,sWUVlrfc1616520108389,357,figural_single_2_2,1,,0,blue,579.600000000908,1,single,e_b_09.png,color,blue
134158,,c7fbf674-7151-4b31-9215-b4523cffdc16,1,sWUVlrfc1616520108389,358,figural_single_1_2,1,,0,angular,6676.9000000003725,1,single,e_g_11.png,shape,angular
134158,,c7fbf674-7151-4b31-9215-b4523cffdc16,1,sWUVlrfc1616520108389,359,figural_single_1_2,1,,0,angular,7123.4000000003725,0,single,r_b_16.png,shape,round
134158,,c7fbf674-7151-4b31-9215-b4523cffdc16,1,sWUVlrfc1616520108389,360,figural_single_1_2,1,,0,angular,2971.1999999999534,1,single,e_b_10.png,shape,angular
134158,,c7fbf674-7151-4b31-9215-b4523cffdc16,1,sWUVlrfc1616520108389,361,figural_single_1_2,1,,0,round,1095.3000000008615,1,single,r_b_02.png,shape,round
134158,,c7fbf674-7151-4b31-9215-b4523cffdc16,1,sWUVlrfc1616520108389,362,figural_single_1_2,1,,0,angular,2371.0000000009313,0,single,r_g_08.png,shape,round
134158,,c7fbf674-7151-4b31-9215-b4523cffdc16,1,sWUVlrfc1616520108389,363,figural_single_1_2,1,,0,angular,3747.4999999995343,1,single,e_g_02.png,shape,angular
134158,,c7fbf674-7151-4b31-9215-b4523cffdc16,1,sWUVlrfc1616520108389,364,figural_single_1_2,1,,0,round,1052.0999999990454,1,single,r_g_05.png,shape,round
134158,,c7fbf674-7151-4b31-9215-b4523cffdc16,1,sWUVlrfc1616520108389,365,figural_single_1_2,1,,0,angular,1193.6000000005588,1,single,e_b_15.png,shape,angular
134158,,c7fbf674-7151-4b31-9215-b4523cffdc16,1,sWUVlrfc1616520108389,366,figural_single_1_2,1,,0,angular,1003.899999999674,0,single,r_b_09.png,shape,round
134158,,c7fbf674-7151-4b31-9215-b4523cffdc16,1,sWUVlrfc1616520108389,367,figural_single_1_2,1,,0,angular,1397.5000000009313,1,single,e_b_12.png,shape,angular
134158,,c7fbf674-7151-4b31-9215-b4523cffdc16,1,sWUVlrfc1616520108389,368,figural_single_1_2,1,,0,angular,3318.299999998999,1,single,e_g_15.png,shape,angular
134158,,c7fbf674-7151-4b31-9215-b4523cffdc16,1,sWUVlrfc1616520108389,369,figural_single_1_2,1,,0,round,1088.4000000006054,1,single,r_g_04.png,shape,round
134158,,c7fbf674-7151-4b31-9215-b4523cffdc16,1,sWUVlrfc1616520108389,370,figural_single_1_2,1,,0,angular,886.8000000002794,1,single,e_b_14.png,shape,angular
134158,,c7fbf674-7151-4b31-9215-b4523cffdc16,1,sWUVlrfc1616520108389,371,figural_single_1_2,1,,0,angular,2692.5999999984633,1,single,e_b_02.png,shape,angular
134158,,c7fbf674-7151-4b31-9215-b4523cffdc16,1,sWUVlrfc1616520108389,372,figural_single_1_2,1,,0,round,1396.4999999988358,1,single,r_g_15.png,shape,round
134158,,c7fbf674-7151-4b31-9215-b4523cffdc16,1,sWUVlrfc1616520108389,373,figural_single_1_2,1,,0,angular,606.600000000908,1,single,e_b_11.png,shape,angular
134158,,c7fbf674-7151-4b31-9215-b4523cffdc16,1,sWUVlrfc1616520108389,374,figural_single_1_2,1,,0,round,1263.1999999994878,1,single,r_b_07.png,shape,round
134158,,c7fbf674-7151-4b31-9215-b4523cffdc16,1,sWUVlrfc1616520108389,375,figural_single_1_2,1,,0,round,962.4000000002561,1,single,r_g_06.png,shape,round
134158,,c7fbf674-7151-4b31-9215-b4523cffdc16,1,sWUVlrfc1616520108389,376,figural_single_1_2,1,,0,round,789.2999999985332,1,single,r_g_02.png,shape,round
134158,,c7fbf674-7151-4b31-9215-b4523cffdc16,1,sWUVlrfc1616520108389,377,figural_single_1_2,1,,0,angular,760.7000000007683,1,single,e_b_09.png,shape,angular
134158,,c7fbf674-7151-4b31-9215-b4523cffdc16,1,sWUVlrfc1616520108389,378,figural_single_1_2,1,,0,angular,1547.500000000582,0,single,r_b_15.png,shape,round
134158,,c7fbf674-7151-4b31-9215-b4523cffdc16,1,sWUVlrfc1616520108389,379,figural_single_1_2,1,,0,angular,1937.299999999581,1,single,e_g_14.png,shape,angular
134158,,c7fbf674-7151-4b31-9215-b4523cffdc16,1,sWUVlrfc1616520108389,380,figural_single_1_2,1,,0,round,853.4999999993015,1,single,r_b_04.png,shape,round
134158,,c7fbf674-7151-4b31-9215-b4523cffdc16,1,sWUVlrfc1616520108389,381,figural_single_1_2,1,,0,angular,829.4999999997672,0,single,r_g_09.png,shape,round
134158,,c7fbf674-7151-4b31-9215-b4523cffdc16,1,sWUVlrfc1616520108389,382,figural_single_1_2,1,,0,angular,5772.999999999185,1,single,e_g_03.png,shape,angular
134158,,c7fbf674-7151-4b31-9215-b4523cffdc16,1,sWUVlrfc1616520108389,383,figural_single_1_2,1,,0,angular,1295.7999999999302,0,single,r_b_13.png,shape,round
134158,,c7fbf674-7151-4b31-9215-b4523cffdc16,1,sWUVlrfc1616520108389,384,figural_single_1_2,1,,0,round,893.9000000009546,1,single,r_b_03.png,shape,round
134158,,c7fbf674-7151-4b31-9215-b4523cffdc16,1,sWUVlrfc1616520108389,385,figural_single_1_2,1,,0,angular,880.0999999984633,0,single,r_g_14.png,shape,round
134158,,c7fbf674-7151-4b31-9215-b4523cffdc16,1,sWUVlrfc1616520108389,386,figural_single_1_2,1,,0,angular,642.5,1,single,e_b_05.png,shape,angular
134158,,c7fbf674-7151-4b31-9215-b4523cffdc16,1,sWUVlrfc1616520108389,387,figural_single_1_2,1,,0,round,1032.300000000745,1,single,r_b_10.png,shape,round
134158,,c7fbf674-7151-4b31-9215-b4523cffdc16,1,sWUVlrfc1616520108389,388,figural_single_1_2,1,,0,round,795.7999999999302,1,single,r_b_12.png,shape,round
134158,,c7fbf674-7151-4b31-9215-b4523cffdc16,1,sWUVlrfc1616520108389,389,figural_single_1_2,1,,0,angular,794.0999999991618,0,single,r_b_14.png,shape,round
134158,,c7fbf674-7151-4b31-9215-b4523cffdc16,1,sWUVlrfc1616520108389,390,figural_single_1_2,1,,0,angular,1074.699999999255,1,single,e_g_16.png,shape,angular
134158,,c7fbf674-7151-4b31-9215-b4523cffdc16,1,sWUVlrfc1616520108389,391,figural_single_1_2,1,,0,round,929.2000000005355,1,single,r_g_12.png,shape,round
134158,,c7fbf674-7151-4b31-9215-b4523cffdc16,1,sWUVlrfc1616520108389,392,figural_single_1_2,1,,0,round,970.3000000008615,1,single,r_g_11.png,shape,round
134158,,c7fbf674-7151-4b31-9215-b4523cffdc16,1,sWUVlrfc1616520108389,393,figural_single_1_2,1,,0,angular,706.5000000002328,1,single,e_b_03.png,shape,angular
134158,,c7fbf674-7151-4b31-9215-b4523cffdc16,1,sWUVlrfc1616520108389,394,figural_single_1_2,1,,0,angular,1080.3999999989755,1,single,e_b_04.png,shape,angular
134158,,c7fbf674-7151-4b31-9215-b4523cffdc16,1,sWUVlrfc1616520108389,395,figural_single_1_2,1,,0,round,1307.500000000815,1,single,r_b_11.png,shape,round
134158,,c7fbf674-7151-4b31-9215-b4523cffdc16,1,sWUVlrfc1616520108389,396,figural_single_1_2,1,,0,angular,680.8000000000466,1,single,e_g_05.png,shape,angular
134158,,c7fbf674-7151-4b31-9215-b4523cffdc16,1,sWUVlrfc1616520108389,397,figural_single_1_2,1,,0,angular,717.3000000002794,1,single,e_b_16.png,shape,angular
134158,,c7fbf674-7151-4b31-9215-b4523cffdc16,1,sWUVlrfc1616520108389,398,figural_single_1_2,1,,0,angular,524.2999999991152,1,single,e_g_13.png,shape,angular
134158,,c7fbf674-7151-4b31-9215-b4523cffdc16,1,sWUVlrfc1616520108389,399,figural_single_1_2,1,,0,round,884.3999999989755,1,single,r_g_01.png,shape,round
134158,,c7fbf674-7151-4b31-9215-b4523cffdc16,1,sWUVlrfc1616520108389,400,figural_single_1_2,1,,0,angular,667.9999999996508,1,single,e_b_08.png,shape,angular
134158,,c7fbf674-7151-4b31-9215-b4523cffdc16,1,sWUVlrfc1616520108389,401,figural_single_1_2,1,,0,angular,763.8000000006286,1,single,e_g_10.png,shape,angular
134158,,c7fbf674-7151-4b31-9215-b4523cffdc16,1,sWUVlrfc1616520108389,402,figural_single_1_2,1,,0,round,940.8000000002794,1,single,r_g_13.png,shape,round
134158,,c7fbf674-7151-4b31-9215-b4523cffdc16,1,sWUVlrfc1616520108389,403,figural_single_1_2,1,,0,angular,702.4999999994179,1,single,e_b_01.png,shape,angular
134158,,c7fbf674-7151-4b31-9215-b4523cffdc16,1,sWUVlrfc1616520108389,404,figural_single_1_2,1,,0,angular,853.4000000000233,1,single,e_b_06.png,shape,angular
134158,,c7fbf674-7151-4b31-9215-b4523cffdc16,1,sWUVlrfc1616520108389,405,figural_single_1_2,1,,0,round,4205.799999999697,1,single,r_g_10.png,shape,round
134158,,c7fbf674-7151-4b31-9215-b4523cffdc16,1,sWUVlrfc1616520108389,406,figural_single_1_2,1,,0,angular,589.0999999992782,1,single,e_g_08.png,shape,angular
134158,,c7fbf674-7151-4b31-9215-b4523cffdc16,1,sWUVlrfc1616520108389,407,figural_single_1_2,1,,0,angular,961.0000000011642,1,single,e_g_07.png,shape,angular
134158,,c7fbf674-7151-4b31-9215-b4523cffdc16,1,sWUVlrfc1616520108389,408,figural_single_1_2,1,,0,angular,804.6000000013737,0,single,r_b_06.png,shape,round
134158,,c7fbf674-7151-4b31-9215-b4523cffdc16,1,sWUVlrfc1616520108389,409,figural_single_1_2,1,,0,angular,638.1999999994878,1,single,e_g_09.png,shape,angular
134158,,c7fbf674-7151-4b31-9215-b4523cffdc16,1,sWUVlrfc1616520108389,410,figural_single_1_2,1,,0,round,854.6000000005588,1,single,r_b_01.png,shape,round
134158,,c7fbf674-7151-4b31-9215-b4523cffdc16,1,sWUVlrfc1616520108389,411,figural_single_1_2,1,,0,angular,870.9999999991851,1,single,e_b_13.png,shape,angular
134158,,c7fbf674-7151-4b31-9215-b4523cffdc16,1,sWUVlrfc1616520108389,412,figural_single_1_2,1,,0,angular,1554.7999999999302,1,single,e_g_04.png,shape,angular
134158,,c7fbf674-7151-4b31-9215-b4523cffdc16,1,sWUVlrfc1616520108389,413,figural_single_1_2,1,,0,angular,914.3000000002794,1,single,e_g_12.png,shape,angular
134158,,c7fbf674-7151-4b31-9215-b4523cffdc16,1,sWUVlrfc1616520108389,414,figural_single_1_2,1,,0,round,1432.8000000005122,1,single,r_b_08.png,shape,round
134158,,c7fbf674-7151-4b31-9215-b4523cffdc16,1,sWUVlrfc1616520108389,415,figural_single_1_2,1,,0,angular,622.3000000008615,1,single,e_b_07.png,shape,angular
134158,,c7fbf674-7151-4b31-9215-b4523cffdc16,1,sWUVlrfc1616520108389,416,figural_single_1_2,1,,0,round,2329.799999999581,1,single,r_g_03.png,shape,round
134158,,c7fbf674-7151-4b31-9215-b4523cffdc16,1,sWUVlrfc1616520108389,417,figural_single_1_2,1,,0,angular,869.3999999995576,1,single,e_g_06.png,shape,angular
134158,,c7fbf674-7151-4b31-9215-b4523cffdc16,1,sWUVlrfc1616520108389,418,figural_single_1_2,1,,0,round,731.7999999995809,1,single,r_g_16.png,shape,round
134158,,c7fbf674-7151-4b31-9215-b4523cffdc16,1,sWUVlrfc1616520108389,419,figural_single_1_2,1,,0,round,996.100000000326,1,single,r_b_05.png,shape,round
134158,,c7fbf674-7151-4b31-9215-b4523cffdc16,1,sWUVlrfc1616520108389,420,figural_single_1_2,1,,0,angular,825.8999999997905,1,single,e_g_01.png,shape,angular
134158,,c7fbf674-7151-4b31-9215-b4523cffdc16,1,sWUVlrfc1616520108389,421,figural_single_1_2,1,,0,angular,843.8999999999069,0,single,r_g_07.png,shape,round