userCode,extId,moduleId,sessionId,sessionToken,trialId,executableId,session.complete,session.condition,session.forceExit,givenResponse,reactionTime,score,shiftingType,stimulusValue,stimulusType,correctResponse
134220,,c7fbf674-7151-4b31-9215-b4523cffdc16,1,qz00ea1S1616527718391,1,figural_single_1_practice,1,,0,round,854.81499999878,1,single,r_b_10.png,shape,round
134220,,c7fbf674-7151-4b31-9215-b4523cffdc16,1,qz00ea1S1616527718391,2,figural_single_1_practice,1,,0,angular,450.4899999992631,1,single,e_b_09.png,shape,angular
134220,,c7fbf674-7151-4b31-9215-b4523cffdc16,1,qz00ea1S1616527718391,3,figural_single_1_practice,1,,0,angular,336.33000000190805,0,single,r_b_11.png,shape,round
134220,,c7fbf674-7151-4b31-9215-b4523cffdc16,1,qz00ea1S1616527718391,4,figural_single_1_practice,1,,0,round,717.3550000006799,1,single,r_g_05.png,shape,round
134220,,c7fbf674-7151-4b31-9215-b4523cffdc16,1,qz00ea1S1616527718391,5,figural_single_1_practice,1,,0,angular,959.709999999177,1,single,e_b_14.png,shape,angular
134220,,c7fbf674-7151-4b31-9215-b4523cffdc16,1,qz00ea1S1616527718391,6,figural_single_1_practice,1,,0,angular,724.7900000002119,1,single,e_g_07.png,shape,angular
134220,,c7fbf674-7151-4b31-9215-b4523cffdc16,1,qz00ea1S1616527718391,7,figural_single_1_practice,1,,0,angular,368.5850000001665,1,single,e_g_12.png,shape,angular
134220,,c7fbf674-7151-4b31-9215-b4523cffdc16,1,qz00ea1S1616527718391,8,figural_single_1_practice,1,,0,round,355.12000000016997,1,single,r_b_16.png,shape,round
134220,,c7fbf674-7151-4b31-9215-b4523cffdc16,1,qz00ea1S1616527718391,9,figural_single_1_practice,1,,0,angular,455.9900000022026,0,single,r_g_02.png,shape,round
134220,,c7fbf674-7151-4b31-9215-b4523cffdc16,1,qz00ea1S1616527718391,10,figural_single_1_practice,1,,0,angular,756.2399999987974,1,single,e_b_04.png,shape,angular
134220,,c7fbf674-7151-4b31-9215-b4523cffdc16,1,qz00ea1S1616527718391,11,figural_single_1_practice,1,,0,round,371.6449999992619,0,single,e_g_06.png,shape,angular
134220,,c7fbf674-7151-4b31-9215-b4523cffdc16,1,qz00ea1S1616527718391,12,figural_single_1_practice,1,,0,round,670.894999999291,1,single,r_g_15.png,shape,round
134220,,c7fbf674-7151-4b31-9215-b4523cffdc16,1,qz00ea1S1616527718391,13,figural_single_1_1,1,,0,round,492.66000000352506,1,single,r_b_01.png,shape,round
134220,,c7fbf674-7151-4b31-9215-b4523cffdc16,1,qz00ea1S1616527718391,14,figural_single_1_1,1,,0,angular,533.4049999983108,1,single,e_g_11.png,shape,angular
134220,,c7fbf674-7151-4b31-9215-b4523cffdc16,1,qz00ea1S1616527718391,15,figural_single_1_1,1,,0,round,479.1049999985262,1,single,r_b_10.png,shape,round
134220,,c7fbf674-7151-4b31-9215-b4523cffdc16,1,qz00ea1S1616527718391,16,figural_single_1_1,1,,0,round,427.18500000046333,1,single,r_b_06.png,shape,round
134220,,c7fbf674-7151-4b31-9215-b4523cffdc16,1,qz00ea1S1616527718391,17,figural_single_1_1,1,,0,angular,419.04000000067754,1,single,e_g_07.png,shape,angular
134220,,c7fbf674-7151-4b31-9215-b4523cffdc16,1,qz00ea1S1616527718391,18,figural_single_1_1,1,,0,angular,727.1199999995588,1,single,e_g_13.png,shape,angular
134220,,c7fbf674-7151-4b31-9215-b4523cffdc16,1,qz00ea1S1616527718391,19,figural_single_1_1,1,,0,round,353.1150000017078,1,single,r_g_06.png,shape,round
134220,,c7fbf674-7151-4b31-9215-b4523cffdc16,1,qz00ea1S1616527718391,20,figural_single_1_1,1,,0,angular,512.6649999983783,1,single,e_g_16.png,shape,angular
134220,,c7fbf674-7151-4b31-9215-b4523cffdc16,1,qz00ea1S1616527718391,21,figural_single_1_1,1,,0,angular,440.2200000004086,1,single,e_b_09.png,shape,angular
134220,,c7fbf674-7151-4b31-9215-b4523cffdc16,1,qz00ea1S1616527718391,22,figural_single_1_1,1,,0,angular,452.96500000040396,1,single,e_b_08.png,shape,angular
134220,,c7fbf674-7151-4b31-9215-b4523cffdc16,1,qz00ea1S1616527718391,23,figural_single_1_1,1,,0,round,613.535000000411,1,single,r_b_12.png,shape,round
134220,,c7fbf674-7151-4b31-9215-b4523cffdc16,1,qz00ea1S1616527718391,24,figural_single_1_1,1,,0,angular,487.6700000022538,1,single,e_b_10.png,shape,angular
134220,,c7fbf674-7151-4b31-9215-b4523cffdc16,1,qz00ea1S1616527718391,25,figural_single_1_1,1,,0,angular,687.2199999997974,1,single,e_b_05.png,shape,angular
134220,,c7fbf674-7151-4b31-9215-b4523cffdc16,1,qz00ea1S1616527718391,26,figural_single_1_1,1,,0,round,504.24999999813735,1,single,r_b_13.png,shape,round
134220,,c7fbf674-7151-4b31-9215-b4523cffdc16,1,qz00ea1S1616527718391,27,figural_single_1_1,1,,0,round,464.0849999996135,1,single,r_g_15.png,shape,round
134220,,c7fbf674-7151-4b31-9215-b4523cffdc16,1,qz00ea1S1616527718391,28,figural_single_1_1,1,,0,angular,405.9750000014901,1,single,e_g_09.png,shape,angular
134220,,c7fbf674-7151-4b31-9215-b4523cffdc16,1,qz00ea1S1616527718391,29,figural_single_1_1,1,,0,angular,445.8549999981187,0,single,r_g_02.png,shape,round
134220,,c7fbf674-7151-4b31-9215-b4523cffdc16,1,qz00ea1S1616527718391,30,figural_single_1_1,1,,0,round,881.6499999993539,1,single,r_b_07.png,shape,round
134220,,c7fbf674-7151-4b31-9215-b4523cffdc16,1,qz00ea1S1616527718391,31,figural_single_1_1,1,,0,angular,432.4949999972887,1,single,e_b_06.png,shape,angular
134220,,c7fbf674-7151-4b31-9215-b4523cffdc16,1,qz00ea1S1616527718391,32,figural_single_1_1,1,,0,round,482.2200000016892,1,single,r_b_16.png,shape,round
134220,,c7fbf674-7151-4b31-9215-b4523cffdc16,1,qz00ea1S1616527718391,33,figural_single_1_1,1,,0,round,486.10999999800697,1,single,r_b_02.png,shape,round
134220,,c7fbf674-7151-4b31-9215-b4523cffdc16,1,qz00ea1S1616527718391,34,figural_single_1_1,1,,0,angular,480.78000000168686,1,single,e_g_06.png,shape,angular
134220,,c7fbf674-7151-4b31-9215-b4523cffdc16,1,qz00ea1S1616527718391,35,figural_single_1_1,1,,0,angular,407.1199999998498,0,single,r_g_03.png,shape,round
134220,,c7fbf674-7151-4b31-9215-b4523cffdc16,1,qz00ea1S1616527718391,36,figural_single_1_1,1,,0,angular,436.90000000060536,1,single,e_g_05.png,shape,angular
134220,,c7fbf674-7151-4b31-9215-b4523cffdc16,1,qz00ea1S1616527718391,37,figural_single_1_1,1,,0,angular,877.505000000383,1,single,e_b_13.png,shape,angular
134220,,c7fbf674-7151-4b31-9215-b4523cffdc16,1,qz00ea1S1616527718391,38,figural_single_1_1,1,,0,angular,705.5049999980838,1,single,e_g_15.png,shape,angular
134220,,c7fbf674-7151-4b31-9215-b4523cffdc16,1,qz00ea1S1616527718391,39,figural_single_1_1,1,,0,round,534.445000001142,1,single,r_g_08.png,shape,round
134220,,c7fbf674-7151-4b31-9215-b4523cffdc16,1,qz00ea1S1616527718391,40,figural_single_1_1,1,,0,round,446.2950000015553,1,single,r_b_05.png,shape,round
134220,,c7fbf674-7151-4b31-9215-b4523cffdc16,1,qz00ea1S1616527718391,41,figural_single_1_1,1,,0,angular,571.9549999994342,1,single,e_b_02.png,shape,angular
134220,,c7fbf674-7151-4b31-9215-b4523cffdc16,1,qz00ea1S1616527718391,42,figural_single_1_1,1,,0,round,448.1000000014319,0,single,e_g_14.png,shape,angular
134220,,c7fbf674-7151-4b31-9215-b4523cffdc16,1,qz00ea1S1616527718391,43,figural_single_1_1,1,,0,round,606.9749999987835,1,single,r_b_03.png,shape,round
134220,,c7fbf674-7151-4b31-9215-b4523cffdc16,1,qz00ea1S1616527718391,44,figural_single_1_1,1,,0,angular,554.6700000013516,1,single,e_b_14.png,shape,angular
134220,,c7fbf674-7151-4b31-9215-b4523cffdc16,1,qz00ea1S1616527718391,45,figural_single_1_1,1,,0,angular,549.3950000018231,1,single,e_b_04.png,shape,angular
134220,,c7fbf674-7151-4b31-9215-b4523cffdc16,1,qz00ea1S1616527718391,46,figural_single_1_1,1,,0,angular,597.3349999985658,1,single,e_b_03.png,shape,angular
134220,,c7fbf674-7151-4b31-9215-b4523cffdc16,1,qz00ea1S1616527718391,47,figural_single_1_1,1,,0,round,445.1150000022608,1,single,r_g_16.png,shape,round
134220,,c7fbf674-7151-4b31-9215-b4523cffdc16,1,qz00ea1S1616527718391,48,figural_single_1_1,1,,0,round,574.0650000007008,1,single,r_g_13.png,shape,round
134220,,c7fbf674-7151-4b31-9215-b4523cffdc16,1,qz00ea1S1616527718391,49,figural_single_1_1,1,,0,round,446.01999999940745,1,single,r_g_14.png,shape,round
134220,,c7fbf674-7151-4b31-9215-b4523cffdc16,1,qz00ea1S1616527718391,50,figural_single_1_1,1,,0,angular,558.9550000004238,1,single,e_g_08.png,shape,angular
134220,,c7fbf674-7151-4b31-9215-b4523cffdc16,1,qz00ea1S1616527718391,51,figural_single_1_1,1,,0,round,803.2599999969534,1,single,r_g_09.png,shape,round
134220,,c7fbf674-7151-4b31-9215-b4523cffdc16,1,qz00ea1S1616527718391,52,figural_single_1_1,1,,0,angular,500.2600000007078,1,single,e_g_04.png,shape,angular
134220,,c7fbf674-7151-4b31-9215-b4523cffdc16,1,qz00ea1S1616527718391,53,figural_single_1_1,1,,0,angular,480.26000000027125,1,single,e_b_15.png,shape,angular
134220,,c7fbf674-7151-4b31-9215-b4523cffdc16,1,qz00ea1S1616527718391,54,figural_single_1_1,1,,0,round,484.13000000073225,1,single,r_g_04.png,shape,round
134220,,c7fbf674-7151-4b31-9215-b4523cffdc16,1,qz00ea1S1616527718391,55,figural_single_1_1,1,,0,angular,535.0999999973283,1,single,e_b_07.png,shape,angular
134220,,c7fbf674-7151-4b31-9215-b4523cffdc16,1,qz00ea1S1616527718391,56,figural_single_1_1,1,,0,angular,545.8099999996193,1,single,e_b_16.png,shape,angular
134220,,c7fbf674-7151-4b31-9215-b4523cffdc16,1,qz00ea1S1616527718391,57,figural_single_1_1,1,,0,round,502.84000000101514,1,single,r_b_08.png,shape,round
134220,,c7fbf674-7151-4b31-9215-b4523cffdc16,1,qz00ea1S1616527718391,58,figural_single_1_1,1,,0,angular,585.0150000005669,1,single,e_g_12.png,shape,angular
134220,,c7fbf674-7151-4b31-9215-b4523cffdc16,1,qz00ea1S1616527718391,59,figural_single_1_1,1,,0,round,439.6950000009383,1,single,r_b_14.png,shape,round
134220,,c7fbf674-7151-4b31-9215-b4523cffdc16,1,qz00ea1S1616527718391,60,figural_single_1_1,1,,0,angular,469.59500000230037,0,single,r_g_05.png,shape,round
134220,,c7fbf674-7151-4b31-9215-b4523cffdc16,1,qz00ea1S1616527718391,61,figural_single_1_1,1,,0,round,693.7700000016775,1,single,r_g_01.png,shape,round
134220,,c7fbf674-7151-4b31-9215-b4523cffdc16,1,qz00ea1S1616527718391,62,figural_single_1_1,1,,0,angular,584.8550000009709,1,single,e_g_02.png,shape,angular
134220,,c7fbf674-7151-4b31-9215-b4523cffdc16,1,qz00ea1S1616527718391,63,figural_single_1_1,1,,0,round,550.1049999984389,1,single,r_g_11.png,shape,round
134220,,c7fbf674-7151-4b31-9215-b4523cffdc16,1,qz00ea1S1616527718391,64,figural_single_1_1,1,,0,round,523.059999999532,1,single,r_g_10.png,shape,round
134220,,c7fbf674-7151-4b31-9215-b4523cffdc16,1,qz00ea1S1616527718391,65,figural_single_1_1,1,,0,round,502.47500000114087,1,single,r_b_04.png,shape,round
134220,,c7fbf674-7151-4b31-9215-b4523cffdc16,1,qz00ea1S1616527718391,66,figural_single_1_1,1,,0,angular,502.3000000001048,1,single,e_g_01.png,shape,angular
134220,,c7fbf674-7151-4b31-9215-b4523cffdc16,1,qz00ea1S1616527718391,67,figural_single_1_1,1,,0,round,480.34499999994296,1,single,r_b_09.png,shape,round
134220,,c7fbf674-7151-4b31-9215-b4523cffdc16,1,qz00ea1S1616527718391,68,figural_single_1_1,1,,0,round,564.16999999783,1,single,r_b_15.png,shape,round
134220,,c7fbf674-7151-4b31-9215-b4523cffdc16,1,qz00ea1S1616527718391,69,figural_single_1_1,1,,0,angular,391.1050000024261,0,single,r_g_07.png,shape,round
134220,,c7fbf674-7151-4b31-9215-b4523cffdc16,1,qz00ea1S1616527718391,70,figural_single_1_1,1,,0,angular,544.0349999989849,1,single,e_b_01.png,shape,angular
134220,,c7fbf674-7151-4b31-9215-b4523cffdc16,1,qz00ea1S1616527718391,71,figural_single_1_1,1,,0,angular,449.41000000108033,1,single,e_b_12.png,shape,angular
134220,,c7fbf674-7151-4b31-9215-b4523cffdc16,1,qz00ea1S1616527718391,72,figural_single_1_1,1,,0,round,408.675000002404,1,single,r_b_11.png,shape,round
134220,,c7fbf674-7151-4b31-9215-b4523cffdc16,1,qz00ea1S1616527718391,73,figural_single_1_1,1,,0,angular,412.46499999761,0,single,r_g_12.png,shape,round
134220,,c7fbf674-7151-4b31-9215-b4523cffdc16,1,qz00ea1S1616527718391,74,figural_single_1_1,1,,0,angular,784.9350000033155,1,single,e_g_03.png,shape,angular
134220,,c7fbf674-7151-4b31-9215-b4523cffdc16,1,qz00ea1S1616527718391,75,figural_single_1_1,1,,0,angular,625.8950000010373,1,single,e_g_10.png,shape,angular
134220,,c7fbf674-7151-4b31-9215-b4523cffdc16,1,qz00ea1S1616527718391,76,figural_single_1_1,1,,0,round,335.7499999983702,0,single,e_b_11.png,shape,angular
134220,,c7fbf674-7151-4b31-9215-b4523cffdc16,1,qz00ea1S1616527718391,77,figural_single_2_practice,1,,0,green,305.6250000008731,0,single,r_b_07.png,color,blue
134220,,c7fbf674-7151-4b31-9215-b4523cffdc16,1,qz00ea1S1616527718391,78,figural_single_2_practice,1,,0,blue,395.9900000008929,0,single,r_g_09.png,color,green
134220,,c7fbf674-7151-4b31-9215-b4523cffdc16,1,qz00ea1S1616527718391,79,figural_single_2_practice,1,,0,blue,697.4750000008498,0,single,e_g_04.png,color,green
134220,,c7fbf674-7151-4b31-9215-b4523cffdc16,1,qz00ea1S1616527718391,80,figural_single_2_practice,1,,0,blue,820.2899999996589,1,single,r_b_14.png,color,blue
134220,,c7fbf674-7151-4b31-9215-b4523cffdc16,1,qz00ea1S1616527718391,81,figural_single_2_practice,1,,0,blue,449.2699999973411,1,single,e_b_06.png,color,blue
134220,,c7fbf674-7151-4b31-9215-b4523cffdc16,1,qz00ea1S1616527718391,82,figural_single_2_practice,1,,0,green,462.6849999986007,1,single,e_g_10.png,color,green
134220,,c7fbf674-7151-4b31-9215-b4523cffdc16,1,qz00ea1S1616527718391,83,figural_single_2_practice,1,,0,blue,545.7400000013877,1,single,e_b_16.png,color,blue
134220,,c7fbf674-7151-4b31-9215-b4523cffdc16,1,qz00ea1S1616527718391,84,figural_single_2_practice,1,,0,green,321.3899999973364,1,single,e_g_08.png,color,green
134220,,c7fbf674-7151-4b31-9215-b4523cffdc16,1,qz00ea1S1616527718391,85,figural_single_2_practice,1,,0,blue,226.0050000004412,1,single,e_b_02.png,color,blue
134220,,c7fbf674-7151-4b31-9215-b4523cffdc16,1,qz00ea1S1616527718391,86,figural_single_2_practice,1,,0,green,351.82500000155414,1,single,r_g_03.png,color,green
134220,,c7fbf674-7151-4b31-9215-b4523cffdc16,1,qz00ea1S1616527718391,87,figural_single_2_practice,1,,0,blue,528.0050000001211,1,single,r_b_13.png,color,blue
134220,,c7fbf674-7151-4b31-9215-b4523cffdc16,1,qz00ea1S1616527718391,88,figural_single_2_practice,1,,0,green,373.859999999695,1,single,r_g_01.png,color,green
134220,,c7fbf674-7151-4b31-9215-b4523cffdc16,1,qz00ea1S1616527718391,89,figural_single_2_1,1,,0,green,402.1150000007765,1,single,r_g_07.png,color,green
134220,,c7fbf674-7151-4b31-9215-b4523cffdc16,1,qz00ea1S1616527718391,90,figural_single_2_1,1,,0,blue,440.68000000333996,1,single,r_b_03.png,color,blue
134220,,c7fbf674-7151-4b31-9215-b4523cffdc16,1,qz00ea1S1616527718391,91,figural_single_2_1,1,,0,green,434.5000000030268,1,single,r_g_08.png,color,green
134220,,c7fbf674-7151-4b31-9215-b4523cffdc16,1,qz00ea1S1616527718391,92,figural_single_2_1,1,,0,green,407.3449999996228,1,single,e_g_01.png,color,green
134220,,c7fbf674-7151-4b31-9215-b4523cffdc16,1,qz00ea1S1616527718391,93,figural_single_2_1,1,,0,green,326.11999999789987,1,single,e_g_09.png,color,green
134220,,c7fbf674-7151-4b31-9215-b4523cffdc16,1,qz00ea1S1616527718391,94,figural_single_2_1,1,,0,blue,278.8749999999709,1,single,r_b_08.png,color,blue
134220,,c7fbf674-7151-4b31-9215-b4523cffdc16,1,qz00ea1S1616527718391,95,figural_single_2_1,1,,0,blue,329.7549999988405,1,single,e_b_03.png,color,blue
134220,,c7fbf674-7151-4b31-9215-b4523cffdc16,1,qz00ea1S1616527718391,96,figural_single_2_1,1,,0,green,309.6499999992375,1,single,e_g_07.png,color,green
134220,,c7fbf674-7151-4b31-9215-b4523cffdc16,1,qz00ea1S1616527718391,97,figural_single_2_1,1,,0,blue,346.57500000321306,1,single,e_b_02.png,color,blue
134220,,c7fbf674-7151-4b31-9215-b4523cffdc16,1,qz00ea1S1616527718391,98,figural_single_2_1,1,,0,green,311.46000000080676,1,single,e_g_04.png,color,green
134220,,c7fbf674-7151-4b31-9215-b4523cffdc16,1,qz00ea1S1616527718391,99,figural_single_2_1,1,,0,green,297.8900000016438,1,single,r_g_06.png,color,green
134220,,c7fbf674-7151-4b31-9215-b4523cffdc16,1,qz00ea1S1616527718391,100,figural_single_2_1,1,,0,blue,280.6799999998475,1,single,e_b_08.png,color,blue
134220,,c7fbf674-7151-4b31-9215-b4523cffdc16,1,qz00ea1S1616527718391,101,figural_single_2_1,1,,0,green,289.5550000030198,1,single,e_g_16.png,color,green
134220,,c7fbf674-7151-4b31-9215-b4523cffdc16,1,qz00ea1S1616527718391,102,figural_single_2_1,1,,0,blue,335.7949999990524,1,single,e_b_06.png,color,blue
134220,,c7fbf674-7151-4b31-9215-b4523cffdc16,1,qz00ea1S1616527718391,103,figural_single_2_1,1,,0,blue,340.16999999948894,1,single,e_b_04.png,color,blue
134220,,c7fbf674-7151-4b31-9215-b4523cffdc16,1,qz00ea1S1616527718391,104,figural_single_2_1,1,,0,green,295.2149999982794,1,single,r_g_10.png,color,green
134220,,c7fbf674-7151-4b31-9215-b4523cffdc16,1,qz00ea1S1616527718391,105,figural_single_2_1,1,,0,blue,347.28999999788357,1,single,e_b_12.png,color,blue
134220,,c7fbf674-7151-4b31-9215-b4523cffdc16,1,qz00ea1S1616527718391,106,figural_single_2_1,1,,0,green,155.22499999860884,0,single,r_b_09.png,color,blue
134220,,c7fbf674-7151-4b31-9215-b4523cffdc16,1,qz00ea1S1616527718391,107,figural_single_2_1,1,,0,green,859.2099999987113,1,single,r_g_15.png,color,green
134220,,c7fbf674-7151-4b31-9215-b4523cffdc16,1,qz00ea1S1616527718391,108,figural_single_2_1,1,,0,green,379.9349999972037,1,single,e_g_08.png,color,green
134220,,c7fbf674-7151-4b31-9215-b4523cffdc16,1,qz00ea1S1616527718391,109,figural_single_2_1,1,,0,blue,303.8300000007439,1,single,e_b_11.png,color,blue
134220,,c7fbf674-7151-4b31-9215-b4523cffdc16,1,qz00ea1S1616527718391,110,figural_single_2_1,1,,0,green,339.86000000004424,0,single,r_b_13.png,color,blue
134220,,c7fbf674-7151-4b31-9215-b4523cffdc16,1,qz00ea1S1616527718391,111,figural_single_2_1,1,,0,blue,564.8549999968964,1,single,r_b_12.png,color,blue
134220,,c7fbf674-7151-4b31-9215-b4523cffdc16,1,qz00ea1S1616527718391,112,figural_single_2_1,1,,0,blue,333.33000000129687,1,single,r_b_15.png,color,blue
134220,,c7fbf674-7151-4b31-9215-b4523cffdc16,1,qz00ea1S1616527718391,113,figural_single_2_1,1,,0,green,336.38000000064494,1,single,e_g_05.png,color,green
134220,,c7fbf674-7151-4b31-9215-b4523cffdc16,1,qz00ea1S1616527718391,114,figural_single_2_1,1,,0,green,319.0649999996822,1,single,r_g_12.png,color,green
134220,,c7fbf674-7151-4b31-9215-b4523cffdc16,1,qz00ea1S1616527718391,115,figural_single_2_1,1,,0,blue,317.2599999998056,1,single,r_b_02.png,color,blue
134220,,c7fbf674-7151-4b31-9215-b4523cffdc16,1,qz00ea1S1616527718391,116,figural_single_2_1,1,,0,green,169.28499999994528,0,single,r_b_01.png,color,blue
134220,,c7fbf674-7151-4b31-9215-b4523cffdc16,1,qz00ea1S1616527718391,117,figural_single_2_1,1,,0,blue,595.8500000015192,1,single,r_b_07.png,color,blue
134220,,c7fbf674-7151-4b31-9215-b4523cffdc16,1,qz00ea1S1616527718391,118,figural_single_2_1,1,,0,green,693.200000001525,1,single,e_g_15.png,color,green
134220,,c7fbf674-7151-4b31-9215-b4523cffdc16,1,qz00ea1S1616527718391,119,figural_single_2_1,1,,0,green,377.70000000091386,1,single,e_g_11.png,color,green
134220,,c7fbf674-7151-4b31-9215-b4523cffdc16,1,qz00ea1S1616527718391,120,figural_single_2_1,1,,0,blue,353.2650000015565,1,single,e_b_07.png,color,blue
134220,,c7fbf674-7151-4b31-9215-b4523cffdc16,1,qz00ea1S1616527718391,121,figural_single_2_1,1,,0,green,412.7250000019558,1,single,r_g_04.png,color,green
134220,,c7fbf674-7151-4b31-9215-b4523cffdc16,1,qz00ea1S1616527718391,122,figural_single_2_1,1,,0,blue,52.404999998543644,0,single,e_g_02.png,color,green
134220,,c7fbf674-7151-4b31-9215-b4523cffdc16,1,qz00ea1S1616527718391,123,figural_single_2_1,1,,0,blue,742.2699999988254,1,single,e_b_01.png,color,blue
134220,,c7fbf674-7151-4b31-9215-b4523cffdc16,1,qz00ea1S1616527718391,124,figural_single_2_1,1,,0,blue,445.2500000006694,1,single,r_b_05.png,color,blue
134220,,c7fbf674-7151-4b31-9215-b4523cffdc16,1,qz00ea1S1616527718391,125,figural_single_2_1,1,,0,green,494.2650000011781,1,single,e_g_03.png,color,green
134220,,c7fbf674-7151-4b31-9215-b4523cffdc16,1,qz00ea1S1616527718391,126,figural_single_2_1,1,,0,blue,490.3699999995297,1,single,r_b_04.png,color,blue
134220,,c7fbf674-7151-4b31-9215-b4523cffdc16,1,qz00ea1S1616527718391,127,figural_single_2_1,1,,0,green,401.82999999888125,1,single,e_g_06.png,color,green
134220,,c7fbf674-7151-4b31-9215-b4523cffdc16,1,qz00ea1S1616527718391,128,figural_single_2_1,1,,0,green,320.7350000011502,1,single,e_g_12.png,color,green
134220,,c7fbf674-7151-4b31-9215-b4523cffdc16,1,qz00ea1S1616527718391,129,figural_single_2_1,1,,0,green,312.4649999990652,1,single,r_g_14.png,color,green
134220,,c7fbf674-7151-4b31-9215-b4523cffdc16,1,qz00ea1S1616527718391,130,figural_single_2_1,1,,0,blue,364.85499999980675,1,single,e_b_09.png,color,blue
134220,,c7fbf674-7151-4b31-9215-b4523cffdc16,1,qz00ea1S1616527718391,131,figural_single_2_1,1,,0,blue,329.4449999993958,1,single,e_b_16.png,color,blue
134220,,c7fbf674-7151-4b31-9215-b4523cffdc16,1,qz00ea1S1616527718391,132,figural_single_2_1,1,,0,green,358.33999999886146,1,single,r_g_01.png,color,green
134220,,c7fbf674-7151-4b31-9215-b4523cffdc16,1,qz00ea1S1616527718391,133,figural_single_2_1,1,,0,green,372.0249999969383,1,single,r_g_09.png,color,green
134220,,c7fbf674-7151-4b31-9215-b4523cffdc16,1,qz00ea1S1616527718391,134,figural_single_2_1,1,,0,green,316.96000000010827,1,single,e_g_13.png,color,green
134220,,c7fbf674-7151-4b31-9215-b4523cffdc16,1,qz00ea1S1616527718391,135,figural_single_2_1,1,,0,blue,313.1649999995716,1,single,r_b_06.png,color,blue
134220,,c7fbf674-7151-4b31-9215-b4523cffdc16,1,qz00ea1S1616527718391,136,figural_single_2_1,1,,0,blue,393.0550000004587,1,single,r_b_14.png,color,blue
134220,,c7fbf674-7151-4b31-9215-b4523cffdc16,1,qz00ea1S1616527718391,137,figural_single_2_1,1,,0,green,431.2750000026426,1,single,r_g_05.png,color,green
134220,,c7fbf674-7151-4b31-9215-b4523cffdc16,1,qz00ea1S1616527718391,138,figural_single_2_1,1,,0,green,376.88499999785563,1,single,e_g_10.png,color,green
134220,,c7fbf674-7151-4b31-9215-b4523cffdc16,1,qz00ea1S1616527718391,139,figural_single_2_1,1,,0,green,368.705000000773,1,single,r_g_02.png,color,green
134220,,c7fbf674-7151-4b31-9215-b4523cffdc16,1,qz00ea1S1616527718391,140,figural_single_2_1,1,,0,blue,330.3200000009383,1,single,e_b_10.png,color,blue
134220,,c7fbf674-7151-4b31-9215-b4523cffdc16,1,qz00ea1S1616527718391,141,figural_single_2_1,1,,0,blue,357.3500000020431,1,single,r_b_16.png,color,blue
134220,,c7fbf674-7151-4b31-9215-b4523cffdc16,1,qz00ea1S1616527718391,142,figural_single_2_1,1,,0,green,340.0849999998172,1,single,r_g_11.png,color,green
134220,,c7fbf674-7151-4b31-9215-b4523cffdc16,1,qz00ea1S1616527718391,143,figural_single_2_1,1,,0,green,497.11999999999534,1,single,r_g_03.png,color,green
134220,,c7fbf674-7151-4b31-9215-b4523cffdc16,1,qz00ea1S1616527718391,144,figural_single_2_1,1,,0,blue,370.6850000016857,1,single,e_b_14.png,color,blue
134220,,c7fbf674-7151-4b31-9215-b4523cffdc16,1,qz00ea1S1616527718391,145,figural_single_2_1,1,,0,blue,376.25500000285683,1,single,e_b_13.png,color,blue
134220,,c7fbf674-7151-4b31-9215-b4523cffdc16,1,qz00ea1S1616527718391,146,figural_single_2_1,1,,0,blue,322.94499999989057,1,single,r_b_10.png,color,blue
134220,,c7fbf674-7151-4b31-9215-b4523cffdc16,1,qz00ea1S1616527718391,147,figural_single_2_1,1,,0,green,355.96499999883235,1,single,e_g_14.png,color,green
134220,,c7fbf674-7151-4b31-9215-b4523cffdc16,1,qz00ea1S1616527718391,148,figural_single_2_1,1,,0,green,165.86000000097556,0,single,e_b_15.png,color,blue
134220,,c7fbf674-7151-4b31-9215-b4523cffdc16,1,qz00ea1S1616527718391,149,figural_single_2_1,1,,0,blue,531.940000000759,1,single,e_b_05.png,color,blue
134220,,c7fbf674-7151-4b31-9215-b4523cffdc16,1,qz00ea1S1616527718391,150,figural_single_2_1,1,,0,blue,342.7850000007311,1,single,r_b_11.png,color,blue
134220,,c7fbf674-7151-4b31-9215-b4523cffdc16,1,qz00ea1S1616527718391,151,figural_single_2_1,1,,0,green,352.4150000012014,1,single,r_g_13.png,color,green
134220,,c7fbf674-7151-4b31-9215-b4523cffdc16,1,qz00ea1S1616527718391,152,figural_single_2_1,1,,0,green,289.0049999987241,1,single,r_g_16.png,color,green
134220,,c7fbf674-7151-4b31-9215-b4523cffdc16,1,qz00ea1S1616527718391,153,figural_mixed_practice,1,,0,angular,2454.6599999994214,1,start,e_g_13.png,shape,angular
134220,,c7fbf674-7151-4b31-9215-b4523cffdc16,1,qz00ea1S1616527718391,154,figural_mixed_practice,1,,0,angular,587.2750000016822,1,repetition,e_g_15.png,shape,angular
134220,,c7fbf674-7151-4b31-9215-b4523cffdc16,1,qz00ea1S1616527718391,155,figural_mixed_practice,1,,0,blue,475.73499999998603,1,switch,r_b_02.png,color,blue
134220,,c7fbf674-7151-4b31-9215-b4523cffdc16,1,qz00ea1S1616527718391,156,figural_mixed_practice,1,,0,green,1272.9700000018056,1,repetition,r_g_10.png,color,green
134220,,c7fbf674-7151-4b31-9215-b4523cffdc16,1,qz00ea1S1616527718391,157,figural_mixed_practice,1,,0,round,1041.9899999978952,1,switch,r_b_03.png,shape,round
134220,,c7fbf674-7151-4b31-9215-b4523cffdc16,1,qz00ea1S1616527718391,158,figural_mixed_practice,1,,0,blue,892.7399999993213,1,switch,e_b_11.png,color,blue
134220,,c7fbf674-7151-4b31-9215-b4523cffdc16,1,qz00ea1S1616527718391,159,figural_mixed_practice,1,,0,green,910.6100000026345,1,repetition,r_g_06.png,color,green
134220,,c7fbf674-7151-4b31-9215-b4523cffdc16,1,qz00ea1S1616527718391,160,figural_mixed_practice,1,,0,round,1430.4050000027928,1,switch,r_b_08.png,shape,round
134220,,c7fbf674-7151-4b31-9215-b4523cffdc16,1,qz00ea1S1616527718391,161,figural_mixed_practice,1,,0,angular,839.8649999980989,1,repetition,e_b_12.png,shape,angular
134220,,c7fbf674-7151-4b31-9215-b4523cffdc16,1,qz00ea1S1616527718391,162,figural_mixed_practice,1,,0,round,1069.7699999982433,1,repetition,r_g_04.png,shape,round
134220,,c7fbf674-7151-4b31-9215-b4523cffdc16,1,qz00ea1S1616527718391,163,figural_mixed_practice,1,,0,blue,725.1699999978882,1,switch,e_b_01.png,color,blue
134220,,c7fbf674-7151-4b31-9215-b4523cffdc16,1,qz00ea1S1616527718391,164,figural_mixed_practice,1,,0,green,753.5849999985658,1,repetition,e_g_05.png,color,green
134220,,c7fbf674-7151-4b31-9215-b4523cffdc16,1,qz00ea1S1616527718391,165,figural_mixed,1,,0,blue,548.8850000001548,0,start,r_g_12.png,color,green
134220,,c7fbf674-7151-4b31-9215-b4523cffdc16,1,qz00ea1S1616527718391,166,figural_mixed,1,,0,green,624.4299999998475,1,repetition,e_g_16.png,color,green
134220,,c7fbf674-7151-4b31-9215-b4523cffdc16,1,qz00ea1S1616527718391,167,figural_mixed,1,,0,round,831.6200000008394,1,switch,r_b_01.png,shape,round
134220,,c7fbf674-7151-4b31-9215-b4523cffdc16,1,qz00ea1S1616527718391,168,figural_mixed,1,,0,blue,1033.9100000019243,1,switch,e_b_10.png,color,blue
134220,,c7fbf674-7151-4b31-9215-b4523cffdc16,1,qz00ea1S1616527718391,169,figural_mixed,1,,0,round,701.9700000018929,1,switch,r_g_07.png,shape,round
134220,,c7fbf674-7151-4b31-9215-b4523cffdc16,1,qz00ea1S1616527718391,170,figural_mixed,1,,0,angular,644.1949999971257,1,repetition,e_g_16.png,shape,angular
134220,,c7fbf674-7151-4b31-9215-b4523cffdc16,1,qz00ea1S1616527718391,171,figural_mixed,1,,0,angular,899.6000000006461,1,repetition,e_b_11.png,shape,angular
134220,,c7fbf674-7151-4b31-9215-b4523cffdc16,1,qz00ea1S1616527718391,172,figural_mixed,1,,0,blue,768.3649999999034,1,switch,e_b_12.png,color,blue
134220,,c7fbf674-7151-4b31-9215-b4523cffdc16,1,qz00ea1S1616527718391,173,figural_mixed,1,,0,blue,1540.3200000000652,1,repetition,r_b_05.png,color,blue
134220,,c7fbf674-7151-4b31-9215-b4523cffdc16,1,qz00ea1S1616527718391,174,figural_mixed,1,,0,angular,940.0449999993725,1,switch,e_b_15.png,shape,angular
134220,,c7fbf674-7151-4b31-9215-b4523cffdc16,1,qz00ea1S1616527718391,175,figural_mixed,1,,0,round,705.2699999985634,1,repetition,r_g_01.png,shape,round
134220,,c7fbf674-7151-4b31-9215-b4523cffdc16,1,qz00ea1S1616527718391,176,figural_mixed,1,,0,green,680.9099999991304,1,switch,r_g_11.png,color,green
134220,,c7fbf674-7151-4b31-9215-b4523cffdc16,1,qz00ea1S1616527718391,177,figural_mixed,1,,0,blue,704.5650000000023,1,repetition,e_b_14.png,color,blue
134220,,c7fbf674-7151-4b31-9215-b4523cffdc16,1,qz00ea1S1616527718391,178,figural_mixed,1,,0,green,827.3249999983818,1,repetition,r_g_05.png,color,green
134220,,c7fbf674-7151-4b31-9215-b4523cffdc16,1,qz00ea1S1616527718391,179,figural_mixed,1,,0,round,889.0399999982037,0,switch,e_g_09.png,shape,angular
134220,,c7fbf674-7151-4b31-9215-b4523cffdc16,1,qz00ea1S1616527718391,180,figural_mixed,1,,0,round,990.1900000004389,1,repetition,r_b_04.png,shape,round
134220,,c7fbf674-7151-4b31-9215-b4523cffdc16,1,qz00ea1S1616527718391,181,figural_mixed,1,,0,round,652.7349999996659,1,repetition,r_g_12.png,shape,round
134220,,c7fbf674-7151-4b31-9215-b4523cffdc16,1,qz00ea1S1616527718391,182,figural_mixed,1,,0,round,525.5800000013551,1,repetition,r_b_02.png,shape,round
134220,,c7fbf674-7151-4b31-9215-b4523cffdc16,1,qz00ea1S1616527718391,183,figural_mixed,1,,0,green,1177.4700000023586,1,switch,r_g_04.png,color,green
134220,,c7fbf674-7151-4b31-9215-b4523cffdc16,1,qz00ea1S1616527718391,184,figural_mixed,1,,0,blue,739.2499999987194,1,repetition,e_b_02.png,color,blue
134220,,c7fbf674-7151-4b31-9215-b4523cffdc16,1,qz00ea1S1616527718391,185,figural_mixed,1,,0,blue,665.0749999971595,1,repetition,r_b_16.png,color,blue
134220,,c7fbf674-7151-4b31-9215-b4523cffdc16,1,qz00ea1S1616527718391,186,figural_mixed,1,,0,angular,757.0249999989755,1,switch,e_g_03.png,shape,angular
134220,,c7fbf674-7151-4b31-9215-b4523cffdc16,1,qz00ea1S1616527718391,187,figural_mixed,1,,0,blue,679.6099999992293,1,switch,r_b_10.png,color,blue
134220,,c7fbf674-7151-4b31-9215-b4523cffdc16,1,qz00ea1S1616527718391,188,figural_mixed,1,,0,green,1269.3700000017998,1,repetition,e_g_03.png,color,green
134220,,c7fbf674-7151-4b31-9215-b4523cffdc16,1,qz00ea1S1616527718391,189,figural_mixed,1,,0,green,938.5199999996985,1,repetition,r_g_06.png,color,green
134220,,c7fbf674-7151-4b31-9215-b4523cffdc16,1,qz00ea1S1616527718391,190,figural_mixed,1,,0,round,1105.649999997695,1,switch,r_b_09.png,shape,round
134220,,c7fbf674-7151-4b31-9215-b4523cffdc16,1,qz00ea1S1616527718391,191,figural_mixed,1,,0,blue,884.9799999989045,1,switch,r_b_02.png,color,blue
134220,,c7fbf674-7151-4b31-9215-b4523cffdc16,1,qz00ea1S1616527718391,192,figural_mixed,1,,0,green,888.4949999992386,1,repetition,r_g_01.png,color,green
134220,,c7fbf674-7151-4b31-9215-b4523cffdc16,1,qz00ea1S1616527718391,193,figural_mixed,1,,0,angular,924.4749999998021,1,switch,e_g_07.png,shape,angular
134220,,c7fbf674-7151-4b31-9215-b4523cffdc16,1,qz00ea1S1616527718391,194,figural_mixed,1,,0,blue,1320.1850000004924,1,switch,r_b_13.png,color,blue
134220,,c7fbf674-7151-4b31-9215-b4523cffdc16,1,qz00ea1S1616527718391,195,figural_mixed,1,,0,angular,758.7550000025658,1,switch,e_b_14.png,shape,angular
134220,,c7fbf674-7151-4b31-9215-b4523cffdc16,1,qz00ea1S1616527718391,196,figural_mixed,1,,0,round,741.3300000007439,1,repetition,r_g_09.png,shape,round
134220,,c7fbf674-7151-4b31-9215-b4523cffdc16,1,qz00ea1S1616527718391,197,figural_mixed,1,,0,round,652.1350000002712,1,repetition,r_b_11.png,shape,round
134220,,c7fbf674-7151-4b31-9215-b4523cffdc16,1,qz00ea1S1616527718391,198,figural_mixed,1,,0,green,888.9149999995425,1,switch,r_g_07.png,color,green
134220,,c7fbf674-7151-4b31-9215-b4523cffdc16,1,qz00ea1S1616527718391,199,figural_mixed,1,,0,angular,848.6450000018522,1,switch,e_b_04.png,shape,angular
134220,,c7fbf674-7151-4b31-9215-b4523cffdc16,1,qz00ea1S1616527718391,200,figural_mixed,1,,0,round,682.0950000001176,1,repetition,r_g_14.png,shape,round
134220,,c7fbf674-7151-4b31-9215-b4523cffdc16,1,qz00ea1S1616527718391,201,figural_mixed,1,,0,blue,1032.1850000000268,1,switch,e_b_09.png,color,blue
134220,,c7fbf674-7151-4b31-9215-b4523cffdc16,1,qz00ea1S1616527718391,202,figural_mixed,1,,0,round,801.0699999977078,0,switch,e_g_10.png,shape,angular
134220,,c7fbf674-7151-4b31-9215-b4523cffdc16,1,qz00ea1S1616527718391,203,figural_mixed,1,,0,green,1388.94000000073,1,switch,r_g_15.png,color,green
134220,,c7fbf674-7151-4b31-9215-b4523cffdc16,1,qz00ea1S1616527718391,204,figural_mixed,1,,0,green,1541.4700000001176,1,repetition,e_g_14.png,color,green
134220,,c7fbf674-7151-4b31-9215-b4523cffdc16,1,qz00ea1S1616527718391,205,figural_mixed,1,,0,blue,751.1699999995471,1,repetition,r_b_07.png,color,blue
134220,,c7fbf674-7151-4b31-9215-b4523cffdc16,1,qz00ea1S1616527718391,206,figural_mixed,1,,0,blue,510.3399999970861,1,repetition,r_b_09.png,color,blue
134220,,c7fbf674-7151-4b31-9215-b4523cffdc16,1,qz00ea1S1616527718391,207,figural_mixed,1,,0,angular,1609.1249999990396,1,switch,e_g_14.png,shape,angular
134220,,c7fbf674-7151-4b31-9215-b4523cffdc16,1,qz00ea1S1616527718391,208,figural_mixed,1,,0,angular,888.4499999985565,1,repetition,e_g_13.png,shape,angular
134220,,c7fbf674-7151-4b31-9215-b4523cffdc16,1,qz00ea1S1616527718391,209,figural_mixed,1,,0,blue,716.3550000004761,1,switch,e_b_04.png,color,blue
134220,,c7fbf674-7151-4b31-9215-b4523cffdc16,1,qz00ea1S1616527718391,210,figural_mixed,1,,0,green,821.9399999979942,1,repetition,e_g_10.png,color,green
134220,,c7fbf674-7151-4b31-9215-b4523cffdc16,1,qz00ea1S1616527718391,211,figural_mixed,1,,0,green,808.1650000021909,1,repetition,e_g_04.png,color,green
134220,,c7fbf674-7151-4b31-9215-b4523cffdc16,1,qz00ea1S1616527718391,212,figural_mixed,1,,0,round,501.7199999965669,0,switch,e_b_07.png,shape,angular
134220,,c7fbf674-7151-4b31-9215-b4523cffdc16,1,qz00ea1S1616527718391,213,figural_mixed,1,,0,round,804.7350000015285,1,repetition,r_g_11.png,shape,round
134220,,c7fbf674-7151-4b31-9215-b4523cffdc16,1,qz00ea1S1616527718391,214,figural_mixed,1,,0,round,541.865000002872,1,repetition,r_g_04.png,shape,round
134220,,c7fbf674-7151-4b31-9215-b4523cffdc16,1,qz00ea1S1616527718391,215,figural_mixed,1,,0,angular,629.3499999992491,1,repetition,e_g_15.png,shape,angular
134220,,c7fbf674-7151-4b31-9215-b4523cffdc16,1,qz00ea1S1616527718391,216,figural_mixed,1,,0,green,1123.234999999113,1,switch,e_g_11.png,color,green
134220,,c7fbf674-7151-4b31-9215-b4523cffdc16,1,qz00ea1S1616527718391,217,figural_mixed,1,,0,angular,801.8149999988964,0,switch,r_g_08.png,shape,round
134220,,c7fbf674-7151-4b31-9215-b4523cffdc16,1,qz00ea1S1616527718391,218,figural_mixed,1,,0,round,846.7000000018743,1,repetition,r_g_10.png,shape,round
134220,,c7fbf674-7151-4b31-9215-b4523cffdc16,1,qz00ea1S1616527718391,219,figural_mixed,1,,0,green,1283.5200000008626,1,switch,e_g_15.png,color,green
134220,,c7fbf674-7151-4b31-9215-b4523cffdc16,1,qz00ea1S1616527718391,220,figural_mixed,1,,0,green,968.9849999995204,1,repetition,r_g_02.png,color,green
134220,,c7fbf674-7151-4b31-9215-b4523cffdc16,1,qz00ea1S1616527718391,221,figural_mixed,1,,0,angular,1252.0100000001548,1,switch,e_b_01.png,shape,angular
134220,,c7fbf674-7151-4b31-9215-b4523cffdc16,1,qz00ea1S1616527718391,222,figural_mixed,1,,0,blue,1225.9850000009465,1,switch,e_b_15.png,color,blue
134220,,c7fbf674-7151-4b31-9215-b4523cffdc16,1,qz00ea1S1616527718391,223,figural_mixed,1,,0,blue,1170.655000001716,1,repetition,e_b_03.png,color,blue
134220,,c7fbf674-7151-4b31-9215-b4523cffdc16,1,qz00ea1S1616527718391,224,figural_mixed,1,,0,blue,564.330000001064,1,repetition,e_b_01.png,color,blue
134220,,c7fbf674-7151-4b31-9215-b4523cffdc16,1,qz00ea1S1616527718391,225,figural_mixed,1,,0,round,589.8249999991385,1,switch,r_g_02.png,shape,round
134220,,c7fbf674-7151-4b31-9215-b4523cffdc16,1,qz00ea1S1616527718391,226,figural_mixed,1,,0,green,1127.0049999984913,1,switch,e_g_05.png,color,green
134220,,c7fbf674-7151-4b31-9215-b4523cffdc16,1,qz00ea1S1616527718391,227,figural_mixed,1,,0,round,755.7149999993271,1,switch,r_b_06.png,shape,round
134220,,c7fbf674-7151-4b31-9215-b4523cffdc16,1,qz00ea1S1616527718391,228,figural_mixed,1,,0,green,789.2599999977392,1,switch,e_g_08.png,color,green
134220,,c7fbf674-7151-4b31-9215-b4523cffdc16,1,qz00ea1S1616527718391,229,figural_mixed,1,,0,green,1155.1699999981793,1,repetition,e_g_02.png,color,green
134220,,c7fbf674-7151-4b31-9215-b4523cffdc16,1,qz00ea1S1616527718391,230,figural_mixed,1,,0,blue,1007.7549999987241,1,repetition,e_b_06.png,color,blue
134220,,c7fbf674-7151-4b31-9215-b4523cffdc16,1,qz00ea1S1616527718391,231,figural_mixed,1,,0,angular,747.690000000177,1,switch,e_b_08.png,shape,angular
134220,,c7fbf674-7151-4b31-9215-b4523cffdc16,1,qz00ea1S1616527718391,232,figural_mixed,1,,0,green,733.4550000014715,1,switch,r_g_09.png,color,green
134220,,c7fbf674-7151-4b31-9215-b4523cffdc16,1,qz00ea1S1616527718391,233,figural_mixed,1,,0,blue,689.300000001851,1,repetition,e_b_13.png,color,blue
134220,,c7fbf674-7151-4b31-9215-b4523cffdc16,1,qz00ea1S1616527718391,234,figural_mixed,1,,0,round,936.9450000013458,1,switch,r_b_10.png,shape,round
134220,,c7fbf674-7151-4b31-9215-b4523cffdc16,1,qz00ea1S1616527718391,235,figural_mixed,1,,0,round,566.8550000009709,1,repetition,r_b_13.png,shape,round
134220,,c7fbf674-7151-4b31-9215-b4523cffdc16,1,qz00ea1S1616527718391,236,figural_mixed,1,,0,green,942.5900000024121,0,switch,e_b_11.png,color,blue
134220,,c7fbf674-7151-4b31-9215-b4523cffdc16,1,qz00ea1S1616527718391,237,figural_mixed,1,,0,green,1076.485000001383,1,repetition,r_g_08.png,color,green
134220,,c7fbf674-7151-4b31-9215-b4523cffdc16,1,qz00ea1S1616527718391,238,figural_mixed,1,,0,angular,1808.3950000000186,1,switch,e_b_10.png,shape,angular
134220,,c7fbf674-7151-4b31-9215-b4523cffdc16,1,qz00ea1S1616527718391,239,figural_mixed,1,,0,angular,1130.9550000005402,1,repetition,e_g_06.png,shape,angular
134220,,c7fbf674-7151-4b31-9215-b4523cffdc16,1,qz00ea1S1616527718391,240,figural_mixed,1,,0,angular,712.3600000013248,1,repetition,e_g_11.png,shape,angular
134220,,c7fbf674-7151-4b31-9215-b4523cffdc16,1,qz00ea1S1616527718391,241,figural_mixed,1,,0,round,865.3899999990244,1,repetition,r_b_07.png,shape,round
134220,,c7fbf674-7151-4b31-9215-b4523cffdc16,1,qz00ea1S1616527718391,242,figural_mixed,1,,0,blue,654.1949999991921,1,switch,r_b_06.png,color,blue
134220,,c7fbf674-7151-4b31-9215-b4523cffdc16,1,qz00ea1S1616527718391,243,figural_mixed,1,,0,blue,831.0249999995576,1,repetition,e_b_07.png,color,blue
134220,,c7fbf674-7151-4b31-9215-b4523cffdc16,1,qz00ea1S1616527718391,244,figural_mixed,1,,0,blue,523.0700000028592,1,repetition,r_b_14.png,color,blue
134220,,c7fbf674-7151-4b31-9215-b4523cffdc16,1,qz00ea1S1616527718391,245,figural_mixed,1,,0,green,725.5399999994552,1,repetition,r_g_16.png,color,green
134220,,c7fbf674-7151-4b31-9215-b4523cffdc16,1,qz00ea1S1616527718391,246,figural_mixed,1,,0,angular,940.5699999988428,1,switch,e_b_09.png,shape,angular
134220,,c7fbf674-7151-4b31-9215-b4523cffdc16,1,qz00ea1S1616527718391,247,figural_mixed,1,,0,round,625.1599999995669,1,repetition,r_g_05.png,shape,round
134220,,c7fbf674-7151-4b31-9215-b4523cffdc16,1,qz00ea1S1616527718391,248,figural_mixed,1,,0,angular,1100.0549999990035,1,repetition,e_b_12.png,shape,angular
134220,,c7fbf674-7151-4b31-9215-b4523cffdc16,1,qz00ea1S1616527718391,249,figural_mixed,1,,0,blue,911.0550000004587,1,switch,e_b_05.png,color,blue
134220,,c7fbf674-7151-4b31-9215-b4523cffdc16,1,qz00ea1S1616527718391,250,figural_mixed,1,,0,round,590.5600000005797,1,switch,r_g_06.png,shape,round
134220,,c7fbf674-7151-4b31-9215-b4523cffdc16,1,qz00ea1S1616527718391,251,figural_mixed,1,,0,blue,638.3999999997905,1,switch,e_b_16.png,color,blue
134220,,c7fbf674-7151-4b31-9215-b4523cffdc16,1,qz00ea1S1616527718391,252,figural_mixed,1,,0,green,855.2549999986077,1,repetition,r_g_13.png,color,green
134220,,c7fbf674-7151-4b31-9215-b4523cffdc16,1,qz00ea1S1616527718391,253,figural_mixed,1,,0,angular,713.3399999983958,1,switch,e_g_02.png,shape,angular
134220,,c7fbf674-7151-4b31-9215-b4523cffdc16,1,qz00ea1S1616527718391,254,figural_mixed,1,,0,round,817.960000000312,1,repetition,r_b_03.png,shape,round
134220,,c7fbf674-7151-4b31-9215-b4523cffdc16,1,qz00ea1S1616527718391,255,figural_mixed,1,,0,round,1125.7799999984563,1,repetition,r_b_14.png,shape,round
134220,,c7fbf674-7151-4b31-9215-b4523cffdc16,1,qz00ea1S1616527718391,256,figural_mixed,1,,0,angular,794.3249999989639,1,repetition,e_g_12.png,shape,angular
134220,,c7fbf674-7151-4b31-9215-b4523cffdc16,1,qz00ea1S1616527718391,257,figural_mixed,1,,0,blue,1723.230000003241,1,switch,r_b_04.png,color,blue
134220,,c7fbf674-7151-4b31-9215-b4523cffdc16,1,qz00ea1S1616527718391,258,figural_mixed,1,,0,round,969.9700000019511,1,switch,r_g_15.png,shape,round
134220,,c7fbf674-7151-4b31-9215-b4523cffdc16,1,qz00ea1S1616527718391,259,figural_mixed,1,,0,angular,929.2849999983446,1,repetition,e_g_08.png,shape,angular
134220,,c7fbf674-7151-4b31-9215-b4523cffdc16,1,qz00ea1S1616527718391,260,figural_mixed,1,,0,round,745.0099999987287,1,repetition,r_b_16.png,shape,round
134220,,c7fbf674-7151-4b31-9215-b4523cffdc16,1,qz00ea1S1616527718391,261,figural_mixed,1,,0,green,810.0149999990826,1,switch,r_g_10.png,color,green
134220,,c7fbf674-7151-4b31-9215-b4523cffdc16,1,qz00ea1S1616527718391,262,figural_mixed,1,,0,green,883.1849999987753,1,repetition,e_g_06.png,color,green
134220,,c7fbf674-7151-4b31-9215-b4523cffdc16,1,qz00ea1S1616527718391,263,figural_mixed,1,,0,round,811.6749999971944,1,switch,r_g_13.png,shape,round
134220,,c7fbf674-7151-4b31-9215-b4523cffdc16,1,qz00ea1S1616527718391,264,figural_mixed,1,,0,blue,735.2299999984098,1,switch,r_b_03.png,color,blue
134220,,c7fbf674-7151-4b31-9215-b4523cffdc16,1,qz00ea1S1616527718391,265,figural_mixed,1,,0,angular,638.8999999981024,1,switch,e_b_02.png,shape,angular
134220,,c7fbf674-7151-4b31-9215-b4523cffdc16,1,qz00ea1S1616527718391,266,figural_mixed,1,,0,angular,552.9400000013993,1,repetition,e_b_03.png,shape,angular
134220,,c7fbf674-7151-4b31-9215-b4523cffdc16,1,qz00ea1S1616527718391,267,figural_mixed,1,,0,blue,1458.940000000468,0,switch,e_g_07.png,color,green
134220,,c7fbf674-7151-4b31-9215-b4523cffdc16,1,qz00ea1S1616527718391,268,figural_mixed,1,,0,blue,1240.6649999975925,1,repetition,r_b_08.png,color,blue
134220,,c7fbf674-7151-4b31-9215-b4523cffdc16,1,qz00ea1S1616527718391,269,figural_mixed,1,,0,blue,359.40499999921303,1,repetition,r_b_01.png,color,blue
134220,,c7fbf674-7151-4b31-9215-b4523cffdc16,1,qz00ea1S1616527718391,270,figural_mixed,1,,0,angular,1015.9999999995925,1,switch,e_b_05.png,shape,angular
134220,,c7fbf674-7151-4b31-9215-b4523cffdc16,1,qz00ea1S1616527718391,271,figural_mixed,1,,0,green,700.6399999991409,1,switch,r_g_16.png,color,green
134220,,c7fbf674-7151-4b31-9215-b4523cffdc16,1,qz00ea1S1616527718391,272,figural_mixed,1,,0,round,1374.4100000003818,0,switch,e_g_04.png,shape,angular
134220,,c7fbf674-7151-4b31-9215-b4523cffdc16,1,qz00ea1S1616527718391,273,figural_mixed,1,,0,round,1512.300000002142,1,repetition,r_b_05.png,shape,round
134220,,c7fbf674-7151-4b31-9215-b4523cffdc16,1,qz00ea1S1616527718391,274,figural_mixed,1,,0,round,621.194999999716,1,repetition,r_g_03.png,shape,round
134220,,c7fbf674-7151-4b31-9215-b4523cffdc16,1,qz00ea1S1616527718391,275,figural_mixed,1,,0,blue,767.4500000029802,1,switch,r_b_15.png,color,blue
134220,,c7fbf674-7151-4b31-9215-b4523cffdc16,1,qz00ea1S1616527718391,276,figural_mixed,1,,0,green,1081.9200000005658,1,repetition,r_g_14.png,color,green
134220,,c7fbf674-7151-4b31-9215-b4523cffdc16,1,qz00ea1S1616527718391,277,figural_mixed,1,,0,angular,726.3449999991572,1,switch,e_g_01.png,shape,angular
134220,,c7fbf674-7151-4b31-9215-b4523cffdc16,1,qz00ea1S1616527718391,278,figural_mixed,1,,0,round,981.7800000018906,1,repetition,r_b_15.png,shape,round
134220,,c7fbf674-7151-4b31-9215-b4523cffdc16,1,qz00ea1S1616527718391,279,figural_mixed,1,,0,round,1712.6299999982002,1,repetition,r_b_08.png,shape,round
134220,,c7fbf674-7151-4b31-9215-b4523cffdc16,1,qz00ea1S1616527718391,280,figural_mixed,1,,0,green,1411.2000000022817,1,switch,e_g_12.png,color,green
134220,,c7fbf674-7151-4b31-9215-b4523cffdc16,1,qz00ea1S1616527718391,281,figural_mixed,1,,0,angular,1783.9400000012247,1,switch,e_b_13.png,shape,angular
134220,,c7fbf674-7151-4b31-9215-b4523cffdc16,1,qz00ea1S1616527718391,282,figural_mixed,1,,0,green,1287.2500000011642,1,switch,r_g_03.png,color,green
134220,,c7fbf674-7151-4b31-9215-b4523cffdc16,1,qz00ea1S1616527718391,283,figural_mixed,1,,0,blue,1000.0049999980256,1,repetition,r_b_12.png,color,blue
134220,,c7fbf674-7151-4b31-9215-b4523cffdc16,1,qz00ea1S1616527718391,284,figural_mixed,1,,0,angular,712.9400000012247,1,switch,e_b_06.png,shape,angular
134220,,c7fbf674-7151-4b31-9215-b4523cffdc16,1,qz00ea1S1616527718391,285,figural_mixed,1,,0,angular,1018.0450000006822,1,repetition,e_g_05.png,shape,angular
134220,,c7fbf674-7151-4b31-9215-b4523cffdc16,1,qz00ea1S1616527718391,286,figural_mixed,1,,0,blue,1018.4250000020256,1,switch,r_b_11.png,color,blue
134220,,c7fbf674-7151-4b31-9215-b4523cffdc16,1,qz00ea1S1616527718391,287,figural_mixed,1,,0,angular,818.8950000003679,1,switch,e_b_16.png,shape,angular
134220,,c7fbf674-7151-4b31-9215-b4523cffdc16,1,qz00ea1S1616527718391,288,figural_mixed,1,,0,green,915.7850000010221,1,switch,e_g_01.png,color,green
134220,,c7fbf674-7151-4b31-9215-b4523cffdc16,1,qz00ea1S1616527718391,289,figural_mixed,1,,0,blue,1229.815000002447,0,repetition,e_g_13.png,color,green
134220,,c7fbf674-7151-4b31-9215-b4523cffdc16,1,qz00ea1S1616527718391,290,figural_mixed,1,,0,round,1190.339999997348,1,switch,r_b_12.png,shape,round
134220,,c7fbf674-7151-4b31-9215-b4523cffdc16,1,qz00ea1S1616527718391,291,figural_mixed,1,,0,blue,860.0600000026752,1,switch,e_b_08.png,color,blue
134220,,c7fbf674-7151-4b31-9215-b4523cffdc16,1,qz00ea1S1616527718391,292,figural_mixed,1,,0,green,679.6450000001932,1,repetition,e_g_09.png,color,green
134220,,c7fbf674-7151-4b31-9215-b4523cffdc16,1,qz00ea1S1616527718391,293,figural_mixed,1,,0,green,671.855000000447,1,repetition,r_g_12.png,color,green
134220,,c7fbf674-7151-4b31-9215-b4523cffdc16,1,qz00ea1S1616527718391,294,figural_single_2_2,1,,0,blue,1380.1550000025309,1,single,e_b_01.png,color,blue
134220,,c7fbf674-7151-4b31-9215-b4523cffdc16,1,qz00ea1S1616527718391,295,figural_single_2_2,1,,0,blue,565.6950000011129,1,single,r_b_03.png,color,blue
134220,,c7fbf674-7151-4b31-9215-b4523cffdc16,1,qz00ea1S1616527718391,296,figural_single_2_2,1,,0,green,822.4049999989802,1,single,e_g_01.png,color,green
134220,,c7fbf674-7151-4b31-9215-b4523cffdc16,1,qz00ea1S1616527718391,297,figural_single_2_2,1,,0,green,378.1399999971036,1,single,e_g_13.png,color,green
134220,,c7fbf674-7151-4b31-9215-b4523cffdc16,1,qz00ea1S1616527718391,298,figural_single_2_2,1,,0,blue,630.0950000004377,1,single,r_b_16.png,color,blue
134220,,c7fbf674-7151-4b31-9215-b4523cffdc16,1,qz00ea1S1616527718391,299,figural_single_2_2,1,,0,blue,348.82000000291737,1,single,r_b_07.png,color,blue
134220,,c7fbf674-7151-4b31-9215-b4523cffdc16,1,qz00ea1S1616527718391,300,figural_single_2_2,1,,0,green,375.7899999982328,1,single,r_g_08.png,color,green
134220,,c7fbf674-7151-4b31-9215-b4523cffdc16,1,qz00ea1S1616527718391,301,figural_single_2_2,1,,0,blue,657.035000000149,1,single,r_b_09.png,color,blue
134220,,c7fbf674-7151-4b31-9215-b4523cffdc16,1,qz00ea1S1616527718391,302,figural_single_2_2,1,,0,green,512.0499999975436,1,single,r_g_02.png,color,green
134220,,c7fbf674-7151-4b31-9215-b4523cffdc16,1,qz00ea1S1616527718391,303,figural_single_2_2,1,,0,green,283.55499999813037,1,single,r_g_12.png,color,green
134220,,c7fbf674-7151-4b31-9215-b4523cffdc16,1,qz00ea1S1616527718391,304,figural_single_2_2,1,,0,blue,317.17000000202097,1,single,e_b_08.png,color,blue
134220,,c7fbf674-7151-4b31-9215-b4523cffdc16,1,qz00ea1S1616527718391,305,figural_single_2_2,1,,0,green,563.4649999992689,1,single,r_g_04.png,color,green
134220,,c7fbf674-7151-4b31-9215-b4523cffdc16,1,qz00ea1S1616527718391,306,figural_single_2_2,1,,0,blue,386.0500000009779,1,single,e_b_03.png,color,blue
134220,,c7fbf674-7151-4b31-9215-b4523cffdc16,1,qz00ea1S1616527718391,307,figural_single_2_2,1,,0,blue,364.28499999962514,1,single,e_b_11.png,color,blue
134220,,c7fbf674-7151-4b31-9215-b4523cffdc16,1,qz00ea1S1616527718391,308,figural_single_2_2,1,,0,blue,384.13500000024214,1,single,r_b_14.png,color,blue
134220,,c7fbf674-7151-4b31-9215-b4523cffdc16,1,qz00ea1S1616527718391,309,figural_single_2_2,1,,0,green,365.7200000016019,1,single,e_g_07.png,color,green
134220,,c7fbf674-7151-4b31-9215-b4523cffdc16,1,qz00ea1S1616527718391,310,figural_single_2_2,1,,0,blue,379.15499999874737,1,single,r_b_13.png,color,blue
134220,,c7fbf674-7151-4b31-9215-b4523cffdc16,1,qz00ea1S1616527718391,311,figural_single_2_2,1,,0,green,470.6000000005588,1,single,e_g_16.png,color,green
134220,,c7fbf674-7151-4b31-9215-b4523cffdc16,1,qz00ea1S1616527718391,312,figural_single_2_2,1,,0,blue,341.62499999726424,1,single,e_b_14.png,color,blue
134220,,c7fbf674-7151-4b31-9215-b4523cffdc16,1,qz00ea1S1616527718391,313,figural_single_2_2,1,,0,green,449.67999999789754,1,single,e_g_12.png,color,green
134220,,c7fbf674-7151-4b31-9215-b4523cffdc16,1,qz00ea1S1616527718391,314,figural_single_2_2,1,,0,green,316.36499999882653,1,single,r_g_07.png,color,green
134220,,c7fbf674-7151-4b31-9215-b4523cffdc16,1,qz00ea1S1616527718391,315,figural_single_2_2,1,,0,blue,322.11499999905936,1,single,e_b_15.png,color,blue
134220,,c7fbf674-7151-4b31-9215-b4523cffdc16,1,qz00ea1S1616527718391,316,figural_single_2_2,1,,0,blue,251.96499999950174,1,single,e_b_05.png,color,blue
134220,,c7fbf674-7151-4b31-9215-b4523cffdc16,1,qz00ea1S1616527718391,317,figural_single_2_2,1,,0,green,329.25000000256114,1,single,r_g_15.png,color,green
134220,,c7fbf674-7151-4b31-9215-b4523cffdc16,1,qz00ea1S1616527718391,318,figural_single_2_2,1,,0,blue,302.1649999973597,1,single,r_b_06.png,color,blue
134220,,c7fbf674-7151-4b31-9215-b4523cffdc16,1,qz00ea1S1616527718391,319,figural_single_2_2,1,,0,green,330.8699999979581,1,single,e_g_02.png,color,green
134220,,c7fbf674-7151-4b31-9215-b4523cffdc16,1,qz00ea1S1616527718391,320,figural_single_2_2,1,,0,green,398.6450000011246,1,single,r_g_16.png,color,green
134220,,c7fbf674-7151-4b31-9215-b4523cffdc16,1,qz00ea1S1616527718391,321,figural_single_2_2,1,,0,blue,340.9649999993853,1,single,e_b_10.png,color,blue
134220,,c7fbf674-7151-4b31-9215-b4523cffdc16,1,qz00ea1S1616527718391,322,figural_single_2_2,1,,0,green,436.1800000005751,1,single,e_g_05.png,color,green
134220,,c7fbf674-7151-4b31-9215-b4523cffdc16,1,qz00ea1S1616527718391,323,figural_single_2_2,1,,0,green,322.9199999986449,1,single,e_g_03.png,color,green
134220,,c7fbf674-7151-4b31-9215-b4523cffdc16,1,qz00ea1S1616527718391,324,figural_single_2_2,1,,0,green,422.90499999944586,1,single,e_g_11.png,color,green
134220,,c7fbf674-7151-4b31-9215-b4523cffdc16,1,qz00ea1S1616527718391,325,figural_single_2_2,1,,0,blue,331.58499999996275,1,single,r_b_15.png,color,blue
134220,,c7fbf674-7151-4b31-9215-b4523cffdc16,1,qz00ea1S1616527718391,326,figural_single_2_2,1,,0,blue,253.7850000008475,1,single,e_b_02.png,color,blue
134220,,c7fbf674-7151-4b31-9215-b4523cffdc16,1,qz00ea1S1616527718391,327,figural_single_2_2,1,,0,blue,242.63000000064494,1,single,r_b_08.png,color,blue
134220,,c7fbf674-7151-4b31-9215-b4523cffdc16,1,qz00ea1S1616527718391,328,figural_single_2_2,1,,0,green,429.8799999996554,1,single,e_g_06.png,color,green
134220,,c7fbf674-7151-4b31-9215-b4523cffdc16,1,qz00ea1S1616527718391,329,figural_single_2_2,1,,0,blue,326.24999999825377,1,single,e_b_16.png,color,blue
134220,,c7fbf674-7151-4b31-9215-b4523cffdc16,1,qz00ea1S1616527718391,330,figural_single_2_2,1,,0,green,181.08500000013737,0,single,e_b_06.png,color,blue
134220,,c7fbf674-7151-4b31-9215-b4523cffdc16,1,qz00ea1S1616527718391,331,figural_single_2_2,1,,0,green,721.1199999983073,1,single,r_g_09.png,color,green
134220,,c7fbf674-7151-4b31-9215-b4523cffdc16,1,qz00ea1S1616527718391,332,figural_single_2_2,1,,0,green,255.77999999956228,1,single,e_g_10.png,color,green
134220,,c7fbf674-7151-4b31-9215-b4523cffdc16,1,qz00ea1S1616527718391,333,figural_single_2_2,1,,0,green,223.73000000149477,0,single,e_b_12.png,color,blue
134220,,c7fbf674-7151-4b31-9215-b4523cffdc16,1,qz00ea1S1616527718391,334,figural_single_2_2,1,,0,green,416.6750000003958,1,single,r_g_11.png,color,green
134220,,c7fbf674-7151-4b31-9215-b4523cffdc16,1,qz00ea1S1616527718391,335,figural_single_2_2,1,,0,green,290.46500000188826,1,single,r_g_06.png,color,green
134220,,c7fbf674-7151-4b31-9215-b4523cffdc16,1,qz00ea1S1616527718391,336,figural_single_2_2,1,,0,green,261.02499999979045,1,single,e_g_04.png,color,green
134220,,c7fbf674-7151-4b31-9215-b4523cffdc16,1,qz00ea1S1616527718391,337,figural_single_2_2,1,,0,blue,367.160000001546,1,single,r_b_01.png,color,blue
134220,,c7fbf674-7151-4b31-9215-b4523cffdc16,1,qz00ea1S1616527718391,338,figural_single_2_2,1,,0,green,423.1100000033621,1,single,r_g_03.png,color,green
134220,,c7fbf674-7151-4b31-9215-b4523cffdc16,1,qz00ea1S1616527718391,339,figural_single_2_2,1,,0,blue,217.00000000058208,1,single,e_b_04.png,color,blue
134220,,c7fbf674-7151-4b31-9215-b4523cffdc16,1,qz00ea1S1616527718391,340,figural_single_2_2,1,,0,blue,366.5849999997299,1,single,r_b_12.png,color,blue
134220,,c7fbf674-7151-4b31-9215-b4523cffdc16,1,qz00ea1S1616527718391,341,figural_single_2_2,1,,0,green,401.20999999996275,1,single,r_g_13.png,color,green
134220,,c7fbf674-7151-4b31-9215-b4523cffdc16,1,qz00ea1S1616527718391,342,figural_single_2_2,1,,0,blue,402.9499999996624,1,single,r_b_02.png,color,blue
134220,,c7fbf674-7151-4b31-9215-b4523cffdc16,1,qz00ea1S1616527718391,343,figural_single_2_2,1,,0,green,307.81500000011874,1,single,e_g_09.png,color,green
134220,,c7fbf674-7151-4b31-9215-b4523cffdc16,1,qz00ea1S1616527718391,344,figural_single_2_2,1,,0,green,334.4149999975343,1,single,e_g_15.png,color,green
134220,,c7fbf674-7151-4b31-9215-b4523cffdc16,1,qz00ea1S1616527718391,345,figural_single_2_2,1,,0,green,272.1999999994878,1,single,e_g_08.png,color,green
134220,,c7fbf674-7151-4b31-9215-b4523cffdc16,1,qz00ea1S1616527718391,346,figural_single_2_2,1,,0,blue,368.4900000008056,1,single,r_b_05.png,color,blue
134220,,c7fbf674-7151-4b31-9215-b4523cffdc16,1,qz00ea1S1616527718391,347,figural_single_2_2,1,,0,green,268.25000000098953,1,single,r_g_14.png,color,green
134220,,c7fbf674-7151-4b31-9215-b4523cffdc16,1,qz00ea1S1616527718391,348,figural_single_2_2,1,,0,blue,388.9850000014412,1,single,r_b_04.png,color,blue
134220,,c7fbf674-7151-4b31-9215-b4523cffdc16,1,qz00ea1S1616527718391,349,figural_single_2_2,1,,0,blue,236.02500000194414,0,single,r_g_10.png,color,green
134220,,c7fbf674-7151-4b31-9215-b4523cffdc16,1,qz00ea1S1616527718391,350,figural_single_2_2,1,,0,green,545.9650000011316,1,single,r_g_01.png,color,green
134220,,c7fbf674-7151-4b31-9215-b4523cffdc16,1,qz00ea1S1616527718391,351,figural_single_2_2,1,,0,blue,402.6850000009872,1,single,r_b_11.png,color,blue
134220,,c7fbf674-7151-4b31-9215-b4523cffdc16,1,qz00ea1S1616527718391,352,figural_single_2_2,1,,0,green,292.49500000150874,1,single,r_g_05.png,color,green
134220,,c7fbf674-7151-4b31-9215-b4523cffdc16,1,qz00ea1S1616527718391,353,figural_single_2_2,1,,0,blue,633.5800000015297,1,single,r_b_10.png,color,blue
134220,,c7fbf674-7151-4b31-9215-b4523cffdc16,1,qz00ea1S1616527718391,354,figural_single_2_2,1,,0,blue,381.7850000014296,1,single,e_b_13.png,color,blue
134220,,c7fbf674-7151-4b31-9215-b4523cffdc16,1,qz00ea1S1616527718391,355,figural_single_2_2,1,,0,green,546.1700000014389,1,single,e_g_14.png,color,green
134220,,c7fbf674-7151-4b31-9215-b4523cffdc16,1,qz00ea1S1616527718391,356,figural_single_2_2,1,,0,blue,522.2649999996647,1,single,e_b_07.png,color,blue
134220,,c7fbf674-7151-4b31-9215-b4523cffdc16,1,qz00ea1S1616527718391,357,figural_single_2_2,1,,0,blue,458.5700000025099,1,single,e_b_09.png,color,blue
134220,,c7fbf674-7151-4b31-9215-b4523cffdc16,1,qz00ea1S1616527718391,358,figural_single_1_2,1,,0,angular,479.42999999935273,1,single,e_g_11.png,shape,angular
134220,,c7fbf674-7151-4b31-9215-b4523cffdc16,1,qz00ea1S1616527718391,359,figural_single_1_2,1,,0,round,428.0799999978626,1,single,r_b_16.png,shape,round
134220,,c7fbf674-7151-4b31-9215-b4523cffdc16,1,qz00ea1S1616527718391,360,figural_single_1_2,1,,0,angular,571.8750000014552,1,single,e_b_10.png,shape,angular
134220,,c7fbf674-7151-4b31-9215-b4523cffdc16,1,qz00ea1S1616527718391,361,figural_single_1_2,1,,0,round,641.380000000936,1,single,r_b_02.png,shape,round
134220,,c7fbf674-7151-4b31-9215-b4523cffdc16,1,qz00ea1S1616527718391,362,figural_single_1_2,1,,0,round,434.6300000033807,1,single,r_g_08.png,shape,round
134220,,c7fbf674-7151-4b31-9215-b4523cffdc16,1,qz00ea1S1616527718391,363,figural_single_1_2,1,,0,angular,465.8300000010058,1,single,e_g_02.png,shape,angular
134220,,c7fbf674-7151-4b31-9215-b4523cffdc16,1,qz00ea1S1616527718391,364,figural_single_1_2,1,,0,round,625.335000000603,1,single,r_g_05.png,shape,round
134220,,c7fbf674-7151-4b31-9215-b4523cffdc16,1,qz00ea1S1616527718391,365,figural_single_1_2,1,,0,angular,615.7800000001444,1,single,e_b_15.png,shape,angular
134220,,c7fbf674-7151-4b31-9215-b4523cffdc16,1,qz00ea1S1616527718391,366,figural_single_1_2,1,,0,round,477.31500000006054,1,single,r_b_09.png,shape,round
134220,,c7fbf674-7151-4b31-9215-b4523cffdc16,1,qz00ea1S1616527718391,367,figural_single_1_2,1,,0,angular,450.3900000017602,1,single,e_b_12.png,shape,angular
134220,,c7fbf674-7151-4b31-9215-b4523cffdc16,1,qz00ea1S1616527718391,368,figural_single_1_2,1,,0,angular,597.7150000034599,1,single,e_g_15.png,shape,angular
134220,,c7fbf674-7151-4b31-9215-b4523cffdc16,1,qz00ea1S1616527718391,369,figural_single_1_2,1,,0,round,486.19999999937136,1,single,r_g_04.png,shape,round
134220,,c7fbf674-7151-4b31-9215-b4523cffdc16,1,qz00ea1S1616527718391,370,figural_single_1_2,1,,0,angular,510.2450000012759,1,single,e_b_14.png,shape,angular
134220,,c7fbf674-7151-4b31-9215-b4523cffdc16,1,qz00ea1S1616527718391,371,figural_single_1_2,1,,0,round,633.9650000008987,0,single,e_b_02.png,shape,angular
134220,,c7fbf674-7151-4b31-9215-b4523cffdc16,1,qz00ea1S1616527718391,372,figural_single_1_2,1,,0,round,722.8949999989709,1,single,r_g_15.png,shape,round
134220,,c7fbf674-7151-4b31-9215-b4523cffdc16,1,qz00ea1S1616527718391,373,figural_single_1_2,1,,0,angular,542.7049999998417,1,single,e_b_11.png,shape,angular
134220,,c7fbf674-7151-4b31-9215-b4523cffdc16,1,qz00ea1S1616527718391,374,figural_single_1_2,1,,0,angular,694.0900000008405,0,single,r_b_07.png,shape,round
134220,,c7fbf674-7151-4b31-9215-b4523cffdc16,1,qz00ea1S1616527718391,375,figural_single_1_2,1,,0,round,655.6449999989127,1,single,r_g_06.png,shape,round
134220,,c7fbf674-7151-4b31-9215-b4523cffdc16,1,qz00ea1S1616527718391,376,figural_single_1_2,1,,0,round,447.37499999976717,1,single,r_g_02.png,shape,round
134220,,c7fbf674-7151-4b31-9215-b4523cffdc16,1,qz00ea1S1616527718391,377,figural_single_1_2,1,,0,angular,514.100000000326,1,single,e_b_09.png,shape,angular
134220,,c7fbf674-7151-4b31-9215-b4523cffdc16,1,qz00ea1S1616527718391,378,figural_single_1_2,1,,0,round,704.9950000001118,1,single,r_b_15.png,shape,round
134220,,c7fbf674-7151-4b31-9215-b4523cffdc16,1,qz00ea1S1616527718391,379,figural_single_1_2,1,,0,angular,393.85500000207685,1,single,e_g_14.png,shape,angular
134220,,c7fbf674-7151-4b31-9215-b4523cffdc16,1,qz00ea1S1616527718391,380,figural_single_1_2,1,,0,round,430.420000000624,1,single,r_b_04.png,shape,round
134220,,c7fbf674-7151-4b31-9215-b4523cffdc16,1,qz00ea1S1616527718391,381,figural_single_1_2,1,,0,round,518.6749999993481,1,single,r_g_09.png,shape,round
134220,,c7fbf674-7151-4b31-9215-b4523cffdc16,1,qz00ea1S1616527718391,382,figural_single_1_2,1,,0,angular,409.8199999971548,1,single,e_g_03.png,shape,angular
134220,,c7fbf674-7151-4b31-9215-b4523cffdc16,1,qz00ea1S1616527718391,383,figural_single_1_2,1,,0,round,578.3750000009895,1,single,r_b_13.png,shape,round
134220,,c7fbf674-7151-4b31-9215-b4523cffdc16,1,qz00ea1S1616527718391,384,figural_single_1_2,1,,0,round,547.2399999998743,1,single,r_b_03.png,shape,round
134220,,c7fbf674-7151-4b31-9215-b4523cffdc16,1,qz00ea1S1616527718391,385,figural_single_1_2,1,,0,round,665.1349999993108,1,single,r_g_14.png,shape,round
134220,,c7fbf674-7151-4b31-9215-b4523cffdc16,1,qz00ea1S1616527718391,386,figural_single_1_2,1,,0,angular,453.23500000080094,1,single,e_b_05.png,shape,angular
134220,,c7fbf674-7151-4b31-9215-b4523cffdc16,1,qz00ea1S1616527718391,387,figural_single_1_2,1,,0,round,431.655000000319,1,single,r_b_10.png,shape,round
134220,,c7fbf674-7151-4b31-9215-b4523cffdc16,1,qz00ea1S1616527718391,388,figural_single_1_2,1,,0,round,514.9500000007101,1,single,r_b_12.png,shape,round
134220,,c7fbf674-7151-4b31-9215-b4523cffdc16,1,qz00ea1S1616527718391,389,figural_single_1_2,1,,0,round,412.6300000025076,1,single,r_b_14.png,shape,round
134220,,c7fbf674-7151-4b31-9215-b4523cffdc16,1,qz00ea1S1616527718391,390,figural_single_1_2,1,,0,angular,438.4350000000559,1,single,e_g_16.png,shape,angular
134220,,c7fbf674-7151-4b31-9215-b4523cffdc16,1,qz00ea1S1616527718391,391,figural_single_1_2,1,,0,round,475.67999999952735,1,single,r_g_12.png,shape,round
134220,,c7fbf674-7151-4b31-9215-b4523cffdc16,1,qz00ea1S1616527718391,392,figural_single_1_2,1,,0,angular,442.125000001397,0,single,r_g_11.png,shape,round
134220,,c7fbf674-7151-4b31-9215-b4523cffdc16,1,qz00ea1S1616527718391,393,figural_single_1_2,1,,0,angular,482.99499999848194,1,single,e_b_03.png,shape,angular
134220,,c7fbf674-7151-4b31-9215-b4523cffdc16,1,qz00ea1S1616527718391,394,figural_single_1_2,1,,0,angular,443.99500000150874,1,single,e_b_04.png,shape,angular
134220,,c7fbf674-7151-4b31-9215-b4523cffdc16,1,qz00ea1S1616527718391,395,figural_single_1_2,1,,0,round,374.115000002319,1,single,r_b_11.png,shape,round
134220,,c7fbf674-7151-4b31-9215-b4523cffdc16,1,qz00ea1S1616527718391,396,figural_single_1_2,1,,0,angular,576.4449999987846,1,single,e_g_05.png,shape,angular
134220,,c7fbf674-7151-4b31-9215-b4523cffdc16,1,qz00ea1S1616527718391,397,figural_single_1_2,1,,0,round,25.54499999678228,0,single,e_b_16.png,shape,angular
134220,,c7fbf674-7151-4b31-9215-b4523cffdc16,1,qz00ea1S1616527718391,398,figural_single_1_2,1,,0,angular,844.4999999992433,1,single,e_g_13.png,shape,angular
134220,,c7fbf674-7151-4b31-9215-b4523cffdc16,1,qz00ea1S1616527718391,399,figural_single_1_2,1,,0,round,512.0549999992363,1,single,r_g_01.png,shape,round
134220,,c7fbf674-7151-4b31-9215-b4523cffdc16,1,qz00ea1S1616527718391,400,figural_single_1_2,1,,0,angular,802.4550000009476,1,single,e_b_08.png,shape,angular
134220,,c7fbf674-7151-4b31-9215-b4523cffdc16,1,qz00ea1S1616527718391,401,figural_single_1_2,1,,0,angular,797.115000001213,1,single,e_g_10.png,shape,angular
134220,,c7fbf674-7151-4b31-9215-b4523cffdc16,1,qz00ea1S1616527718391,402,figural_single_1_2,1,,0,round,615.0649999980815,1,single,r_g_13.png,shape,round
134220,,c7fbf674-7151-4b31-9215-b4523cffdc16,1,qz00ea1S1616527718391,403,figural_single_1_2,1,,0,angular,580.7800000002608,1,single,e_b_01.png,shape,angular
134220,,c7fbf674-7151-4b31-9215-b4523cffdc16,1,qz00ea1S1616527718391,404,figural_single_1_2,1,,0,round,461.9349999993574,0,single,e_b_06.png,shape,angular
134220,,c7fbf674-7151-4b31-9215-b4523cffdc16,1,qz00ea1S1616527718391,405,figural_single_1_2,1,,0,round,576.2500000018626,1,single,r_g_10.png,shape,round
134220,,c7fbf674-7151-4b31-9215-b4523cffdc16,1,qz00ea1S1616527718391,406,figural_single_1_2,1,,0,angular,529.4150000009104,1,single,e_g_08.png,shape,angular
134220,,c7fbf674-7151-4b31-9215-b4523cffdc16,1,qz00ea1S1616527718391,407,figural_single_1_2,1,,0,angular,626.9099999990431,1,single,e_g_07.png,shape,angular
134220,,c7fbf674-7151-4b31-9215-b4523cffdc16,1,qz00ea1S1616527718391,408,figural_single_1_2,1,,0,round,453.92500000155997,1,single,r_b_06.png,shape,round
134220,,c7fbf674-7151-4b31-9215-b4523cffdc16,1,qz00ea1S1616527718391,409,figural_single_1_2,1,,0,angular,428.04500000050757,1,single,e_g_09.png,shape,angular
134220,,c7fbf674-7151-4b31-9215-b4523cffdc16,1,qz00ea1S1616527718391,410,figural_single_1_2,1,,0,round,554.0149999978603,1,single,r_b_01.png,shape,round
134220,,c7fbf674-7151-4b31-9215-b4523cffdc16,1,qz00ea1S1616527718391,411,figural_single_1_2,1,,0,angular,456.9049999990966,1,single,e_b_13.png,shape,angular
134220,,c7fbf674-7151-4b31-9215-b4523cffdc16,1,qz00ea1S1616527718391,412,figural_single_1_2,1,,0,angular,637.9849999975995,1,single,e_g_04.png,shape,angular
134220,,c7fbf674-7151-4b31-9215-b4523cffdc16,1,qz00ea1S1616527718391,413,figural_single_1_2,1,,0,angular,409.35499999980675,1,single,e_g_12.png,shape,angular
134220,,c7fbf674-7151-4b31-9215-b4523cffdc16,1,qz00ea1S1616527718391,414,figural_single_1_2,1,,0,round,390.1149999983609,1,single,r_b_08.png,shape,round
134220,,c7fbf674-7151-4b31-9215-b4523cffdc16,1,qz00ea1S1616527718391,415,figural_single_1_2,1,,0,angular,550.8699999991222,1,single,e_b_07.png,shape,angular
134220,,c7fbf674-7151-4b31-9215-b4523cffdc16,1,qz00ea1S1616527718391,416,figural_single_1_2,1,,0,round,382.50500000140164,1,single,r_g_03.png,shape,round
134220,,c7fbf674-7151-4b31-9215-b4523cffdc16,1,qz00ea1S1616527718391,417,figural_single_1_2,1,,0,angular,736.4750000014901,1,single,e_g_06.png,shape,angular
134220,,c7fbf674-7151-4b31-9215-b4523cffdc16,1,qz00ea1S1616527718391,418,figural_single_1_2,1,,0,round,562.2699999985052,1,single,r_g_16.png,shape,round
134220,,c7fbf674-7151-4b31-9215-b4523cffdc16,1,qz00ea1S1616527718391,419,figural_single_1_2,1,,0,angular,417.02499999885913,0,single,r_b_05.png,shape,round
134220,,c7fbf674-7151-4b31-9215-b4523cffdc16,1,qz00ea1S1616527718391,420,figural_single_1_2,1,,0,angular,653.890000001411,1,single,e_g_01.png,shape,angular
134220,,c7fbf674-7151-4b31-9215-b4523cffdc16,1,qz00ea1S1616527718391,421,figural_single_1_2,1,,0,round,483.1450000019977,1,single,r_g_07.png,shape,round