userCode,extId,moduleId,sessionId,sessionToken,trialId,executableId,session.complete,session.condition,session.forceExit,givenResponse,reactionTime,score,shiftingType,stimulusValue,stimulusType,correctResponse
134213,,c7fbf674-7151-4b31-9215-b4523cffdc16,1,gcNex3Sy1616527606254,1,figural_single_1_practice,1,,0,round,572.4499999996624,1,single,r_b_10.png,shape,round
134213,,c7fbf674-7151-4b31-9215-b4523cffdc16,1,gcNex3Sy1616527606254,2,figural_single_1_practice,1,,0,angular,697.1100000009756,1,single,e_b_09.png,shape,angular
134213,,c7fbf674-7151-4b31-9215-b4523cffdc16,1,gcNex3Sy1616527606254,3,figural_single_1_practice,1,,0,round,442.68000000010943,1,single,r_b_11.png,shape,round
134213,,c7fbf674-7151-4b31-9215-b4523cffdc16,1,gcNex3Sy1616527606254,4,figural_single_1_practice,1,,0,round,428.28499999814085,1,single,r_g_05.png,shape,round
134213,,c7fbf674-7151-4b31-9215-b4523cffdc16,1,gcNex3Sy1616527606254,5,figural_single_1_practice,1,,0,angular,605.5500000002212,1,single,e_b_14.png,shape,angular
134213,,c7fbf674-7151-4b31-9215-b4523cffdc16,1,gcNex3Sy1616527606254,6,figural_single_1_practice,1,,0,angular,535.4399999996531,1,single,e_g_07.png,shape,angular
134213,,c7fbf674-7151-4b31-9215-b4523cffdc16,1,gcNex3Sy1616527606254,7,figural_single_1_practice,1,,0,angular,422.10999999952037,1,single,e_g_12.png,shape,angular
134213,,c7fbf674-7151-4b31-9215-b4523cffdc16,1,gcNex3Sy1616527606254,8,figural_single_1_practice,1,,0,round,407.6550000027055,1,single,r_b_16.png,shape,round
134213,,c7fbf674-7151-4b31-9215-b4523cffdc16,1,gcNex3Sy1616527606254,9,figural_single_1_practice,1,,0,angular,555.8149999997113,0,single,r_g_02.png,shape,round
134213,,c7fbf674-7151-4b31-9215-b4523cffdc16,1,gcNex3Sy1616527606254,10,figural_single_1_practice,1,,0,angular,1013.505000002624,1,single,e_b_04.png,shape,angular
134213,,c7fbf674-7151-4b31-9215-b4523cffdc16,1,gcNex3Sy1616527606254,11,figural_single_1_practice,1,,0,angular,778.3649999983027,1,single,e_g_06.png,shape,angular
134213,,c7fbf674-7151-4b31-9215-b4523cffdc16,1,gcNex3Sy1616527606254,12,figural_single_1_practice,1,,0,round,469.9399999990419,1,single,r_g_15.png,shape,round
134213,,c7fbf674-7151-4b31-9215-b4523cffdc16,1,gcNex3Sy1616527606254,13,figural_single_1_1,1,,0,round,693.3900000003632,1,single,r_b_01.png,shape,round
134213,,c7fbf674-7151-4b31-9215-b4523cffdc16,1,gcNex3Sy1616527606254,14,figural_single_1_1,1,,0,angular,678.5500000005413,1,single,e_g_11.png,shape,angular
134213,,c7fbf674-7151-4b31-9215-b4523cffdc16,1,gcNex3Sy1616527606254,15,figural_single_1_1,1,,0,round,544.9300000000221,1,single,r_b_10.png,shape,round
134213,,c7fbf674-7151-4b31-9215-b4523cffdc16,1,gcNex3Sy1616527606254,16,figural_single_1_1,1,,0,round,475.9550000017043,1,single,r_b_06.png,shape,round
134213,,c7fbf674-7151-4b31-9215-b4523cffdc16,1,gcNex3Sy1616527606254,17,figural_single_1_1,1,,0,angular,550.905000000057,1,single,e_g_07.png,shape,angular
134213,,c7fbf674-7151-4b31-9215-b4523cffdc16,1,gcNex3Sy1616527606254,18,figural_single_1_1,1,,0,angular,424.67000000033295,1,single,e_g_13.png,shape,angular
134213,,c7fbf674-7151-4b31-9215-b4523cffdc16,1,gcNex3Sy1616527606254,19,figural_single_1_1,1,,0,round,499.7899999980291,1,single,r_g_06.png,shape,round
134213,,c7fbf674-7151-4b31-9215-b4523cffdc16,1,gcNex3Sy1616527606254,20,figural_single_1_1,1,,0,angular,502.3699999983364,1,single,e_g_16.png,shape,angular
134213,,c7fbf674-7151-4b31-9215-b4523cffdc16,1,gcNex3Sy1616527606254,21,figural_single_1_1,1,,0,angular,441.3300000014715,1,single,e_b_09.png,shape,angular
134213,,c7fbf674-7151-4b31-9215-b4523cffdc16,1,gcNex3Sy1616527606254,22,figural_single_1_1,1,,0,angular,678.1300000002375,1,single,e_b_08.png,shape,angular
134213,,c7fbf674-7151-4b31-9215-b4523cffdc16,1,gcNex3Sy1616527606254,23,figural_single_1_1,1,,0,round,440.7949999986158,1,single,r_b_12.png,shape,round
134213,,c7fbf674-7151-4b31-9215-b4523cffdc16,1,gcNex3Sy1616527606254,24,figural_single_1_1,1,,0,angular,513.7200000026496,1,single,e_b_10.png,shape,angular
134213,,c7fbf674-7151-4b31-9215-b4523cffdc16,1,gcNex3Sy1616527606254,25,figural_single_1_1,1,,0,angular,573.5299999978452,1,single,e_b_05.png,shape,angular
134213,,c7fbf674-7151-4b31-9215-b4523cffdc16,1,gcNex3Sy1616527606254,26,figural_single_1_1,1,,0,round,397.4149999994552,1,single,r_b_13.png,shape,round
134213,,c7fbf674-7151-4b31-9215-b4523cffdc16,1,gcNex3Sy1616527606254,27,figural_single_1_1,1,,0,round,476.8949999997858,1,single,r_g_15.png,shape,round
134213,,c7fbf674-7151-4b31-9215-b4523cffdc16,1,gcNex3Sy1616527606254,28,figural_single_1_1,1,,0,angular,479.1499999992084,1,single,e_g_09.png,shape,angular
134213,,c7fbf674-7151-4b31-9215-b4523cffdc16,1,gcNex3Sy1616527606254,29,figural_single_1_1,1,,0,round,441.1050000016985,1,single,r_g_02.png,shape,round
134213,,c7fbf674-7151-4b31-9215-b4523cffdc16,1,gcNex3Sy1616527606254,30,figural_single_1_1,1,,0,round,624.855000001844,1,single,r_b_07.png,shape,round
134213,,c7fbf674-7151-4b31-9215-b4523cffdc16,1,gcNex3Sy1616527606254,31,figural_single_1_1,1,,0,angular,440.6600000002072,1,single,e_b_06.png,shape,angular
134213,,c7fbf674-7151-4b31-9215-b4523cffdc16,1,gcNex3Sy1616527606254,32,figural_single_1_1,1,,0,round,385.8250000012049,1,single,r_b_16.png,shape,round
134213,,c7fbf674-7151-4b31-9215-b4523cffdc16,1,gcNex3Sy1616527606254,33,figural_single_1_1,1,,0,round,406.48499999952037,1,single,r_b_02.png,shape,round
134213,,c7fbf674-7151-4b31-9215-b4523cffdc16,1,gcNex3Sy1616527606254,34,figural_single_1_1,1,,0,angular,439.9650000013935,1,single,e_g_06.png,shape,angular
134213,,c7fbf674-7151-4b31-9215-b4523cffdc16,1,gcNex3Sy1616527606254,35,figural_single_1_1,1,,0,round,587.149999999383,1,single,r_g_03.png,shape,round
134213,,c7fbf674-7151-4b31-9215-b4523cffdc16,1,gcNex3Sy1616527606254,36,figural_single_1_1,1,,0,angular,565.0000000023283,1,single,e_g_05.png,shape,angular
134213,,c7fbf674-7151-4b31-9215-b4523cffdc16,1,gcNex3Sy1616527606254,37,figural_single_1_1,1,,0,angular,445.79499999963446,1,single,e_b_13.png,shape,angular
134213,,c7fbf674-7151-4b31-9215-b4523cffdc16,1,gcNex3Sy1616527606254,38,figural_single_1_1,1,,0,angular,512.6749999981257,1,single,e_g_15.png,shape,angular
134213,,c7fbf674-7151-4b31-9215-b4523cffdc16,1,gcNex3Sy1616527606254,39,figural_single_1_1,1,,0,round,523.6349999977392,1,single,r_g_08.png,shape,round
134213,,c7fbf674-7151-4b31-9215-b4523cffdc16,1,gcNex3Sy1616527606254,40,figural_single_1_1,1,,0,round,589.3599999981234,1,single,r_b_05.png,shape,round
134213,,c7fbf674-7151-4b31-9215-b4523cffdc16,1,gcNex3Sy1616527606254,41,figural_single_1_1,1,,0,angular,453.23499999722117,1,single,e_b_02.png,shape,angular
134213,,c7fbf674-7151-4b31-9215-b4523cffdc16,1,gcNex3Sy1616527606254,42,figural_single_1_1,1,,0,angular,557.63499999739,1,single,e_g_14.png,shape,angular
134213,,c7fbf674-7151-4b31-9215-b4523cffdc16,1,gcNex3Sy1616527606254,43,figural_single_1_1,1,,0,round,534.6099999987928,1,single,r_b_03.png,shape,round
134213,,c7fbf674-7151-4b31-9215-b4523cffdc16,1,gcNex3Sy1616527606254,44,figural_single_1_1,1,,0,angular,488.26499999995576,1,single,e_b_14.png,shape,angular
134213,,c7fbf674-7151-4b31-9215-b4523cffdc16,1,gcNex3Sy1616527606254,45,figural_single_1_1,1,,0,angular,405.4000000032829,1,single,e_b_04.png,shape,angular
134213,,c7fbf674-7151-4b31-9215-b4523cffdc16,1,gcNex3Sy1616527606254,46,figural_single_1_1,1,,0,angular,360.3949999996985,1,single,e_b_03.png,shape,angular
134213,,c7fbf674-7151-4b31-9215-b4523cffdc16,1,gcNex3Sy1616527606254,47,figural_single_1_1,1,,0,round,425.40999999982887,1,single,r_g_16.png,shape,round
134213,,c7fbf674-7151-4b31-9215-b4523cffdc16,1,gcNex3Sy1616527606254,48,figural_single_1_1,1,,0,round,334.95000000039,1,single,r_g_13.png,shape,round
134213,,c7fbf674-7151-4b31-9215-b4523cffdc16,1,gcNex3Sy1616527606254,49,figural_single_1_1,1,,0,round,295.44499999974505,1,single,r_g_14.png,shape,round
134213,,c7fbf674-7151-4b31-9215-b4523cffdc16,1,gcNex3Sy1616527606254,50,figural_single_1_1,1,,0,angular,375.98499999876367,1,single,e_g_08.png,shape,angular
134213,,c7fbf674-7151-4b31-9215-b4523cffdc16,1,gcNex3Sy1616527606254,51,figural_single_1_1,1,,0,round,362.8249999965192,1,single,r_g_09.png,shape,round
134213,,c7fbf674-7151-4b31-9215-b4523cffdc16,1,gcNex3Sy1616527606254,52,figural_single_1_1,1,,0,round,380.74499999856926,0,single,e_g_04.png,shape,angular
134213,,c7fbf674-7151-4b31-9215-b4523cffdc16,1,gcNex3Sy1616527606254,53,figural_single_1_1,1,,0,angular,662.5700000004144,1,single,e_b_15.png,shape,angular
134213,,c7fbf674-7151-4b31-9215-b4523cffdc16,1,gcNex3Sy1616527606254,54,figural_single_1_1,1,,0,round,464.4750000006752,1,single,r_g_04.png,shape,round
134213,,c7fbf674-7151-4b31-9215-b4523cffdc16,1,gcNex3Sy1616527606254,55,figural_single_1_1,1,,0,angular,509.7349999996368,1,single,e_b_07.png,shape,angular
134213,,c7fbf674-7151-4b31-9215-b4523cffdc16,1,gcNex3Sy1616527606254,56,figural_single_1_1,1,,0,angular,392.71500000177184,1,single,e_b_16.png,shape,angular
134213,,c7fbf674-7151-4b31-9215-b4523cffdc16,1,gcNex3Sy1616527606254,57,figural_single_1_1,1,,0,round,564.6550000019488,1,single,r_b_08.png,shape,round
134213,,c7fbf674-7151-4b31-9215-b4523cffdc16,1,gcNex3Sy1616527606254,58,figural_single_1_1,1,,0,angular,468.4499999966647,1,single,e_g_12.png,shape,angular
134213,,c7fbf674-7151-4b31-9215-b4523cffdc16,1,gcNex3Sy1616527606254,59,figural_single_1_1,1,,0,round,493.3500000006461,1,single,r_b_14.png,shape,round
134213,,c7fbf674-7151-4b31-9215-b4523cffdc16,1,gcNex3Sy1616527606254,60,figural_single_1_1,1,,0,angular,431.40500000299653,0,single,r_g_05.png,shape,round
134213,,c7fbf674-7151-4b31-9215-b4523cffdc16,1,gcNex3Sy1616527606254,61,figural_single_1_1,1,,0,round,688.0200000014156,1,single,r_g_01.png,shape,round
134213,,c7fbf674-7151-4b31-9215-b4523cffdc16,1,gcNex3Sy1616527606254,62,figural_single_1_1,1,,0,angular,429.8950000011246,1,single,e_g_02.png,shape,angular
134213,,c7fbf674-7151-4b31-9215-b4523cffdc16,1,gcNex3Sy1616527606254,63,figural_single_1_1,1,,0,round,487.64999999912106,1,single,r_g_11.png,shape,round
134213,,c7fbf674-7151-4b31-9215-b4523cffdc16,1,gcNex3Sy1616527606254,64,figural_single_1_1,1,,0,round,626.5300000013667,1,single,r_g_10.png,shape,round
134213,,c7fbf674-7151-4b31-9215-b4523cffdc16,1,gcNex3Sy1616527606254,65,figural_single_1_1,1,,0,round,444.4099999964237,1,single,r_b_04.png,shape,round
134213,,c7fbf674-7151-4b31-9215-b4523cffdc16,1,gcNex3Sy1616527606254,66,figural_single_1_1,1,,0,angular,454.25499999691965,1,single,e_g_01.png,shape,angular
134213,,c7fbf674-7151-4b31-9215-b4523cffdc16,1,gcNex3Sy1616527606254,67,figural_single_1_1,1,,0,round,505.04000000000815,1,single,r_b_09.png,shape,round
134213,,c7fbf674-7151-4b31-9215-b4523cffdc16,1,gcNex3Sy1616527606254,68,figural_single_1_1,1,,0,round,377.03500000134227,1,single,r_b_15.png,shape,round
134213,,c7fbf674-7151-4b31-9215-b4523cffdc16,1,gcNex3Sy1616527606254,69,figural_single_1_1,1,,0,round,570.8550000017567,1,single,r_g_07.png,shape,round
134213,,c7fbf674-7151-4b31-9215-b4523cffdc16,1,gcNex3Sy1616527606254,70,figural_single_1_1,1,,0,angular,490.63999999998487,1,single,e_b_01.png,shape,angular
134213,,c7fbf674-7151-4b31-9215-b4523cffdc16,1,gcNex3Sy1616527606254,71,figural_single_1_1,1,,0,angular,404.5899999982794,1,single,e_b_12.png,shape,angular
134213,,c7fbf674-7151-4b31-9215-b4523cffdc16,1,gcNex3Sy1616527606254,72,figural_single_1_1,1,,0,round,453.3850000007078,1,single,r_b_11.png,shape,round
134213,,c7fbf674-7151-4b31-9215-b4523cffdc16,1,gcNex3Sy1616527606254,73,figural_single_1_1,1,,0,round,472.2150000015972,1,single,r_g_12.png,shape,round
134213,,c7fbf674-7151-4b31-9215-b4523cffdc16,1,gcNex3Sy1616527606254,74,figural_single_1_1,1,,0,angular,369.0999999998894,1,single,e_g_03.png,shape,angular
134213,,c7fbf674-7151-4b31-9215-b4523cffdc16,1,gcNex3Sy1616527606254,75,figural_single_1_1,1,,0,angular,800.9799999999814,1,single,e_g_10.png,shape,angular
134213,,c7fbf674-7151-4b31-9215-b4523cffdc16,1,gcNex3Sy1616527606254,76,figural_single_1_1,1,,0,angular,460.8299999999872,1,single,e_b_11.png,shape,angular
134213,,c7fbf674-7151-4b31-9215-b4523cffdc16,1,gcNex3Sy1616527606254,77,figural_single_2_practice,1,,0,green,470.18499999830965,0,single,r_b_07.png,color,blue
134213,,c7fbf674-7151-4b31-9215-b4523cffdc16,1,gcNex3Sy1616527606254,78,figural_single_2_practice,1,,0,blue,455.9450000015204,0,single,r_g_09.png,color,green
134213,,c7fbf674-7151-4b31-9215-b4523cffdc16,1,gcNex3Sy1616527606254,79,figural_single_2_practice,1,,0,green,2819.805000002816,1,single,e_g_04.png,color,green
134213,,c7fbf674-7151-4b31-9215-b4523cffdc16,1,gcNex3Sy1616527606254,80,figural_single_2_practice,1,,0,blue,1073.949999998149,1,single,r_b_14.png,color,blue
134213,,c7fbf674-7151-4b31-9215-b4523cffdc16,1,gcNex3Sy1616527606254,81,figural_single_2_practice,1,,0,blue,764.4799999980023,1,single,e_b_06.png,color,blue
134213,,c7fbf674-7151-4b31-9215-b4523cffdc16,1,gcNex3Sy1616527606254,82,figural_single_2_practice,1,,0,green,463.1649999973888,1,single,e_g_10.png,color,green
134213,,c7fbf674-7151-4b31-9215-b4523cffdc16,1,gcNex3Sy1616527606254,83,figural_single_2_practice,1,,0,blue,404.95999999984633,1,single,e_b_16.png,color,blue
134213,,c7fbf674-7151-4b31-9215-b4523cffdc16,1,gcNex3Sy1616527606254,84,figural_single_2_practice,1,,0,green,342.59000000020023,1,single,e_g_08.png,color,green
134213,,c7fbf674-7151-4b31-9215-b4523cffdc16,1,gcNex3Sy1616527606254,85,figural_single_2_practice,1,,0,green,359.5150000001013,0,single,e_b_02.png,color,blue
134213,,c7fbf674-7151-4b31-9215-b4523cffdc16,1,gcNex3Sy1616527606254,86,figural_single_2_practice,1,,0,green,833.4749999994528,1,single,r_g_03.png,color,green
134213,,c7fbf674-7151-4b31-9215-b4523cffdc16,1,gcNex3Sy1616527606254,87,figural_single_2_practice,1,,0,blue,479.1499999992084,1,single,r_b_13.png,color,blue
134213,,c7fbf674-7151-4b31-9215-b4523cffdc16,1,gcNex3Sy1616527606254,88,figural_single_2_practice,1,,0,green,952.884999998787,1,single,r_g_01.png,color,green
134213,,c7fbf674-7151-4b31-9215-b4523cffdc16,1,gcNex3Sy1616527606254,89,figural_single_2_1,1,,0,green,435.6399999996938,1,single,r_g_07.png,color,green
134213,,c7fbf674-7151-4b31-9215-b4523cffdc16,1,gcNex3Sy1616527606254,90,figural_single_2_1,1,,0,blue,366.57999999806634,1,single,r_b_03.png,color,blue
134213,,c7fbf674-7151-4b31-9215-b4523cffdc16,1,gcNex3Sy1616527606254,91,figural_single_2_1,1,,0,green,383.3699999995588,1,single,r_g_08.png,color,green
134213,,c7fbf674-7151-4b31-9215-b4523cffdc16,1,gcNex3Sy1616527606254,92,figural_single_2_1,1,,0,green,421.119999999064,1,single,e_g_01.png,color,green
134213,,c7fbf674-7151-4b31-9215-b4523cffdc16,1,gcNex3Sy1616527606254,93,figural_single_2_1,1,,0,green,334.18000000165193,1,single,e_g_09.png,color,green
134213,,c7fbf674-7151-4b31-9215-b4523cffdc16,1,gcNex3Sy1616527606254,94,figural_single_2_1,1,,0,blue,343.814999996539,1,single,r_b_08.png,color,blue
134213,,c7fbf674-7151-4b31-9215-b4523cffdc16,1,gcNex3Sy1616527606254,95,figural_single_2_1,1,,0,blue,331.9899999987683,1,single,e_b_03.png,color,blue
134213,,c7fbf674-7151-4b31-9215-b4523cffdc16,1,gcNex3Sy1616527606254,96,figural_single_2_1,1,,0,green,460.784999999305,1,single,e_g_07.png,color,green
134213,,c7fbf674-7151-4b31-9215-b4523cffdc16,1,gcNex3Sy1616527606254,97,figural_single_2_1,1,,0,blue,615.8849999992526,1,single,e_b_02.png,color,blue
134213,,c7fbf674-7151-4b31-9215-b4523cffdc16,1,gcNex3Sy1616527606254,98,figural_single_2_1,1,,0,green,440.21000000066124,1,single,e_g_04.png,color,green
134213,,c7fbf674-7151-4b31-9215-b4523cffdc16,1,gcNex3Sy1616527606254,99,figural_single_2_1,1,,0,blue,497.55500000173924,0,single,r_g_06.png,color,green
134213,,c7fbf674-7151-4b31-9215-b4523cffdc16,1,gcNex3Sy1616527606254,100,figural_single_2_1,1,,0,blue,961.2750000014785,1,single,e_b_08.png,color,blue
134213,,c7fbf674-7151-4b31-9215-b4523cffdc16,1,gcNex3Sy1616527606254,101,figural_single_2_1,1,,0,green,439.9599999997008,1,single,e_g_16.png,color,green
134213,,c7fbf674-7151-4b31-9215-b4523cffdc16,1,gcNex3Sy1616527606254,102,figural_single_2_1,1,,0,blue,386.610000001383,1,single,e_b_06.png,color,blue
134213,,c7fbf674-7151-4b31-9215-b4523cffdc16,1,gcNex3Sy1616527606254,103,figural_single_2_1,1,,0,blue,394.65999999811174,1,single,e_b_04.png,color,blue
134213,,c7fbf674-7151-4b31-9215-b4523cffdc16,1,gcNex3Sy1616527606254,104,figural_single_2_1,1,,0,green,419.69999999855645,1,single,r_g_10.png,color,green
134213,,c7fbf674-7151-4b31-9215-b4523cffdc16,1,gcNex3Sy1616527606254,105,figural_single_2_1,1,,0,blue,357.2149999999965,1,single,e_b_12.png,color,blue
134213,,c7fbf674-7151-4b31-9215-b4523cffdc16,1,gcNex3Sy1616527606254,106,figural_single_2_1,1,,0,blue,289.36500000054366,1,single,r_b_09.png,color,blue
134213,,c7fbf674-7151-4b31-9215-b4523cffdc16,1,gcNex3Sy1616527606254,107,figural_single_2_1,1,,0,green,369.2399999999907,1,single,r_g_15.png,color,green
134213,,c7fbf674-7151-4b31-9215-b4523cffdc16,1,gcNex3Sy1616527606254,108,figural_single_2_1,1,,0,green,297.77000000103726,1,single,e_g_08.png,color,green
134213,,c7fbf674-7151-4b31-9215-b4523cffdc16,1,gcNex3Sy1616527606254,109,figural_single_2_1,1,,0,blue,779.6749999979511,1,single,e_b_11.png,color,blue
134213,,c7fbf674-7151-4b31-9215-b4523cffdc16,1,gcNex3Sy1616527606254,110,figural_single_2_1,1,,0,blue,333.2850000006147,1,single,r_b_13.png,color,blue
134213,,c7fbf674-7151-4b31-9215-b4523cffdc16,1,gcNex3Sy1616527606254,111,figural_single_2_1,1,,0,blue,296.6149999992922,1,single,r_b_12.png,color,blue
134213,,c7fbf674-7151-4b31-9215-b4523cffdc16,1,gcNex3Sy1616527606254,112,figural_single_2_1,1,,0,blue,307.7899999989313,1,single,r_b_15.png,color,blue
134213,,c7fbf674-7151-4b31-9215-b4523cffdc16,1,gcNex3Sy1616527606254,113,figural_single_2_1,1,,0,green,348.5849999997299,1,single,e_g_05.png,color,green
134213,,c7fbf674-7151-4b31-9215-b4523cffdc16,1,gcNex3Sy1616527606254,114,figural_single_2_1,1,,0,green,269.2850000021281,1,single,r_g_12.png,color,green
134213,,c7fbf674-7151-4b31-9215-b4523cffdc16,1,gcNex3Sy1616527606254,115,figural_single_2_1,1,,0,blue,375.24000000121305,1,single,r_b_02.png,color,blue
134213,,c7fbf674-7151-4b31-9215-b4523cffdc16,1,gcNex3Sy1616527606254,116,figural_single_2_1,1,,0,blue,286.9800000007672,1,single,r_b_01.png,color,blue
134213,,c7fbf674-7151-4b31-9215-b4523cffdc16,1,gcNex3Sy1616527606254,117,figural_single_2_1,1,,0,blue,291.18499999822234,1,single,r_b_07.png,color,blue
134213,,c7fbf674-7151-4b31-9215-b4523cffdc16,1,gcNex3Sy1616527606254,118,figural_single_2_1,1,,0,green,341.00000000034925,1,single,e_g_15.png,color,green
134213,,c7fbf674-7151-4b31-9215-b4523cffdc16,1,gcNex3Sy1616527606254,119,figural_single_2_1,1,,0,green,364.8250000005646,1,single,e_g_11.png,color,green
134213,,c7fbf674-7151-4b31-9215-b4523cffdc16,1,gcNex3Sy1616527606254,120,figural_single_2_1,1,,0,blue,341.5549999990617,1,single,e_b_07.png,color,blue
134213,,c7fbf674-7151-4b31-9215-b4523cffdc16,1,gcNex3Sy1616527606254,121,figural_single_2_1,1,,0,green,273.25500000006286,1,single,r_g_04.png,color,green
134213,,c7fbf674-7151-4b31-9215-b4523cffdc16,1,gcNex3Sy1616527606254,122,figural_single_2_1,1,,0,green,321.4000000007218,1,single,e_g_02.png,color,green
134213,,c7fbf674-7151-4b31-9215-b4523cffdc16,1,gcNex3Sy1616527606254,123,figural_single_2_1,1,,0,blue,297.2799999988638,1,single,e_b_01.png,color,blue
134213,,c7fbf674-7151-4b31-9215-b4523cffdc16,1,gcNex3Sy1616527606254,124,figural_single_2_1,1,,0,blue,264.8150000022724,1,single,r_b_05.png,color,blue
134213,,c7fbf674-7151-4b31-9215-b4523cffdc16,1,gcNex3Sy1616527606254,125,figural_single_2_1,1,,0,green,368.7800000006973,1,single,e_g_03.png,color,green
134213,,c7fbf674-7151-4b31-9215-b4523cffdc16,1,gcNex3Sy1616527606254,126,figural_single_2_1,1,,0,blue,403.9150000025984,1,single,r_b_04.png,color,blue
134213,,c7fbf674-7151-4b31-9215-b4523cffdc16,1,gcNex3Sy1616527606254,127,figural_single_2_1,1,,0,green,286.8000000016764,1,single,e_g_06.png,color,green
134213,,c7fbf674-7151-4b31-9215-b4523cffdc16,1,gcNex3Sy1616527606254,128,figural_single_2_1,1,,0,green,423.7250000005588,1,single,e_g_12.png,color,green
134213,,c7fbf674-7151-4b31-9215-b4523cffdc16,1,gcNex3Sy1616527606254,129,figural_single_2_1,1,,0,green,328.58499999929336,1,single,r_g_14.png,color,green
134213,,c7fbf674-7151-4b31-9215-b4523cffdc16,1,gcNex3Sy1616527606254,130,figural_single_2_1,1,,0,blue,721.4849999982107,1,single,e_b_09.png,color,blue
134213,,c7fbf674-7151-4b31-9215-b4523cffdc16,1,gcNex3Sy1616527606254,131,figural_single_2_1,1,,0,blue,300.3049999970244,1,single,e_b_16.png,color,blue
134213,,c7fbf674-7151-4b31-9215-b4523cffdc16,1,gcNex3Sy1616527606254,132,figural_single_2_1,1,,0,green,350.1299999988987,1,single,r_g_01.png,color,green
134213,,c7fbf674-7151-4b31-9215-b4523cffdc16,1,gcNex3Sy1616527606254,133,figural_single_2_1,1,,0,green,415.03500000180793,1,single,r_g_09.png,color,green
134213,,c7fbf674-7151-4b31-9215-b4523cffdc16,1,gcNex3Sy1616527606254,134,figural_single_2_1,1,,0,green,377.7350000018487,1,single,e_g_13.png,color,green
134213,,c7fbf674-7151-4b31-9215-b4523cffdc16,1,gcNex3Sy1616527606254,135,figural_single_2_1,1,,0,blue,426.9849999982398,1,single,r_b_06.png,color,blue
134213,,c7fbf674-7151-4b31-9215-b4523cffdc16,1,gcNex3Sy1616527606254,136,figural_single_2_1,1,,0,blue,284.84000000025844,1,single,r_b_14.png,color,blue
134213,,c7fbf674-7151-4b31-9215-b4523cffdc16,1,gcNex3Sy1616527606254,137,figural_single_2_1,1,,0,green,373.12499999825377,1,single,r_g_05.png,color,green
134213,,c7fbf674-7151-4b31-9215-b4523cffdc16,1,gcNex3Sy1616527606254,138,figural_single_2_1,1,,0,green,310.0349999986065,1,single,e_g_10.png,color,green
134213,,c7fbf674-7151-4b31-9215-b4523cffdc16,1,gcNex3Sy1616527606254,139,figural_single_2_1,1,,0,green,295.0149999996938,1,single,r_g_02.png,color,green
134213,,c7fbf674-7151-4b31-9215-b4523cffdc16,1,gcNex3Sy1616527606254,140,figural_single_2_1,1,,0,blue,329.9200000001292,1,single,e_b_10.png,color,blue
134213,,c7fbf674-7151-4b31-9215-b4523cffdc16,1,gcNex3Sy1616527606254,141,figural_single_2_1,1,,0,blue,314.64499999856343,1,single,r_b_16.png,color,blue
134213,,c7fbf674-7151-4b31-9215-b4523cffdc16,1,gcNex3Sy1616527606254,142,figural_single_2_1,1,,0,blue,291.7150000030233,0,single,r_g_11.png,color,green
134213,,c7fbf674-7151-4b31-9215-b4523cffdc16,1,gcNex3Sy1616527606254,143,figural_single_2_1,1,,0,green,708.344999999099,1,single,r_g_03.png,color,green
134213,,c7fbf674-7151-4b31-9215-b4523cffdc16,1,gcNex3Sy1616527606254,144,figural_single_2_1,1,,0,blue,948.56499999878,1,single,e_b_14.png,color,blue
134213,,c7fbf674-7151-4b31-9215-b4523cffdc16,1,gcNex3Sy1616527606254,145,figural_single_2_1,1,,0,blue,413.1650000017544,1,single,e_b_13.png,color,blue
134213,,c7fbf674-7151-4b31-9215-b4523cffdc16,1,gcNex3Sy1616527606254,146,figural_single_2_1,1,,0,blue,629.0650000009919,1,single,r_b_10.png,color,blue
134213,,c7fbf674-7151-4b31-9215-b4523cffdc16,1,gcNex3Sy1616527606254,147,figural_single_2_1,1,,0,green,402.52500000133296,1,single,e_g_14.png,color,green
134213,,c7fbf674-7151-4b31-9215-b4523cffdc16,1,gcNex3Sy1616527606254,148,figural_single_2_1,1,,0,blue,460.480000001553,1,single,e_b_15.png,color,blue
134213,,c7fbf674-7151-4b31-9215-b4523cffdc16,1,gcNex3Sy1616527606254,149,figural_single_2_1,1,,0,blue,566.3099999983388,1,single,e_b_05.png,color,blue
134213,,c7fbf674-7151-4b31-9215-b4523cffdc16,1,gcNex3Sy1616527606254,150,figural_single_2_1,1,,0,blue,436.3249999987602,1,single,r_b_11.png,color,blue
134213,,c7fbf674-7151-4b31-9215-b4523cffdc16,1,gcNex3Sy1616527606254,151,figural_single_2_1,1,,0,green,339.19000000241795,1,single,r_g_13.png,color,green
134213,,c7fbf674-7151-4b31-9215-b4523cffdc16,1,gcNex3Sy1616527606254,152,figural_single_2_1,1,,0,green,331.18500000273343,1,single,r_g_16.png,color,green
134213,,c7fbf674-7151-4b31-9215-b4523cffdc16,1,gcNex3Sy1616527606254,153,figural_mixed_practice,1,,0,angular,956.5350000011967,1,start,e_g_13.png,shape,angular
134213,,c7fbf674-7151-4b31-9215-b4523cffdc16,1,gcNex3Sy1616527606254,154,figural_mixed_practice,1,,0,angular,599.2550000010524,1,repetition,e_g_15.png,shape,angular
134213,,c7fbf674-7151-4b31-9215-b4523cffdc16,1,gcNex3Sy1616527606254,155,figural_mixed_practice,1,,0,blue,1363.2349999970756,1,switch,r_b_02.png,color,blue
134213,,c7fbf674-7151-4b31-9215-b4523cffdc16,1,gcNex3Sy1616527606254,156,figural_mixed_practice,1,,0,green,1500.6599999979371,1,repetition,r_g_10.png,color,green
134213,,c7fbf674-7151-4b31-9215-b4523cffdc16,1,gcNex3Sy1616527606254,157,figural_mixed_practice,1,,0,round,1981.5450000023702,1,switch,r_b_03.png,shape,round
134213,,c7fbf674-7151-4b31-9215-b4523cffdc16,1,gcNex3Sy1616527606254,158,figural_mixed_practice,1,,0,green,1810.0049999993644,0,switch,e_b_11.png,color,blue
134213,,c7fbf674-7151-4b31-9215-b4523cffdc16,1,gcNex3Sy1616527606254,159,figural_mixed_practice,1,,0,green,3628.5250000000815,1,repetition,r_g_06.png,color,green
134213,,c7fbf674-7151-4b31-9215-b4523cffdc16,1,gcNex3Sy1616527606254,160,figural_mixed_practice,1,,0,round,1753.6550000004936,1,switch,r_b_08.png,shape,round
134213,,c7fbf674-7151-4b31-9215-b4523cffdc16,1,gcNex3Sy1616527606254,161,figural_mixed_practice,1,,0,angular,896.0299999999115,1,repetition,e_b_12.png,shape,angular
134213,,c7fbf674-7151-4b31-9215-b4523cffdc16,1,gcNex3Sy1616527606254,162,figural_mixed_practice,1,,0,round,900.6899999985471,1,repetition,r_g_04.png,shape,round
134213,,c7fbf674-7151-4b31-9215-b4523cffdc16,1,gcNex3Sy1616527606254,163,figural_mixed_practice,1,,0,blue,1965.485000000568,1,switch,e_b_01.png,color,blue
134213,,c7fbf674-7151-4b31-9215-b4523cffdc16,1,gcNex3Sy1616527606254,164,figural_mixed_practice,1,,0,green,1131.9000000003725,1,repetition,e_g_05.png,color,green
134213,,c7fbf674-7151-4b31-9215-b4523cffdc16,1,gcNex3Sy1616527606254,165,figural_mixed,1,,0,green,825.6450000008335,1,start,r_g_12.png,color,green
134213,,c7fbf674-7151-4b31-9215-b4523cffdc16,1,gcNex3Sy1616527606254,166,figural_mixed,1,,0,green,700.2399999983027,1,repetition,e_g_16.png,color,green
134213,,c7fbf674-7151-4b31-9215-b4523cffdc16,1,gcNex3Sy1616527606254,167,figural_mixed,1,,0,round,1159.0050000012852,1,switch,r_b_01.png,shape,round
134213,,c7fbf674-7151-4b31-9215-b4523cffdc16,1,gcNex3Sy1616527606254,168,figural_mixed,1,,0,blue,999.7599999987287,1,switch,e_b_10.png,color,blue
134213,,c7fbf674-7151-4b31-9215-b4523cffdc16,1,gcNex3Sy1616527606254,169,figural_mixed,1,,0,round,2049.705000001297,1,switch,r_g_07.png,shape,round
134213,,c7fbf674-7151-4b31-9215-b4523cffdc16,1,gcNex3Sy1616527606254,170,figural_mixed,1,,0,angular,821.974999998929,1,repetition,e_g_16.png,shape,angular
134213,,c7fbf674-7151-4b31-9215-b4523cffdc16,1,gcNex3Sy1616527606254,171,figural_mixed,1,,0,angular,962.8299999967567,1,repetition,e_b_11.png,shape,angular
134213,,c7fbf674-7151-4b31-9215-b4523cffdc16,1,gcNex3Sy1616527606254,172,figural_mixed,1,,0,blue,901.4600000009523,1,switch,e_b_12.png,color,blue
134213,,c7fbf674-7151-4b31-9215-b4523cffdc16,1,gcNex3Sy1616527606254,173,figural_mixed,1,,0,blue,491.04000000079395,1,repetition,r_b_05.png,color,blue
134213,,c7fbf674-7151-4b31-9215-b4523cffdc16,1,gcNex3Sy1616527606254,174,figural_mixed,1,,0,angular,1629.25499999983,1,switch,e_b_15.png,shape,angular
134213,,c7fbf674-7151-4b31-9215-b4523cffdc16,1,gcNex3Sy1616527606254,175,figural_mixed,1,,0,round,1261.2499999995343,1,repetition,r_g_01.png,shape,round
134213,,c7fbf674-7151-4b31-9215-b4523cffdc16,1,gcNex3Sy1616527606254,176,figural_mixed,1,,0,green,2188.705000000482,1,switch,r_g_11.png,color,green
134213,,c7fbf674-7151-4b31-9215-b4523cffdc16,1,gcNex3Sy1616527606254,177,figural_mixed,1,,0,blue,2099.3249999991967,1,repetition,e_b_14.png,color,blue
134213,,c7fbf674-7151-4b31-9215-b4523cffdc16,1,gcNex3Sy1616527606254,178,figural_mixed,1,,0,green,981.4850000002771,1,repetition,r_g_05.png,color,green
134213,,c7fbf674-7151-4b31-9215-b4523cffdc16,1,gcNex3Sy1616527606254,179,figural_mixed,1,,0,angular,847.3200000007637,1,switch,e_g_09.png,shape,angular
134213,,c7fbf674-7151-4b31-9215-b4523cffdc16,1,gcNex3Sy1616527606254,180,figural_mixed,1,,0,round,848.0700000000652,1,repetition,r_b_04.png,shape,round
134213,,c7fbf674-7151-4b31-9215-b4523cffdc16,1,gcNex3Sy1616527606254,181,figural_mixed,1,,0,round,1686.8350000004284,1,repetition,r_g_12.png,shape,round
134213,,c7fbf674-7151-4b31-9215-b4523cffdc16,1,gcNex3Sy1616527606254,182,figural_mixed,1,,0,round,1182.4799999994575,1,repetition,r_b_02.png,shape,round
134213,,c7fbf674-7151-4b31-9215-b4523cffdc16,1,gcNex3Sy1616527606254,183,figural_mixed,1,,0,green,1503.1099999978323,1,switch,r_g_04.png,color,green
134213,,c7fbf674-7151-4b31-9215-b4523cffdc16,1,gcNex3Sy1616527606254,184,figural_mixed,1,,0,blue,496.80000000074506,1,repetition,e_b_02.png,color,blue
134213,,c7fbf674-7151-4b31-9215-b4523cffdc16,1,gcNex3Sy1616527606254,185,figural_mixed,1,,0,blue,457.5599999988917,1,repetition,r_b_16.png,color,blue
134213,,c7fbf674-7151-4b31-9215-b4523cffdc16,1,gcNex3Sy1616527606254,186,figural_mixed,1,,0,angular,1707.7549999994808,1,switch,e_g_03.png,shape,angular
134213,,c7fbf674-7151-4b31-9215-b4523cffdc16,1,gcNex3Sy1616527606254,187,figural_mixed,1,,0,blue,1917.024999998801,1,switch,r_b_10.png,color,blue
134213,,c7fbf674-7151-4b31-9215-b4523cffdc16,1,gcNex3Sy1616527606254,188,figural_mixed,1,,0,green,1232.559999996738,1,repetition,e_g_03.png,color,green
134213,,c7fbf674-7151-4b31-9215-b4523cffdc16,1,gcNex3Sy1616527606254,189,figural_mixed,1,,0,green,979.2550000020419,1,repetition,r_g_06.png,color,green
134213,,c7fbf674-7151-4b31-9215-b4523cffdc16,1,gcNex3Sy1616527606254,190,figural_mixed,1,,0,round,1389.005000000936,1,switch,r_b_09.png,shape,round
134213,,c7fbf674-7151-4b31-9215-b4523cffdc16,1,gcNex3Sy1616527606254,191,figural_mixed,1,,0,blue,1148.1850000018603,1,switch,r_b_02.png,color,blue
134213,,c7fbf674-7151-4b31-9215-b4523cffdc16,1,gcNex3Sy1616527606254,192,figural_mixed,1,,0,green,767.7599999988452,1,repetition,r_g_01.png,color,green
134213,,c7fbf674-7151-4b31-9215-b4523cffdc16,1,gcNex3Sy1616527606254,193,figural_mixed,1,,0,angular,1234.5150000000722,1,switch,e_g_07.png,shape,angular
134213,,c7fbf674-7151-4b31-9215-b4523cffdc16,1,gcNex3Sy1616527606254,194,figural_mixed,1,,0,blue,1321.9449999996577,1,switch,r_b_13.png,color,blue
134213,,c7fbf674-7151-4b31-9215-b4523cffdc16,1,gcNex3Sy1616527606254,195,figural_mixed,1,,0,angular,1277.429999998305,1,switch,e_b_14.png,shape,angular
134213,,c7fbf674-7151-4b31-9215-b4523cffdc16,1,gcNex3Sy1616527606254,196,figural_mixed,1,,0,round,980.054999999993,1,repetition,r_g_09.png,shape,round
134213,,c7fbf674-7151-4b31-9215-b4523cffdc16,1,gcNex3Sy1616527606254,197,figural_mixed,1,,0,round,1133.8299999989104,1,repetition,r_b_11.png,shape,round
134213,,c7fbf674-7151-4b31-9215-b4523cffdc16,1,gcNex3Sy1616527606254,198,figural_mixed,1,,0,green,1135.5199999997858,1,switch,r_g_07.png,color,green
134213,,c7fbf674-7151-4b31-9215-b4523cffdc16,1,gcNex3Sy1616527606254,199,figural_mixed,1,,0,angular,867.1950000025681,1,switch,e_b_04.png,shape,angular
134213,,c7fbf674-7151-4b31-9215-b4523cffdc16,1,gcNex3Sy1616527606254,200,figural_mixed,1,,0,round,1428.9649999991525,1,repetition,r_g_14.png,shape,round
134213,,c7fbf674-7151-4b31-9215-b4523cffdc16,1,gcNex3Sy1616527606254,201,figural_mixed,1,,0,blue,1645.605000001553,1,switch,e_b_09.png,color,blue
134213,,c7fbf674-7151-4b31-9215-b4523cffdc16,1,gcNex3Sy1616527606254,202,figural_mixed,1,,0,angular,2497.409999999916,1,switch,e_g_10.png,shape,angular
134213,,c7fbf674-7151-4b31-9215-b4523cffdc16,1,gcNex3Sy1616527606254,203,figural_mixed,1,,0,green,1306.7050000026939,1,switch,r_g_15.png,color,green
134213,,c7fbf674-7151-4b31-9215-b4523cffdc16,1,gcNex3Sy1616527606254,204,figural_mixed,1,,0,green,580.3149999992456,1,repetition,e_g_14.png,color,green
134213,,c7fbf674-7151-4b31-9215-b4523cffdc16,1,gcNex3Sy1616527606254,205,figural_mixed,1,,0,blue,582.1349999969243,1,repetition,r_b_07.png,color,blue
134213,,c7fbf674-7151-4b31-9215-b4523cffdc16,1,gcNex3Sy1616527606254,206,figural_mixed,1,,0,blue,488.9599999987986,1,repetition,r_b_09.png,color,blue
134213,,c7fbf674-7151-4b31-9215-b4523cffdc16,1,gcNex3Sy1616527606254,207,figural_mixed,1,,0,angular,923.7350000002771,1,switch,e_g_14.png,shape,angular
134213,,c7fbf674-7151-4b31-9215-b4523cffdc16,1,gcNex3Sy1616527606254,208,figural_mixed,1,,0,angular,474.610000001092,1,repetition,e_g_13.png,shape,angular
134213,,c7fbf674-7151-4b31-9215-b4523cffdc16,1,gcNex3Sy1616527606254,209,figural_mixed,1,,0,blue,877.394999999553,1,switch,e_b_04.png,color,blue
134213,,c7fbf674-7151-4b31-9215-b4523cffdc16,1,gcNex3Sy1616527606254,210,figural_mixed,1,,0,green,973.2750000003143,1,repetition,e_g_10.png,color,green
134213,,c7fbf674-7151-4b31-9215-b4523cffdc16,1,gcNex3Sy1616527606254,211,figural_mixed,1,,0,green,1133.9550000011805,1,repetition,e_g_04.png,color,green
134213,,c7fbf674-7151-4b31-9215-b4523cffdc16,1,gcNex3Sy1616527606254,212,figural_mixed,1,,0,angular,799.6950000014622,1,switch,e_b_07.png,shape,angular
134213,,c7fbf674-7151-4b31-9215-b4523cffdc16,1,gcNex3Sy1616527606254,213,figural_mixed,1,,0,round,760.7749999988591,1,repetition,r_g_11.png,shape,round
134213,,c7fbf674-7151-4b31-9215-b4523cffdc16,1,gcNex3Sy1616527606254,214,figural_mixed,1,,0,round,1906.1250000013388,1,repetition,r_g_04.png,shape,round
134213,,c7fbf674-7151-4b31-9215-b4523cffdc16,1,gcNex3Sy1616527606254,215,figural_mixed,1,,0,angular,721.239999998943,1,repetition,e_g_15.png,shape,angular
134213,,c7fbf674-7151-4b31-9215-b4523cffdc16,1,gcNex3Sy1616527606254,216,figural_mixed,1,,0,green,1349.529999999504,1,switch,e_g_11.png,color,green
134213,,c7fbf674-7151-4b31-9215-b4523cffdc16,1,gcNex3Sy1616527606254,217,figural_mixed,1,,0,round,972.1399999980349,1,switch,r_g_08.png,shape,round
134213,,c7fbf674-7151-4b31-9215-b4523cffdc16,1,gcNex3Sy1616527606254,218,figural_mixed,1,,0,round,496.81499999860534,1,repetition,r_g_10.png,shape,round
134213,,c7fbf674-7151-4b31-9215-b4523cffdc16,1,gcNex3Sy1616527606254,219,figural_mixed,1,,0,green,1796.8299999993178,1,switch,e_g_15.png,color,green
134213,,c7fbf674-7151-4b31-9215-b4523cffdc16,1,gcNex3Sy1616527606254,220,figural_mixed,1,,0,green,330.1800000008079,1,repetition,r_g_02.png,color,green
134213,,c7fbf674-7151-4b31-9215-b4523cffdc16,1,gcNex3Sy1616527606254,221,figural_mixed,1,,0,angular,806.4699999995064,1,switch,e_b_01.png,shape,angular
134213,,c7fbf674-7151-4b31-9215-b4523cffdc16,1,gcNex3Sy1616527606254,222,figural_mixed,1,,0,blue,1569.5850000010687,1,switch,e_b_15.png,color,blue
134213,,c7fbf674-7151-4b31-9215-b4523cffdc16,1,gcNex3Sy1616527606254,223,figural_mixed,1,,0,blue,801.2450000024401,1,repetition,e_b_03.png,color,blue
134213,,c7fbf674-7151-4b31-9215-b4523cffdc16,1,gcNex3Sy1616527606254,224,figural_mixed,1,,0,blue,476.0099999984959,1,repetition,e_b_01.png,color,blue
134213,,c7fbf674-7151-4b31-9215-b4523cffdc16,1,gcNex3Sy1616527606254,225,figural_mixed,1,,0,round,1917.8700000011013,1,switch,r_g_02.png,shape,round
134213,,c7fbf674-7151-4b31-9215-b4523cffdc16,1,gcNex3Sy1616527606254,226,figural_mixed,1,,0,green,2001.414999998815,1,switch,e_g_05.png,color,green
134213,,c7fbf674-7151-4b31-9215-b4523cffdc16,1,gcNex3Sy1616527606254,227,figural_mixed,1,,0,round,1166.9550000005984,1,switch,r_b_06.png,shape,round
134213,,c7fbf674-7151-4b31-9215-b4523cffdc16,1,gcNex3Sy1616527606254,228,figural_mixed,1,,0,green,1021.6849999997066,1,switch,e_g_08.png,color,green
134213,,c7fbf674-7151-4b31-9215-b4523cffdc16,1,gcNex3Sy1616527606254,229,figural_mixed,1,,0,green,498.3749999992433,1,repetition,e_g_02.png,color,green
134213,,c7fbf674-7151-4b31-9215-b4523cffdc16,1,gcNex3Sy1616527606254,230,figural_mixed,1,,0,blue,607.239999997546,1,repetition,e_b_06.png,color,blue
134213,,c7fbf674-7151-4b31-9215-b4523cffdc16,1,gcNex3Sy1616527606254,231,figural_mixed,1,,0,angular,1001.2100000021746,1,switch,e_b_08.png,shape,angular
134213,,c7fbf674-7151-4b31-9215-b4523cffdc16,1,gcNex3Sy1616527606254,232,figural_mixed,1,,0,blue,1275.7949999977718,0,switch,r_g_09.png,color,green
134213,,c7fbf674-7151-4b31-9215-b4523cffdc16,1,gcNex3Sy1616527606254,233,figural_mixed,1,,0,blue,1830.470000000787,1,repetition,e_b_13.png,color,blue
134213,,c7fbf674-7151-4b31-9215-b4523cffdc16,1,gcNex3Sy1616527606254,234,figural_mixed,1,,0,round,2225.080000000191,1,switch,r_b_10.png,shape,round
134213,,c7fbf674-7151-4b31-9215-b4523cffdc16,1,gcNex3Sy1616527606254,235,figural_mixed,1,,0,round,489.3900000024587,1,repetition,r_b_13.png,shape,round
134213,,c7fbf674-7151-4b31-9215-b4523cffdc16,1,gcNex3Sy1616527606254,236,figural_mixed,1,,0,blue,1902.1649999995134,1,switch,e_b_11.png,color,blue
134213,,c7fbf674-7151-4b31-9215-b4523cffdc16,1,gcNex3Sy1616527606254,237,figural_mixed,1,,0,green,680.4200000005658,1,repetition,r_g_08.png,color,green
134213,,c7fbf674-7151-4b31-9215-b4523cffdc16,1,gcNex3Sy1616527606254,238,figural_mixed,1,,0,angular,3268.260000000766,1,switch,e_b_10.png,shape,angular
134213,,c7fbf674-7151-4b31-9215-b4523cffdc16,1,gcNex3Sy1616527606254,239,figural_mixed,1,,0,angular,992.7499999976135,1,repetition,e_g_06.png,shape,angular
134213,,c7fbf674-7151-4b31-9215-b4523cffdc16,1,gcNex3Sy1616527606254,240,figural_mixed,1,,0,angular,443.4700000019511,1,repetition,e_g_11.png,shape,angular
134213,,c7fbf674-7151-4b31-9215-b4523cffdc16,1,gcNex3Sy1616527606254,241,figural_mixed,1,,0,round,999.354999999865,1,repetition,r_b_07.png,shape,round
134213,,c7fbf674-7151-4b31-9215-b4523cffdc16,1,gcNex3Sy1616527606254,242,figural_mixed,1,,0,blue,978.1400000028661,1,switch,r_b_06.png,color,blue
134213,,c7fbf674-7151-4b31-9215-b4523cffdc16,1,gcNex3Sy1616527606254,243,figural_mixed,1,,0,blue,652.569999998319,1,repetition,e_b_07.png,color,blue
134213,,c7fbf674-7151-4b31-9215-b4523cffdc16,1,gcNex3Sy1616527606254,244,figural_mixed,1,,0,blue,343.36000000254717,1,repetition,r_b_14.png,color,blue
134213,,c7fbf674-7151-4b31-9215-b4523cffdc16,1,gcNex3Sy1616527606254,245,figural_mixed,1,,0,green,457.27999999868916,1,repetition,r_g_16.png,color,green
134213,,c7fbf674-7151-4b31-9215-b4523cffdc16,1,gcNex3Sy1616527606254,246,figural_mixed,1,,0,angular,528.7700000008335,1,switch,e_b_09.png,shape,angular
134213,,c7fbf674-7151-4b31-9215-b4523cffdc16,1,gcNex3Sy1616527606254,247,figural_mixed,1,,0,round,1209.9949999974342,1,repetition,r_g_05.png,shape,round
134213,,c7fbf674-7151-4b31-9215-b4523cffdc16,1,gcNex3Sy1616527606254,248,figural_mixed,1,,0,angular,593.670000002021,1,repetition,e_b_12.png,shape,angular
134213,,c7fbf674-7151-4b31-9215-b4523cffdc16,1,gcNex3Sy1616527606254,249,figural_mixed,1,,0,blue,779.5100000003586,1,switch,e_b_05.png,color,blue
134213,,c7fbf674-7151-4b31-9215-b4523cffdc16,1,gcNex3Sy1616527606254,250,figural_mixed,1,,0,round,1109.4300000004005,1,switch,r_g_06.png,shape,round
134213,,c7fbf674-7151-4b31-9215-b4523cffdc16,1,gcNex3Sy1616527606254,251,figural_mixed,1,,0,blue,2055.20500000054,1,switch,e_b_16.png,color,blue
134213,,c7fbf674-7151-4b31-9215-b4523cffdc16,1,gcNex3Sy1616527606254,252,figural_mixed,1,,0,green,411.4800000025425,1,repetition,r_g_13.png,color,green
134213,,c7fbf674-7151-4b31-9215-b4523cffdc16,1,gcNex3Sy1616527606254,253,figural_mixed,1,,0,angular,821.3350000005448,1,switch,e_g_02.png,shape,angular
134213,,c7fbf674-7151-4b31-9215-b4523cffdc16,1,gcNex3Sy1616527606254,254,figural_mixed,1,,0,round,570.6449999997858,1,repetition,r_b_03.png,shape,round
134213,,c7fbf674-7151-4b31-9215-b4523cffdc16,1,gcNex3Sy1616527606254,255,figural_mixed,1,,0,round,510.48500000254717,1,repetition,r_b_14.png,shape,round
134213,,c7fbf674-7151-4b31-9215-b4523cffdc16,1,gcNex3Sy1616527606254,256,figural_mixed,1,,0,angular,544.5550000004005,1,repetition,e_g_12.png,shape,angular
134213,,c7fbf674-7151-4b31-9215-b4523cffdc16,1,gcNex3Sy1616527606254,257,figural_mixed,1,,0,blue,746.6200000016834,1,switch,r_b_04.png,color,blue
134213,,c7fbf674-7151-4b31-9215-b4523cffdc16,1,gcNex3Sy1616527606254,258,figural_mixed,1,,0,round,1491.4150000003865,1,switch,r_g_15.png,shape,round
134213,,c7fbf674-7151-4b31-9215-b4523cffdc16,1,gcNex3Sy1616527606254,259,figural_mixed,1,,0,angular,1080.0449999987613,1,repetition,e_g_08.png,shape,angular
134213,,c7fbf674-7151-4b31-9215-b4523cffdc16,1,gcNex3Sy1616527606254,260,figural_mixed,1,,0,round,1878.85499999905,1,repetition,r_b_16.png,shape,round
134213,,c7fbf674-7151-4b31-9215-b4523cffdc16,1,gcNex3Sy1616527606254,261,figural_mixed,1,,0,green,1001.2800000004354,1,switch,r_g_10.png,color,green
134213,,c7fbf674-7151-4b31-9215-b4523cffdc16,1,gcNex3Sy1616527606254,262,figural_mixed,1,,0,green,309.014999998908,1,repetition,e_g_06.png,color,green
134213,,c7fbf674-7151-4b31-9215-b4523cffdc16,1,gcNex3Sy1616527606254,263,figural_mixed,1,,0,round,860.9050000013667,1,switch,r_g_13.png,shape,round
134213,,c7fbf674-7151-4b31-9215-b4523cffdc16,1,gcNex3Sy1616527606254,264,figural_mixed,1,,0,blue,2316.679999999935,1,switch,r_b_03.png,color,blue
134213,,c7fbf674-7151-4b31-9215-b4523cffdc16,1,gcNex3Sy1616527606254,265,figural_mixed,1,,0,angular,817.0800000007148,1,switch,e_b_02.png,shape,angular
134213,,c7fbf674-7151-4b31-9215-b4523cffdc16,1,gcNex3Sy1616527606254,266,figural_mixed,1,,0,angular,490.76500000228407,1,repetition,e_b_03.png,shape,angular
134213,,c7fbf674-7151-4b31-9215-b4523cffdc16,1,gcNex3Sy1616527606254,267,figural_mixed,1,,0,blue,798.435000000638,0,switch,e_g_07.png,color,green
134213,,c7fbf674-7151-4b31-9215-b4523cffdc16,1,gcNex3Sy1616527606254,268,figural_mixed,1,,0,blue,1051.5249999989173,1,repetition,r_b_08.png,color,blue
134213,,c7fbf674-7151-4b31-9215-b4523cffdc16,1,gcNex3Sy1616527606254,269,figural_mixed,1,,0,blue,580.2299999995157,1,repetition,r_b_01.png,color,blue
134213,,c7fbf674-7151-4b31-9215-b4523cffdc16,1,gcNex3Sy1616527606254,270,figural_mixed,1,,0,angular,1798.1749999999302,1,switch,e_b_05.png,shape,angular
134213,,c7fbf674-7151-4b31-9215-b4523cffdc16,1,gcNex3Sy1616527606254,271,figural_mixed,1,,0,green,3486.7149999991525,1,switch,r_g_16.png,color,green
134213,,c7fbf674-7151-4b31-9215-b4523cffdc16,1,gcNex3Sy1616527606254,272,figural_mixed,1,,0,angular,975.0700000004144,1,switch,e_g_04.png,shape,angular
134213,,c7fbf674-7151-4b31-9215-b4523cffdc16,1,gcNex3Sy1616527606254,273,figural_mixed,1,,0,round,516.5349999988684,1,repetition,r_b_05.png,shape,round
134213,,c7fbf674-7151-4b31-9215-b4523cffdc16,1,gcNex3Sy1616527606254,274,figural_mixed,1,,0,round,686.3949999969918,1,repetition,r_g_03.png,shape,round
134213,,c7fbf674-7151-4b31-9215-b4523cffdc16,1,gcNex3Sy1616527606254,275,figural_mixed,1,,0,blue,1369.074999998731,1,switch,r_b_15.png,color,blue
134213,,c7fbf674-7151-4b31-9215-b4523cffdc16,1,gcNex3Sy1616527606254,276,figural_mixed,1,,0,green,443.8700000027893,1,repetition,r_g_14.png,color,green
134213,,c7fbf674-7151-4b31-9215-b4523cffdc16,1,gcNex3Sy1616527606254,277,figural_mixed,1,,0,angular,788.6349999971571,1,switch,e_g_01.png,shape,angular
134213,,c7fbf674-7151-4b31-9215-b4523cffdc16,1,gcNex3Sy1616527606254,278,figural_mixed,1,,0,round,670.7600000009406,1,repetition,r_b_15.png,shape,round
134213,,c7fbf674-7151-4b31-9215-b4523cffdc16,1,gcNex3Sy1616527606254,279,figural_mixed,1,,0,round,780.2850000007311,1,repetition,r_b_08.png,shape,round
134213,,c7fbf674-7151-4b31-9215-b4523cffdc16,1,gcNex3Sy1616527606254,280,figural_mixed,1,,0,green,1046.1400000021677,1,switch,e_g_12.png,color,green
134213,,c7fbf674-7151-4b31-9215-b4523cffdc16,1,gcNex3Sy1616527606254,281,figural_mixed,1,,0,angular,1286.5749999982654,1,switch,e_b_13.png,shape,angular
134213,,c7fbf674-7151-4b31-9215-b4523cffdc16,1,gcNex3Sy1616527606254,282,figural_mixed,1,,0,blue,988.520000002638,0,switch,r_g_03.png,color,green
134213,,c7fbf674-7151-4b31-9215-b4523cffdc16,1,gcNex3Sy1616527606254,283,figural_mixed,1,,0,blue,671.184999999241,1,repetition,r_b_12.png,color,blue
134213,,c7fbf674-7151-4b31-9215-b4523cffdc16,1,gcNex3Sy1616527606254,284,figural_mixed,1,,0,angular,2777.0850000015344,1,switch,e_b_06.png,shape,angular
134213,,c7fbf674-7151-4b31-9215-b4523cffdc16,1,gcNex3Sy1616527606254,285,figural_mixed,1,,0,angular,773.3950000001932,1,repetition,e_g_05.png,shape,angular
134213,,c7fbf674-7151-4b31-9215-b4523cffdc16,1,gcNex3Sy1616527606254,286,figural_mixed,1,,0,blue,1216.339999999036,1,switch,r_b_11.png,color,blue
134213,,c7fbf674-7151-4b31-9215-b4523cffdc16,1,gcNex3Sy1616527606254,287,figural_mixed,1,,0,angular,708.8450000010198,1,switch,e_b_16.png,shape,angular
134213,,c7fbf674-7151-4b31-9215-b4523cffdc16,1,gcNex3Sy1616527606254,288,figural_mixed,1,,0,green,757.6100000005681,1,switch,e_g_01.png,color,green
134213,,c7fbf674-7151-4b31-9215-b4523cffdc16,1,gcNex3Sy1616527606254,289,figural_mixed,1,,0,green,625.4550000012387,1,repetition,e_g_13.png,color,green
134213,,c7fbf674-7151-4b31-9215-b4523cffdc16,1,gcNex3Sy1616527606254,290,figural_mixed,1,,0,round,786.2399999976042,1,switch,r_b_12.png,shape,round
134213,,c7fbf674-7151-4b31-9215-b4523cffdc16,1,gcNex3Sy1616527606254,291,figural_mixed,1,,0,blue,1690.1900000011083,1,switch,e_b_08.png,color,blue
134213,,c7fbf674-7151-4b31-9215-b4523cffdc16,1,gcNex3Sy1616527606254,292,figural_mixed,1,,0,green,1475.5700000023353,1,repetition,e_g_09.png,color,green
134213,,c7fbf674-7151-4b31-9215-b4523cffdc16,1,gcNex3Sy1616527606254,293,figural_mixed,1,,0,green,512.9999999989523,1,repetition,r_g_12.png,color,green
134213,,c7fbf674-7151-4b31-9215-b4523cffdc16,1,gcNex3Sy1616527606254,294,figural_single_2_2,1,,0,blue,707.7400000016787,1,single,e_b_01.png,color,blue
134213,,c7fbf674-7151-4b31-9215-b4523cffdc16,1,gcNex3Sy1616527606254,295,figural_single_2_2,1,,0,blue,405.5750000006519,1,single,r_b_03.png,color,blue
134213,,c7fbf674-7151-4b31-9215-b4523cffdc16,1,gcNex3Sy1616527606254,296,figural_single_2_2,1,,0,green,349.40000000281725,1,single,e_g_01.png,color,green
134213,,c7fbf674-7151-4b31-9215-b4523cffdc16,1,gcNex3Sy1616527606254,297,figural_single_2_2,1,,0,green,320.30500000109896,1,single,e_g_13.png,color,green
134213,,c7fbf674-7151-4b31-9215-b4523cffdc16,1,gcNex3Sy1616527606254,298,figural_single_2_2,1,,0,blue,369.2300000002142,1,single,r_b_16.png,color,blue
134213,,c7fbf674-7151-4b31-9215-b4523cffdc16,1,gcNex3Sy1616527606254,299,figural_single_2_2,1,,0,blue,338.6749999989988,1,single,r_b_07.png,color,blue
134213,,c7fbf674-7151-4b31-9215-b4523cffdc16,1,gcNex3Sy1616527606254,300,figural_single_2_2,1,,0,green,259.0300000010757,1,single,r_g_08.png,color,green
134213,,c7fbf674-7151-4b31-9215-b4523cffdc16,1,gcNex3Sy1616527606254,301,figural_single_2_2,1,,0,blue,362.87000000081025,1,single,r_b_09.png,color,blue
134213,,c7fbf674-7151-4b31-9215-b4523cffdc16,1,gcNex3Sy1616527606254,302,figural_single_2_2,1,,0,green,293.2250000012573,1,single,r_g_02.png,color,green
134213,,c7fbf674-7151-4b31-9215-b4523cffdc16,1,gcNex3Sy1616527606254,303,figural_single_2_2,1,,0,green,469.6449999973993,1,single,r_g_12.png,color,green
134213,,c7fbf674-7151-4b31-9215-b4523cffdc16,1,gcNex3Sy1616527606254,304,figural_single_2_2,1,,0,blue,783.53000000061,1,single,e_b_08.png,color,blue
134213,,c7fbf674-7151-4b31-9215-b4523cffdc16,1,gcNex3Sy1616527606254,305,figural_single_2_2,1,,0,green,567.3249999999534,1,single,r_g_04.png,color,green
134213,,c7fbf674-7151-4b31-9215-b4523cffdc16,1,gcNex3Sy1616527606254,306,figural_single_2_2,1,,0,blue,385.164999999688,1,single,e_b_03.png,color,blue
134213,,c7fbf674-7151-4b31-9215-b4523cffdc16,1,gcNex3Sy1616527606254,307,figural_single_2_2,1,,0,blue,657.9549999987939,1,single,e_b_11.png,color,blue
134213,,c7fbf674-7151-4b31-9215-b4523cffdc16,1,gcNex3Sy1616527606254,308,figural_single_2_2,1,,0,blue,332.3449999989243,1,single,r_b_14.png,color,blue
134213,,c7fbf674-7151-4b31-9215-b4523cffdc16,1,gcNex3Sy1616527606254,309,figural_single_2_2,1,,0,green,351.3600000005681,1,single,e_g_07.png,color,green
134213,,c7fbf674-7151-4b31-9215-b4523cffdc16,1,gcNex3Sy1616527606254,310,figural_single_2_2,1,,0,blue,521.5949999983422,1,single,r_b_13.png,color,blue
134213,,c7fbf674-7151-4b31-9215-b4523cffdc16,1,gcNex3Sy1616527606254,311,figural_single_2_2,1,,0,green,385.3849999977974,1,single,e_g_16.png,color,green
134213,,c7fbf674-7151-4b31-9215-b4523cffdc16,1,gcNex3Sy1616527606254,312,figural_single_2_2,1,,0,blue,457.1800000012736,1,single,e_b_14.png,color,blue
134213,,c7fbf674-7151-4b31-9215-b4523cffdc16,1,gcNex3Sy1616527606254,313,figural_single_2_2,1,,0,green,290.0850000005448,1,single,e_g_12.png,color,green
134213,,c7fbf674-7151-4b31-9215-b4523cffdc16,1,gcNex3Sy1616527606254,314,figural_single_2_2,1,,0,green,266.0700000015204,1,single,r_g_07.png,color,green
134213,,c7fbf674-7151-4b31-9215-b4523cffdc16,1,gcNex3Sy1616527606254,315,figural_single_2_2,1,,0,blue,612.634999997681,1,single,e_b_15.png,color,blue
134213,,c7fbf674-7151-4b31-9215-b4523cffdc16,1,gcNex3Sy1616527606254,316,figural_single_2_2,1,,0,blue,279.67999999958556,1,single,e_b_05.png,color,blue
134213,,c7fbf674-7151-4b31-9215-b4523cffdc16,1,gcNex3Sy1616527606254,317,figural_single_2_2,1,,0,green,328.4249999996973,1,single,r_g_15.png,color,green
134213,,c7fbf674-7151-4b31-9215-b4523cffdc16,1,gcNex3Sy1616527606254,318,figural_single_2_2,1,,0,blue,305.08000000187894,1,single,r_b_06.png,color,blue
134213,,c7fbf674-7151-4b31-9215-b4523cffdc16,1,gcNex3Sy1616527606254,319,figural_single_2_2,1,,0,green,258.03000000090105,1,single,e_g_02.png,color,green
134213,,c7fbf674-7151-4b31-9215-b4523cffdc16,1,gcNex3Sy1616527606254,320,figural_single_2_2,1,,0,green,282.89500000030966,1,single,r_g_16.png,color,green
134213,,c7fbf674-7151-4b31-9215-b4523cffdc16,1,gcNex3Sy1616527606254,321,figural_single_2_2,1,,0,blue,355.5899999992107,1,single,e_b_10.png,color,blue
134213,,c7fbf674-7151-4b31-9215-b4523cffdc16,1,gcNex3Sy1616527606254,322,figural_single_2_2,1,,0,green,331.4749999990454,1,single,e_g_05.png,color,green
134213,,c7fbf674-7151-4b31-9215-b4523cffdc16,1,gcNex3Sy1616527606254,323,figural_single_2_2,1,,0,green,443.38499999861233,1,single,e_g_03.png,color,green
134213,,c7fbf674-7151-4b31-9215-b4523cffdc16,1,gcNex3Sy1616527606254,324,figural_single_2_2,1,,0,green,413.284999998752,1,single,e_g_11.png,color,green
134213,,c7fbf674-7151-4b31-9215-b4523cffdc16,1,gcNex3Sy1616527606254,325,figural_single_2_2,1,,0,blue,310.1199999982491,1,single,r_b_15.png,color,blue
134213,,c7fbf674-7151-4b31-9215-b4523cffdc16,1,gcNex3Sy1616527606254,326,figural_single_2_2,1,,0,blue,320.8699999995879,1,single,e_b_02.png,color,blue
134213,,c7fbf674-7151-4b31-9215-b4523cffdc16,1,gcNex3Sy1616527606254,327,figural_single_2_2,1,,0,blue,324.945000000298,1,single,r_b_08.png,color,blue
134213,,c7fbf674-7151-4b31-9215-b4523cffdc16,1,gcNex3Sy1616527606254,328,figural_single_2_2,1,,0,green,421.750000001397,1,single,e_g_06.png,color,green
134213,,c7fbf674-7151-4b31-9215-b4523cffdc16,1,gcNex3Sy1616527606254,329,figural_single_2_2,1,,0,blue,406.63000000134343,1,single,e_b_16.png,color,blue
134213,,c7fbf674-7151-4b31-9215-b4523cffdc16,1,gcNex3Sy1616527606254,330,figural_single_2_2,1,,0,green,223.51500000152737,0,single,e_b_06.png,color,blue
134213,,c7fbf674-7151-4b31-9215-b4523cffdc16,1,gcNex3Sy1616527606254,331,figural_single_2_2,1,,0,green,504.4500000004191,1,single,r_g_09.png,color,green
134213,,c7fbf674-7151-4b31-9215-b4523cffdc16,1,gcNex3Sy1616527606254,332,figural_single_2_2,1,,0,green,474.26500000077067,1,single,e_g_10.png,color,green
134213,,c7fbf674-7151-4b31-9215-b4523cffdc16,1,gcNex3Sy1616527606254,333,figural_single_2_2,1,,0,blue,404.2650000010617,1,single,e_b_12.png,color,blue
134213,,c7fbf674-7151-4b31-9215-b4523cffdc16,1,gcNex3Sy1616527606254,334,figural_single_2_2,1,,0,green,572.004999998142,1,single,r_g_11.png,color,green
134213,,c7fbf674-7151-4b31-9215-b4523cffdc16,1,gcNex3Sy1616527606254,335,figural_single_2_2,1,,0,green,412.8149999997113,1,single,r_g_06.png,color,green
134213,,c7fbf674-7151-4b31-9215-b4523cffdc16,1,gcNex3Sy1616527606254,336,figural_single_2_2,1,,0,green,428.7450000010431,1,single,e_g_04.png,color,green
134213,,c7fbf674-7151-4b31-9215-b4523cffdc16,1,gcNex3Sy1616527606254,337,figural_single_2_2,1,,0,blue,456.2049999985611,1,single,r_b_01.png,color,blue
134213,,c7fbf674-7151-4b31-9215-b4523cffdc16,1,gcNex3Sy1616527606254,338,figural_single_2_2,1,,0,green,643.339999998745,1,single,r_g_03.png,color,green
134213,,c7fbf674-7151-4b31-9215-b4523cffdc16,1,gcNex3Sy1616527606254,339,figural_single_2_2,1,,0,blue,493.11499999748776,1,single,e_b_04.png,color,blue
134213,,c7fbf674-7151-4b31-9215-b4523cffdc16,1,gcNex3Sy1616527606254,340,figural_single_2_2,1,,0,blue,341.06999999861,1,single,r_b_12.png,color,blue
134213,,c7fbf674-7151-4b31-9215-b4523cffdc16,1,gcNex3Sy1616527606254,341,figural_single_2_2,1,,0,green,348.9399999998277,1,single,r_g_13.png,color,green
134213,,c7fbf674-7151-4b31-9215-b4523cffdc16,1,gcNex3Sy1616527606254,342,figural_single_2_2,1,,0,blue,469.87500000250293,1,single,r_b_02.png,color,blue
134213,,c7fbf674-7151-4b31-9215-b4523cffdc16,1,gcNex3Sy1616527606254,343,figural_single_2_2,1,,0,green,374.66499999933876,1,single,e_g_09.png,color,green
134213,,c7fbf674-7151-4b31-9215-b4523cffdc16,1,gcNex3Sy1616527606254,344,figural_single_2_2,1,,0,green,447.7200000000885,1,single,e_g_15.png,color,green
134213,,c7fbf674-7151-4b31-9215-b4523cffdc16,1,gcNex3Sy1616527606254,345,figural_single_2_2,1,,0,green,353.41499999776715,1,single,e_g_08.png,color,green
134213,,c7fbf674-7151-4b31-9215-b4523cffdc16,1,gcNex3Sy1616527606254,346,figural_single_2_2,1,,0,blue,397.4000000016531,1,single,r_b_05.png,color,blue
134213,,c7fbf674-7151-4b31-9215-b4523cffdc16,1,gcNex3Sy1616527606254,347,figural_single_2_2,1,,0,green,397.3100000002887,1,single,r_g_14.png,color,green
134213,,c7fbf674-7151-4b31-9215-b4523cffdc16,1,gcNex3Sy1616527606254,348,figural_single_2_2,1,,0,blue,461.06999999756226,1,single,r_b_04.png,color,blue
134213,,c7fbf674-7151-4b31-9215-b4523cffdc16,1,gcNex3Sy1616527606254,349,figural_single_2_2,1,,0,green,260.89000000141095,1,single,r_g_10.png,color,green
134213,,c7fbf674-7151-4b31-9215-b4523cffdc16,1,gcNex3Sy1616527606254,350,figural_single_2_2,1,,0,green,278.90000000118744,1,single,r_g_01.png,color,green
134213,,c7fbf674-7151-4b31-9215-b4523cffdc16,1,gcNex3Sy1616527606254,351,figural_single_2_2,1,,0,blue,367.5599999987753,1,single,r_b_11.png,color,blue
134213,,c7fbf674-7151-4b31-9215-b4523cffdc16,1,gcNex3Sy1616527606254,352,figural_single_2_2,1,,0,green,563.5900000015972,1,single,r_g_05.png,color,green
134213,,c7fbf674-7151-4b31-9215-b4523cffdc16,1,gcNex3Sy1616527606254,353,figural_single_2_2,1,,0,blue,462.5350000024191,1,single,r_b_10.png,color,blue
134213,,c7fbf674-7151-4b31-9215-b4523cffdc16,1,gcNex3Sy1616527606254,354,figural_single_2_2,1,,0,blue,439.38499999785563,1,single,e_b_13.png,color,blue
134213,,c7fbf674-7151-4b31-9215-b4523cffdc16,1,gcNex3Sy1616527606254,355,figural_single_2_2,1,,0,green,271.1700000000419,1,single,e_g_14.png,color,green
134213,,c7fbf674-7151-4b31-9215-b4523cffdc16,1,gcNex3Sy1616527606254,356,figural_single_2_2,1,,0,blue,385.0849999979837,1,single,e_b_07.png,color,blue
134213,,c7fbf674-7151-4b31-9215-b4523cffdc16,1,gcNex3Sy1616527606254,357,figural_single_2_2,1,,0,blue,562.0100000014063,1,single,e_b_09.png,color,blue
134213,,c7fbf674-7151-4b31-9215-b4523cffdc16,1,gcNex3Sy1616527606254,358,figural_single_1_2,1,,0,angular,561.3549999980023,1,single,e_g_11.png,shape,angular
134213,,c7fbf674-7151-4b31-9215-b4523cffdc16,1,gcNex3Sy1616527606254,359,figural_single_1_2,1,,0,round,449.0699999987846,1,single,r_b_16.png,shape,round
134213,,c7fbf674-7151-4b31-9215-b4523cffdc16,1,gcNex3Sy1616527606254,360,figural_single_1_2,1,,0,round,388.92999999725726,0,single,e_b_10.png,shape,angular
134213,,c7fbf674-7151-4b31-9215-b4523cffdc16,1,gcNex3Sy1616527606254,361,figural_single_1_2,1,,0,round,1570.0399999986403,1,single,r_b_02.png,shape,round
134213,,c7fbf674-7151-4b31-9215-b4523cffdc16,1,gcNex3Sy1616527606254,362,figural_single_1_2,1,,0,round,563.8050000015646,1,single,r_g_08.png,shape,round
134213,,c7fbf674-7151-4b31-9215-b4523cffdc16,1,gcNex3Sy1616527606254,363,figural_single_1_2,1,,0,angular,532.3250000000698,1,single,e_g_02.png,shape,angular
134213,,c7fbf674-7151-4b31-9215-b4523cffdc16,1,gcNex3Sy1616527606254,364,figural_single_1_2,1,,0,round,478.18499999993946,1,single,r_g_05.png,shape,round
134213,,c7fbf674-7151-4b31-9215-b4523cffdc16,1,gcNex3Sy1616527606254,365,figural_single_1_2,1,,0,angular,526.9950000001118,1,single,e_b_15.png,shape,angular
134213,,c7fbf674-7151-4b31-9215-b4523cffdc16,1,gcNex3Sy1616527606254,366,figural_single_1_2,1,,0,round,505.1500000008382,1,single,r_b_09.png,shape,round
134213,,c7fbf674-7151-4b31-9215-b4523cffdc16,1,gcNex3Sy1616527606254,367,figural_single_1_2,1,,0,angular,603.6599999970058,1,single,e_b_12.png,shape,angular
134213,,c7fbf674-7151-4b31-9215-b4523cffdc16,1,gcNex3Sy1616527606254,368,figural_single_1_2,1,,0,angular,484.5099999984959,1,single,e_g_15.png,shape,angular
134213,,c7fbf674-7151-4b31-9215-b4523cffdc16,1,gcNex3Sy1616527606254,369,figural_single_1_2,1,,0,round,439.36000000021886,1,single,r_g_04.png,shape,round
134213,,c7fbf674-7151-4b31-9215-b4523cffdc16,1,gcNex3Sy1616527606254,370,figural_single_1_2,1,,0,angular,386.2700000026962,1,single,e_b_14.png,shape,angular
134213,,c7fbf674-7151-4b31-9215-b4523cffdc16,1,gcNex3Sy1616527606254,371,figural_single_1_2,1,,0,angular,483.6250000006985,1,single,e_b_02.png,shape,angular
134213,,c7fbf674-7151-4b31-9215-b4523cffdc16,1,gcNex3Sy1616527606254,372,figural_single_1_2,1,,0,round,414.54499999969266,1,single,r_g_15.png,shape,round
134213,,c7fbf674-7151-4b31-9215-b4523cffdc16,1,gcNex3Sy1616527606254,373,figural_single_1_2,1,,0,angular,544.385000001057,1,single,e_b_11.png,shape,angular
134213,,c7fbf674-7151-4b31-9215-b4523cffdc16,1,gcNex3Sy1616527606254,374,figural_single_1_2,1,,0,round,545.2250000016065,1,single,r_b_07.png,shape,round
134213,,c7fbf674-7151-4b31-9215-b4523cffdc16,1,gcNex3Sy1616527606254,375,figural_single_1_2,1,,0,round,601.0749999986729,1,single,r_g_06.png,shape,round
134213,,c7fbf674-7151-4b31-9215-b4523cffdc16,1,gcNex3Sy1616527606254,376,figural_single_1_2,1,,0,round,514.2350000023143,1,single,r_g_02.png,shape,round
134213,,c7fbf674-7151-4b31-9215-b4523cffdc16,1,gcNex3Sy1616527606254,377,figural_single_1_2,1,,0,angular,369.7600000014063,1,single,e_b_09.png,shape,angular
134213,,c7fbf674-7151-4b31-9215-b4523cffdc16,1,gcNex3Sy1616527606254,378,figural_single_1_2,1,,0,angular,340.6200000026729,0,single,r_b_15.png,shape,round
134213,,c7fbf674-7151-4b31-9215-b4523cffdc16,1,gcNex3Sy1616527606254,379,figural_single_1_2,1,,0,angular,684.5849999991478,1,single,e_g_14.png,shape,angular
134213,,c7fbf674-7151-4b31-9215-b4523cffdc16,1,gcNex3Sy1616527606254,380,figural_single_1_2,1,,0,round,773.6850000001723,1,single,r_b_04.png,shape,round
134213,,c7fbf674-7151-4b31-9215-b4523cffdc16,1,gcNex3Sy1616527606254,381,figural_single_1_2,1,,0,round,1137.4399999985471,1,single,r_g_09.png,shape,round
134213,,c7fbf674-7151-4b31-9215-b4523cffdc16,1,gcNex3Sy1616527606254,382,figural_single_1_2,1,,0,angular,442.0850000025239,1,single,e_g_03.png,shape,angular
134213,,c7fbf674-7151-4b31-9215-b4523cffdc16,1,gcNex3Sy1616527606254,383,figural_single_1_2,1,,0,round,477.43999999877997,1,single,r_b_13.png,shape,round
134213,,c7fbf674-7151-4b31-9215-b4523cffdc16,1,gcNex3Sy1616527606254,384,figural_single_1_2,1,,0,round,688.3899999993155,1,single,r_b_03.png,shape,round
134213,,c7fbf674-7151-4b31-9215-b4523cffdc16,1,gcNex3Sy1616527606254,385,figural_single_1_2,1,,0,round,651.1950000021607,1,single,r_g_14.png,shape,round
134213,,c7fbf674-7151-4b31-9215-b4523cffdc16,1,gcNex3Sy1616527606254,386,figural_single_1_2,1,,0,angular,468.99000000127126,1,single,e_b_05.png,shape,angular
134213,,c7fbf674-7151-4b31-9215-b4523cffdc16,1,gcNex3Sy1616527606254,387,figural_single_1_2,1,,0,angular,502.71499999868684,0,single,r_b_10.png,shape,round
134213,,c7fbf674-7151-4b31-9215-b4523cffdc16,1,gcNex3Sy1616527606254,388,figural_single_1_2,1,,0,round,841.7349999981234,1,single,r_b_12.png,shape,round
134213,,c7fbf674-7151-4b31-9215-b4523cffdc16,1,gcNex3Sy1616527606254,389,figural_single_1_2,1,,0,round,383.4499999975087,1,single,r_b_14.png,shape,round
134213,,c7fbf674-7151-4b31-9215-b4523cffdc16,1,gcNex3Sy1616527606254,390,figural_single_1_2,1,,0,angular,458.56499999715015,1,single,e_g_16.png,shape,angular
134213,,c7fbf674-7151-4b31-9215-b4523cffdc16,1,gcNex3Sy1616527606254,391,figural_single_1_2,1,,0,round,459.1150000015041,1,single,r_g_12.png,shape,round
134213,,c7fbf674-7151-4b31-9215-b4523cffdc16,1,gcNex3Sy1616527606254,392,figural_single_1_2,1,,0,round,475.0950000016019,1,single,r_g_11.png,shape,round
134213,,c7fbf674-7151-4b31-9215-b4523cffdc16,1,gcNex3Sy1616527606254,393,figural_single_1_2,1,,0,angular,476.8499999991618,1,single,e_b_03.png,shape,angular
134213,,c7fbf674-7151-4b31-9215-b4523cffdc16,1,gcNex3Sy1616527606254,394,figural_single_1_2,1,,0,angular,590.7899999984074,1,single,e_b_04.png,shape,angular
134213,,c7fbf674-7151-4b31-9215-b4523cffdc16,1,gcNex3Sy1616527606254,395,figural_single_1_2,1,,0,round,849.6300000005867,1,single,r_b_11.png,shape,round
134213,,c7fbf674-7151-4b31-9215-b4523cffdc16,1,gcNex3Sy1616527606254,396,figural_single_1_2,1,,0,angular,487.3649999971967,1,single,e_g_05.png,shape,angular
134213,,c7fbf674-7151-4b31-9215-b4523cffdc16,1,gcNex3Sy1616527606254,397,figural_single_1_2,1,,0,angular,522.4950000010431,1,single,e_b_16.png,shape,angular
134213,,c7fbf674-7151-4b31-9215-b4523cffdc16,1,gcNex3Sy1616527606254,398,figural_single_1_2,1,,0,angular,540.2200000026496,1,single,e_g_13.png,shape,angular
134213,,c7fbf674-7151-4b31-9215-b4523cffdc16,1,gcNex3Sy1616527606254,399,figural_single_1_2,1,,0,round,416.1649999987567,1,single,r_g_01.png,shape,round
134213,,c7fbf674-7151-4b31-9215-b4523cffdc16,1,gcNex3Sy1616527606254,400,figural_single_1_2,1,,0,angular,424.96500000194646,1,single,e_b_08.png,shape,angular
134213,,c7fbf674-7151-4b31-9215-b4523cffdc16,1,gcNex3Sy1616527606254,401,figural_single_1_2,1,,0,angular,489.8399999983376,1,single,e_g_10.png,shape,angular
134213,,c7fbf674-7151-4b31-9215-b4523cffdc16,1,gcNex3Sy1616527606254,402,figural_single_1_2,1,,0,round,458.76500000304077,1,single,r_g_13.png,shape,round
134213,,c7fbf674-7151-4b31-9215-b4523cffdc16,1,gcNex3Sy1616527606254,403,figural_single_1_2,1,,0,angular,437.51500000141095,1,single,e_b_01.png,shape,angular
134213,,c7fbf674-7151-4b31-9215-b4523cffdc16,1,gcNex3Sy1616527606254,404,figural_single_1_2,1,,0,angular,440.3549999988172,1,single,e_b_06.png,shape,angular
134213,,c7fbf674-7151-4b31-9215-b4523cffdc16,1,gcNex3Sy1616527606254,405,figural_single_1_2,1,,0,round,468.7100000010105,1,single,r_g_10.png,shape,round
134213,,c7fbf674-7151-4b31-9215-b4523cffdc16,1,gcNex3Sy1616527606254,406,figural_single_1_2,1,,0,angular,438.4699999972945,1,single,e_g_08.png,shape,angular
134213,,c7fbf674-7151-4b31-9215-b4523cffdc16,1,gcNex3Sy1616527606254,407,figural_single_1_2,1,,0,angular,914.3650000005728,1,single,e_g_07.png,shape,angular
134213,,c7fbf674-7151-4b31-9215-b4523cffdc16,1,gcNex3Sy1616527606254,408,figural_single_1_2,1,,0,round,737.3699999989476,1,single,r_b_06.png,shape,round
134213,,c7fbf674-7151-4b31-9215-b4523cffdc16,1,gcNex3Sy1616527606254,409,figural_single_1_2,1,,0,angular,509.3699999997625,1,single,e_g_09.png,shape,angular
134213,,c7fbf674-7151-4b31-9215-b4523cffdc16,1,gcNex3Sy1616527606254,410,figural_single_1_2,1,,0,round,485.58499999856576,1,single,r_b_01.png,shape,round
134213,,c7fbf674-7151-4b31-9215-b4523cffdc16,1,gcNex3Sy1616527606254,411,figural_single_1_2,1,,0,angular,623.5950000010198,1,single,e_b_13.png,shape,angular
134213,,c7fbf674-7151-4b31-9215-b4523cffdc16,1,gcNex3Sy1616527606254,412,figural_single_1_2,1,,0,angular,394.29000000015367,1,single,e_g_04.png,shape,angular
134213,,c7fbf674-7151-4b31-9215-b4523cffdc16,1,gcNex3Sy1616527606254,413,figural_single_1_2,1,,0,angular,349.2099999965867,1,single,e_g_12.png,shape,angular
134213,,c7fbf674-7151-4b31-9215-b4523cffdc16,1,gcNex3Sy1616527606254,414,figural_single_1_2,1,,0,round,399.05500000168104,1,single,r_b_08.png,shape,round
134213,,c7fbf674-7151-4b31-9215-b4523cffdc16,1,gcNex3Sy1616527606254,415,figural_single_1_2,1,,0,angular,434.93999999924563,1,single,e_b_07.png,shape,angular
134213,,c7fbf674-7151-4b31-9215-b4523cffdc16,1,gcNex3Sy1616527606254,416,figural_single_1_2,1,,0,round,402.7800000003772,1,single,r_g_03.png,shape,round
134213,,c7fbf674-7151-4b31-9215-b4523cffdc16,1,gcNex3Sy1616527606254,417,figural_single_1_2,1,,0,angular,389.58500000077765,1,single,e_g_06.png,shape,angular
134213,,c7fbf674-7151-4b31-9215-b4523cffdc16,1,gcNex3Sy1616527606254,418,figural_single_1_2,1,,0,round,414.89999999967404,1,single,r_g_16.png,shape,round
134213,,c7fbf674-7151-4b31-9215-b4523cffdc16,1,gcNex3Sy1616527606254,419,figural_single_1_2,1,,0,angular,369.29999999841675,0,single,r_b_05.png,shape,round
134213,,c7fbf674-7151-4b31-9215-b4523cffdc16,1,gcNex3Sy1616527606254,420,figural_single_1_2,1,,0,angular,455.9849999968428,1,single,e_g_01.png,shape,angular
134213,,c7fbf674-7151-4b31-9215-b4523cffdc16,1,gcNex3Sy1616527606254,421,figural_single_1_2,1,,0,round,479.9750000019558,1,single,r_g_07.png,shape,round