userCode,extId,moduleId,sessionId,sessionToken,trialId,executableId,session.complete,session.condition,session.forceExit,givenResponse,reactionTime,score,shiftingType,stimulusValue,stimulusType,correctResponse
134245,,c7fbf674-7151-4b31-9215-b4523cffdc16,1,BrK0tYbQ1616528667478,1,figural_single_1_practice,1,,0,round,2774.9099999200553,1,single,r_b_10.png,shape,round
134245,,c7fbf674-7151-4b31-9215-b4523cffdc16,1,BrK0tYbQ1616528667478,2,figural_single_1_practice,1,,0,angular,871.9649999402463,1,single,e_b_09.png,shape,angular
134245,,c7fbf674-7151-4b31-9215-b4523cffdc16,1,BrK0tYbQ1616528667478,3,figural_single_1_practice,1,,0,round,2122.5600000470877,1,single,r_b_11.png,shape,round
134245,,c7fbf674-7151-4b31-9215-b4523cffdc16,1,BrK0tYbQ1616528667478,4,figural_single_1_practice,1,,0,round,893.2050000876188,1,single,r_g_05.png,shape,round
134245,,c7fbf674-7151-4b31-9215-b4523cffdc16,1,BrK0tYbQ1616528667478,5,figural_single_1_practice,1,,0,round,921.9800001010299,0,single,e_b_14.png,shape,angular
134245,,c7fbf674-7151-4b31-9215-b4523cffdc16,1,BrK0tYbQ1616528667478,6,figural_single_1_practice,1,,0,angular,805.5399998556823,1,single,e_g_07.png,shape,angular
134245,,c7fbf674-7151-4b31-9215-b4523cffdc16,1,BrK0tYbQ1616528667478,7,figural_single_1_practice,1,,0,angular,543.7149999197572,1,single,e_g_12.png,shape,angular
134245,,c7fbf674-7151-4b31-9215-b4523cffdc16,1,BrK0tYbQ1616528667478,8,figural_single_1_practice,1,,0,round,523.8999999128282,1,single,r_b_16.png,shape,round
134245,,c7fbf674-7151-4b31-9215-b4523cffdc16,1,BrK0tYbQ1616528667478,9,figural_single_1_practice,1,,0,round,787.4399998690933,1,single,r_g_02.png,shape,round
134245,,c7fbf674-7151-4b31-9215-b4523cffdc16,1,BrK0tYbQ1616528667478,10,figural_single_1_practice,1,,0,round,622.3200000822544,0,single,e_b_04.png,shape,angular
134245,,c7fbf674-7151-4b31-9215-b4523cffdc16,1,BrK0tYbQ1616528667478,11,figural_single_1_practice,1,,0,angular,687.7450000029057,1,single,e_g_06.png,shape,angular
134245,,c7fbf674-7151-4b31-9215-b4523cffdc16,1,BrK0tYbQ1616528667478,12,figural_single_1_practice,1,,0,round,558.1549999769777,1,single,r_g_15.png,shape,round
134245,,c7fbf674-7151-4b31-9215-b4523cffdc16,1,BrK0tYbQ1616528667478,13,figural_single_1_1,1,,0,round,859.9849999882281,1,single,r_b_01.png,shape,round
134245,,c7fbf674-7151-4b31-9215-b4523cffdc16,1,BrK0tYbQ1616528667478,14,figural_single_1_1,1,,0,angular,587.8549998160452,1,single,e_g_11.png,shape,angular
134245,,c7fbf674-7151-4b31-9215-b4523cffdc16,1,BrK0tYbQ1616528667478,15,figural_single_1_1,1,,0,round,693.5900000389665,1,single,r_b_10.png,shape,round
134245,,c7fbf674-7151-4b31-9215-b4523cffdc16,1,BrK0tYbQ1616528667478,16,figural_single_1_1,1,,0,round,596.0500000510365,1,single,r_b_06.png,shape,round
134245,,c7fbf674-7151-4b31-9215-b4523cffdc16,1,BrK0tYbQ1616528667478,17,figural_single_1_1,1,,0,angular,533.4999999031425,1,single,e_g_07.png,shape,angular
134245,,c7fbf674-7151-4b31-9215-b4523cffdc16,1,BrK0tYbQ1616528667478,18,figural_single_1_1,1,,0,angular,588.4249999653548,1,single,e_g_13.png,shape,angular
134245,,c7fbf674-7151-4b31-9215-b4523cffdc16,1,BrK0tYbQ1616528667478,19,figural_single_1_1,1,,0,round,535.2499999571592,1,single,r_g_06.png,shape,round
134245,,c7fbf674-7151-4b31-9215-b4523cffdc16,1,BrK0tYbQ1616528667478,20,figural_single_1_1,1,,0,angular,878.8550000172108,1,single,e_g_16.png,shape,angular
134245,,c7fbf674-7151-4b31-9215-b4523cffdc16,1,BrK0tYbQ1616528667478,21,figural_single_1_1,1,,0,angular,587.3149998951703,1,single,e_b_09.png,shape,angular
134245,,c7fbf674-7151-4b31-9215-b4523cffdc16,1,BrK0tYbQ1616528667478,22,figural_single_1_1,1,,0,angular,564.1849997919053,1,single,e_b_08.png,shape,angular
134245,,c7fbf674-7151-4b31-9215-b4523cffdc16,1,BrK0tYbQ1616528667478,23,figural_single_1_1,1,,0,round,449.0549999754876,1,single,r_b_12.png,shape,round
134245,,c7fbf674-7151-4b31-9215-b4523cffdc16,1,BrK0tYbQ1616528667478,24,figural_single_1_1,1,,0,angular,662.8499999642372,1,single,e_b_10.png,shape,angular
134245,,c7fbf674-7151-4b31-9215-b4523cffdc16,1,BrK0tYbQ1616528667478,25,figural_single_1_1,1,,0,angular,495.66500005312264,1,single,e_b_05.png,shape,angular
134245,,c7fbf674-7151-4b31-9215-b4523cffdc16,1,BrK0tYbQ1616528667478,26,figural_single_1_1,1,,0,round,494.0649999771267,1,single,r_b_13.png,shape,round
134245,,c7fbf674-7151-4b31-9215-b4523cffdc16,1,BrK0tYbQ1616528667478,27,figural_single_1_1,1,,0,round,579.8249999061227,1,single,r_g_15.png,shape,round
134245,,c7fbf674-7151-4b31-9215-b4523cffdc16,1,BrK0tYbQ1616528667478,28,figural_single_1_1,1,,0,angular,537.2250000946224,1,single,e_g_09.png,shape,angular
134245,,c7fbf674-7151-4b31-9215-b4523cffdc16,1,BrK0tYbQ1616528667478,29,figural_single_1_1,1,,0,round,438.51999985054135,1,single,r_g_02.png,shape,round
134245,,c7fbf674-7151-4b31-9215-b4523cffdc16,1,BrK0tYbQ1616528667478,30,figural_single_1_1,1,,0,round,621.2299999315292,1,single,r_b_07.png,shape,round
134245,,c7fbf674-7151-4b31-9215-b4523cffdc16,1,BrK0tYbQ1616528667478,31,figural_single_1_1,1,,0,angular,527.0299999974668,1,single,e_b_06.png,shape,angular
134245,,c7fbf674-7151-4b31-9215-b4523cffdc16,1,BrK0tYbQ1616528667478,32,figural_single_1_1,1,,0,round,533.7700000964105,1,single,r_b_16.png,shape,round
134245,,c7fbf674-7151-4b31-9215-b4523cffdc16,1,BrK0tYbQ1616528667478,33,figural_single_1_1,1,,0,round,527.0350000355393,1,single,r_b_02.png,shape,round
134245,,c7fbf674-7151-4b31-9215-b4523cffdc16,1,BrK0tYbQ1616528667478,34,figural_single_1_1,1,,0,angular,480.56999989785254,1,single,e_g_06.png,shape,angular
134245,,c7fbf674-7151-4b31-9215-b4523cffdc16,1,BrK0tYbQ1616528667478,35,figural_single_1_1,1,,0,round,921.4500000234693,1,single,r_g_03.png,shape,round
134245,,c7fbf674-7151-4b31-9215-b4523cffdc16,1,BrK0tYbQ1616528667478,36,figural_single_1_1,1,,0,angular,493.9000001177192,1,single,e_g_05.png,shape,angular
134245,,c7fbf674-7151-4b31-9215-b4523cffdc16,1,BrK0tYbQ1616528667478,37,figural_single_1_1,1,,0,angular,590.7149999402463,1,single,e_b_13.png,shape,angular
134245,,c7fbf674-7151-4b31-9215-b4523cffdc16,1,BrK0tYbQ1616528667478,38,figural_single_1_1,1,,0,angular,643.1950000114739,1,single,e_g_15.png,shape,angular
134245,,c7fbf674-7151-4b31-9215-b4523cffdc16,1,BrK0tYbQ1616528667478,39,figural_single_1_1,1,,0,round,562.110000057146,1,single,r_g_08.png,shape,round
134245,,c7fbf674-7151-4b31-9215-b4523cffdc16,1,BrK0tYbQ1616528667478,40,figural_single_1_1,1,,0,round,501.2550000101328,1,single,r_b_05.png,shape,round
134245,,c7fbf674-7151-4b31-9215-b4523cffdc16,1,BrK0tYbQ1616528667478,41,figural_single_1_1,1,,0,angular,587.0149999391288,1,single,e_b_02.png,shape,angular
134245,,c7fbf674-7151-4b31-9215-b4523cffdc16,1,BrK0tYbQ1616528667478,42,figural_single_1_1,1,,0,angular,613.734999904409,1,single,e_g_14.png,shape,angular
134245,,c7fbf674-7151-4b31-9215-b4523cffdc16,1,BrK0tYbQ1616528667478,43,figural_single_1_1,1,,0,round,529.8349999357015,1,single,r_b_03.png,shape,round
134245,,c7fbf674-7151-4b31-9215-b4523cffdc16,1,BrK0tYbQ1616528667478,44,figural_single_1_1,1,,0,angular,473.37500005960464,1,single,e_b_14.png,shape,angular
134245,,c7fbf674-7151-4b31-9215-b4523cffdc16,1,BrK0tYbQ1616528667478,45,figural_single_1_1,1,,0,angular,709.7200001589954,1,single,e_b_04.png,shape,angular
134245,,c7fbf674-7151-4b31-9215-b4523cffdc16,1,BrK0tYbQ1616528667478,46,figural_single_1_1,1,,0,angular,599.0500000771135,1,single,e_b_03.png,shape,angular
134245,,c7fbf674-7151-4b31-9215-b4523cffdc16,1,BrK0tYbQ1616528667478,47,figural_single_1_1,1,,0,round,462.9150000400841,1,single,r_g_16.png,shape,round
134245,,c7fbf674-7151-4b31-9215-b4523cffdc16,1,BrK0tYbQ1616528667478,48,figural_single_1_1,1,,0,round,547.0700000878423,1,single,r_g_13.png,shape,round
134245,,c7fbf674-7151-4b31-9215-b4523cffdc16,1,BrK0tYbQ1616528667478,49,figural_single_1_1,1,,0,round,467.5150001421571,1,single,r_g_14.png,shape,round
134245,,c7fbf674-7151-4b31-9215-b4523cffdc16,1,BrK0tYbQ1616528667478,50,figural_single_1_1,1,,0,angular,622.0149998553097,1,single,e_g_08.png,shape,angular
134245,,c7fbf674-7151-4b31-9215-b4523cffdc16,1,BrK0tYbQ1616528667478,51,figural_single_1_1,1,,0,round,809.6700001042336,1,single,r_g_09.png,shape,round
134245,,c7fbf674-7151-4b31-9215-b4523cffdc16,1,BrK0tYbQ1616528667478,52,figural_single_1_1,1,,0,round,571.5399999171495,0,single,e_g_04.png,shape,angular
134245,,c7fbf674-7151-4b31-9215-b4523cffdc16,1,BrK0tYbQ1616528667478,53,figural_single_1_1,1,,0,angular,840.0650001130998,1,single,e_b_15.png,shape,angular
134245,,c7fbf674-7151-4b31-9215-b4523cffdc16,1,BrK0tYbQ1616528667478,54,figural_single_1_1,1,,0,round,579.3600000906736,1,single,r_g_04.png,shape,round
134245,,c7fbf674-7151-4b31-9215-b4523cffdc16,1,BrK0tYbQ1616528667478,55,figural_single_1_1,1,,0,angular,447.93000002391636,1,single,e_b_07.png,shape,angular
134245,,c7fbf674-7151-4b31-9215-b4523cffdc16,1,BrK0tYbQ1616528667478,56,figural_single_1_1,1,,0,angular,584.4100001268089,1,single,e_b_16.png,shape,angular
134245,,c7fbf674-7151-4b31-9215-b4523cffdc16,1,BrK0tYbQ1616528667478,57,figural_single_1_1,1,,0,round,590.8749999944121,1,single,r_b_08.png,shape,round
134245,,c7fbf674-7151-4b31-9215-b4523cffdc16,1,BrK0tYbQ1616528667478,58,figural_single_1_1,1,,0,angular,476.12499981187284,1,single,e_g_12.png,shape,angular
134245,,c7fbf674-7151-4b31-9215-b4523cffdc16,1,BrK0tYbQ1616528667478,59,figural_single_1_1,1,,0,round,913.1700000725687,1,single,r_b_14.png,shape,round
134245,,c7fbf674-7151-4b31-9215-b4523cffdc16,1,BrK0tYbQ1616528667478,60,figural_single_1_1,1,,0,round,549.5150000788271,1,single,r_g_05.png,shape,round
134245,,c7fbf674-7151-4b31-9215-b4523cffdc16,1,BrK0tYbQ1616528667478,61,figural_single_1_1,1,,0,round,561.8150001391768,1,single,r_g_01.png,shape,round
134245,,c7fbf674-7151-4b31-9215-b4523cffdc16,1,BrK0tYbQ1616528667478,62,figural_single_1_1,1,,0,angular,457.8249999321997,1,single,e_g_02.png,shape,angular
134245,,c7fbf674-7151-4b31-9215-b4523cffdc16,1,BrK0tYbQ1616528667478,63,figural_single_1_1,1,,0,round,532.8849998768419,1,single,r_g_11.png,shape,round
134245,,c7fbf674-7151-4b31-9215-b4523cffdc16,1,BrK0tYbQ1616528667478,64,figural_single_1_1,1,,0,round,498.6199999693781,1,single,r_g_10.png,shape,round
134245,,c7fbf674-7151-4b31-9215-b4523cffdc16,1,BrK0tYbQ1616528667478,65,figural_single_1_1,1,,0,round,466.28499985672534,1,single,r_b_04.png,shape,round
134245,,c7fbf674-7151-4b31-9215-b4523cffdc16,1,BrK0tYbQ1616528667478,66,figural_single_1_1,1,,0,angular,465.1150000281632,1,single,e_g_01.png,shape,angular
134245,,c7fbf674-7151-4b31-9215-b4523cffdc16,1,BrK0tYbQ1616528667478,67,figural_single_1_1,1,,0,round,458.69999984279275,1,single,r_b_09.png,shape,round
134245,,c7fbf674-7151-4b31-9215-b4523cffdc16,1,BrK0tYbQ1616528667478,68,figural_single_1_1,1,,0,round,446.31499983370304,1,single,r_b_15.png,shape,round
134245,,c7fbf674-7151-4b31-9215-b4523cffdc16,1,BrK0tYbQ1616528667478,69,figural_single_1_1,1,,0,round,530.8850000146776,1,single,r_g_07.png,shape,round
134245,,c7fbf674-7151-4b31-9215-b4523cffdc16,1,BrK0tYbQ1616528667478,70,figural_single_1_1,1,,0,angular,460.57000011205673,1,single,e_b_01.png,shape,angular
134245,,c7fbf674-7151-4b31-9215-b4523cffdc16,1,BrK0tYbQ1616528667478,71,figural_single_1_1,1,,0,angular,443.60999995842576,1,single,e_b_12.png,shape,angular
134245,,c7fbf674-7151-4b31-9215-b4523cffdc16,1,BrK0tYbQ1616528667478,72,figural_single_1_1,1,,0,round,427.63000004924834,1,single,r_b_11.png,shape,round
134245,,c7fbf674-7151-4b31-9215-b4523cffdc16,1,BrK0tYbQ1616528667478,73,figural_single_1_1,1,,0,round,411.61499987356365,1,single,r_g_12.png,shape,round
134245,,c7fbf674-7151-4b31-9215-b4523cffdc16,1,BrK0tYbQ1616528667478,74,figural_single_1_1,1,,0,angular,549.4450000114739,1,single,e_g_03.png,shape,angular
134245,,c7fbf674-7151-4b31-9215-b4523cffdc16,1,BrK0tYbQ1616528667478,75,figural_single_1_1,1,,0,angular,485.05000001750886,1,single,e_g_10.png,shape,angular
134245,,c7fbf674-7151-4b31-9215-b4523cffdc16,1,BrK0tYbQ1616528667478,76,figural_single_1_1,1,,0,angular,517.1550000086427,1,single,e_b_11.png,shape,angular
134245,,c7fbf674-7151-4b31-9215-b4523cffdc16,1,BrK0tYbQ1616528667478,77,figural_single_2_practice,1,,0,blue,1328.4249999560416,1,single,r_b_07.png,color,blue
134245,,c7fbf674-7151-4b31-9215-b4523cffdc16,1,BrK0tYbQ1616528667478,78,figural_single_2_practice,1,,0,green,408.6000001989305,1,single,r_g_09.png,color,green
134245,,c7fbf674-7151-4b31-9215-b4523cffdc16,1,BrK0tYbQ1616528667478,79,figural_single_2_practice,1,,0,green,436.38000008650124,1,single,e_g_04.png,color,green
134245,,c7fbf674-7151-4b31-9215-b4523cffdc16,1,BrK0tYbQ1616528667478,80,figural_single_2_practice,1,,0,blue,345.63999995589256,1,single,r_b_14.png,color,blue
134245,,c7fbf674-7151-4b31-9215-b4523cffdc16,1,BrK0tYbQ1616528667478,81,figural_single_2_practice,1,,0,blue,513.4199999738485,1,single,e_b_06.png,color,blue
134245,,c7fbf674-7151-4b31-9215-b4523cffdc16,1,BrK0tYbQ1616528667478,82,figural_single_2_practice,1,,0,green,763.1999999284744,1,single,e_g_10.png,color,green
134245,,c7fbf674-7151-4b31-9215-b4523cffdc16,1,BrK0tYbQ1616528667478,83,figural_single_2_practice,1,,0,blue,1058.445000089705,1,single,e_b_16.png,color,blue
134245,,c7fbf674-7151-4b31-9215-b4523cffdc16,1,BrK0tYbQ1616528667478,84,figural_single_2_practice,1,,0,green,392.6349999383092,1,single,e_g_08.png,color,green
134245,,c7fbf674-7151-4b31-9215-b4523cffdc16,1,BrK0tYbQ1616528667478,85,figural_single_2_practice,1,,0,blue,404.13499996066093,1,single,e_b_02.png,color,blue
134245,,c7fbf674-7151-4b31-9215-b4523cffdc16,1,BrK0tYbQ1616528667478,86,figural_single_2_practice,1,,0,green,348.994999891147,1,single,r_g_03.png,color,green
134245,,c7fbf674-7151-4b31-9215-b4523cffdc16,1,BrK0tYbQ1616528667478,87,figural_single_2_practice,1,,0,blue,454.9000000115484,1,single,r_b_13.png,color,blue
134245,,c7fbf674-7151-4b31-9215-b4523cffdc16,1,BrK0tYbQ1616528667478,88,figural_single_2_practice,1,,0,green,301.54499993659556,1,single,r_g_01.png,color,green
134245,,c7fbf674-7151-4b31-9215-b4523cffdc16,1,BrK0tYbQ1616528667478,89,figural_single_2_1,1,,0,green,430.08500011637807,1,single,r_g_07.png,color,green
134245,,c7fbf674-7151-4b31-9215-b4523cffdc16,1,BrK0tYbQ1616528667478,90,figural_single_2_1,1,,0,blue,377.3550000041723,1,single,r_b_03.png,color,blue
134245,,c7fbf674-7151-4b31-9215-b4523cffdc16,1,BrK0tYbQ1616528667478,91,figural_single_2_1,1,,0,green,435.6249999254942,1,single,r_g_08.png,color,green
134245,,c7fbf674-7151-4b31-9215-b4523cffdc16,1,BrK0tYbQ1616528667478,92,figural_single_2_1,1,,0,green,444.6699998807162,1,single,e_g_01.png,color,green
134245,,c7fbf674-7151-4b31-9215-b4523cffdc16,1,BrK0tYbQ1616528667478,93,figural_single_2_1,1,,0,green,374.44499996490777,1,single,e_g_09.png,color,green
134245,,c7fbf674-7151-4b31-9215-b4523cffdc16,1,BrK0tYbQ1616528667478,94,figural_single_2_1,1,,0,blue,372.7300001773983,1,single,r_b_08.png,color,blue
134245,,c7fbf674-7151-4b31-9215-b4523cffdc16,1,BrK0tYbQ1616528667478,95,figural_single_2_1,1,,0,blue,383.32500006072223,1,single,e_b_03.png,color,blue
134245,,c7fbf674-7151-4b31-9215-b4523cffdc16,1,BrK0tYbQ1616528667478,96,figural_single_2_1,1,,0,green,417.33499988913536,1,single,e_g_07.png,color,green
134245,,c7fbf674-7151-4b31-9215-b4523cffdc16,1,BrK0tYbQ1616528667478,97,figural_single_2_1,1,,0,blue,454.44500003941357,1,single,e_b_02.png,color,blue
134245,,c7fbf674-7151-4b31-9215-b4523cffdc16,1,BrK0tYbQ1616528667478,98,figural_single_2_1,1,,0,green,445.9649999625981,1,single,e_g_04.png,color,green
134245,,c7fbf674-7151-4b31-9215-b4523cffdc16,1,BrK0tYbQ1616528667478,99,figural_single_2_1,1,,0,green,389.265000121668,1,single,r_g_06.png,color,green
134245,,c7fbf674-7151-4b31-9215-b4523cffdc16,1,BrK0tYbQ1616528667478,100,figural_single_2_1,1,,0,blue,403.8299999665469,1,single,e_b_08.png,color,blue
134245,,c7fbf674-7151-4b31-9215-b4523cffdc16,1,BrK0tYbQ1616528667478,101,figural_single_2_1,1,,0,green,413.53000001981854,1,single,e_g_16.png,color,green
134245,,c7fbf674-7151-4b31-9215-b4523cffdc16,1,BrK0tYbQ1616528667478,102,figural_single_2_1,1,,0,blue,388.0799999460578,1,single,e_b_06.png,color,blue
134245,,c7fbf674-7151-4b31-9215-b4523cffdc16,1,BrK0tYbQ1616528667478,103,figural_single_2_1,1,,0,blue,384.0549997985363,1,single,e_b_04.png,color,blue
134245,,c7fbf674-7151-4b31-9215-b4523cffdc16,1,BrK0tYbQ1616528667478,104,figural_single_2_1,1,,0,green,781.6350001376122,1,single,r_g_10.png,color,green
134245,,c7fbf674-7151-4b31-9215-b4523cffdc16,1,BrK0tYbQ1616528667478,105,figural_single_2_1,1,,0,blue,560.1599998772144,1,single,e_b_12.png,color,blue
134245,,c7fbf674-7151-4b31-9215-b4523cffdc16,1,BrK0tYbQ1616528667478,106,figural_single_2_1,1,,0,blue,417.76999994181097,1,single,r_b_09.png,color,blue
134245,,c7fbf674-7151-4b31-9215-b4523cffdc16,1,BrK0tYbQ1616528667478,107,figural_single_2_1,1,,0,green,427.8600001707673,1,single,r_g_15.png,color,green
134245,,c7fbf674-7151-4b31-9215-b4523cffdc16,1,BrK0tYbQ1616528667478,108,figural_single_2_1,1,,0,green,415.57499999180436,1,single,e_g_08.png,color,green
134245,,c7fbf674-7151-4b31-9215-b4523cffdc16,1,BrK0tYbQ1616528667478,109,figural_single_2_1,1,,0,blue,943.9999999012798,1,single,e_b_11.png,color,blue
134245,,c7fbf674-7151-4b31-9215-b4523cffdc16,1,BrK0tYbQ1616528667478,110,figural_single_2_1,1,,0,blue,519.5450000464916,1,single,r_b_13.png,color,blue
134245,,c7fbf674-7151-4b31-9215-b4523cffdc16,1,BrK0tYbQ1616528667478,111,figural_single_2_1,1,,0,blue,468.55499991215765,1,single,r_b_12.png,color,blue
134245,,c7fbf674-7151-4b31-9215-b4523cffdc16,1,BrK0tYbQ1616528667478,112,figural_single_2_1,1,,0,blue,443.1699998676777,1,single,r_b_15.png,color,blue
134245,,c7fbf674-7151-4b31-9215-b4523cffdc16,1,BrK0tYbQ1616528667478,113,figural_single_2_1,1,,0,green,372.29000008665025,1,single,e_g_05.png,color,green
134245,,c7fbf674-7151-4b31-9215-b4523cffdc16,1,BrK0tYbQ1616528667478,114,figural_single_2_1,1,,0,green,364.03500009328127,1,single,r_g_12.png,color,green
134245,,c7fbf674-7151-4b31-9215-b4523cffdc16,1,BrK0tYbQ1616528667478,115,figural_single_2_1,1,,0,blue,413.0249998997897,1,single,r_b_02.png,color,blue
134245,,c7fbf674-7151-4b31-9215-b4523cffdc16,1,BrK0tYbQ1616528667478,116,figural_single_2_1,1,,0,blue,421.86999996192753,1,single,r_b_01.png,color,blue
134245,,c7fbf674-7151-4b31-9215-b4523cffdc16,1,BrK0tYbQ1616528667478,117,figural_single_2_1,1,,0,blue,454.16999980807304,1,single,r_b_07.png,color,blue
134245,,c7fbf674-7151-4b31-9215-b4523cffdc16,1,BrK0tYbQ1616528667478,118,figural_single_2_1,1,,0,green,441.0500000230968,1,single,e_g_15.png,color,green
134245,,c7fbf674-7151-4b31-9215-b4523cffdc16,1,BrK0tYbQ1616528667478,119,figural_single_2_1,1,,0,green,405.32499994151294,1,single,e_g_11.png,color,green
134245,,c7fbf674-7151-4b31-9215-b4523cffdc16,1,BrK0tYbQ1616528667478,120,figural_single_2_1,1,,0,blue,405.01499990932643,1,single,e_b_07.png,color,blue
134245,,c7fbf674-7151-4b31-9215-b4523cffdc16,1,BrK0tYbQ1616528667478,121,figural_single_2_1,1,,0,green,628.3249999396503,1,single,r_g_04.png,color,green
134245,,c7fbf674-7151-4b31-9215-b4523cffdc16,1,BrK0tYbQ1616528667478,122,figural_single_2_1,1,,0,green,538.5799999348819,1,single,e_g_02.png,color,green
134245,,c7fbf674-7151-4b31-9215-b4523cffdc16,1,BrK0tYbQ1616528667478,123,figural_single_2_1,1,,0,blue,353.4649999346584,1,single,e_b_01.png,color,blue
134245,,c7fbf674-7151-4b31-9215-b4523cffdc16,1,BrK0tYbQ1616528667478,124,figural_single_2_1,1,,0,blue,407.839999999851,1,single,r_b_05.png,color,blue
134245,,c7fbf674-7151-4b31-9215-b4523cffdc16,1,BrK0tYbQ1616528667478,125,figural_single_2_1,1,,0,green,398.2049999758601,1,single,e_g_03.png,color,green
134245,,c7fbf674-7151-4b31-9215-b4523cffdc16,1,BrK0tYbQ1616528667478,126,figural_single_2_1,1,,0,blue,363.56500000692904,1,single,r_b_04.png,color,blue
134245,,c7fbf674-7151-4b31-9215-b4523cffdc16,1,BrK0tYbQ1616528667478,127,figural_single_2_1,1,,0,green,388.7749998830259,1,single,e_g_06.png,color,green
134245,,c7fbf674-7151-4b31-9215-b4523cffdc16,1,BrK0tYbQ1616528667478,128,figural_single_2_1,1,,0,green,355.35000008530915,1,single,e_g_12.png,color,green
134245,,c7fbf674-7151-4b31-9215-b4523cffdc16,1,BrK0tYbQ1616528667478,129,figural_single_2_1,1,,0,green,344.11499998532236,1,single,r_g_14.png,color,green
134245,,c7fbf674-7151-4b31-9215-b4523cffdc16,1,BrK0tYbQ1616528667478,130,figural_single_2_1,1,,0,blue,386.4399997983128,1,single,e_b_09.png,color,blue
134245,,c7fbf674-7151-4b31-9215-b4523cffdc16,1,BrK0tYbQ1616528667478,131,figural_single_2_1,1,,0,blue,345.3500000759959,1,single,e_b_16.png,color,blue
134245,,c7fbf674-7151-4b31-9215-b4523cffdc16,1,BrK0tYbQ1616528667478,132,figural_single_2_1,1,,0,green,379.29499987512827,1,single,r_g_01.png,color,green
134245,,c7fbf674-7151-4b31-9215-b4523cffdc16,1,BrK0tYbQ1616528667478,133,figural_single_2_1,1,,0,green,377.210000064224,1,single,r_g_09.png,color,green
134245,,c7fbf674-7151-4b31-9215-b4523cffdc16,1,BrK0tYbQ1616528667478,134,figural_single_2_1,1,,0,green,393.940000096336,1,single,e_g_13.png,color,green
134245,,c7fbf674-7151-4b31-9215-b4523cffdc16,1,BrK0tYbQ1616528667478,135,figural_single_2_1,1,,0,blue,393.8499998766929,1,single,r_b_06.png,color,blue
134245,,c7fbf674-7151-4b31-9215-b4523cffdc16,1,BrK0tYbQ1616528667478,136,figural_single_2_1,1,,0,blue,335.7799998484552,1,single,r_b_14.png,color,blue
134245,,c7fbf674-7151-4b31-9215-b4523cffdc16,1,BrK0tYbQ1616528667478,137,figural_single_2_1,1,,0,green,409.1950000729412,1,single,r_g_05.png,color,green
134245,,c7fbf674-7151-4b31-9215-b4523cffdc16,1,BrK0tYbQ1616528667478,138,figural_single_2_1,1,,0,green,461.8150000460446,1,single,e_g_10.png,color,green
134245,,c7fbf674-7151-4b31-9215-b4523cffdc16,1,BrK0tYbQ1616528667478,139,figural_single_2_1,1,,0,blue,481.9799999240786,0,single,r_g_02.png,color,green
134245,,c7fbf674-7151-4b31-9215-b4523cffdc16,1,BrK0tYbQ1616528667478,140,figural_single_2_1,1,,0,blue,449.33500001206994,1,single,e_b_10.png,color,blue
134245,,c7fbf674-7151-4b31-9215-b4523cffdc16,1,BrK0tYbQ1616528667478,141,figural_single_2_1,1,,0,blue,489.5599998999387,1,single,r_b_16.png,color,blue
134245,,c7fbf674-7151-4b31-9215-b4523cffdc16,1,BrK0tYbQ1616528667478,142,figural_single_2_1,1,,0,green,388.77000007778406,1,single,r_g_11.png,color,green
134245,,c7fbf674-7151-4b31-9215-b4523cffdc16,1,BrK0tYbQ1616528667478,143,figural_single_2_1,1,,0,green,412.44999994523823,1,single,r_g_03.png,color,green
134245,,c7fbf674-7151-4b31-9215-b4523cffdc16,1,BrK0tYbQ1616528667478,144,figural_single_2_1,1,,0,blue,414.3950000870973,1,single,e_b_14.png,color,blue
134245,,c7fbf674-7151-4b31-9215-b4523cffdc16,1,BrK0tYbQ1616528667478,145,figural_single_2_1,1,,0,blue,397.2650000359863,1,single,e_b_13.png,color,blue
134245,,c7fbf674-7151-4b31-9215-b4523cffdc16,1,BrK0tYbQ1616528667478,146,figural_single_2_1,1,,0,blue,425.0250000040978,1,single,r_b_10.png,color,blue
134245,,c7fbf674-7151-4b31-9215-b4523cffdc16,1,BrK0tYbQ1616528667478,147,figural_single_2_1,1,,0,green,405.09000001475215,1,single,e_g_14.png,color,green
134245,,c7fbf674-7151-4b31-9215-b4523cffdc16,1,BrK0tYbQ1616528667478,148,figural_single_2_1,1,,0,blue,460.82499995827675,1,single,e_b_15.png,color,blue
134245,,c7fbf674-7151-4b31-9215-b4523cffdc16,1,BrK0tYbQ1616528667478,149,figural_single_2_1,1,,0,blue,408.8149999734014,1,single,e_b_05.png,color,blue
134245,,c7fbf674-7151-4b31-9215-b4523cffdc16,1,BrK0tYbQ1616528667478,150,figural_single_2_1,1,,0,blue,475.4550000652671,1,single,r_b_11.png,color,blue
134245,,c7fbf674-7151-4b31-9215-b4523cffdc16,1,BrK0tYbQ1616528667478,151,figural_single_2_1,1,,0,green,425.64999987371266,1,single,r_g_13.png,color,green
134245,,c7fbf674-7151-4b31-9215-b4523cffdc16,1,BrK0tYbQ1616528667478,152,figural_single_2_1,1,,0,green,844.9800000526011,1,single,r_g_16.png,color,green
134245,,c7fbf674-7151-4b31-9215-b4523cffdc16,1,BrK0tYbQ1616528667478,153,figural_mixed_practice,1,,0,angular,1010.9950001351535,1,start,e_g_13.png,shape,angular
134245,,c7fbf674-7151-4b31-9215-b4523cffdc16,1,BrK0tYbQ1616528667478,154,figural_mixed_practice,1,,0,angular,662.7650000154972,1,repetition,e_g_15.png,shape,angular
134245,,c7fbf674-7151-4b31-9215-b4523cffdc16,1,BrK0tYbQ1616528667478,155,figural_mixed_practice,1,,0,blue,830.939999781549,1,switch,r_b_02.png,color,blue
134245,,c7fbf674-7151-4b31-9215-b4523cffdc16,1,BrK0tYbQ1616528667478,156,figural_mixed_practice,1,,0,green,1127.9949999880046,1,repetition,r_g_10.png,color,green
134245,,c7fbf674-7151-4b31-9215-b4523cffdc16,1,BrK0tYbQ1616528667478,157,figural_mixed_practice,1,,0,round,917.7999999374151,1,switch,r_b_03.png,shape,round
134245,,c7fbf674-7151-4b31-9215-b4523cffdc16,1,BrK0tYbQ1616528667478,158,figural_mixed_practice,1,,0,blue,2004.8450001049787,1,switch,e_b_11.png,color,blue
134245,,c7fbf674-7151-4b31-9215-b4523cffdc16,1,BrK0tYbQ1616528667478,159,figural_mixed_practice,1,,0,green,1684.4949999358505,1,repetition,r_g_06.png,color,green
134245,,c7fbf674-7151-4b31-9215-b4523cffdc16,1,BrK0tYbQ1616528667478,160,figural_mixed_practice,1,,0,round,858.8999998755753,1,switch,r_b_08.png,shape,round
134245,,c7fbf674-7151-4b31-9215-b4523cffdc16,1,BrK0tYbQ1616528667478,161,figural_mixed_practice,1,,0,angular,683.9100001379848,1,repetition,e_b_12.png,shape,angular
134245,,c7fbf674-7151-4b31-9215-b4523cffdc16,1,BrK0tYbQ1616528667478,162,figural_mixed_practice,1,,0,round,1330.2549999207258,1,repetition,r_g_04.png,shape,round
134245,,c7fbf674-7151-4b31-9215-b4523cffdc16,1,BrK0tYbQ1616528667478,163,figural_mixed_practice,1,,0,blue,760.5049998965114,1,switch,e_b_01.png,color,blue
134245,,c7fbf674-7151-4b31-9215-b4523cffdc16,1,BrK0tYbQ1616528667478,164,figural_mixed_practice,1,,0,green,799.9749998562038,1,repetition,e_g_05.png,color,green
134245,,c7fbf674-7151-4b31-9215-b4523cffdc16,1,BrK0tYbQ1616528667478,165,figural_mixed,1,,0,green,907.4850000906736,1,start,r_g_12.png,color,green
134245,,c7fbf674-7151-4b31-9215-b4523cffdc16,1,BrK0tYbQ1616528667478,166,figural_mixed,1,,0,green,644.1300001461059,1,repetition,e_g_16.png,color,green
134245,,c7fbf674-7151-4b31-9215-b4523cffdc16,1,BrK0tYbQ1616528667478,167,figural_mixed,1,,0,round,2394.709999905899,1,switch,r_b_01.png,shape,round
134245,,c7fbf674-7151-4b31-9215-b4523cffdc16,1,BrK0tYbQ1616528667478,168,figural_mixed,1,,0,blue,1822.7949999272823,1,switch,e_b_10.png,color,blue
134245,,c7fbf674-7151-4b31-9215-b4523cffdc16,1,BrK0tYbQ1616528667478,169,figural_mixed,1,,0,round,1591.495000058785,1,switch,r_g_07.png,shape,round
134245,,c7fbf674-7151-4b31-9215-b4523cffdc16,1,BrK0tYbQ1616528667478,170,figural_mixed,1,,0,angular,1123.9650000352412,1,repetition,e_g_16.png,shape,angular
134245,,c7fbf674-7151-4b31-9215-b4523cffdc16,1,BrK0tYbQ1616528667478,171,figural_mixed,1,,0,angular,1019.2950000055134,1,repetition,e_b_11.png,shape,angular
134245,,c7fbf674-7151-4b31-9215-b4523cffdc16,1,BrK0tYbQ1616528667478,172,figural_mixed,1,,0,blue,942.1299998648465,1,switch,e_b_12.png,color,blue
134245,,c7fbf674-7151-4b31-9215-b4523cffdc16,1,BrK0tYbQ1616528667478,173,figural_mixed,1,,0,blue,1242.389999795705,1,repetition,r_b_05.png,color,blue
134245,,c7fbf674-7151-4b31-9215-b4523cffdc16,1,BrK0tYbQ1616528667478,174,figural_mixed,1,,0,angular,685.3000000119209,1,switch,e_b_15.png,shape,angular
134245,,c7fbf674-7151-4b31-9215-b4523cffdc16,1,BrK0tYbQ1616528667478,175,figural_mixed,1,,0,round,1474.574999883771,1,repetition,r_g_01.png,shape,round
134245,,c7fbf674-7151-4b31-9215-b4523cffdc16,1,BrK0tYbQ1616528667478,176,figural_mixed,1,,0,green,802.1899999585003,1,switch,r_g_11.png,color,green
134245,,c7fbf674-7151-4b31-9215-b4523cffdc16,1,BrK0tYbQ1616528667478,177,figural_mixed,1,,0,blue,1174.4399999734014,1,repetition,e_b_14.png,color,blue
134245,,c7fbf674-7151-4b31-9215-b4523cffdc16,1,BrK0tYbQ1616528667478,178,figural_mixed,1,,0,green,802.170000039041,1,repetition,r_g_05.png,color,green
134245,,c7fbf674-7151-4b31-9215-b4523cffdc16,1,BrK0tYbQ1616528667478,179,figural_mixed,1,,0,angular,738.480000058189,1,switch,e_g_09.png,shape,angular
134245,,c7fbf674-7151-4b31-9215-b4523cffdc16,1,BrK0tYbQ1616528667478,180,figural_mixed,1,,0,round,697.904999833554,1,repetition,r_b_04.png,shape,round
134245,,c7fbf674-7151-4b31-9215-b4523cffdc16,1,BrK0tYbQ1616528667478,181,figural_mixed,1,,0,round,779.7749999444932,1,repetition,r_g_12.png,shape,round
134245,,c7fbf674-7151-4b31-9215-b4523cffdc16,1,BrK0tYbQ1616528667478,182,figural_mixed,1,,0,round,1108.6949999444187,1,repetition,r_b_02.png,shape,round
134245,,c7fbf674-7151-4b31-9215-b4523cffdc16,1,BrK0tYbQ1616528667478,183,figural_mixed,1,,0,green,971.9350000377744,1,switch,r_g_04.png,color,green
134245,,c7fbf674-7151-4b31-9215-b4523cffdc16,1,BrK0tYbQ1616528667478,184,figural_mixed,1,,0,blue,1045.1750000938773,1,repetition,e_b_02.png,color,blue
134245,,c7fbf674-7151-4b31-9215-b4523cffdc16,1,BrK0tYbQ1616528667478,185,figural_mixed,1,,0,blue,814.0950000379235,1,repetition,r_b_16.png,color,blue
134245,,c7fbf674-7151-4b31-9215-b4523cffdc16,1,BrK0tYbQ1616528667478,186,figural_mixed,1,,0,angular,707.8149998560548,1,switch,e_g_03.png,shape,angular
134245,,c7fbf674-7151-4b31-9215-b4523cffdc16,1,BrK0tYbQ1616528667478,187,figural_mixed,1,,0,blue,790.9099999815226,1,switch,r_b_10.png,color,blue
134245,,c7fbf674-7151-4b31-9215-b4523cffdc16,1,BrK0tYbQ1616528667478,188,figural_mixed,1,,0,green,1033.009999897331,1,repetition,e_g_03.png,color,green
134245,,c7fbf674-7151-4b31-9215-b4523cffdc16,1,BrK0tYbQ1616528667478,189,figural_mixed,1,,0,green,814.0300000086427,1,repetition,r_g_06.png,color,green
134245,,c7fbf674-7151-4b31-9215-b4523cffdc16,1,BrK0tYbQ1616528667478,190,figural_mixed,1,,0,round,780.3599999751896,1,switch,r_b_09.png,shape,round
134245,,c7fbf674-7151-4b31-9215-b4523cffdc16,1,BrK0tYbQ1616528667478,191,figural_mixed,1,,0,blue,824.3449998553842,1,switch,r_b_02.png,color,blue
134245,,c7fbf674-7151-4b31-9215-b4523cffdc16,1,BrK0tYbQ1616528667478,192,figural_mixed,1,,0,green,1000.3199998755008,1,repetition,r_g_01.png,color,green
134245,,c7fbf674-7151-4b31-9215-b4523cffdc16,1,BrK0tYbQ1616528667478,193,figural_mixed,1,,0,angular,748.2099998742342,1,switch,e_g_07.png,shape,angular
134245,,c7fbf674-7151-4b31-9215-b4523cffdc16,1,BrK0tYbQ1616528667478,194,figural_mixed,1,,0,blue,732.7199999708682,1,switch,r_b_13.png,color,blue
134245,,c7fbf674-7151-4b31-9215-b4523cffdc16,1,BrK0tYbQ1616528667478,195,figural_mixed,1,,0,angular,901.8500000238419,1,switch,e_b_14.png,shape,angular
134245,,c7fbf674-7151-4b31-9215-b4523cffdc16,1,BrK0tYbQ1616528667478,196,figural_mixed,1,,0,round,833.6499999277294,1,repetition,r_g_09.png,shape,round
134245,,c7fbf674-7151-4b31-9215-b4523cffdc16,1,BrK0tYbQ1616528667478,197,figural_mixed,1,,0,round,1343.7700001522899,1,repetition,r_b_11.png,shape,round
134245,,c7fbf674-7151-4b31-9215-b4523cffdc16,1,BrK0tYbQ1616528667478,198,figural_mixed,1,,0,green,1343.0749999824911,1,switch,r_g_07.png,color,green
134245,,c7fbf674-7151-4b31-9215-b4523cffdc16,1,BrK0tYbQ1616528667478,199,figural_mixed,1,,0,angular,862.3450000304729,1,switch,e_b_04.png,shape,angular
134245,,c7fbf674-7151-4b31-9215-b4523cffdc16,1,BrK0tYbQ1616528667478,200,figural_mixed,1,,0,round,697.7099999785423,1,repetition,r_g_14.png,shape,round
134245,,c7fbf674-7151-4b31-9215-b4523cffdc16,1,BrK0tYbQ1616528667478,201,figural_mixed,1,,0,blue,1050.1649999059737,1,switch,e_b_09.png,color,blue
134245,,c7fbf674-7151-4b31-9215-b4523cffdc16,1,BrK0tYbQ1616528667478,202,figural_mixed,1,,0,angular,881.4300000667572,1,switch,e_g_10.png,shape,angular
134245,,c7fbf674-7151-4b31-9215-b4523cffdc16,1,BrK0tYbQ1616528667478,203,figural_mixed,1,,0,green,988.8150000479072,1,switch,r_g_15.png,color,green
134245,,c7fbf674-7151-4b31-9215-b4523cffdc16,1,BrK0tYbQ1616528667478,204,figural_mixed,1,,0,green,1034.9299998488277,1,repetition,e_g_14.png,color,green
134245,,c7fbf674-7151-4b31-9215-b4523cffdc16,1,BrK0tYbQ1616528667478,205,figural_mixed,1,,0,blue,1334.5399999525398,1,repetition,r_b_07.png,color,blue
134245,,c7fbf674-7151-4b31-9215-b4523cffdc16,1,BrK0tYbQ1616528667478,206,figural_mixed,1,,0,blue,2020.845000166446,1,repetition,r_b_09.png,color,blue
134245,,c7fbf674-7151-4b31-9215-b4523cffdc16,1,BrK0tYbQ1616528667478,207,figural_mixed,1,,0,angular,790.5800000298768,1,switch,e_g_14.png,shape,angular
134245,,c7fbf674-7151-4b31-9215-b4523cffdc16,1,BrK0tYbQ1616528667478,208,figural_mixed,1,,0,angular,683.8599999900907,1,repetition,e_g_13.png,shape,angular
134245,,c7fbf674-7151-4b31-9215-b4523cffdc16,1,BrK0tYbQ1616528667478,209,figural_mixed,1,,0,blue,1331.789999967441,1,switch,e_b_04.png,color,blue
134245,,c7fbf674-7151-4b31-9215-b4523cffdc16,1,BrK0tYbQ1616528667478,210,figural_mixed,1,,0,green,769.0149999689311,1,repetition,e_g_10.png,color,green
134245,,c7fbf674-7151-4b31-9215-b4523cffdc16,1,BrK0tYbQ1616528667478,211,figural_mixed,1,,0,green,784.3599999323487,1,repetition,e_g_04.png,color,green
134245,,c7fbf674-7151-4b31-9215-b4523cffdc16,1,BrK0tYbQ1616528667478,212,figural_mixed,1,,0,angular,1352.3299999069422,1,switch,e_b_07.png,shape,angular
134245,,c7fbf674-7151-4b31-9215-b4523cffdc16,1,BrK0tYbQ1616528667478,213,figural_mixed,1,,0,round,2949.41999996081,1,repetition,r_g_11.png,shape,round
134245,,c7fbf674-7151-4b31-9215-b4523cffdc16,1,BrK0tYbQ1616528667478,214,figural_mixed,1,,0,round,713.3949999697506,1,repetition,r_g_04.png,shape,round
134245,,c7fbf674-7151-4b31-9215-b4523cffdc16,1,BrK0tYbQ1616528667478,215,figural_mixed,1,,0,angular,777.2649999242276,1,repetition,e_g_15.png,shape,angular
134245,,c7fbf674-7151-4b31-9215-b4523cffdc16,1,BrK0tYbQ1616528667478,216,figural_mixed,1,,0,green,801.3999999966472,1,switch,e_g_11.png,color,green
134245,,c7fbf674-7151-4b31-9215-b4523cffdc16,1,BrK0tYbQ1616528667478,217,figural_mixed,1,,0,round,1431.1049999669194,1,switch,r_g_08.png,shape,round
134245,,c7fbf674-7151-4b31-9215-b4523cffdc16,1,BrK0tYbQ1616528667478,218,figural_mixed,1,,0,round,841.444999910891,1,repetition,r_g_10.png,shape,round
134245,,c7fbf674-7151-4b31-9215-b4523cffdc16,1,BrK0tYbQ1616528667478,219,figural_mixed,1,,0,green,738.5799998883158,1,switch,e_g_15.png,color,green
134245,,c7fbf674-7151-4b31-9215-b4523cffdc16,1,BrK0tYbQ1616528667478,220,figural_mixed,1,,0,green,687.4449998140335,1,repetition,r_g_02.png,color,green
134245,,c7fbf674-7151-4b31-9215-b4523cffdc16,1,BrK0tYbQ1616528667478,221,figural_mixed,1,,0,angular,695.7450001500547,1,switch,e_b_01.png,shape,angular
134245,,c7fbf674-7151-4b31-9215-b4523cffdc16,1,BrK0tYbQ1616528667478,222,figural_mixed,1,,0,blue,978.4200000576675,1,switch,e_b_15.png,color,blue
134245,,c7fbf674-7151-4b31-9215-b4523cffdc16,1,BrK0tYbQ1616528667478,223,figural_mixed,1,,0,blue,843.8699999824166,1,repetition,e_b_03.png,color,blue
134245,,c7fbf674-7151-4b31-9215-b4523cffdc16,1,BrK0tYbQ1616528667478,224,figural_mixed,1,,0,blue,957.7699999790639,1,repetition,e_b_01.png,color,blue
134245,,c7fbf674-7151-4b31-9215-b4523cffdc16,1,BrK0tYbQ1616528667478,225,figural_mixed,1,,0,round,775.9849999565631,1,switch,r_g_02.png,shape,round
134245,,c7fbf674-7151-4b31-9215-b4523cffdc16,1,BrK0tYbQ1616528667478,226,figural_mixed,1,,0,green,1029.2650000192225,1,switch,e_g_05.png,color,green
134245,,c7fbf674-7151-4b31-9215-b4523cffdc16,1,BrK0tYbQ1616528667478,227,figural_mixed,1,,0,round,732.8949999064207,1,switch,r_b_06.png,shape,round
134245,,c7fbf674-7151-4b31-9215-b4523cffdc16,1,BrK0tYbQ1616528667478,228,figural_mixed,1,,0,green,925.4050001036376,1,switch,e_g_08.png,color,green
134245,,c7fbf674-7151-4b31-9215-b4523cffdc16,1,BrK0tYbQ1616528667478,229,figural_mixed,1,,0,green,752.4050001520663,1,repetition,e_g_02.png,color,green
134245,,c7fbf674-7151-4b31-9215-b4523cffdc16,1,BrK0tYbQ1616528667478,230,figural_mixed,1,,0,blue,820.8349999040365,1,repetition,e_b_06.png,color,blue
134245,,c7fbf674-7151-4b31-9215-b4523cffdc16,1,BrK0tYbQ1616528667478,231,figural_mixed,1,,0,angular,741.124999942258,1,switch,e_b_08.png,shape,angular
134245,,c7fbf674-7151-4b31-9215-b4523cffdc16,1,BrK0tYbQ1616528667478,232,figural_mixed,1,,0,green,688.8850000686944,1,switch,r_g_09.png,color,green
134245,,c7fbf674-7151-4b31-9215-b4523cffdc16,1,BrK0tYbQ1616528667478,233,figural_mixed,1,,0,blue,962.390000000596,1,repetition,e_b_13.png,color,blue
134245,,c7fbf674-7151-4b31-9215-b4523cffdc16,1,BrK0tYbQ1616528667478,234,figural_mixed,1,,0,round,984.0450000483543,1,switch,r_b_10.png,shape,round
134245,,c7fbf674-7151-4b31-9215-b4523cffdc16,1,BrK0tYbQ1616528667478,235,figural_mixed,1,,0,round,710.2850000374019,1,repetition,r_b_13.png,shape,round
134245,,c7fbf674-7151-4b31-9215-b4523cffdc16,1,BrK0tYbQ1616528667478,236,figural_mixed,1,,0,blue,898.4250000212342,1,switch,e_b_11.png,color,blue
134245,,c7fbf674-7151-4b31-9215-b4523cffdc16,1,BrK0tYbQ1616528667478,237,figural_mixed,1,,0,green,826.4450000133365,1,repetition,r_g_08.png,color,green
134245,,c7fbf674-7151-4b31-9215-b4523cffdc16,1,BrK0tYbQ1616528667478,238,figural_mixed,1,,0,angular,810.7249999884516,1,switch,e_b_10.png,shape,angular
134245,,c7fbf674-7151-4b31-9215-b4523cffdc16,1,BrK0tYbQ1616528667478,239,figural_mixed,1,,0,angular,836.2699998542666,1,repetition,e_g_06.png,shape,angular
134245,,c7fbf674-7151-4b31-9215-b4523cffdc16,1,BrK0tYbQ1616528667478,240,figural_mixed,1,,0,angular,760.7899999711663,1,repetition,e_g_11.png,shape,angular
134245,,c7fbf674-7151-4b31-9215-b4523cffdc16,1,BrK0tYbQ1616528667478,241,figural_mixed,1,,0,round,1126.3449999969453,1,repetition,r_b_07.png,shape,round
134245,,c7fbf674-7151-4b31-9215-b4523cffdc16,1,BrK0tYbQ1616528667478,242,figural_mixed,1,,0,blue,922.2899999003857,1,switch,r_b_06.png,color,blue
134245,,c7fbf674-7151-4b31-9215-b4523cffdc16,1,BrK0tYbQ1616528667478,243,figural_mixed,1,,0,blue,1054.8200001940131,1,repetition,e_b_07.png,color,blue
134245,,c7fbf674-7151-4b31-9215-b4523cffdc16,1,BrK0tYbQ1616528667478,244,figural_mixed,1,,0,blue,828.2500000204891,1,repetition,r_b_14.png,color,blue
134245,,c7fbf674-7151-4b31-9215-b4523cffdc16,1,BrK0tYbQ1616528667478,245,figural_mixed,1,,0,green,723.4549999702722,1,repetition,r_g_16.png,color,green
134245,,c7fbf674-7151-4b31-9215-b4523cffdc16,1,BrK0tYbQ1616528667478,246,figural_mixed,1,,0,angular,647.289999993518,1,switch,e_b_09.png,shape,angular
134245,,c7fbf674-7151-4b31-9215-b4523cffdc16,1,BrK0tYbQ1616528667478,247,figural_mixed,1,,0,round,631.1599998734891,1,repetition,r_g_05.png,shape,round
134245,,c7fbf674-7151-4b31-9215-b4523cffdc16,1,BrK0tYbQ1616528667478,248,figural_mixed,1,,0,angular,656.8499999120831,1,repetition,e_b_12.png,shape,angular
134245,,c7fbf674-7151-4b31-9215-b4523cffdc16,1,BrK0tYbQ1616528667478,249,figural_mixed,1,,0,blue,944.6900000330061,1,switch,e_b_05.png,color,blue
134245,,c7fbf674-7151-4b31-9215-b4523cffdc16,1,BrK0tYbQ1616528667478,250,figural_mixed,1,,0,round,1303.5699999891222,1,switch,r_g_06.png,shape,round
134245,,c7fbf674-7151-4b31-9215-b4523cffdc16,1,BrK0tYbQ1616528667478,251,figural_mixed,1,,0,blue,852.079999865964,1,switch,e_b_16.png,color,blue
134245,,c7fbf674-7151-4b31-9215-b4523cffdc16,1,BrK0tYbQ1616528667478,252,figural_mixed,1,,0,green,830.9250001329929,1,repetition,r_g_13.png,color,green
134245,,c7fbf674-7151-4b31-9215-b4523cffdc16,1,BrK0tYbQ1616528667478,253,figural_mixed,1,,0,angular,1397.6950000505894,1,switch,e_g_02.png,shape,angular
134245,,c7fbf674-7151-4b31-9215-b4523cffdc16,1,BrK0tYbQ1616528667478,254,figural_mixed,1,,0,round,648.3699998352677,1,repetition,r_b_03.png,shape,round
134245,,c7fbf674-7151-4b31-9215-b4523cffdc16,1,BrK0tYbQ1616528667478,255,figural_mixed,1,,0,round,742.4050001427531,1,repetition,r_b_14.png,shape,round
134245,,c7fbf674-7151-4b31-9215-b4523cffdc16,1,BrK0tYbQ1616528667478,256,figural_mixed,1,,0,angular,649.0899999625981,1,repetition,e_g_12.png,shape,angular
134245,,c7fbf674-7151-4b31-9215-b4523cffdc16,1,BrK0tYbQ1616528667478,257,figural_mixed,1,,0,blue,649.4650000240654,1,switch,r_b_04.png,color,blue
134245,,c7fbf674-7151-4b31-9215-b4523cffdc16,1,BrK0tYbQ1616528667478,258,figural_mixed,1,,0,round,1032.5700000394136,1,switch,r_g_15.png,shape,round
134245,,c7fbf674-7151-4b31-9215-b4523cffdc16,1,BrK0tYbQ1616528667478,259,figural_mixed,1,,0,angular,760.0699998438358,1,repetition,e_g_08.png,shape,angular
134245,,c7fbf674-7151-4b31-9215-b4523cffdc16,1,BrK0tYbQ1616528667478,260,figural_mixed,1,,0,round,1192.5500000361353,1,repetition,r_b_16.png,shape,round
134245,,c7fbf674-7151-4b31-9215-b4523cffdc16,1,BrK0tYbQ1616528667478,261,figural_mixed,1,,0,green,736.44999996759,1,switch,r_g_10.png,color,green
134245,,c7fbf674-7151-4b31-9215-b4523cffdc16,1,BrK0tYbQ1616528667478,262,figural_mixed,1,,0,green,1411.504999967292,1,repetition,e_g_06.png,color,green
134245,,c7fbf674-7151-4b31-9215-b4523cffdc16,1,BrK0tYbQ1616528667478,263,figural_mixed,1,,0,round,674.8549998737872,1,switch,r_g_13.png,shape,round
134245,,c7fbf674-7151-4b31-9215-b4523cffdc16,1,BrK0tYbQ1616528667478,264,figural_mixed,1,,0,blue,727.6999999303371,1,switch,r_b_03.png,color,blue
134245,,c7fbf674-7151-4b31-9215-b4523cffdc16,1,BrK0tYbQ1616528667478,265,figural_mixed,1,,0,angular,788.1549999583513,1,switch,e_b_02.png,shape,angular
134245,,c7fbf674-7151-4b31-9215-b4523cffdc16,1,BrK0tYbQ1616528667478,266,figural_mixed,1,,0,angular,1102.0649999845773,1,repetition,e_b_03.png,shape,angular
134245,,c7fbf674-7151-4b31-9215-b4523cffdc16,1,BrK0tYbQ1616528667478,267,figural_mixed,1,,0,green,1034.7150000743568,1,switch,e_g_07.png,color,green
134245,,c7fbf674-7151-4b31-9215-b4523cffdc16,1,BrK0tYbQ1616528667478,268,figural_mixed,1,,0,blue,722.5949999410659,1,repetition,r_b_08.png,color,blue
134245,,c7fbf674-7151-4b31-9215-b4523cffdc16,1,BrK0tYbQ1616528667478,269,figural_mixed,1,,0,blue,744.6350001264364,1,repetition,r_b_01.png,color,blue
134245,,c7fbf674-7151-4b31-9215-b4523cffdc16,1,BrK0tYbQ1616528667478,270,figural_mixed,1,,0,angular,728.0600001104176,1,switch,e_b_05.png,shape,angular
134245,,c7fbf674-7151-4b31-9215-b4523cffdc16,1,BrK0tYbQ1616528667478,271,figural_mixed,1,,0,green,1032.5549999251962,1,switch,r_g_16.png,color,green
134245,,c7fbf674-7151-4b31-9215-b4523cffdc16,1,BrK0tYbQ1616528667478,272,figural_mixed,1,,0,round,1385.9250000678003,0,switch,e_g_04.png,shape,angular
134245,,c7fbf674-7151-4b31-9215-b4523cffdc16,1,BrK0tYbQ1616528667478,273,figural_mixed,1,,0,round,2663.359999889508,1,repetition,r_b_05.png,shape,round
134245,,c7fbf674-7151-4b31-9215-b4523cffdc16,1,BrK0tYbQ1616528667478,274,figural_mixed,1,,0,round,915.5449999962002,1,repetition,r_g_03.png,shape,round
134245,,c7fbf674-7151-4b31-9215-b4523cffdc16,1,BrK0tYbQ1616528667478,275,figural_mixed,1,,0,blue,1035.1650000084192,1,switch,r_b_15.png,color,blue
134245,,c7fbf674-7151-4b31-9215-b4523cffdc16,1,BrK0tYbQ1616528667478,276,figural_mixed,1,,0,green,810.0099998991936,1,repetition,r_g_14.png,color,green
134245,,c7fbf674-7151-4b31-9215-b4523cffdc16,1,BrK0tYbQ1616528667478,277,figural_mixed,1,,0,angular,1554.2649999260902,1,switch,e_g_01.png,shape,angular
134245,,c7fbf674-7151-4b31-9215-b4523cffdc16,1,BrK0tYbQ1616528667478,278,figural_mixed,1,,0,round,1512.3250000178814,1,repetition,r_b_15.png,shape,round
134245,,c7fbf674-7151-4b31-9215-b4523cffdc16,1,BrK0tYbQ1616528667478,279,figural_mixed,1,,0,round,1359.645000193268,1,repetition,r_b_08.png,shape,round
134245,,c7fbf674-7151-4b31-9215-b4523cffdc16,1,BrK0tYbQ1616528667478,280,figural_mixed,1,,0,green,913.0850001238286,1,switch,e_g_12.png,color,green
134245,,c7fbf674-7151-4b31-9215-b4523cffdc16,1,BrK0tYbQ1616528667478,281,figural_mixed,1,,0,angular,862.724999897182,1,switch,e_b_13.png,shape,angular
134245,,c7fbf674-7151-4b31-9215-b4523cffdc16,1,BrK0tYbQ1616528667478,282,figural_mixed,1,,0,green,712.264999980107,1,switch,r_g_03.png,color,green
134245,,c7fbf674-7151-4b31-9215-b4523cffdc16,1,BrK0tYbQ1616528667478,283,figural_mixed,1,,0,blue,867.4399999435991,1,repetition,r_b_12.png,color,blue
134245,,c7fbf674-7151-4b31-9215-b4523cffdc16,1,BrK0tYbQ1616528667478,284,figural_mixed,1,,0,angular,674.5450000744313,1,switch,e_b_06.png,shape,angular
134245,,c7fbf674-7151-4b31-9215-b4523cffdc16,1,BrK0tYbQ1616528667478,285,figural_mixed,1,,0,angular,682.0499999448657,1,repetition,e_g_05.png,shape,angular
134245,,c7fbf674-7151-4b31-9215-b4523cffdc16,1,BrK0tYbQ1616528667478,286,figural_mixed,1,,0,green,792.4399999901652,0,switch,r_b_11.png,color,blue
134245,,c7fbf674-7151-4b31-9215-b4523cffdc16,1,BrK0tYbQ1616528667478,287,figural_mixed,1,,0,angular,1224.0299999248236,1,switch,e_b_16.png,shape,angular
134245,,c7fbf674-7151-4b31-9215-b4523cffdc16,1,BrK0tYbQ1616528667478,288,figural_mixed,1,,0,green,1300.715000135824,1,switch,e_g_01.png,color,green
134245,,c7fbf674-7151-4b31-9215-b4523cffdc16,1,BrK0tYbQ1616528667478,289,figural_mixed,1,,0,green,714.0999999828637,1,repetition,e_g_13.png,color,green
134245,,c7fbf674-7151-4b31-9215-b4523cffdc16,1,BrK0tYbQ1616528667478,290,figural_mixed,1,,0,round,748.3050001319498,1,switch,r_b_12.png,shape,round
134245,,c7fbf674-7151-4b31-9215-b4523cffdc16,1,BrK0tYbQ1616528667478,291,figural_mixed,1,,0,blue,1324.995000148192,1,switch,e_b_08.png,color,blue
134245,,c7fbf674-7151-4b31-9215-b4523cffdc16,1,BrK0tYbQ1616528667478,292,figural_mixed,1,,0,green,763.5999999474734,1,repetition,e_g_09.png,color,green
134245,,c7fbf674-7151-4b31-9215-b4523cffdc16,1,BrK0tYbQ1616528667478,293,figural_mixed,1,,0,green,1394.6199999190867,1,repetition,r_g_12.png,color,green
134245,,c7fbf674-7151-4b31-9215-b4523cffdc16,1,BrK0tYbQ1616528667478,294,figural_single_2_2,1,,0,blue,753.9649999234825,1,single,e_b_01.png,color,blue
134245,,c7fbf674-7151-4b31-9215-b4523cffdc16,1,BrK0tYbQ1616528667478,295,figural_single_2_2,1,,0,blue,618.0650000460446,1,single,r_b_03.png,color,blue
134245,,c7fbf674-7151-4b31-9215-b4523cffdc16,1,BrK0tYbQ1616528667478,296,figural_single_2_2,1,,0,green,496.3050000369549,1,single,e_g_01.png,color,green
134245,,c7fbf674-7151-4b31-9215-b4523cffdc16,1,BrK0tYbQ1616528667478,297,figural_single_2_2,1,,0,green,473.86000002734363,1,single,e_g_13.png,color,green
134245,,c7fbf674-7151-4b31-9215-b4523cffdc16,1,BrK0tYbQ1616528667478,298,figural_single_2_2,1,,0,blue,682.1850000414997,1,single,r_b_16.png,color,blue
134245,,c7fbf674-7151-4b31-9215-b4523cffdc16,1,BrK0tYbQ1616528667478,299,figural_single_2_2,1,,0,blue,744.3300001323223,1,single,r_b_07.png,color,blue
134245,,c7fbf674-7151-4b31-9215-b4523cffdc16,1,BrK0tYbQ1616528667478,300,figural_single_2_2,1,,0,green,478.70499989949167,1,single,r_g_08.png,color,green
134245,,c7fbf674-7151-4b31-9215-b4523cffdc16,1,BrK0tYbQ1616528667478,301,figural_single_2_2,1,,0,blue,700.1000000163913,1,single,r_b_09.png,color,blue
134245,,c7fbf674-7151-4b31-9215-b4523cffdc16,1,BrK0tYbQ1616528667478,302,figural_single_2_2,1,,0,green,659.1350000817329,1,single,r_g_02.png,color,green
134245,,c7fbf674-7151-4b31-9215-b4523cffdc16,1,BrK0tYbQ1616528667478,303,figural_single_2_2,1,,0,green,599.1149998735636,1,single,r_g_12.png,color,green
134245,,c7fbf674-7151-4b31-9215-b4523cffdc16,1,BrK0tYbQ1616528667478,304,figural_single_2_2,1,,0,blue,543.4899998363107,1,single,e_b_08.png,color,blue
134245,,c7fbf674-7151-4b31-9215-b4523cffdc16,1,BrK0tYbQ1616528667478,305,figural_single_2_2,1,,0,green,652.1199999842793,1,single,r_g_04.png,color,green
134245,,c7fbf674-7151-4b31-9215-b4523cffdc16,1,BrK0tYbQ1616528667478,306,figural_single_2_2,1,,0,blue,567.6849998999387,1,single,e_b_03.png,color,blue
134245,,c7fbf674-7151-4b31-9215-b4523cffdc16,1,BrK0tYbQ1616528667478,307,figural_single_2_2,1,,0,blue,519.2500001285225,1,single,e_b_11.png,color,blue
134245,,c7fbf674-7151-4b31-9215-b4523cffdc16,1,BrK0tYbQ1616528667478,308,figural_single_2_2,1,,0,blue,453.36499996483326,1,single,r_b_14.png,color,blue
134245,,c7fbf674-7151-4b31-9215-b4523cffdc16,1,BrK0tYbQ1616528667478,309,figural_single_2_2,1,,0,green,377.4350001476705,1,single,e_g_07.png,color,green
134245,,c7fbf674-7151-4b31-9215-b4523cffdc16,1,BrK0tYbQ1616528667478,310,figural_single_2_2,1,,0,blue,478.9449998643249,1,single,r_b_13.png,color,blue
134245,,c7fbf674-7151-4b31-9215-b4523cffdc16,1,BrK0tYbQ1616528667478,311,figural_single_2_2,1,,0,green,437.08500009961426,1,single,e_g_16.png,color,green
134245,,c7fbf674-7151-4b31-9215-b4523cffdc16,1,BrK0tYbQ1616528667478,312,figural_single_2_2,1,,0,blue,466.85500000603497,1,single,e_b_14.png,color,blue
134245,,c7fbf674-7151-4b31-9215-b4523cffdc16,1,BrK0tYbQ1616528667478,313,figural_single_2_2,1,,0,green,419.1850000061095,1,single,e_g_12.png,color,green
134245,,c7fbf674-7151-4b31-9215-b4523cffdc16,1,BrK0tYbQ1616528667478,314,figural_single_2_2,1,,0,green,590.9299999475479,1,single,r_g_07.png,color,green
134245,,c7fbf674-7151-4b31-9215-b4523cffdc16,1,BrK0tYbQ1616528667478,315,figural_single_2_2,1,,0,blue,465.6400000676513,1,single,e_b_15.png,color,blue
134245,,c7fbf674-7151-4b31-9215-b4523cffdc16,1,BrK0tYbQ1616528667478,316,figural_single_2_2,1,,0,blue,439.79499978013337,1,single,e_b_05.png,color,blue
134245,,c7fbf674-7151-4b31-9215-b4523cffdc16,1,BrK0tYbQ1616528667478,317,figural_single_2_2,1,,0,green,358.63499995321035,1,single,r_g_15.png,color,green
134245,,c7fbf674-7151-4b31-9215-b4523cffdc16,1,BrK0tYbQ1616528667478,318,figural_single_2_2,1,,0,blue,408.24000001884997,1,single,r_b_06.png,color,blue
134245,,c7fbf674-7151-4b31-9215-b4523cffdc16,1,BrK0tYbQ1616528667478,319,figural_single_2_2,1,,0,green,402.8900000266731,1,single,e_g_02.png,color,green
134245,,c7fbf674-7151-4b31-9215-b4523cffdc16,1,BrK0tYbQ1616528667478,320,figural_single_2_2,1,,0,blue,482.04499995335937,0,single,r_g_16.png,color,green
134245,,c7fbf674-7151-4b31-9215-b4523cffdc16,1,BrK0tYbQ1616528667478,321,figural_single_2_2,1,,0,green,368.03999985568225,0,single,e_b_10.png,color,blue
134245,,c7fbf674-7151-4b31-9215-b4523cffdc16,1,BrK0tYbQ1616528667478,322,figural_single_2_2,1,,0,green,995.5500001087785,1,single,e_g_05.png,color,green
134245,,c7fbf674-7151-4b31-9215-b4523cffdc16,1,BrK0tYbQ1616528667478,323,figural_single_2_2,1,,0,green,408.09500007890165,1,single,e_g_03.png,color,green
134245,,c7fbf674-7151-4b31-9215-b4523cffdc16,1,BrK0tYbQ1616528667478,324,figural_single_2_2,1,,0,green,486.30500002764165,1,single,e_g_11.png,color,green
134245,,c7fbf674-7151-4b31-9215-b4523cffdc16,1,BrK0tYbQ1616528667478,325,figural_single_2_2,1,,0,blue,433.8949997909367,1,single,r_b_15.png,color,blue
134245,,c7fbf674-7151-4b31-9215-b4523cffdc16,1,BrK0tYbQ1616528667478,326,figural_single_2_2,1,,0,blue,396.269999910146,1,single,e_b_02.png,color,blue
134245,,c7fbf674-7151-4b31-9215-b4523cffdc16,1,BrK0tYbQ1616528667478,327,figural_single_2_2,1,,0,blue,373.8599999342114,1,single,r_b_08.png,color,blue
134245,,c7fbf674-7151-4b31-9215-b4523cffdc16,1,BrK0tYbQ1616528667478,328,figural_single_2_2,1,,0,green,387.675000121817,1,single,e_g_06.png,color,green
134245,,c7fbf674-7151-4b31-9215-b4523cffdc16,1,BrK0tYbQ1616528667478,329,figural_single_2_2,1,,0,blue,406.6200000233948,1,single,e_b_16.png,color,blue
134245,,c7fbf674-7151-4b31-9215-b4523cffdc16,1,BrK0tYbQ1616528667478,330,figural_single_2_2,1,,0,blue,483.17499994300306,1,single,e_b_06.png,color,blue
134245,,c7fbf674-7151-4b31-9215-b4523cffdc16,1,BrK0tYbQ1616528667478,331,figural_single_2_2,1,,0,green,441.74999999813735,1,single,r_g_09.png,color,green
134245,,c7fbf674-7151-4b31-9215-b4523cffdc16,1,BrK0tYbQ1616528667478,332,figural_single_2_2,1,,0,green,424.9400000553578,1,single,e_g_10.png,color,green
134245,,c7fbf674-7151-4b31-9215-b4523cffdc16,1,BrK0tYbQ1616528667478,333,figural_single_2_2,1,,0,blue,473.5149999614805,1,single,e_b_12.png,color,blue
134245,,c7fbf674-7151-4b31-9215-b4523cffdc16,1,BrK0tYbQ1616528667478,334,figural_single_2_2,1,,0,green,455.37000009790063,1,single,r_g_11.png,color,green
134245,,c7fbf674-7151-4b31-9215-b4523cffdc16,1,BrK0tYbQ1616528667478,335,figural_single_2_2,1,,0,green,730.9149999637157,1,single,r_g_06.png,color,green
134245,,c7fbf674-7151-4b31-9215-b4523cffdc16,1,BrK0tYbQ1616528667478,336,figural_single_2_2,1,,0,green,364.10999996587634,1,single,e_g_04.png,color,green
134245,,c7fbf674-7151-4b31-9215-b4523cffdc16,1,BrK0tYbQ1616528667478,337,figural_single_2_2,1,,0,blue,390.27999993413687,1,single,r_b_01.png,color,blue
134245,,c7fbf674-7151-4b31-9215-b4523cffdc16,1,BrK0tYbQ1616528667478,338,figural_single_2_2,1,,0,green,455.14999981969595,1,single,r_g_03.png,color,green
134245,,c7fbf674-7151-4b31-9215-b4523cffdc16,1,BrK0tYbQ1616528667478,339,figural_single_2_2,1,,0,blue,577.4900000542402,1,single,e_b_04.png,color,blue
134245,,c7fbf674-7151-4b31-9215-b4523cffdc16,1,BrK0tYbQ1616528667478,340,figural_single_2_2,1,,0,blue,413.63999992609024,1,single,r_b_12.png,color,blue
134245,,c7fbf674-7151-4b31-9215-b4523cffdc16,1,BrK0tYbQ1616528667478,341,figural_single_2_2,1,,0,green,359.3349999282509,1,single,r_g_13.png,color,green
134245,,c7fbf674-7151-4b31-9215-b4523cffdc16,1,BrK0tYbQ1616528667478,342,figural_single_2_2,1,,0,blue,391.2349999882281,1,single,r_b_02.png,color,blue
134245,,c7fbf674-7151-4b31-9215-b4523cffdc16,1,BrK0tYbQ1616528667478,343,figural_single_2_2,1,,0,green,387.04499998129904,1,single,e_g_09.png,color,green
134245,,c7fbf674-7151-4b31-9215-b4523cffdc16,1,BrK0tYbQ1616528667478,344,figural_single_2_2,1,,0,green,1045.7550000865012,1,single,e_g_15.png,color,green
134245,,c7fbf674-7151-4b31-9215-b4523cffdc16,1,BrK0tYbQ1616528667478,345,figural_single_2_2,1,,0,green,498.88999992981553,1,single,e_g_08.png,color,green
134245,,c7fbf674-7151-4b31-9215-b4523cffdc16,1,BrK0tYbQ1616528667478,346,figural_single_2_2,1,,0,blue,725.2249999437481,1,single,r_b_05.png,color,blue
134245,,c7fbf674-7151-4b31-9215-b4523cffdc16,1,BrK0tYbQ1616528667478,347,figural_single_2_2,1,,0,green,460.5600000359118,1,single,r_g_14.png,color,green
134245,,c7fbf674-7151-4b31-9215-b4523cffdc16,1,BrK0tYbQ1616528667478,348,figural_single_2_2,1,,0,blue,929.9349999055266,1,single,r_b_04.png,color,blue
134245,,c7fbf674-7151-4b31-9215-b4523cffdc16,1,BrK0tYbQ1616528667478,349,figural_single_2_2,1,,0,green,587.6299999654293,1,single,r_g_10.png,color,green
134245,,c7fbf674-7151-4b31-9215-b4523cffdc16,1,BrK0tYbQ1616528667478,350,figural_single_2_2,1,,0,green,652.8650000691414,1,single,r_g_01.png,color,green
134245,,c7fbf674-7151-4b31-9215-b4523cffdc16,1,BrK0tYbQ1616528667478,351,figural_single_2_2,1,,0,blue,583.7250000331551,1,single,r_b_11.png,color,blue
134245,,c7fbf674-7151-4b31-9215-b4523cffdc16,1,BrK0tYbQ1616528667478,352,figural_single_2_2,1,,0,green,538.4549999143928,1,single,r_g_05.png,color,green
134245,,c7fbf674-7151-4b31-9215-b4523cffdc16,1,BrK0tYbQ1616528667478,353,figural_single_2_2,1,,0,blue,864.3199999351054,1,single,r_b_10.png,color,blue
134245,,c7fbf674-7151-4b31-9215-b4523cffdc16,1,BrK0tYbQ1616528667478,354,figural_single_2_2,1,,0,green,883.4250001236796,0,single,e_b_13.png,color,blue
134245,,c7fbf674-7151-4b31-9215-b4523cffdc16,1,BrK0tYbQ1616528667478,355,figural_single_2_2,1,,0,green,1528.1799999065697,1,single,e_g_14.png,color,green
134245,,c7fbf674-7151-4b31-9215-b4523cffdc16,1,BrK0tYbQ1616528667478,356,figural_single_2_2,1,,0,blue,617.1399999875575,1,single,e_b_07.png,color,blue
134245,,c7fbf674-7151-4b31-9215-b4523cffdc16,1,BrK0tYbQ1616528667478,357,figural_single_2_2,1,,0,green,524.4999998249114,0,single,e_b_09.png,color,blue
134245,,c7fbf674-7151-4b31-9215-b4523cffdc16,1,BrK0tYbQ1616528667478,358,figural_single_1_2,1,,0,angular,669.145000167191,1,single,e_g_11.png,shape,angular
134245,,c7fbf674-7151-4b31-9215-b4523cffdc16,1,BrK0tYbQ1616528667478,359,figural_single_1_2,1,,0,round,501.4900001697242,1,single,r_b_16.png,shape,round
134245,,c7fbf674-7151-4b31-9215-b4523cffdc16,1,BrK0tYbQ1616528667478,360,figural_single_1_2,1,,0,angular,615.0100000668317,1,single,e_b_10.png,shape,angular
134245,,c7fbf674-7151-4b31-9215-b4523cffdc16,1,BrK0tYbQ1616528667478,361,figural_single_1_2,1,,0,round,532.6049998402596,1,single,r_b_02.png,shape,round
134245,,c7fbf674-7151-4b31-9215-b4523cffdc16,1,BrK0tYbQ1616528667478,362,figural_single_1_2,1,,0,round,966.3650000002235,1,single,r_g_08.png,shape,round
134245,,c7fbf674-7151-4b31-9215-b4523cffdc16,1,BrK0tYbQ1616528667478,363,figural_single_1_2,1,,0,angular,627.8399999719113,1,single,e_g_02.png,shape,angular
134245,,c7fbf674-7151-4b31-9215-b4523cffdc16,1,BrK0tYbQ1616528667478,364,figural_single_1_2,1,,0,round,1122.9850000236183,1,single,r_g_05.png,shape,round
134245,,c7fbf674-7151-4b31-9215-b4523cffdc16,1,BrK0tYbQ1616528667478,365,figural_single_1_2,1,,0,angular,754.5549999922514,1,single,e_b_15.png,shape,angular
134245,,c7fbf674-7151-4b31-9215-b4523cffdc16,1,BrK0tYbQ1616528667478,366,figural_single_1_2,1,,0,round,696.0900002159178,1,single,r_b_09.png,shape,round
134245,,c7fbf674-7151-4b31-9215-b4523cffdc16,1,BrK0tYbQ1616528667478,367,figural_single_1_2,1,,0,angular,469.79499980807304,1,single,e_b_12.png,shape,angular
134245,,c7fbf674-7151-4b31-9215-b4523cffdc16,1,BrK0tYbQ1616528667478,368,figural_single_1_2,1,,0,angular,619.3999999668449,1,single,e_g_15.png,shape,angular
134245,,c7fbf674-7151-4b31-9215-b4523cffdc16,1,BrK0tYbQ1616528667478,369,figural_single_1_2,1,,0,round,543.6650000046939,1,single,r_g_04.png,shape,round
134245,,c7fbf674-7151-4b31-9215-b4523cffdc16,1,BrK0tYbQ1616528667478,370,figural_single_1_2,1,,0,angular,495.4200000502169,1,single,e_b_14.png,shape,angular
134245,,c7fbf674-7151-4b31-9215-b4523cffdc16,1,BrK0tYbQ1616528667478,371,figural_single_1_2,1,,0,angular,448.41499999165535,1,single,e_b_02.png,shape,angular
134245,,c7fbf674-7151-4b31-9215-b4523cffdc16,1,BrK0tYbQ1616528667478,372,figural_single_1_2,1,,0,round,380.9799998998642,1,single,r_g_15.png,shape,round
134245,,c7fbf674-7151-4b31-9215-b4523cffdc16,1,BrK0tYbQ1616528667478,373,figural_single_1_2,1,,0,angular,509.9200000986457,1,single,e_b_11.png,shape,angular
134245,,c7fbf674-7151-4b31-9215-b4523cffdc16,1,BrK0tYbQ1616528667478,374,figural_single_1_2,1,,0,round,731.5700000617653,1,single,r_b_07.png,shape,round
134245,,c7fbf674-7151-4b31-9215-b4523cffdc16,1,BrK0tYbQ1616528667478,375,figural_single_1_2,1,,0,round,397.57499983534217,1,single,r_g_06.png,shape,round
134245,,c7fbf674-7151-4b31-9215-b4523cffdc16,1,BrK0tYbQ1616528667478,376,figural_single_1_2,1,,0,round,400.2350000664592,1,single,r_g_02.png,shape,round
134245,,c7fbf674-7151-4b31-9215-b4523cffdc16,1,BrK0tYbQ1616528667478,377,figural_single_1_2,1,,0,angular,449.66000015847385,1,single,e_b_09.png,shape,angular
134245,,c7fbf674-7151-4b31-9215-b4523cffdc16,1,BrK0tYbQ1616528667478,378,figural_single_1_2,1,,0,round,474.8649999964982,1,single,r_b_15.png,shape,round
134245,,c7fbf674-7151-4b31-9215-b4523cffdc16,1,BrK0tYbQ1616528667478,379,figural_single_1_2,1,,0,round,452.2700000088662,0,single,e_g_14.png,shape,angular
134245,,c7fbf674-7151-4b31-9215-b4523cffdc16,1,BrK0tYbQ1616528667478,380,figural_single_1_2,1,,0,round,661.5649999585003,1,single,r_b_04.png,shape,round
134245,,c7fbf674-7151-4b31-9215-b4523cffdc16,1,BrK0tYbQ1616528667478,381,figural_single_1_2,1,,0,round,614.6150000859052,1,single,r_g_09.png,shape,round
134245,,c7fbf674-7151-4b31-9215-b4523cffdc16,1,BrK0tYbQ1616528667478,382,figural_single_1_2,1,,0,angular,447.51000008545816,1,single,e_g_03.png,shape,angular
134245,,c7fbf674-7151-4b31-9215-b4523cffdc16,1,BrK0tYbQ1616528667478,383,figural_single_1_2,1,,0,round,491.4750000461936,1,single,r_b_13.png,shape,round
134245,,c7fbf674-7151-4b31-9215-b4523cffdc16,1,BrK0tYbQ1616528667478,384,figural_single_1_2,1,,0,round,577.4650000967085,1,single,r_b_03.png,shape,round
134245,,c7fbf674-7151-4b31-9215-b4523cffdc16,1,BrK0tYbQ1616528667478,385,figural_single_1_2,1,,0,round,534.2349999118596,1,single,r_g_14.png,shape,round
134245,,c7fbf674-7151-4b31-9215-b4523cffdc16,1,BrK0tYbQ1616528667478,386,figural_single_1_2,1,,0,angular,431.1699999962002,1,single,e_b_05.png,shape,angular
134245,,c7fbf674-7151-4b31-9215-b4523cffdc16,1,BrK0tYbQ1616528667478,387,figural_single_1_2,1,,0,round,471.29000001586974,1,single,r_b_10.png,shape,round
134245,,c7fbf674-7151-4b31-9215-b4523cffdc16,1,BrK0tYbQ1616528667478,388,figural_single_1_2,1,,0,round,567.1449999790639,1,single,r_b_12.png,shape,round
134245,,c7fbf674-7151-4b31-9215-b4523cffdc16,1,BrK0tYbQ1616528667478,389,figural_single_1_2,1,,0,round,562.9199999384582,1,single,r_b_14.png,shape,round
134245,,c7fbf674-7151-4b31-9215-b4523cffdc16,1,BrK0tYbQ1616528667478,390,figural_single_1_2,1,,0,angular,458.29999982379377,1,single,e_g_16.png,shape,angular
134245,,c7fbf674-7151-4b31-9215-b4523cffdc16,1,BrK0tYbQ1616528667478,391,figural_single_1_2,1,,0,round,379.66500013135374,1,single,r_g_12.png,shape,round
134245,,c7fbf674-7151-4b31-9215-b4523cffdc16,1,BrK0tYbQ1616528667478,392,figural_single_1_2,1,,0,round,497.0699998084456,1,single,r_g_11.png,shape,round
134245,,c7fbf674-7151-4b31-9215-b4523cffdc16,1,BrK0tYbQ1616528667478,393,figural_single_1_2,1,,0,angular,399.1149999201298,1,single,e_b_03.png,shape,angular
134245,,c7fbf674-7151-4b31-9215-b4523cffdc16,1,BrK0tYbQ1616528667478,394,figural_single_1_2,1,,0,angular,556.4949999097735,1,single,e_b_04.png,shape,angular
134245,,c7fbf674-7151-4b31-9215-b4523cffdc16,1,BrK0tYbQ1616528667478,395,figural_single_1_2,1,,0,round,497.20500013791025,1,single,r_b_11.png,shape,round
134245,,c7fbf674-7151-4b31-9215-b4523cffdc16,1,BrK0tYbQ1616528667478,396,figural_single_1_2,1,,0,angular,383.0800000578165,1,single,e_g_05.png,shape,angular
134245,,c7fbf674-7151-4b31-9215-b4523cffdc16,1,BrK0tYbQ1616528667478,397,figural_single_1_2,1,,0,angular,561.4249999634922,1,single,e_b_16.png,shape,angular
134245,,c7fbf674-7151-4b31-9215-b4523cffdc16,1,BrK0tYbQ1616528667478,398,figural_single_1_2,1,,0,angular,463.30499998293817,1,single,e_g_13.png,shape,angular
134245,,c7fbf674-7151-4b31-9215-b4523cffdc16,1,BrK0tYbQ1616528667478,399,figural_single_1_2,1,,0,round,433.9149999432266,1,single,r_g_01.png,shape,round
134245,,c7fbf674-7151-4b31-9215-b4523cffdc16,1,BrK0tYbQ1616528667478,400,figural_single_1_2,1,,0,angular,405.98500007763505,1,single,e_b_08.png,shape,angular
134245,,c7fbf674-7151-4b31-9215-b4523cffdc16,1,BrK0tYbQ1616528667478,401,figural_single_1_2,1,,0,angular,418.7600000295788,1,single,e_g_10.png,shape,angular
134245,,c7fbf674-7151-4b31-9215-b4523cffdc16,1,BrK0tYbQ1616528667478,402,figural_single_1_2,1,,0,round,514.1499999444932,1,single,r_g_13.png,shape,round
134245,,c7fbf674-7151-4b31-9215-b4523cffdc16,1,BrK0tYbQ1616528667478,403,figural_single_1_2,1,,0,angular,434.5549999270588,1,single,e_b_01.png,shape,angular
134245,,c7fbf674-7151-4b31-9215-b4523cffdc16,1,BrK0tYbQ1616528667478,404,figural_single_1_2,1,,0,angular,415.11499998159707,1,single,e_b_06.png,shape,angular
134245,,c7fbf674-7151-4b31-9215-b4523cffdc16,1,BrK0tYbQ1616528667478,405,figural_single_1_2,1,,0,round,689.8749999236315,1,single,r_g_10.png,shape,round
134245,,c7fbf674-7151-4b31-9215-b4523cffdc16,1,BrK0tYbQ1616528667478,406,figural_single_1_2,1,,0,angular,462.6450000796467,1,single,e_g_08.png,shape,angular
134245,,c7fbf674-7151-4b31-9215-b4523cffdc16,1,BrK0tYbQ1616528667478,407,figural_single_1_2,1,,0,angular,554.3949999846518,1,single,e_g_07.png,shape,angular
134245,,c7fbf674-7151-4b31-9215-b4523cffdc16,1,BrK0tYbQ1616528667478,408,figural_single_1_2,1,,0,round,1328.56999989599,1,single,r_b_06.png,shape,round
134245,,c7fbf674-7151-4b31-9215-b4523cffdc16,1,BrK0tYbQ1616528667478,409,figural_single_1_2,1,,0,angular,520.8850000053644,1,single,e_g_09.png,shape,angular
134245,,c7fbf674-7151-4b31-9215-b4523cffdc16,1,BrK0tYbQ1616528667478,410,figural_single_1_2,1,,0,round,518.4850001242012,1,single,r_b_01.png,shape,round
134245,,c7fbf674-7151-4b31-9215-b4523cffdc16,1,BrK0tYbQ1616528667478,411,figural_single_1_2,1,,0,angular,491.3250000681728,1,single,e_b_13.png,shape,angular
134245,,c7fbf674-7151-4b31-9215-b4523cffdc16,1,BrK0tYbQ1616528667478,412,figural_single_1_2,1,,0,angular,548.4850001521409,1,single,e_g_04.png,shape,angular
134245,,c7fbf674-7151-4b31-9215-b4523cffdc16,1,BrK0tYbQ1616528667478,413,figural_single_1_2,1,,0,angular,435.0950000807643,1,single,e_g_12.png,shape,angular
134245,,c7fbf674-7151-4b31-9215-b4523cffdc16,1,BrK0tYbQ1616528667478,414,figural_single_1_2,1,,0,round,641.5249998681247,1,single,r_b_08.png,shape,round
134245,,c7fbf674-7151-4b31-9215-b4523cffdc16,1,BrK0tYbQ1616528667478,415,figural_single_1_2,1,,0,angular,458.8699999731034,1,single,e_b_07.png,shape,angular
134245,,c7fbf674-7151-4b31-9215-b4523cffdc16,1,BrK0tYbQ1616528667478,416,figural_single_1_2,1,,0,round,668.220000108704,1,single,r_g_03.png,shape,round
134245,,c7fbf674-7151-4b31-9215-b4523cffdc16,1,BrK0tYbQ1616528667478,417,figural_single_1_2,1,,0,angular,481.1150000896305,1,single,e_g_06.png,shape,angular
134245,,c7fbf674-7151-4b31-9215-b4523cffdc16,1,BrK0tYbQ1616528667478,418,figural_single_1_2,1,,0,round,666.7000001762062,1,single,r_g_16.png,shape,round
134245,,c7fbf674-7151-4b31-9215-b4523cffdc16,1,BrK0tYbQ1616528667478,419,figural_single_1_2,1,,0,round,659.0849999338388,1,single,r_b_05.png,shape,round
134245,,c7fbf674-7151-4b31-9215-b4523cffdc16,1,BrK0tYbQ1616528667478,420,figural_single_1_2,1,,0,angular,758.3300000987947,1,single,e_g_01.png,shape,angular
134245,,c7fbf674-7151-4b31-9215-b4523cffdc16,1,BrK0tYbQ1616528667478,421,figural_single_1_2,1,,0,round,585.4850001633167,1,single,r_g_07.png,shape,round