userCode,extId,moduleId,sessionId,sessionToken,trialId,executableId,session.complete,session.condition,session.forceExit,givenResponse,reactionTime,score,shiftingType,stimulusValue,stimulusType,correctResponse
134265,,c7fbf674-7151-4b31-9215-b4523cffdc16,1,bBaT9shR1616530271704,1,figural_single_1_practice,1,,0,round,449.7699999992619,1,single,r_b_10.png,shape,round
134265,,c7fbf674-7151-4b31-9215-b4523cffdc16,1,bBaT9shR1616530271704,2,figural_single_1_practice,1,,0,angular,393.54500000081316,1,single,e_b_09.png,shape,angular
134265,,c7fbf674-7151-4b31-9215-b4523cffdc16,1,bBaT9shR1616530271704,3,figural_single_1_practice,1,,0,round,579.2949999995471,1,single,r_b_11.png,shape,round
134265,,c7fbf674-7151-4b31-9215-b4523cffdc16,1,bBaT9shR1616530271704,4,figural_single_1_practice,1,,0,round,608.3099999996193,1,single,r_g_05.png,shape,round
134265,,c7fbf674-7151-4b31-9215-b4523cffdc16,1,bBaT9shR1616530271704,5,figural_single_1_practice,1,,0,angular,428.5950000012235,1,single,e_b_14.png,shape,angular
134265,,c7fbf674-7151-4b31-9215-b4523cffdc16,1,bBaT9shR1616530271704,6,figural_single_1_practice,1,,0,angular,784.8749999993743,1,single,e_g_07.png,shape,angular
134265,,c7fbf674-7151-4b31-9215-b4523cffdc16,1,bBaT9shR1616530271704,7,figural_single_1_practice,1,,0,angular,471.94999999919673,1,single,e_g_12.png,shape,angular
134265,,c7fbf674-7151-4b31-9215-b4523cffdc16,1,bBaT9shR1616530271704,8,figural_single_1_practice,1,,0,round,561.4500000010594,1,single,r_b_16.png,shape,round
134265,,c7fbf674-7151-4b31-9215-b4523cffdc16,1,bBaT9shR1616530271704,9,figural_single_1_practice,1,,0,round,581.5249999996013,1,single,r_g_02.png,shape,round
134265,,c7fbf674-7151-4b31-9215-b4523cffdc16,1,bBaT9shR1616530271704,10,figural_single_1_practice,1,,0,angular,1735.515000000305,1,single,e_b_04.png,shape,angular
134265,,c7fbf674-7151-4b31-9215-b4523cffdc16,1,bBaT9shR1616530271704,11,figural_single_1_practice,1,,0,angular,661.2349999995786,1,single,e_g_06.png,shape,angular
134265,,c7fbf674-7151-4b31-9215-b4523cffdc16,1,bBaT9shR1616530271704,12,figural_single_1_practice,1,,0,round,566.0800000005111,1,single,r_g_15.png,shape,round
134265,,c7fbf674-7151-4b31-9215-b4523cffdc16,1,bBaT9shR1616530271704,13,figural_single_1_1,1,,0,round,480.43000000143365,1,single,r_b_01.png,shape,round
134265,,c7fbf674-7151-4b31-9215-b4523cffdc16,1,bBaT9shR1616530271704,14,figural_single_1_1,1,,0,angular,483.0449999990378,1,single,e_g_11.png,shape,angular
134265,,c7fbf674-7151-4b31-9215-b4523cffdc16,1,bBaT9shR1616530271704,15,figural_single_1_1,1,,0,round,614.370000001145,1,single,r_b_10.png,shape,round
134265,,c7fbf674-7151-4b31-9215-b4523cffdc16,1,bBaT9shR1616530271704,16,figural_single_1_1,1,,0,round,437.57499999992433,1,single,r_b_06.png,shape,round
134265,,c7fbf674-7151-4b31-9215-b4523cffdc16,1,bBaT9shR1616530271704,17,figural_single_1_1,1,,0,angular,446.63500000024214,1,single,e_g_07.png,shape,angular
134265,,c7fbf674-7151-4b31-9215-b4523cffdc16,1,bBaT9shR1616530271704,18,figural_single_1_1,1,,0,angular,451.99999999931606,1,single,e_g_13.png,shape,angular
134265,,c7fbf674-7151-4b31-9215-b4523cffdc16,1,bBaT9shR1616530271704,19,figural_single_1_1,1,,0,round,473.3300000007148,1,single,r_g_06.png,shape,round
134265,,c7fbf674-7151-4b31-9215-b4523cffdc16,1,bBaT9shR1616530271704,20,figural_single_1_1,1,,0,angular,768.5499999988679,1,single,e_g_16.png,shape,angular
134265,,c7fbf674-7151-4b31-9215-b4523cffdc16,1,bBaT9shR1616530271704,21,figural_single_1_1,1,,0,angular,510.36999999996624,1,single,e_b_09.png,shape,angular
134265,,c7fbf674-7151-4b31-9215-b4523cffdc16,1,bBaT9shR1616530271704,22,figural_single_1_1,1,,0,angular,426.6800000004878,1,single,e_b_08.png,shape,angular
134265,,c7fbf674-7151-4b31-9215-b4523cffdc16,1,bBaT9shR1616530271704,23,figural_single_1_1,1,,0,round,437.74499999926775,1,single,r_b_12.png,shape,round
134265,,c7fbf674-7151-4b31-9215-b4523cffdc16,1,bBaT9shR1616530271704,24,figural_single_1_1,1,,0,angular,902.0199999995384,1,single,e_b_10.png,shape,angular
134265,,c7fbf674-7151-4b31-9215-b4523cffdc16,1,bBaT9shR1616530271704,25,figural_single_1_1,1,,0,angular,441.7349999985163,1,single,e_b_05.png,shape,angular
134265,,c7fbf674-7151-4b31-9215-b4523cffdc16,1,bBaT9shR1616530271704,26,figural_single_1_1,1,,0,round,508.20500000008906,1,single,r_b_13.png,shape,round
134265,,c7fbf674-7151-4b31-9215-b4523cffdc16,1,bBaT9shR1616530271704,27,figural_single_1_1,1,,0,round,626.6300000006595,1,single,r_g_15.png,shape,round
134265,,c7fbf674-7151-4b31-9215-b4523cffdc16,1,bBaT9shR1616530271704,28,figural_single_1_1,1,,0,angular,502.01000000015483,1,single,e_g_09.png,shape,angular
134265,,c7fbf674-7151-4b31-9215-b4523cffdc16,1,bBaT9shR1616530271704,29,figural_single_1_1,1,,0,round,533.4250000014435,1,single,r_g_02.png,shape,round
134265,,c7fbf674-7151-4b31-9215-b4523cffdc16,1,bBaT9shR1616530271704,30,figural_single_1_1,1,,0,round,625.3550000001269,1,single,r_b_07.png,shape,round
134265,,c7fbf674-7151-4b31-9215-b4523cffdc16,1,bBaT9shR1616530271704,31,figural_single_1_1,1,,0,angular,529.6650000000227,1,single,e_b_06.png,shape,angular
134265,,c7fbf674-7151-4b31-9215-b4523cffdc16,1,bBaT9shR1616530271704,32,figural_single_1_1,1,,0,round,454.569999999876,1,single,r_b_16.png,shape,round
134265,,c7fbf674-7151-4b31-9215-b4523cffdc16,1,bBaT9shR1616530271704,33,figural_single_1_1,1,,0,round,472.42000000005646,1,single,r_b_02.png,shape,round
134265,,c7fbf674-7151-4b31-9215-b4523cffdc16,1,bBaT9shR1616530271704,34,figural_single_1_1,1,,0,angular,470.22499999911815,1,single,e_g_06.png,shape,angular
134265,,c7fbf674-7151-4b31-9215-b4523cffdc16,1,bBaT9shR1616530271704,35,figural_single_1_1,1,,0,round,538.379999999961,1,single,r_g_03.png,shape,round
134265,,c7fbf674-7151-4b31-9215-b4523cffdc16,1,bBaT9shR1616530271704,36,figural_single_1_1,1,,0,angular,474.28000000036263,1,single,e_g_05.png,shape,angular
134265,,c7fbf674-7151-4b31-9215-b4523cffdc16,1,bBaT9shR1616530271704,37,figural_single_1_1,1,,0,angular,508.78999999986263,1,single,e_b_13.png,shape,angular
134265,,c7fbf674-7151-4b31-9215-b4523cffdc16,1,bBaT9shR1616530271704,38,figural_single_1_1,1,,0,angular,451.24500000019907,1,single,e_g_15.png,shape,angular
134265,,c7fbf674-7151-4b31-9215-b4523cffdc16,1,bBaT9shR1616530271704,39,figural_single_1_1,1,,0,round,554.4050000007701,1,single,r_g_08.png,shape,round
134265,,c7fbf674-7151-4b31-9215-b4523cffdc16,1,bBaT9shR1616530271704,40,figural_single_1_1,1,,0,round,703.8750000010623,1,single,r_b_05.png,shape,round
134265,,c7fbf674-7151-4b31-9215-b4523cffdc16,1,bBaT9shR1616530271704,41,figural_single_1_1,1,,0,angular,501.6349999987142,1,single,e_b_02.png,shape,angular
134265,,c7fbf674-7151-4b31-9215-b4523cffdc16,1,bBaT9shR1616530271704,42,figural_single_1_1,1,,0,angular,600.6649999999354,1,single,e_g_14.png,shape,angular
134265,,c7fbf674-7151-4b31-9215-b4523cffdc16,1,bBaT9shR1616530271704,43,figural_single_1_1,1,,0,round,497.87499999911233,1,single,r_b_03.png,shape,round
134265,,c7fbf674-7151-4b31-9215-b4523cffdc16,1,bBaT9shR1616530271704,44,figural_single_1_1,1,,0,angular,546.6300000007323,1,single,e_b_14.png,shape,angular
134265,,c7fbf674-7151-4b31-9215-b4523cffdc16,1,bBaT9shR1616530271704,45,figural_single_1_1,1,,0,angular,587.3549999996612,1,single,e_b_04.png,shape,angular
134265,,c7fbf674-7151-4b31-9215-b4523cffdc16,1,bBaT9shR1616530271704,46,figural_single_1_1,1,,0,angular,501.07000000025437,1,single,e_b_03.png,shape,angular
134265,,c7fbf674-7151-4b31-9215-b4523cffdc16,1,bBaT9shR1616530271704,47,figural_single_1_1,1,,0,round,536.4900000004127,1,single,r_g_16.png,shape,round
134265,,c7fbf674-7151-4b31-9215-b4523cffdc16,1,bBaT9shR1616530271704,48,figural_single_1_1,1,,0,round,489.5100000012462,1,single,r_g_13.png,shape,round
134265,,c7fbf674-7151-4b31-9215-b4523cffdc16,1,bBaT9shR1616530271704,49,figural_single_1_1,1,,0,round,424.81000000043423,1,single,r_g_14.png,shape,round
134265,,c7fbf674-7151-4b31-9215-b4523cffdc16,1,bBaT9shR1616530271704,50,figural_single_1_1,1,,0,angular,514.8249999983818,1,single,e_g_08.png,shape,angular
134265,,c7fbf674-7151-4b31-9215-b4523cffdc16,1,bBaT9shR1616530271704,51,figural_single_1_1,1,,0,round,606.0850000012579,1,single,r_g_09.png,shape,round
134265,,c7fbf674-7151-4b31-9215-b4523cffdc16,1,bBaT9shR1616530271704,52,figural_single_1_1,1,,0,angular,451.2649999996938,1,single,e_g_04.png,shape,angular
134265,,c7fbf674-7151-4b31-9215-b4523cffdc16,1,bBaT9shR1616530271704,53,figural_single_1_1,1,,0,angular,543.30999999911,1,single,e_b_15.png,shape,angular
134265,,c7fbf674-7151-4b31-9215-b4523cffdc16,1,bBaT9shR1616530271704,54,figural_single_1_1,1,,0,round,491.0650000001624,1,single,r_g_04.png,shape,round
134265,,c7fbf674-7151-4b31-9215-b4523cffdc16,1,bBaT9shR1616530271704,55,figural_single_1_1,1,,0,angular,470.9449999991193,1,single,e_b_07.png,shape,angular
134265,,c7fbf674-7151-4b31-9215-b4523cffdc16,1,bBaT9shR1616530271704,56,figural_single_1_1,1,,0,angular,432.4849999993603,1,single,e_b_16.png,shape,angular
134265,,c7fbf674-7151-4b31-9215-b4523cffdc16,1,bBaT9shR1616530271704,57,figural_single_1_1,1,,0,round,592.2549999995681,1,single,r_b_08.png,shape,round
134265,,c7fbf674-7151-4b31-9215-b4523cffdc16,1,bBaT9shR1616530271704,58,figural_single_1_1,1,,0,angular,433.52500000037253,1,single,e_g_12.png,shape,angular
134265,,c7fbf674-7151-4b31-9215-b4523cffdc16,1,bBaT9shR1616530271704,59,figural_single_1_1,1,,0,round,483.78000000047905,1,single,r_b_14.png,shape,round
134265,,c7fbf674-7151-4b31-9215-b4523cffdc16,1,bBaT9shR1616530271704,60,figural_single_1_1,1,,0,round,559.2800000013085,1,single,r_g_05.png,shape,round
134265,,c7fbf674-7151-4b31-9215-b4523cffdc16,1,bBaT9shR1616530271704,61,figural_single_1_1,1,,0,round,451.03500000004715,1,single,r_g_01.png,shape,round
134265,,c7fbf674-7151-4b31-9215-b4523cffdc16,1,bBaT9shR1616530271704,62,figural_single_1_1,1,,0,angular,550.8950000003097,1,single,e_g_02.png,shape,angular
134265,,c7fbf674-7151-4b31-9215-b4523cffdc16,1,bBaT9shR1616530271704,63,figural_single_1_1,1,,0,round,592.5349999997707,1,single,r_g_11.png,shape,round
134265,,c7fbf674-7151-4b31-9215-b4523cffdc16,1,bBaT9shR1616530271704,64,figural_single_1_1,1,,0,round,523.5749999992549,1,single,r_g_10.png,shape,round
134265,,c7fbf674-7151-4b31-9215-b4523cffdc16,1,bBaT9shR1616530271704,65,figural_single_1_1,1,,0,round,483.8900000013382,1,single,r_b_04.png,shape,round
134265,,c7fbf674-7151-4b31-9215-b4523cffdc16,1,bBaT9shR1616530271704,66,figural_single_1_1,1,,0,angular,481.0649999999441,1,single,e_g_01.png,shape,angular
134265,,c7fbf674-7151-4b31-9215-b4523cffdc16,1,bBaT9shR1616530271704,67,figural_single_1_1,1,,0,round,468.6600000004546,1,single,r_b_09.png,shape,round
134265,,c7fbf674-7151-4b31-9215-b4523cffdc16,1,bBaT9shR1616530271704,68,figural_single_1_1,1,,0,round,427.4600000007922,1,single,r_b_15.png,shape,round
134265,,c7fbf674-7151-4b31-9215-b4523cffdc16,1,bBaT9shR1616530271704,69,figural_single_1_1,1,,0,round,561.7199999996956,1,single,r_g_07.png,shape,round
134265,,c7fbf674-7151-4b31-9215-b4523cffdc16,1,bBaT9shR1616530271704,70,figural_single_1_1,1,,0,angular,573.0050000001938,1,single,e_b_01.png,shape,angular
134265,,c7fbf674-7151-4b31-9215-b4523cffdc16,1,bBaT9shR1616530271704,71,figural_single_1_1,1,,0,angular,380.21000000117056,1,single,e_b_12.png,shape,angular
134265,,c7fbf674-7151-4b31-9215-b4523cffdc16,1,bBaT9shR1616530271704,72,figural_single_1_1,1,,0,round,417.5749999994878,1,single,r_b_11.png,shape,round
134265,,c7fbf674-7151-4b31-9215-b4523cffdc16,1,bBaT9shR1616530271704,73,figural_single_1_1,1,,0,round,617.500000000291,1,single,r_g_12.png,shape,round
134265,,c7fbf674-7151-4b31-9215-b4523cffdc16,1,bBaT9shR1616530271704,74,figural_single_1_1,1,,0,angular,582.5999999997293,1,single,e_g_03.png,shape,angular
134265,,c7fbf674-7151-4b31-9215-b4523cffdc16,1,bBaT9shR1616530271704,75,figural_single_1_1,1,,0,angular,595.5149999990681,1,single,e_g_10.png,shape,angular
134265,,c7fbf674-7151-4b31-9215-b4523cffdc16,1,bBaT9shR1616530271704,76,figural_single_1_1,1,,0,angular,447.11499999903026,1,single,e_b_11.png,shape,angular
134265,,c7fbf674-7151-4b31-9215-b4523cffdc16,1,bBaT9shR1616530271704,77,figural_single_2_practice,1,,0,blue,338.5249999992084,1,single,r_b_07.png,color,blue
134265,,c7fbf674-7151-4b31-9215-b4523cffdc16,1,bBaT9shR1616530271704,78,figural_single_2_practice,1,,0,green,837.484999999986,1,single,r_g_09.png,color,green
134265,,c7fbf674-7151-4b31-9215-b4523cffdc16,1,bBaT9shR1616530271704,79,figural_single_2_practice,1,,0,green,479.9499999990221,1,single,e_g_04.png,color,green
134265,,c7fbf674-7151-4b31-9215-b4523cffdc16,1,bBaT9shR1616530271704,80,figural_single_2_practice,1,,0,blue,578.03000000061,1,single,r_b_14.png,color,blue
134265,,c7fbf674-7151-4b31-9215-b4523cffdc16,1,bBaT9shR1616530271704,81,figural_single_2_practice,1,,0,blue,1168.765000000334,1,single,e_b_06.png,color,blue
134265,,c7fbf674-7151-4b31-9215-b4523cffdc16,1,bBaT9shR1616530271704,82,figural_single_2_practice,1,,0,green,501.96499999950174,1,single,e_g_10.png,color,green
134265,,c7fbf674-7151-4b31-9215-b4523cffdc16,1,bBaT9shR1616530271704,83,figural_single_2_practice,1,,0,blue,563.2549999991315,1,single,e_b_16.png,color,blue
134265,,c7fbf674-7151-4b31-9215-b4523cffdc16,1,bBaT9shR1616530271704,84,figural_single_2_practice,1,,0,green,375.09999999930733,1,single,e_g_08.png,color,green
134265,,c7fbf674-7151-4b31-9215-b4523cffdc16,1,bBaT9shR1616530271704,85,figural_single_2_practice,1,,0,blue,275.24999999877764,1,single,e_b_02.png,color,blue
134265,,c7fbf674-7151-4b31-9215-b4523cffdc16,1,bBaT9shR1616530271704,86,figural_single_2_practice,1,,0,green,245.50999999881606,1,single,r_g_03.png,color,green
134265,,c7fbf674-7151-4b31-9215-b4523cffdc16,1,bBaT9shR1616530271704,87,figural_single_2_practice,1,,0,blue,345.64000000138185,1,single,r_b_13.png,color,blue
134265,,c7fbf674-7151-4b31-9215-b4523cffdc16,1,bBaT9shR1616530271704,88,figural_single_2_practice,1,,0,green,239.48500000007334,1,single,r_g_01.png,color,green
134265,,c7fbf674-7151-4b31-9215-b4523cffdc16,1,bBaT9shR1616530271704,89,figural_single_2_1,1,,0,green,366.9950000002864,1,single,r_g_07.png,color,green
134265,,c7fbf674-7151-4b31-9215-b4523cffdc16,1,bBaT9shR1616530271704,90,figural_single_2_1,1,,0,blue,389.3900000002468,1,single,r_b_03.png,color,blue
134265,,c7fbf674-7151-4b31-9215-b4523cffdc16,1,bBaT9shR1616530271704,91,figural_single_2_1,1,,0,green,337.65000000130385,1,single,r_g_08.png,color,green
134265,,c7fbf674-7151-4b31-9215-b4523cffdc16,1,bBaT9shR1616530271704,92,figural_single_2_1,1,,0,green,350.0349999995087,1,single,e_g_01.png,color,green
134265,,c7fbf674-7151-4b31-9215-b4523cffdc16,1,bBaT9shR1616530271704,93,figural_single_2_1,1,,0,green,301.77499999990687,1,single,e_g_09.png,color,green
134265,,c7fbf674-7151-4b31-9215-b4523cffdc16,1,bBaT9shR1616530271704,94,figural_single_2_1,1,,0,blue,331.39999999912106,1,single,r_b_08.png,color,blue
134265,,c7fbf674-7151-4b31-9215-b4523cffdc16,1,bBaT9shR1616530271704,95,figural_single_2_1,1,,0,blue,344.70499999952153,1,single,e_b_03.png,color,blue
134265,,c7fbf674-7151-4b31-9215-b4523cffdc16,1,bBaT9shR1616530271704,96,figural_single_2_1,1,,0,green,354.34999999962747,1,single,e_g_07.png,color,green
134265,,c7fbf674-7151-4b31-9215-b4523cffdc16,1,bBaT9shR1616530271704,97,figural_single_2_1,1,,0,blue,427.34000000020023,1,single,e_b_02.png,color,blue
134265,,c7fbf674-7151-4b31-9215-b4523cffdc16,1,bBaT9shR1616530271704,98,figural_single_2_1,1,,0,green,404.6550000002899,1,single,e_g_04.png,color,green
134265,,c7fbf674-7151-4b31-9215-b4523cffdc16,1,bBaT9shR1616530271704,99,figural_single_2_1,1,,0,green,330.70500000030734,1,single,r_g_06.png,color,green
134265,,c7fbf674-7151-4b31-9215-b4523cffdc16,1,bBaT9shR1616530271704,100,figural_single_2_1,1,,0,blue,441.38999999995576,1,single,e_b_08.png,color,blue
134265,,c7fbf674-7151-4b31-9215-b4523cffdc16,1,bBaT9shR1616530271704,101,figural_single_2_1,1,,0,green,346.70000000006985,1,single,e_g_16.png,color,green
134265,,c7fbf674-7151-4b31-9215-b4523cffdc16,1,bBaT9shR1616530271704,102,figural_single_2_1,1,,0,blue,347.90499999868916,1,single,e_b_06.png,color,blue
134265,,c7fbf674-7151-4b31-9215-b4523cffdc16,1,bBaT9shR1616530271704,103,figural_single_2_1,1,,0,blue,325.39999999973224,1,single,e_b_04.png,color,blue
134265,,c7fbf674-7151-4b31-9215-b4523cffdc16,1,bBaT9shR1616530271704,104,figural_single_2_1,1,,0,green,328.3400000000256,1,single,r_g_10.png,color,green
134265,,c7fbf674-7151-4b31-9215-b4523cffdc16,1,bBaT9shR1616530271704,105,figural_single_2_1,1,,0,blue,396.6200000013341,1,single,e_b_12.png,color,blue
134265,,c7fbf674-7151-4b31-9215-b4523cffdc16,1,bBaT9shR1616530271704,106,figural_single_2_1,1,,0,green,270.90499999941676,0,single,r_b_09.png,color,blue
134265,,c7fbf674-7151-4b31-9215-b4523cffdc16,1,bBaT9shR1616530271704,107,figural_single_2_1,1,,0,green,679.1200000006938,1,single,r_g_15.png,color,green
134265,,c7fbf674-7151-4b31-9215-b4523cffdc16,1,bBaT9shR1616530271704,108,figural_single_2_1,1,,0,green,390.41999999975087,1,single,e_g_08.png,color,green
134265,,c7fbf674-7151-4b31-9215-b4523cffdc16,1,bBaT9shR1616530271704,109,figural_single_2_1,1,,0,blue,527.9950000003737,1,single,e_b_11.png,color,blue
134265,,c7fbf674-7151-4b31-9215-b4523cffdc16,1,bBaT9shR1616530271704,110,figural_single_2_1,1,,0,blue,342.8049999984214,1,single,r_b_13.png,color,blue
134265,,c7fbf674-7151-4b31-9215-b4523cffdc16,1,bBaT9shR1616530271704,111,figural_single_2_1,1,,0,blue,296.12499999892316,1,single,r_b_12.png,color,blue
134265,,c7fbf674-7151-4b31-9215-b4523cffdc16,1,bBaT9shR1616530271704,112,figural_single_2_1,1,,0,blue,282.9249999995227,1,single,r_b_15.png,color,blue
134265,,c7fbf674-7151-4b31-9215-b4523cffdc16,1,bBaT9shR1616530271704,113,figural_single_2_1,1,,0,green,345.38000000067404,1,single,e_g_05.png,color,green
134265,,c7fbf674-7151-4b31-9215-b4523cffdc16,1,bBaT9shR1616530271704,114,figural_single_2_1,1,,0,green,268.8899999993737,1,single,r_g_12.png,color,green
134265,,c7fbf674-7151-4b31-9215-b4523cffdc16,1,bBaT9shR1616530271704,115,figural_single_2_1,1,,0,blue,328.6499999994703,1,single,r_b_02.png,color,blue
134265,,c7fbf674-7151-4b31-9215-b4523cffdc16,1,bBaT9shR1616530271704,116,figural_single_2_1,1,,0,blue,348.61000000091735,1,single,r_b_01.png,color,blue
134265,,c7fbf674-7151-4b31-9215-b4523cffdc16,1,bBaT9shR1616530271704,117,figural_single_2_1,1,,0,blue,318.00499999916065,1,single,r_b_07.png,color,blue
134265,,c7fbf674-7151-4b31-9215-b4523cffdc16,1,bBaT9shR1616530271704,118,figural_single_2_1,1,,0,green,357.1699999993143,1,single,e_g_15.png,color,green
134265,,c7fbf674-7151-4b31-9215-b4523cffdc16,1,bBaT9shR1616530271704,119,figural_single_2_1,1,,0,green,464.6050000010291,1,single,e_g_11.png,color,green
134265,,c7fbf674-7151-4b31-9215-b4523cffdc16,1,bBaT9shR1616530271704,120,figural_single_2_1,1,,0,blue,433.8050000005751,1,single,e_b_07.png,color,blue
134265,,c7fbf674-7151-4b31-9215-b4523cffdc16,1,bBaT9shR1616530271704,121,figural_single_2_1,1,,0,green,330.5450000006822,1,single,r_g_04.png,color,green
134265,,c7fbf674-7151-4b31-9215-b4523cffdc16,1,bBaT9shR1616530271704,122,figural_single_2_1,1,,0,green,346.85499999977765,1,single,e_g_02.png,color,green
134265,,c7fbf674-7151-4b31-9215-b4523cffdc16,1,bBaT9shR1616530271704,123,figural_single_2_1,1,,0,blue,396.72499999869615,1,single,e_b_01.png,color,blue
134265,,c7fbf674-7151-4b31-9215-b4523cffdc16,1,bBaT9shR1616530271704,124,figural_single_2_1,1,,0,blue,378.8100000001432,1,single,r_b_05.png,color,blue
134265,,c7fbf674-7151-4b31-9215-b4523cffdc16,1,bBaT9shR1616530271704,125,figural_single_2_1,1,,0,green,408.5049999994226,1,single,e_g_03.png,color,green
134265,,c7fbf674-7151-4b31-9215-b4523cffdc16,1,bBaT9shR1616530271704,126,figural_single_2_1,1,,0,blue,513.1650000002992,1,single,r_b_04.png,color,blue
134265,,c7fbf674-7151-4b31-9215-b4523cffdc16,1,bBaT9shR1616530271704,127,figural_single_2_1,1,,0,green,456.53999999922235,1,single,e_g_06.png,color,green
134265,,c7fbf674-7151-4b31-9215-b4523cffdc16,1,bBaT9shR1616530271704,128,figural_single_2_1,1,,0,green,393.2000000004482,1,single,e_g_12.png,color,green
134265,,c7fbf674-7151-4b31-9215-b4523cffdc16,1,bBaT9shR1616530271704,129,figural_single_2_1,1,,0,green,475.56000000075437,1,single,r_g_14.png,color,green
134265,,c7fbf674-7151-4b31-9215-b4523cffdc16,1,bBaT9shR1616530271704,130,figural_single_2_1,1,,0,blue,511.1500000002561,1,single,e_b_09.png,color,blue
134265,,c7fbf674-7151-4b31-9215-b4523cffdc16,1,bBaT9shR1616530271704,131,figural_single_2_1,1,,0,blue,336.0050000010233,1,single,e_b_16.png,color,blue
134265,,c7fbf674-7151-4b31-9215-b4523cffdc16,1,bBaT9shR1616530271704,132,figural_single_2_1,1,,0,green,363.2699999998149,1,single,r_g_01.png,color,green
134265,,c7fbf674-7151-4b31-9215-b4523cffdc16,1,bBaT9shR1616530271704,133,figural_single_2_1,1,,0,green,455.36499999981606,1,single,r_g_09.png,color,green
134265,,c7fbf674-7151-4b31-9215-b4523cffdc16,1,bBaT9shR1616530271704,134,figural_single_2_1,1,,0,green,668.600000000908,1,single,e_g_13.png,color,green
134265,,c7fbf674-7151-4b31-9215-b4523cffdc16,1,bBaT9shR1616530271704,135,figural_single_2_1,1,,0,blue,417.83000000033644,1,single,r_b_06.png,color,blue
134265,,c7fbf674-7151-4b31-9215-b4523cffdc16,1,bBaT9shR1616530271704,136,figural_single_2_1,1,,0,blue,412.58500000005006,1,single,r_b_14.png,color,blue
134265,,c7fbf674-7151-4b31-9215-b4523cffdc16,1,bBaT9shR1616530271704,137,figural_single_2_1,1,,0,green,485.1349999989907,1,single,r_g_05.png,color,green
134265,,c7fbf674-7151-4b31-9215-b4523cffdc16,1,bBaT9shR1616530271704,138,figural_single_2_1,1,,0,green,332.6600000000326,1,single,e_g_10.png,color,green
134265,,c7fbf674-7151-4b31-9215-b4523cffdc16,1,bBaT9shR1616530271704,139,figural_single_2_1,1,,0,green,325.7100000009523,1,single,r_g_02.png,color,green
134265,,c7fbf674-7151-4b31-9215-b4523cffdc16,1,bBaT9shR1616530271704,140,figural_single_2_1,1,,0,blue,455.7150000000547,1,single,e_b_10.png,color,blue
134265,,c7fbf674-7151-4b31-9215-b4523cffdc16,1,bBaT9shR1616530271704,141,figural_single_2_1,1,,0,blue,336.60500000041793,1,single,r_b_16.png,color,blue
134265,,c7fbf674-7151-4b31-9215-b4523cffdc16,1,bBaT9shR1616530271704,142,figural_single_2_1,1,,0,green,387.36500000048545,1,single,r_g_11.png,color,green
134265,,c7fbf674-7151-4b31-9215-b4523cffdc16,1,bBaT9shR1616530271704,143,figural_single_2_1,1,,0,green,398.2450000003155,1,single,r_g_03.png,color,green
134265,,c7fbf674-7151-4b31-9215-b4523cffdc16,1,bBaT9shR1616530271704,144,figural_single_2_1,1,,0,blue,395.5750000004773,1,single,e_b_14.png,color,blue
134265,,c7fbf674-7151-4b31-9215-b4523cffdc16,1,bBaT9shR1616530271704,145,figural_single_2_1,1,,0,green,275.7750000000524,0,single,e_b_13.png,color,blue
134265,,c7fbf674-7151-4b31-9215-b4523cffdc16,1,bBaT9shR1616530271704,146,figural_single_2_1,1,,0,blue,769.1250000006985,1,single,r_b_10.png,color,blue
134265,,c7fbf674-7151-4b31-9215-b4523cffdc16,1,bBaT9shR1616530271704,147,figural_single_2_1,1,,0,green,1144.270000000688,1,single,e_g_14.png,color,green
134265,,c7fbf674-7151-4b31-9215-b4523cffdc16,1,bBaT9shR1616530271704,148,figural_single_2_1,1,,0,blue,428.8050000013609,1,single,e_b_15.png,color,blue
134265,,c7fbf674-7151-4b31-9215-b4523cffdc16,1,bBaT9shR1616530271704,149,figural_single_2_1,1,,0,blue,837.8799999991315,1,single,e_b_05.png,color,blue
134265,,c7fbf674-7151-4b31-9215-b4523cffdc16,1,bBaT9shR1616530271704,150,figural_single_2_1,1,,0,blue,356.1700000009441,1,single,r_b_11.png,color,blue
134265,,c7fbf674-7151-4b31-9215-b4523cffdc16,1,bBaT9shR1616530271704,151,figural_single_2_1,1,,0,green,433.03999999992084,1,single,r_g_13.png,color,green
134265,,c7fbf674-7151-4b31-9215-b4523cffdc16,1,bBaT9shR1616530271704,152,figural_single_2_1,1,,0,green,452.5200000007171,1,single,r_g_16.png,color,green
134265,,c7fbf674-7151-4b31-9215-b4523cffdc16,1,bBaT9shR1616530271704,153,figural_mixed_practice,1,,0,angular,1649.9050000002026,1,start,e_g_13.png,shape,angular
134265,,c7fbf674-7151-4b31-9215-b4523cffdc16,1,bBaT9shR1616530271704,154,figural_mixed_practice,1,,0,angular,455.8349999988277,1,repetition,e_g_15.png,shape,angular
134265,,c7fbf674-7151-4b31-9215-b4523cffdc16,1,bBaT9shR1616530271704,155,figural_mixed_practice,1,,0,blue,390.60500000050524,1,switch,r_b_02.png,color,blue
134265,,c7fbf674-7151-4b31-9215-b4523cffdc16,1,bBaT9shR1616530271704,156,figural_mixed_practice,1,,0,green,598.5849999997299,1,repetition,r_g_10.png,color,green
134265,,c7fbf674-7151-4b31-9215-b4523cffdc16,1,bBaT9shR1616530271704,157,figural_mixed_practice,1,,0,round,2432.844999999361,1,switch,r_b_03.png,shape,round
134265,,c7fbf674-7151-4b31-9215-b4523cffdc16,1,bBaT9shR1616530271704,158,figural_mixed_practice,1,,0,blue,1228.8100000005215,1,switch,e_b_11.png,color,blue
134265,,c7fbf674-7151-4b31-9215-b4523cffdc16,1,bBaT9shR1616530271704,159,figural_mixed_practice,1,,0,green,945.265000000305,1,repetition,r_g_06.png,color,green
134265,,c7fbf674-7151-4b31-9215-b4523cffdc16,1,bBaT9shR1616530271704,160,figural_mixed_practice,1,,0,round,1320.0950000009325,1,switch,r_b_08.png,shape,round
134265,,c7fbf674-7151-4b31-9215-b4523cffdc16,1,bBaT9shR1616530271704,161,figural_mixed_practice,1,,0,round,945.9299999998475,0,repetition,e_b_12.png,shape,angular
134265,,c7fbf674-7151-4b31-9215-b4523cffdc16,1,bBaT9shR1616530271704,162,figural_mixed_practice,1,,0,round,1509.6400000001886,1,repetition,r_g_04.png,shape,round
134265,,c7fbf674-7151-4b31-9215-b4523cffdc16,1,bBaT9shR1616530271704,163,figural_mixed_practice,1,,0,blue,756.7950000011479,1,switch,e_b_01.png,color,blue
134265,,c7fbf674-7151-4b31-9215-b4523cffdc16,1,bBaT9shR1616530271704,164,figural_mixed_practice,1,,0,green,766.5049999995972,1,repetition,e_g_05.png,color,green
134265,,c7fbf674-7151-4b31-9215-b4523cffdc16,1,bBaT9shR1616530271704,165,figural_mixed,1,,0,green,791.680000000284,1,start,r_g_12.png,color,green
134265,,c7fbf674-7151-4b31-9215-b4523cffdc16,1,bBaT9shR1616530271704,166,figural_mixed,1,,0,green,381.1600000008475,1,repetition,e_g_16.png,color,green
134265,,c7fbf674-7151-4b31-9215-b4523cffdc16,1,bBaT9shR1616530271704,167,figural_mixed,1,,0,round,1179.0049999999464,1,switch,r_b_01.png,shape,round
134265,,c7fbf674-7151-4b31-9215-b4523cffdc16,1,bBaT9shR1616530271704,168,figural_mixed,1,,0,blue,1306.9250000008033,1,switch,e_b_10.png,color,blue
134265,,c7fbf674-7151-4b31-9215-b4523cffdc16,1,bBaT9shR1616530271704,169,figural_mixed,1,,0,round,1268.7449999994133,1,switch,r_g_07.png,shape,round
134265,,c7fbf674-7151-4b31-9215-b4523cffdc16,1,bBaT9shR1616530271704,170,figural_mixed,1,,0,angular,795.1700000012061,1,repetition,e_g_16.png,shape,angular
134265,,c7fbf674-7151-4b31-9215-b4523cffdc16,1,bBaT9shR1616530271704,171,figural_mixed,1,,0,angular,545.6850000009872,1,repetition,e_b_11.png,shape,angular
134265,,c7fbf674-7151-4b31-9215-b4523cffdc16,1,bBaT9shR1616530271704,172,figural_mixed,1,,0,blue,985.2300000002142,1,switch,e_b_12.png,color,blue
134265,,c7fbf674-7151-4b31-9215-b4523cffdc16,1,bBaT9shR1616530271704,173,figural_mixed,1,,0,blue,842.7849999988684,1,repetition,r_b_05.png,color,blue
134265,,c7fbf674-7151-4b31-9215-b4523cffdc16,1,bBaT9shR1616530271704,174,figural_mixed,1,,0,angular,1808.049999999639,1,switch,e_b_15.png,shape,angular
134265,,c7fbf674-7151-4b31-9215-b4523cffdc16,1,bBaT9shR1616530271704,175,figural_mixed,1,,0,round,674.6900000016321,1,repetition,r_g_01.png,shape,round
134265,,c7fbf674-7151-4b31-9215-b4523cffdc16,1,bBaT9shR1616530271704,176,figural_mixed,1,,0,green,1156.1050000000396,1,switch,r_g_11.png,color,green
134265,,c7fbf674-7151-4b31-9215-b4523cffdc16,1,bBaT9shR1616530271704,177,figural_mixed,1,,0,blue,895.3500000006752,1,repetition,e_b_14.png,color,blue
134265,,c7fbf674-7151-4b31-9215-b4523cffdc16,1,bBaT9shR1616530271704,178,figural_mixed,1,,0,green,619.9449999985518,1,repetition,r_g_05.png,color,green
134265,,c7fbf674-7151-4b31-9215-b4523cffdc16,1,bBaT9shR1616530271704,179,figural_mixed,1,,0,angular,1322.8949999993201,1,switch,e_g_09.png,shape,angular
134265,,c7fbf674-7151-4b31-9215-b4523cffdc16,1,bBaT9shR1616530271704,180,figural_mixed,1,,0,round,1046.4699999993318,1,repetition,r_b_04.png,shape,round
134265,,c7fbf674-7151-4b31-9215-b4523cffdc16,1,bBaT9shR1616530271704,181,figural_mixed,1,,0,round,1046.9450000000652,1,repetition,r_g_12.png,shape,round
134265,,c7fbf674-7151-4b31-9215-b4523cffdc16,1,bBaT9shR1616530271704,182,figural_mixed,1,,0,round,794.7600000007078,1,repetition,r_b_02.png,shape,round
134265,,c7fbf674-7151-4b31-9215-b4523cffdc16,1,bBaT9shR1616530271704,183,figural_mixed,1,,0,green,1117.0350000011385,1,switch,r_g_04.png,color,green
134265,,c7fbf674-7151-4b31-9215-b4523cffdc16,1,bBaT9shR1616530271704,184,figural_mixed,1,,0,blue,1212.4750000002678,1,repetition,e_b_02.png,color,blue
134265,,c7fbf674-7151-4b31-9215-b4523cffdc16,1,bBaT9shR1616530271704,185,figural_mixed,1,,0,blue,908.1399999995483,1,repetition,r_b_16.png,color,blue
134265,,c7fbf674-7151-4b31-9215-b4523cffdc16,1,bBaT9shR1616530271704,186,figural_mixed,1,,0,angular,1261.824999999546,1,switch,e_g_03.png,shape,angular
134265,,c7fbf674-7151-4b31-9215-b4523cffdc16,1,bBaT9shR1616530271704,187,figural_mixed,1,,0,blue,888.8200000001234,1,switch,r_b_10.png,color,blue
134265,,c7fbf674-7151-4b31-9215-b4523cffdc16,1,bBaT9shR1616530271704,188,figural_mixed,1,,0,green,1016.1900000002934,1,repetition,e_g_03.png,color,green
134265,,c7fbf674-7151-4b31-9215-b4523cffdc16,1,bBaT9shR1616530271704,189,figural_mixed,1,,0,green,655.7450000000536,1,repetition,r_g_06.png,color,green
134265,,c7fbf674-7151-4b31-9215-b4523cffdc16,1,bBaT9shR1616530271704,190,figural_mixed,1,,0,round,848.5700000001234,1,switch,r_b_09.png,shape,round
134265,,c7fbf674-7151-4b31-9215-b4523cffdc16,1,bBaT9shR1616530271704,191,figural_mixed,1,,0,blue,554.5149999997811,1,switch,r_b_02.png,color,blue
134265,,c7fbf674-7151-4b31-9215-b4523cffdc16,1,bBaT9shR1616530271704,192,figural_mixed,1,,0,green,962.9549999990268,1,repetition,r_g_01.png,color,green
134265,,c7fbf674-7151-4b31-9215-b4523cffdc16,1,bBaT9shR1616530271704,193,figural_mixed,1,,0,angular,808.6399999993155,1,switch,e_g_07.png,shape,angular
134265,,c7fbf674-7151-4b31-9215-b4523cffdc16,1,bBaT9shR1616530271704,194,figural_mixed,1,,0,blue,915.3550000009709,1,switch,r_b_13.png,color,blue
134265,,c7fbf674-7151-4b31-9215-b4523cffdc16,1,bBaT9shR1616530271704,195,figural_mixed,1,,0,round,1230.6549999993877,0,switch,e_b_14.png,shape,angular
134265,,c7fbf674-7151-4b31-9215-b4523cffdc16,1,bBaT9shR1616530271704,196,figural_mixed,1,,0,round,900.7150000015972,1,repetition,r_g_09.png,shape,round
134265,,c7fbf674-7151-4b31-9215-b4523cffdc16,1,bBaT9shR1616530271704,197,figural_mixed,1,,0,round,1037.4649999994435,1,repetition,r_b_11.png,shape,round
134265,,c7fbf674-7151-4b31-9215-b4523cffdc16,1,bBaT9shR1616530271704,198,figural_mixed,1,,0,green,943.6900000000605,1,switch,r_g_07.png,color,green
134265,,c7fbf674-7151-4b31-9215-b4523cffdc16,1,bBaT9shR1616530271704,199,figural_mixed,1,,0,angular,1019.96999999939,1,switch,e_b_04.png,shape,angular
134265,,c7fbf674-7151-4b31-9215-b4523cffdc16,1,bBaT9shR1616530271704,200,figural_mixed,1,,0,round,1075.424999999057,1,repetition,r_g_14.png,shape,round
134265,,c7fbf674-7151-4b31-9215-b4523cffdc16,1,bBaT9shR1616530271704,201,figural_mixed,1,,0,blue,752.4300000004005,1,switch,e_b_09.png,color,blue
134265,,c7fbf674-7151-4b31-9215-b4523cffdc16,1,bBaT9shR1616530271704,202,figural_mixed,1,,0,angular,978.3850000003586,1,switch,e_g_10.png,shape,angular
134265,,c7fbf674-7151-4b31-9215-b4523cffdc16,1,bBaT9shR1616530271704,203,figural_mixed,1,,0,green,1109.7499999996508,1,switch,r_g_15.png,color,green
134265,,c7fbf674-7151-4b31-9215-b4523cffdc16,1,bBaT9shR1616530271704,204,figural_mixed,1,,0,blue,704.2750000000233,0,repetition,e_g_14.png,color,green
134265,,c7fbf674-7151-4b31-9215-b4523cffdc16,1,bBaT9shR1616530271704,205,figural_mixed,1,,0,blue,955.3349999986822,1,repetition,r_b_07.png,color,blue
134265,,c7fbf674-7151-4b31-9215-b4523cffdc16,1,bBaT9shR1616530271704,206,figural_mixed,1,,0,blue,808.6899999998277,1,repetition,r_b_09.png,color,blue
134265,,c7fbf674-7151-4b31-9215-b4523cffdc16,1,bBaT9shR1616530271704,207,figural_mixed,1,,0,angular,1274.2799999996205,1,switch,e_g_14.png,shape,angular
134265,,c7fbf674-7151-4b31-9215-b4523cffdc16,1,bBaT9shR1616530271704,208,figural_mixed,1,,0,angular,1219.3400000014808,1,repetition,e_g_13.png,shape,angular
134265,,c7fbf674-7151-4b31-9215-b4523cffdc16,1,bBaT9shR1616530271704,209,figural_mixed,1,,0,blue,743.2200000002631,1,switch,e_b_04.png,color,blue
134265,,c7fbf674-7151-4b31-9215-b4523cffdc16,1,bBaT9shR1616530271704,210,figural_mixed,1,,0,green,844.3599999991129,1,repetition,e_g_10.png,color,green
134265,,c7fbf674-7151-4b31-9215-b4523cffdc16,1,bBaT9shR1616530271704,211,figural_mixed,1,,0,green,756.8499999997439,1,repetition,e_g_04.png,color,green
134265,,c7fbf674-7151-4b31-9215-b4523cffdc16,1,bBaT9shR1616530271704,212,figural_mixed,1,,0,angular,658.7650000001304,1,switch,e_b_07.png,shape,angular
134265,,c7fbf674-7151-4b31-9215-b4523cffdc16,1,bBaT9shR1616530271704,213,figural_mixed,1,,0,round,859.6300000008778,1,repetition,r_g_11.png,shape,round
134265,,c7fbf674-7151-4b31-9215-b4523cffdc16,1,bBaT9shR1616530271704,214,figural_mixed,1,,0,round,1133.3899999990244,1,repetition,r_g_04.png,shape,round
134265,,c7fbf674-7151-4b31-9215-b4523cffdc16,1,bBaT9shR1616530271704,215,figural_mixed,1,,0,angular,751.8949999994365,1,repetition,e_g_15.png,shape,angular
134265,,c7fbf674-7151-4b31-9215-b4523cffdc16,1,bBaT9shR1616530271704,216,figural_mixed,1,,0,green,677.9299999998766,1,switch,e_g_11.png,color,green
134265,,c7fbf674-7151-4b31-9215-b4523cffdc16,1,bBaT9shR1616530271704,217,figural_mixed,1,,0,round,1210.2649999996647,1,switch,r_g_08.png,shape,round
134265,,c7fbf674-7151-4b31-9215-b4523cffdc16,1,bBaT9shR1616530271704,218,figural_mixed,1,,0,round,637.7699999993783,1,repetition,r_g_10.png,shape,round
134265,,c7fbf674-7151-4b31-9215-b4523cffdc16,1,bBaT9shR1616530271704,219,figural_mixed,1,,0,green,1101.740000000049,1,switch,e_g_15.png,color,green
134265,,c7fbf674-7151-4b31-9215-b4523cffdc16,1,bBaT9shR1616530271704,220,figural_mixed,1,,0,green,430.56000000075437,1,repetition,r_g_02.png,color,green
134265,,c7fbf674-7151-4b31-9215-b4523cffdc16,1,bBaT9shR1616530271704,221,figural_mixed,1,,0,angular,2027.48500000051,1,switch,e_b_01.png,shape,angular
134265,,c7fbf674-7151-4b31-9215-b4523cffdc16,1,bBaT9shR1616530271704,222,figural_mixed,1,,0,green,788.4549999998999,0,switch,e_b_15.png,color,blue
134265,,c7fbf674-7151-4b31-9215-b4523cffdc16,1,bBaT9shR1616530271704,223,figural_mixed,1,,0,blue,1121.7699999997276,1,repetition,e_b_03.png,color,blue
134265,,c7fbf674-7151-4b31-9215-b4523cffdc16,1,bBaT9shR1616530271704,224,figural_mixed,1,,0,blue,749.455000001064,1,repetition,e_b_01.png,color,blue
134265,,c7fbf674-7151-4b31-9215-b4523cffdc16,1,bBaT9shR1616530271704,225,figural_mixed,1,,0,round,2075.8949999999604,1,switch,r_g_02.png,shape,round
134265,,c7fbf674-7151-4b31-9215-b4523cffdc16,1,bBaT9shR1616530271704,226,figural_mixed,1,,0,green,801.1749999987078,1,switch,e_g_05.png,color,green
134265,,c7fbf674-7151-4b31-9215-b4523cffdc16,1,bBaT9shR1616530271704,227,figural_mixed,1,,0,round,1078.579999999376,1,switch,r_b_06.png,shape,round
134265,,c7fbf674-7151-4b31-9215-b4523cffdc16,1,bBaT9shR1616530271704,228,figural_mixed,1,,0,green,736.8499999993364,1,switch,e_g_08.png,color,green
134265,,c7fbf674-7151-4b31-9215-b4523cffdc16,1,bBaT9shR1616530271704,229,figural_mixed,1,,0,green,1520.754999999539,1,repetition,e_g_02.png,color,green
134265,,c7fbf674-7151-4b31-9215-b4523cffdc16,1,bBaT9shR1616530271704,230,figural_mixed,1,,0,blue,704.5299999990966,1,repetition,e_b_06.png,color,blue
134265,,c7fbf674-7151-4b31-9215-b4523cffdc16,1,bBaT9shR1616530271704,231,figural_mixed,1,,0,angular,1034.9999999998254,1,switch,e_b_08.png,shape,angular
134265,,c7fbf674-7151-4b31-9215-b4523cffdc16,1,bBaT9shR1616530271704,232,figural_mixed,1,,0,green,942.9099999997416,1,switch,r_g_09.png,color,green
134265,,c7fbf674-7151-4b31-9215-b4523cffdc16,1,bBaT9shR1616530271704,233,figural_mixed,1,,0,blue,771.1249999993015,1,repetition,e_b_13.png,color,blue
134265,,c7fbf674-7151-4b31-9215-b4523cffdc16,1,bBaT9shR1616530271704,234,figural_mixed,1,,0,round,895.5749999986729,1,switch,r_b_10.png,shape,round
134265,,c7fbf674-7151-4b31-9215-b4523cffdc16,1,bBaT9shR1616530271704,235,figural_mixed,1,,0,round,1021.5349999999162,1,repetition,r_b_13.png,shape,round
134265,,c7fbf674-7151-4b31-9215-b4523cffdc16,1,bBaT9shR1616530271704,236,figural_mixed,1,,0,blue,860.7749999991502,1,switch,e_b_11.png,color,blue
134265,,c7fbf674-7151-4b31-9215-b4523cffdc16,1,bBaT9shR1616530271704,237,figural_mixed,1,,0,green,1068.4450000007637,1,repetition,r_g_08.png,color,green
134265,,c7fbf674-7151-4b31-9215-b4523cffdc16,1,bBaT9shR1616530271704,238,figural_mixed,1,,0,angular,1340.6749999994645,1,switch,e_b_10.png,shape,angular
134265,,c7fbf674-7151-4b31-9215-b4523cffdc16,1,bBaT9shR1616530271704,239,figural_mixed,1,,0,angular,939.7699999990291,1,repetition,e_g_06.png,shape,angular
134265,,c7fbf674-7151-4b31-9215-b4523cffdc16,1,bBaT9shR1616530271704,240,figural_mixed,1,,0,angular,505.69499999983236,1,repetition,e_g_11.png,shape,angular
134265,,c7fbf674-7151-4b31-9215-b4523cffdc16,1,bBaT9shR1616530271704,241,figural_mixed,1,,0,round,1193.6249999998836,1,repetition,r_b_07.png,shape,round
134265,,c7fbf674-7151-4b31-9215-b4523cffdc16,1,bBaT9shR1616530271704,242,figural_mixed,1,,0,blue,1108.7399999996414,1,switch,r_b_06.png,color,blue
134265,,c7fbf674-7151-4b31-9215-b4523cffdc16,1,bBaT9shR1616530271704,243,figural_mixed,1,,0,blue,734.3299999993178,1,repetition,e_b_07.png,color,blue
134265,,c7fbf674-7151-4b31-9215-b4523cffdc16,1,bBaT9shR1616530271704,244,figural_mixed,1,,0,blue,515.1299999997718,1,repetition,r_b_14.png,color,blue
134265,,c7fbf674-7151-4b31-9215-b4523cffdc16,1,bBaT9shR1616530271704,245,figural_mixed,1,,0,green,581.3399999988033,1,repetition,r_g_16.png,color,green
134265,,c7fbf674-7151-4b31-9215-b4523cffdc16,1,bBaT9shR1616530271704,246,figural_mixed,1,,0,angular,985.0700000006473,1,switch,e_b_09.png,shape,angular
134265,,c7fbf674-7151-4b31-9215-b4523cffdc16,1,bBaT9shR1616530271704,247,figural_mixed,1,,0,round,771.0749999987311,1,repetition,r_g_05.png,shape,round
134265,,c7fbf674-7151-4b31-9215-b4523cffdc16,1,bBaT9shR1616530271704,248,figural_mixed,1,,0,angular,712.4749999984633,1,repetition,e_b_12.png,shape,angular
134265,,c7fbf674-7151-4b31-9215-b4523cffdc16,1,bBaT9shR1616530271704,249,figural_mixed,1,,0,blue,1658.7849999996251,1,switch,e_b_05.png,color,blue
134265,,c7fbf674-7151-4b31-9215-b4523cffdc16,1,bBaT9shR1616530271704,250,figural_mixed,1,,0,round,1188.615000000922,1,switch,r_g_06.png,shape,round
134265,,c7fbf674-7151-4b31-9215-b4523cffdc16,1,bBaT9shR1616530271704,251,figural_mixed,1,,0,blue,1109.8199999996577,1,switch,e_b_16.png,color,blue
134265,,c7fbf674-7151-4b31-9215-b4523cffdc16,1,bBaT9shR1616530271704,252,figural_mixed,1,,0,green,674.9550000004238,1,repetition,r_g_13.png,color,green
134265,,c7fbf674-7151-4b31-9215-b4523cffdc16,1,bBaT9shR1616530271704,253,figural_mixed,1,,0,angular,956.0750000000698,1,switch,e_g_02.png,shape,angular
134265,,c7fbf674-7151-4b31-9215-b4523cffdc16,1,bBaT9shR1616530271704,254,figural_mixed,1,,0,round,821.2400000011548,1,repetition,r_b_03.png,shape,round
134265,,c7fbf674-7151-4b31-9215-b4523cffdc16,1,bBaT9shR1616530271704,255,figural_mixed,1,,0,round,705.6799999991199,1,repetition,r_b_14.png,shape,round
134265,,c7fbf674-7151-4b31-9215-b4523cffdc16,1,bBaT9shR1616530271704,256,figural_mixed,1,,0,angular,1095.2300000007963,1,repetition,e_g_12.png,shape,angular
134265,,c7fbf674-7151-4b31-9215-b4523cffdc16,1,bBaT9shR1616530271704,257,figural_mixed,1,,0,blue,633.8950000008335,1,switch,r_b_04.png,color,blue
134265,,c7fbf674-7151-4b31-9215-b4523cffdc16,1,bBaT9shR1616530271704,258,figural_mixed,1,,0,round,1120.4899999993504,1,switch,r_g_15.png,shape,round
134265,,c7fbf674-7151-4b31-9215-b4523cffdc16,1,bBaT9shR1616530271704,259,figural_mixed,1,,0,angular,1282.054999999702,1,repetition,e_g_08.png,shape,angular
134265,,c7fbf674-7151-4b31-9215-b4523cffdc16,1,bBaT9shR1616530271704,260,figural_mixed,1,,0,round,762.4649999997346,1,repetition,r_b_16.png,shape,round
134265,,c7fbf674-7151-4b31-9215-b4523cffdc16,1,bBaT9shR1616530271704,261,figural_mixed,1,,0,green,922.2449999997043,1,switch,r_g_10.png,color,green
134265,,c7fbf674-7151-4b31-9215-b4523cffdc16,1,bBaT9shR1616530271704,262,figural_mixed,1,,0,green,467.2650000011199,1,repetition,e_g_06.png,color,green
134265,,c7fbf674-7151-4b31-9215-b4523cffdc16,1,bBaT9shR1616530271704,263,figural_mixed,1,,0,round,996.6249999997672,1,switch,r_g_13.png,shape,round
134265,,c7fbf674-7151-4b31-9215-b4523cffdc16,1,bBaT9shR1616530271704,264,figural_mixed,1,,0,blue,1089.4600000010687,1,switch,r_b_03.png,color,blue
134265,,c7fbf674-7151-4b31-9215-b4523cffdc16,1,bBaT9shR1616530271704,265,figural_mixed,1,,0,angular,890.4949999996461,1,switch,e_b_02.png,shape,angular
134265,,c7fbf674-7151-4b31-9215-b4523cffdc16,1,bBaT9shR1616530271704,266,figural_mixed,1,,0,angular,839.09999999922,1,repetition,e_b_03.png,shape,angular
134265,,c7fbf674-7151-4b31-9215-b4523cffdc16,1,bBaT9shR1616530271704,267,figural_mixed,1,,0,blue,831.7800000004354,0,switch,e_g_07.png,color,green
134265,,c7fbf674-7151-4b31-9215-b4523cffdc16,1,bBaT9shR1616530271704,268,figural_mixed,1,,0,blue,955.3599999999278,1,repetition,r_b_08.png,color,blue
134265,,c7fbf674-7151-4b31-9215-b4523cffdc16,1,bBaT9shR1616530271704,269,figural_mixed,1,,0,blue,997.2049999996088,1,repetition,r_b_01.png,color,blue
134265,,c7fbf674-7151-4b31-9215-b4523cffdc16,1,bBaT9shR1616530271704,270,figural_mixed,1,,0,angular,1267.4399999995949,1,switch,e_b_05.png,shape,angular
134265,,c7fbf674-7151-4b31-9215-b4523cffdc16,1,bBaT9shR1616530271704,271,figural_mixed,1,,0,green,702.859999999404,1,switch,r_g_16.png,color,green
134265,,c7fbf674-7151-4b31-9215-b4523cffdc16,1,bBaT9shR1616530271704,272,figural_mixed,1,,0,angular,966.7849999986938,1,switch,e_g_04.png,shape,angular
134265,,c7fbf674-7151-4b31-9215-b4523cffdc16,1,bBaT9shR1616530271704,273,figural_mixed,1,,0,round,730.7199999996228,1,repetition,r_b_05.png,shape,round
134265,,c7fbf674-7151-4b31-9215-b4523cffdc16,1,bBaT9shR1616530271704,274,figural_mixed,1,,0,round,1364.540000000503,1,repetition,r_g_03.png,shape,round
134265,,c7fbf674-7151-4b31-9215-b4523cffdc16,1,bBaT9shR1616530271704,275,figural_mixed,1,,0,blue,903.4699999992736,1,switch,r_b_15.png,color,blue
134265,,c7fbf674-7151-4b31-9215-b4523cffdc16,1,bBaT9shR1616530271704,276,figural_mixed,1,,0,green,997.8550000014366,1,repetition,r_g_14.png,color,green
134265,,c7fbf674-7151-4b31-9215-b4523cffdc16,1,bBaT9shR1616530271704,277,figural_mixed,1,,0,angular,1814.544999999227,1,switch,e_g_01.png,shape,angular
134265,,c7fbf674-7151-4b31-9215-b4523cffdc16,1,bBaT9shR1616530271704,278,figural_mixed,1,,0,round,857.9050000007846,1,repetition,r_b_15.png,shape,round
134265,,c7fbf674-7151-4b31-9215-b4523cffdc16,1,bBaT9shR1616530271704,279,figural_mixed,1,,0,round,764.2100000011851,1,repetition,r_b_08.png,shape,round
134265,,c7fbf674-7151-4b31-9215-b4523cffdc16,1,bBaT9shR1616530271704,280,figural_mixed,1,,0,green,764.8550000012619,1,switch,e_g_12.png,color,green
134265,,c7fbf674-7151-4b31-9215-b4523cffdc16,1,bBaT9shR1616530271704,281,figural_mixed,1,,0,angular,1638.52999999834,1,switch,e_b_13.png,shape,angular
134265,,c7fbf674-7151-4b31-9215-b4523cffdc16,1,bBaT9shR1616530271704,282,figural_mixed,1,,0,green,761.8999999994994,1,switch,r_g_03.png,color,green
134265,,c7fbf674-7151-4b31-9215-b4523cffdc16,1,bBaT9shR1616530271704,283,figural_mixed,1,,0,blue,1143.3999999990338,1,repetition,r_b_12.png,color,blue
134265,,c7fbf674-7151-4b31-9215-b4523cffdc16,1,bBaT9shR1616530271704,284,figural_mixed,1,,0,angular,1200.489999999234,1,switch,e_b_06.png,shape,angular
134265,,c7fbf674-7151-4b31-9215-b4523cffdc16,1,bBaT9shR1616530271704,285,figural_mixed,1,,0,angular,754.9450000005891,1,repetition,e_g_05.png,shape,angular
134265,,c7fbf674-7151-4b31-9215-b4523cffdc16,1,bBaT9shR1616530271704,286,figural_mixed,1,,0,blue,843.9999999991269,1,switch,r_b_11.png,color,blue
134265,,c7fbf674-7151-4b31-9215-b4523cffdc16,1,bBaT9shR1616530271704,287,figural_mixed,1,,0,angular,1189.8799999999464,1,switch,e_b_16.png,shape,angular
134265,,c7fbf674-7151-4b31-9215-b4523cffdc16,1,bBaT9shR1616530271704,288,figural_mixed,1,,0,green,902.8949999992619,1,switch,e_g_01.png,color,green
134265,,c7fbf674-7151-4b31-9215-b4523cffdc16,1,bBaT9shR1616530271704,289,figural_mixed,1,,0,green,642.4449999994831,1,repetition,e_g_13.png,color,green
134265,,c7fbf674-7151-4b31-9215-b4523cffdc16,1,bBaT9shR1616530271704,290,figural_mixed,1,,0,round,1147.539999999979,1,switch,r_b_12.png,shape,round
134265,,c7fbf674-7151-4b31-9215-b4523cffdc16,1,bBaT9shR1616530271704,291,figural_mixed,1,,0,blue,1278.9749999992782,1,switch,e_b_08.png,color,blue
134265,,c7fbf674-7151-4b31-9215-b4523cffdc16,1,bBaT9shR1616530271704,292,figural_mixed,1,,0,green,1001.0099999999511,1,repetition,e_g_09.png,color,green
134265,,c7fbf674-7151-4b31-9215-b4523cffdc16,1,bBaT9shR1616530271704,293,figural_mixed,1,,0,green,530.8949999999022,1,repetition,r_g_12.png,color,green
134265,,c7fbf674-7151-4b31-9215-b4523cffdc16,1,bBaT9shR1616530271704,294,figural_single_2_2,1,,0,blue,380.5849999989732,1,single,e_b_01.png,color,blue
134265,,c7fbf674-7151-4b31-9215-b4523cffdc16,1,bBaT9shR1616530271704,295,figural_single_2_2,1,,0,blue,355.9449999993085,1,single,r_b_03.png,color,blue
134265,,c7fbf674-7151-4b31-9215-b4523cffdc16,1,bBaT9shR1616530271704,296,figural_single_2_2,1,,0,green,308.49499999935506,1,single,e_g_01.png,color,green
134265,,c7fbf674-7151-4b31-9215-b4523cffdc16,1,bBaT9shR1616530271704,297,figural_single_2_2,1,,0,green,299.68000000010943,1,single,e_g_13.png,color,green
134265,,c7fbf674-7151-4b31-9215-b4523cffdc16,1,bBaT9shR1616530271704,298,figural_single_2_2,1,,0,blue,420.62000000075204,1,single,r_b_16.png,color,blue
134265,,c7fbf674-7151-4b31-9215-b4523cffdc16,1,bBaT9shR1616530271704,299,figural_single_2_2,1,,0,blue,320.3949999988545,1,single,r_b_07.png,color,blue
134265,,c7fbf674-7151-4b31-9215-b4523cffdc16,1,bBaT9shR1616530271704,300,figural_single_2_2,1,,0,green,423.67499999998836,1,single,r_g_08.png,color,green
134265,,c7fbf674-7151-4b31-9215-b4523cffdc16,1,bBaT9shR1616530271704,301,figural_single_2_2,1,,0,blue,428.44499999959953,1,single,r_b_09.png,color,blue
134265,,c7fbf674-7151-4b31-9215-b4523cffdc16,1,bBaT9shR1616530271704,302,figural_single_2_2,1,,0,green,456.3899999993737,1,single,r_g_02.png,color,green
134265,,c7fbf674-7151-4b31-9215-b4523cffdc16,1,bBaT9shR1616530271704,303,figural_single_2_2,1,,0,green,379.4099999995087,1,single,r_g_12.png,color,green
134265,,c7fbf674-7151-4b31-9215-b4523cffdc16,1,bBaT9shR1616530271704,304,figural_single_2_2,1,,0,blue,431.7549999995972,1,single,e_b_08.png,color,blue
134265,,c7fbf674-7151-4b31-9215-b4523cffdc16,1,bBaT9shR1616530271704,305,figural_single_2_2,1,,0,green,547.9300000006333,1,single,r_g_04.png,color,green
134265,,c7fbf674-7151-4b31-9215-b4523cffdc16,1,bBaT9shR1616530271704,306,figural_single_2_2,1,,0,blue,540.8999999999651,1,single,e_b_03.png,color,blue
134265,,c7fbf674-7151-4b31-9215-b4523cffdc16,1,bBaT9shR1616530271704,307,figural_single_2_2,1,,0,blue,712.6799999987707,1,single,e_b_11.png,color,blue
134265,,c7fbf674-7151-4b31-9215-b4523cffdc16,1,bBaT9shR1616530271704,308,figural_single_2_2,1,,0,blue,478.42000000126427,1,single,r_b_14.png,color,blue
134265,,c7fbf674-7151-4b31-9215-b4523cffdc16,1,bBaT9shR1616530271704,309,figural_single_2_2,1,,0,green,455.7700000004843,1,single,e_g_07.png,color,green
134265,,c7fbf674-7151-4b31-9215-b4523cffdc16,1,bBaT9shR1616530271704,310,figural_single_2_2,1,,0,blue,442.3900000001886,1,single,r_b_13.png,color,blue
134265,,c7fbf674-7151-4b31-9215-b4523cffdc16,1,bBaT9shR1616530271704,311,figural_single_2_2,1,,0,green,430.4350000001723,1,single,e_g_16.png,color,green
134265,,c7fbf674-7151-4b31-9215-b4523cffdc16,1,bBaT9shR1616530271704,312,figural_single_2_2,1,,0,blue,415.1049999999814,1,single,e_b_14.png,color,blue
134265,,c7fbf674-7151-4b31-9215-b4523cffdc16,1,bBaT9shR1616530271704,313,figural_single_2_2,1,,0,green,408.3700000009849,1,single,e_g_12.png,color,green
134265,,c7fbf674-7151-4b31-9215-b4523cffdc16,1,bBaT9shR1616530271704,314,figural_single_2_2,1,,0,green,300.1350000012899,1,single,r_g_07.png,color,green
134265,,c7fbf674-7151-4b31-9215-b4523cffdc16,1,bBaT9shR1616530271704,315,figural_single_2_2,1,,0,blue,369.85000000096625,1,single,e_b_15.png,color,blue
134265,,c7fbf674-7151-4b31-9215-b4523cffdc16,1,bBaT9shR1616530271704,316,figural_single_2_2,1,,0,blue,354.6249999999418,1,single,e_b_05.png,color,blue
134265,,c7fbf674-7151-4b31-9215-b4523cffdc16,1,bBaT9shR1616530271704,317,figural_single_2_2,1,,0,green,307.86499999888474,1,single,r_g_15.png,color,green
134265,,c7fbf674-7151-4b31-9215-b4523cffdc16,1,bBaT9shR1616530271704,318,figural_single_2_2,1,,0,blue,465.1500000000233,1,single,r_b_06.png,color,blue
134265,,c7fbf674-7151-4b31-9215-b4523cffdc16,1,bBaT9shR1616530271704,319,figural_single_2_2,1,,0,green,423.3150000000023,1,single,e_g_02.png,color,green
134265,,c7fbf674-7151-4b31-9215-b4523cffdc16,1,bBaT9shR1616530271704,320,figural_single_2_2,1,,0,green,398.1149999999325,1,single,r_g_16.png,color,green
134265,,c7fbf674-7151-4b31-9215-b4523cffdc16,1,bBaT9shR1616530271704,321,figural_single_2_2,1,,0,blue,392.9150000003283,1,single,e_b_10.png,color,blue
134265,,c7fbf674-7151-4b31-9215-b4523cffdc16,1,bBaT9shR1616530271704,322,figural_single_2_2,1,,0,green,365.10000000090804,1,single,e_g_05.png,color,green
134265,,c7fbf674-7151-4b31-9215-b4523cffdc16,1,bBaT9shR1616530271704,323,figural_single_2_2,1,,0,blue,275.11500000033993,0,single,e_g_03.png,color,green
134265,,c7fbf674-7151-4b31-9215-b4523cffdc16,1,bBaT9shR1616530271704,324,figural_single_2_2,1,,0,green,552.4700000005541,1,single,e_g_11.png,color,green
134265,,c7fbf674-7151-4b31-9215-b4523cffdc16,1,bBaT9shR1616530271704,325,figural_single_2_2,1,,0,blue,420.8299999991432,1,single,r_b_15.png,color,blue
134265,,c7fbf674-7151-4b31-9215-b4523cffdc16,1,bBaT9shR1616530271704,326,figural_single_2_2,1,,0,blue,358.895000001241,1,single,e_b_02.png,color,blue
134265,,c7fbf674-7151-4b31-9215-b4523cffdc16,1,bBaT9shR1616530271704,327,figural_single_2_2,1,,0,blue,411.4600000011851,1,single,r_b_08.png,color,blue
134265,,c7fbf674-7151-4b31-9215-b4523cffdc16,1,bBaT9shR1616530271704,328,figural_single_2_2,1,,0,green,397.96999999997206,1,single,e_g_06.png,color,green
134265,,c7fbf674-7151-4b31-9215-b4523cffdc16,1,bBaT9shR1616530271704,329,figural_single_2_2,1,,0,blue,442.7599999998929,1,single,e_b_16.png,color,blue
134265,,c7fbf674-7151-4b31-9215-b4523cffdc16,1,bBaT9shR1616530271704,330,figural_single_2_2,1,,0,blue,463.71000000002095,1,single,e_b_06.png,color,blue
134265,,c7fbf674-7151-4b31-9215-b4523cffdc16,1,bBaT9shR1616530271704,331,figural_single_2_2,1,,0,green,395.30999999982305,1,single,r_g_09.png,color,green
134265,,c7fbf674-7151-4b31-9215-b4523cffdc16,1,bBaT9shR1616530271704,332,figural_single_2_2,1,,0,green,357.2600000006496,1,single,e_g_10.png,color,green
134265,,c7fbf674-7151-4b31-9215-b4523cffdc16,1,bBaT9shR1616530271704,333,figural_single_2_2,1,,0,blue,568.625000001688,1,single,e_b_12.png,color,blue
134265,,c7fbf674-7151-4b31-9215-b4523cffdc16,1,bBaT9shR1616530271704,334,figural_single_2_2,1,,0,green,473.7949999999255,1,single,r_g_11.png,color,green
134265,,c7fbf674-7151-4b31-9215-b4523cffdc16,1,bBaT9shR1616530271704,335,figural_single_2_2,1,,0,green,356.04999999847496,1,single,r_g_06.png,color,green
134265,,c7fbf674-7151-4b31-9215-b4523cffdc16,1,bBaT9shR1616530271704,336,figural_single_2_2,1,,0,green,453.0649999997113,1,single,e_g_04.png,color,green
134265,,c7fbf674-7151-4b31-9215-b4523cffdc16,1,bBaT9shR1616530271704,337,figural_single_2_2,1,,0,blue,472.4999999998836,1,single,r_b_01.png,color,blue
134265,,c7fbf674-7151-4b31-9215-b4523cffdc16,1,bBaT9shR1616530271704,338,figural_single_2_2,1,,0,green,409.57999999955064,1,single,r_g_03.png,color,green
134265,,c7fbf674-7151-4b31-9215-b4523cffdc16,1,bBaT9shR1616530271704,339,figural_single_2_2,1,,0,blue,473.78000000026077,1,single,e_b_04.png,color,blue
134265,,c7fbf674-7151-4b31-9215-b4523cffdc16,1,bBaT9shR1616530271704,340,figural_single_2_2,1,,0,blue,414.53000000002794,1,single,r_b_12.png,color,blue
134265,,c7fbf674-7151-4b31-9215-b4523cffdc16,1,bBaT9shR1616530271704,341,figural_single_2_2,1,,0,green,379.07500000076834,1,single,r_g_13.png,color,green
134265,,c7fbf674-7151-4b31-9215-b4523cffdc16,1,bBaT9shR1616530271704,342,figural_single_2_2,1,,0,blue,457.1500000001979,1,single,r_b_02.png,color,blue
134265,,c7fbf674-7151-4b31-9215-b4523cffdc16,1,bBaT9shR1616530271704,343,figural_single_2_2,1,,0,green,332.1899999991874,1,single,e_g_09.png,color,green
134265,,c7fbf674-7151-4b31-9215-b4523cffdc16,1,bBaT9shR1616530271704,344,figural_single_2_2,1,,0,green,426.05000000004657,1,single,e_g_15.png,color,green
134265,,c7fbf674-7151-4b31-9215-b4523cffdc16,1,bBaT9shR1616530271704,345,figural_single_2_2,1,,0,green,361.2749999992666,1,single,e_g_08.png,color,green
134265,,c7fbf674-7151-4b31-9215-b4523cffdc16,1,bBaT9shR1616530271704,346,figural_single_2_2,1,,0,blue,424.6500000008382,1,single,r_b_05.png,color,blue
134265,,c7fbf674-7151-4b31-9215-b4523cffdc16,1,bBaT9shR1616530271704,347,figural_single_2_2,1,,0,green,382.01499999919906,1,single,r_g_14.png,color,green
134265,,c7fbf674-7151-4b31-9215-b4523cffdc16,1,bBaT9shR1616530271704,348,figural_single_2_2,1,,0,blue,501.949999999837,1,single,r_b_04.png,color,blue
134265,,c7fbf674-7151-4b31-9215-b4523cffdc16,1,bBaT9shR1616530271704,349,figural_single_2_2,1,,0,green,387.7349999984144,1,single,r_g_10.png,color,green
134265,,c7fbf674-7151-4b31-9215-b4523cffdc16,1,bBaT9shR1616530271704,350,figural_single_2_2,1,,0,green,379.7149999990943,1,single,r_g_01.png,color,green
134265,,c7fbf674-7151-4b31-9215-b4523cffdc16,1,bBaT9shR1616530271704,351,figural_single_2_2,1,,0,blue,447.3400000006077,1,single,r_b_11.png,color,blue
134265,,c7fbf674-7151-4b31-9215-b4523cffdc16,1,bBaT9shR1616530271704,352,figural_single_2_2,1,,0,green,419.8699999997043,1,single,r_g_05.png,color,green
134265,,c7fbf674-7151-4b31-9215-b4523cffdc16,1,bBaT9shR1616530271704,353,figural_single_2_2,1,,0,blue,485.0850000002538,1,single,r_b_10.png,color,blue
134265,,c7fbf674-7151-4b31-9215-b4523cffdc16,1,bBaT9shR1616530271704,354,figural_single_2_2,1,,0,blue,455.2850000000326,1,single,e_b_13.png,color,blue
134265,,c7fbf674-7151-4b31-9215-b4523cffdc16,1,bBaT9shR1616530271704,355,figural_single_2_2,1,,0,green,442.7250000007916,1,single,e_g_14.png,color,green
134265,,c7fbf674-7151-4b31-9215-b4523cffdc16,1,bBaT9shR1616530271704,356,figural_single_2_2,1,,0,green,428.26500000047963,0,single,e_b_07.png,color,blue
134265,,c7fbf674-7151-4b31-9215-b4523cffdc16,1,bBaT9shR1616530271704,357,figural_single_2_2,1,,0,blue,644.6350000005332,1,single,e_b_09.png,color,blue
134265,,c7fbf674-7151-4b31-9215-b4523cffdc16,1,bBaT9shR1616530271704,358,figural_single_1_2,1,,0,angular,426.1499999993248,1,single,e_g_11.png,shape,angular
134265,,c7fbf674-7151-4b31-9215-b4523cffdc16,1,bBaT9shR1616530271704,359,figural_single_1_2,1,,0,round,512.5400000015507,1,single,r_b_16.png,shape,round
134265,,c7fbf674-7151-4b31-9215-b4523cffdc16,1,bBaT9shR1616530271704,360,figural_single_1_2,1,,0,angular,545.645000000135,1,single,e_b_10.png,shape,angular
134265,,c7fbf674-7151-4b31-9215-b4523cffdc16,1,bBaT9shR1616530271704,361,figural_single_1_2,1,,0,round,413.99500000081025,1,single,r_b_02.png,shape,round
134265,,c7fbf674-7151-4b31-9215-b4523cffdc16,1,bBaT9shR1616530271704,362,figural_single_1_2,1,,0,round,573.9499999999534,1,single,r_g_08.png,shape,round
134265,,c7fbf674-7151-4b31-9215-b4523cffdc16,1,bBaT9shR1616530271704,363,figural_single_1_2,1,,0,angular,724.1099999991711,1,single,e_g_02.png,shape,angular
134265,,c7fbf674-7151-4b31-9215-b4523cffdc16,1,bBaT9shR1616530271704,364,figural_single_1_2,1,,0,round,552.5450000005076,1,single,r_g_05.png,shape,round
134265,,c7fbf674-7151-4b31-9215-b4523cffdc16,1,bBaT9shR1616530271704,365,figural_single_1_2,1,,0,angular,514.5549999997602,1,single,e_b_15.png,shape,angular
134265,,c7fbf674-7151-4b31-9215-b4523cffdc16,1,bBaT9shR1616530271704,366,figural_single_1_2,1,,0,round,486.4299999990035,1,single,r_b_09.png,shape,round
134265,,c7fbf674-7151-4b31-9215-b4523cffdc16,1,bBaT9shR1616530271704,367,figural_single_1_2,1,,0,angular,463.4449999993667,1,single,e_b_12.png,shape,angular
134265,,c7fbf674-7151-4b31-9215-b4523cffdc16,1,bBaT9shR1616530271704,368,figural_single_1_2,1,,0,round,503.4699999996228,0,single,e_g_15.png,shape,angular
134265,,c7fbf674-7151-4b31-9215-b4523cffdc16,1,bBaT9shR1616530271704,369,figural_single_1_2,1,,0,round,1007.410000000149,1,single,r_g_04.png,shape,round
134265,,c7fbf674-7151-4b31-9215-b4523cffdc16,1,bBaT9shR1616530271704,370,figural_single_1_2,1,,0,angular,541.2699999997276,1,single,e_b_14.png,shape,angular
134265,,c7fbf674-7151-4b31-9215-b4523cffdc16,1,bBaT9shR1616530271704,371,figural_single_1_2,1,,0,angular,548.5250000001397,1,single,e_b_02.png,shape,angular
134265,,c7fbf674-7151-4b31-9215-b4523cffdc16,1,bBaT9shR1616530271704,372,figural_single_1_2,1,,0,round,473.09999999922,1,single,r_g_15.png,shape,round
134265,,c7fbf674-7151-4b31-9215-b4523cffdc16,1,bBaT9shR1616530271704,373,figural_single_1_2,1,,0,angular,432.90999999956694,1,single,e_b_11.png,shape,angular
134265,,c7fbf674-7151-4b31-9215-b4523cffdc16,1,bBaT9shR1616530271704,374,figural_single_1_2,1,,0,angular,422.8549999988754,0,single,r_b_07.png,shape,round
134265,,c7fbf674-7151-4b31-9215-b4523cffdc16,1,bBaT9shR1616530271704,375,figural_single_1_2,1,,0,round,2573.6750000014435,1,single,r_g_06.png,shape,round
134265,,c7fbf674-7151-4b31-9215-b4523cffdc16,1,bBaT9shR1616530271704,376,figural_single_1_2,1,,0,round,436.72499999951106,1,single,r_g_02.png,shape,round
134265,,c7fbf674-7151-4b31-9215-b4523cffdc16,1,bBaT9shR1616530271704,377,figural_single_1_2,1,,0,angular,474.5899999997928,1,single,e_b_09.png,shape,angular
134265,,c7fbf674-7151-4b31-9215-b4523cffdc16,1,bBaT9shR1616530271704,378,figural_single_1_2,1,,0,round,633.0949999992154,1,single,r_b_15.png,shape,round
134265,,c7fbf674-7151-4b31-9215-b4523cffdc16,1,bBaT9shR1616530271704,379,figural_single_1_2,1,,0,angular,563.1349999984959,1,single,e_g_14.png,shape,angular
134265,,c7fbf674-7151-4b31-9215-b4523cffdc16,1,bBaT9shR1616530271704,380,figural_single_1_2,1,,0,round,478.93499999918276,1,single,r_b_04.png,shape,round
134265,,c7fbf674-7151-4b31-9215-b4523cffdc16,1,bBaT9shR1616530271704,381,figural_single_1_2,1,,0,angular,375.7399999994668,0,single,r_g_09.png,shape,round
134265,,c7fbf674-7151-4b31-9215-b4523cffdc16,1,bBaT9shR1616530271704,382,figural_single_1_2,1,,0,angular,2136.375,1,single,e_g_03.png,shape,angular
134265,,c7fbf674-7151-4b31-9215-b4523cffdc16,1,bBaT9shR1616530271704,383,figural_single_1_2,1,,0,round,884.3299999989686,1,single,r_b_13.png,shape,round
134265,,c7fbf674-7151-4b31-9215-b4523cffdc16,1,bBaT9shR1616530271704,384,figural_single_1_2,1,,0,round,1025.4399999994785,1,single,r_b_03.png,shape,round
134265,,c7fbf674-7151-4b31-9215-b4523cffdc16,1,bBaT9shR1616530271704,385,figural_single_1_2,1,,0,round,731.1300000001211,1,single,r_g_14.png,shape,round
134265,,c7fbf674-7151-4b31-9215-b4523cffdc16,1,bBaT9shR1616530271704,386,figural_single_1_2,1,,0,angular,699.9100000011385,1,single,e_b_05.png,shape,angular
134265,,c7fbf674-7151-4b31-9215-b4523cffdc16,1,bBaT9shR1616530271704,387,figural_single_1_2,1,,0,round,589.0199999994365,1,single,r_b_10.png,shape,round
134265,,c7fbf674-7151-4b31-9215-b4523cffdc16,1,bBaT9shR1616530271704,388,figural_single_1_2,1,,0,angular,764.219999999099,0,single,r_b_12.png,shape,round
134265,,c7fbf674-7151-4b31-9215-b4523cffdc16,1,bBaT9shR1616530271704,389,figural_single_1_2,1,,0,round,687.3800000011688,1,single,r_b_14.png,shape,round
134265,,c7fbf674-7151-4b31-9215-b4523cffdc16,1,bBaT9shR1616530271704,390,figural_single_1_2,1,,0,angular,494.17499999981374,1,single,e_g_16.png,shape,angular
134265,,c7fbf674-7151-4b31-9215-b4523cffdc16,1,bBaT9shR1616530271704,391,figural_single_1_2,1,,0,round,677.5199999993201,1,single,r_g_12.png,shape,round
134265,,c7fbf674-7151-4b31-9215-b4523cffdc16,1,bBaT9shR1616530271704,392,figural_single_1_2,1,,0,round,903.9150000007357,1,single,r_g_11.png,shape,round
134265,,c7fbf674-7151-4b31-9215-b4523cffdc16,1,bBaT9shR1616530271704,393,figural_single_1_2,1,,0,angular,438.185000000929,1,single,e_b_03.png,shape,angular
134265,,c7fbf674-7151-4b31-9215-b4523cffdc16,1,bBaT9shR1616530271704,394,figural_single_1_2,1,,0,angular,513.55500000139,1,single,e_b_04.png,shape,angular
134265,,c7fbf674-7151-4b31-9215-b4523cffdc16,1,bBaT9shR1616530271704,395,figural_single_1_2,1,,0,round,510.1199999990058,1,single,r_b_11.png,shape,round
134265,,c7fbf674-7151-4b31-9215-b4523cffdc16,1,bBaT9shR1616530271704,396,figural_single_1_2,1,,0,angular,668.0250000008382,1,single,e_g_05.png,shape,angular
134265,,c7fbf674-7151-4b31-9215-b4523cffdc16,1,bBaT9shR1616530271704,397,figural_single_1_2,1,,0,angular,740.8449999984587,1,single,e_b_16.png,shape,angular
134265,,c7fbf674-7151-4b31-9215-b4523cffdc16,1,bBaT9shR1616530271704,398,figural_single_1_2,1,,0,angular,474.7449999995297,1,single,e_g_13.png,shape,angular
134265,,c7fbf674-7151-4b31-9215-b4523cffdc16,1,bBaT9shR1616530271704,399,figural_single_1_2,1,,0,round,571.6599999996251,1,single,r_g_01.png,shape,round
134265,,c7fbf674-7151-4b31-9215-b4523cffdc16,1,bBaT9shR1616530271704,400,figural_single_1_2,1,,0,angular,475.4950000005774,1,single,e_b_08.png,shape,angular
134265,,c7fbf674-7151-4b31-9215-b4523cffdc16,1,bBaT9shR1616530271704,401,figural_single_1_2,1,,0,angular,744.0150000002468,1,single,e_g_10.png,shape,angular
134265,,c7fbf674-7151-4b31-9215-b4523cffdc16,1,bBaT9shR1616530271704,402,figural_single_1_2,1,,0,round,512.6099999997532,1,single,r_g_13.png,shape,round
134265,,c7fbf674-7151-4b31-9215-b4523cffdc16,1,bBaT9shR1616530271704,403,figural_single_1_2,1,,0,angular,748.884999999078,1,single,e_b_01.png,shape,angular
134265,,c7fbf674-7151-4b31-9215-b4523cffdc16,1,bBaT9shR1616530271704,404,figural_single_1_2,1,,0,angular,518.409999998752,1,single,e_b_06.png,shape,angular
134265,,c7fbf674-7151-4b31-9215-b4523cffdc16,1,bBaT9shR1616530271704,405,figural_single_1_2,1,,0,round,624.404999998631,1,single,r_g_10.png,shape,round
134265,,c7fbf674-7151-4b31-9215-b4523cffdc16,1,bBaT9shR1616530271704,406,figural_single_1_2,1,,0,angular,739.095000000787,1,single,e_g_08.png,shape,angular
134265,,c7fbf674-7151-4b31-9215-b4523cffdc16,1,bBaT9shR1616530271704,407,figural_single_1_2,1,,0,angular,705.6799999991781,1,single,e_g_07.png,shape,angular
134265,,c7fbf674-7151-4b31-9215-b4523cffdc16,1,bBaT9shR1616530271704,408,figural_single_1_2,1,,0,round,530.7149999989197,1,single,r_b_06.png,shape,round
134265,,c7fbf674-7151-4b31-9215-b4523cffdc16,1,bBaT9shR1616530271704,409,figural_single_1_2,1,,0,angular,611.2150000008987,1,single,e_g_09.png,shape,angular
134265,,c7fbf674-7151-4b31-9215-b4523cffdc16,1,bBaT9shR1616530271704,410,figural_single_1_2,1,,0,round,476.6699999999255,1,single,r_b_01.png,shape,round
134265,,c7fbf674-7151-4b31-9215-b4523cffdc16,1,bBaT9shR1616530271704,411,figural_single_1_2,1,,0,angular,526.8550000000978,1,single,e_b_13.png,shape,angular
134265,,c7fbf674-7151-4b31-9215-b4523cffdc16,1,bBaT9shR1616530271704,412,figural_single_1_2,1,,0,angular,798.8050000004005,1,single,e_g_04.png,shape,angular
134265,,c7fbf674-7151-4b31-9215-b4523cffdc16,1,bBaT9shR1616530271704,413,figural_single_1_2,1,,0,angular,460.9500000006519,1,single,e_g_12.png,shape,angular
134265,,c7fbf674-7151-4b31-9215-b4523cffdc16,1,bBaT9shR1616530271704,414,figural_single_1_2,1,,0,round,462.8499999998603,1,single,r_b_08.png,shape,round
134265,,c7fbf674-7151-4b31-9215-b4523cffdc16,1,bBaT9shR1616530271704,415,figural_single_1_2,1,,0,angular,522.9049999997951,1,single,e_b_07.png,shape,angular
134265,,c7fbf674-7151-4b31-9215-b4523cffdc16,1,bBaT9shR1616530271704,416,figural_single_1_2,1,,0,round,534.0849999992643,1,single,r_g_03.png,shape,round
134265,,c7fbf674-7151-4b31-9215-b4523cffdc16,1,bBaT9shR1616530271704,417,figural_single_1_2,1,,0,angular,532.9650000003166,1,single,e_g_06.png,shape,angular
134265,,c7fbf674-7151-4b31-9215-b4523cffdc16,1,bBaT9shR1616530271704,418,figural_single_1_2,1,,0,round,583.8800000001211,1,single,r_g_16.png,shape,round
134265,,c7fbf674-7151-4b31-9215-b4523cffdc16,1,bBaT9shR1616530271704,419,figural_single_1_2,1,,0,round,666.2349999987055,1,single,r_b_05.png,shape,round
134265,,c7fbf674-7151-4b31-9215-b4523cffdc16,1,bBaT9shR1616530271704,420,figural_single_1_2,1,,0,angular,456.3199999993667,1,single,e_g_01.png,shape,angular
134265,,c7fbf674-7151-4b31-9215-b4523cffdc16,1,bBaT9shR1616530271704,421,figural_single_1_2,1,,0,round,582.6350000005914,1,single,r_g_07.png,shape,round