userCode,extId,moduleId,sessionId,sessionToken,trialId,executableId,session.complete,session.condition,session.forceExit,givenResponse,reactionTime,score,shiftingType,stimulusValue,stimulusType,correctResponse
134250,,c7fbf674-7151-4b31-9215-b4523cffdc16,1,swvp4m3x1616529085663,1,figural_single_1_practice,1,,0,round,1421,1,single,r_b_10.png,shape,round
134250,,c7fbf674-7151-4b31-9215-b4523cffdc16,1,swvp4m3x1616529085663,2,figural_single_1_practice,1,,0,angular,751,1,single,e_b_09.png,shape,angular
134250,,c7fbf674-7151-4b31-9215-b4523cffdc16,1,swvp4m3x1616529085663,3,figural_single_1_practice,1,,0,round,671,1,single,r_b_11.png,shape,round
134250,,c7fbf674-7151-4b31-9215-b4523cffdc16,1,swvp4m3x1616529085663,4,figural_single_1_practice,1,,0,round,945,1,single,r_g_05.png,shape,round
134250,,c7fbf674-7151-4b31-9215-b4523cffdc16,1,swvp4m3x1616529085663,5,figural_single_1_practice,1,,0,angular,916,1,single,e_b_14.png,shape,angular
134250,,c7fbf674-7151-4b31-9215-b4523cffdc16,1,swvp4m3x1616529085663,6,figural_single_1_practice,1,,0,angular,766,1,single,e_g_07.png,shape,angular
134250,,c7fbf674-7151-4b31-9215-b4523cffdc16,1,swvp4m3x1616529085663,7,figural_single_1_practice,1,,0,angular,627,1,single,e_g_12.png,shape,angular
134250,,c7fbf674-7151-4b31-9215-b4523cffdc16,1,swvp4m3x1616529085663,8,figural_single_1_practice,1,,0,round,646,1,single,r_b_16.png,shape,round
134250,,c7fbf674-7151-4b31-9215-b4523cffdc16,1,swvp4m3x1616529085663,9,figural_single_1_practice,1,,0,round,756,1,single,r_g_02.png,shape,round
134250,,c7fbf674-7151-4b31-9215-b4523cffdc16,1,swvp4m3x1616529085663,10,figural_single_1_practice,1,,0,angular,754,1,single,e_b_04.png,shape,angular
134250,,c7fbf674-7151-4b31-9215-b4523cffdc16,1,swvp4m3x1616529085663,11,figural_single_1_practice,1,,0,angular,661,1,single,e_g_06.png,shape,angular
134250,,c7fbf674-7151-4b31-9215-b4523cffdc16,1,swvp4m3x1616529085663,12,figural_single_1_practice,1,,0,round,716,1,single,r_g_15.png,shape,round
134250,,c7fbf674-7151-4b31-9215-b4523cffdc16,1,swvp4m3x1616529085663,13,figural_single_1_1,1,,0,round,558,1,single,r_b_01.png,shape,round
134250,,c7fbf674-7151-4b31-9215-b4523cffdc16,1,swvp4m3x1616529085663,14,figural_single_1_1,1,,0,angular,591,1,single,e_g_11.png,shape,angular
134250,,c7fbf674-7151-4b31-9215-b4523cffdc16,1,swvp4m3x1616529085663,15,figural_single_1_1,1,,0,round,550,1,single,r_b_10.png,shape,round
134250,,c7fbf674-7151-4b31-9215-b4523cffdc16,1,swvp4m3x1616529085663,16,figural_single_1_1,1,,0,round,541,1,single,r_b_06.png,shape,round
134250,,c7fbf674-7151-4b31-9215-b4523cffdc16,1,swvp4m3x1616529085663,17,figural_single_1_1,1,,0,angular,517,1,single,e_g_07.png,shape,angular
134250,,c7fbf674-7151-4b31-9215-b4523cffdc16,1,swvp4m3x1616529085663,18,figural_single_1_1,1,,0,angular,533,1,single,e_g_13.png,shape,angular
134250,,c7fbf674-7151-4b31-9215-b4523cffdc16,1,swvp4m3x1616529085663,19,figural_single_1_1,1,,0,round,471,1,single,r_g_06.png,shape,round
134250,,c7fbf674-7151-4b31-9215-b4523cffdc16,1,swvp4m3x1616529085663,20,figural_single_1_1,1,,0,angular,583,1,single,e_g_16.png,shape,angular
134250,,c7fbf674-7151-4b31-9215-b4523cffdc16,1,swvp4m3x1616529085663,21,figural_single_1_1,1,,0,angular,516,1,single,e_b_09.png,shape,angular
134250,,c7fbf674-7151-4b31-9215-b4523cffdc16,1,swvp4m3x1616529085663,22,figural_single_1_1,1,,0,angular,567,1,single,e_b_08.png,shape,angular
134250,,c7fbf674-7151-4b31-9215-b4523cffdc16,1,swvp4m3x1616529085663,23,figural_single_1_1,1,,0,round,435,1,single,r_b_12.png,shape,round
134250,,c7fbf674-7151-4b31-9215-b4523cffdc16,1,swvp4m3x1616529085663,24,figural_single_1_1,1,,0,angular,489,1,single,e_b_10.png,shape,angular
134250,,c7fbf674-7151-4b31-9215-b4523cffdc16,1,swvp4m3x1616529085663,25,figural_single_1_1,1,,0,angular,442,1,single,e_b_05.png,shape,angular
134250,,c7fbf674-7151-4b31-9215-b4523cffdc16,1,swvp4m3x1616529085663,26,figural_single_1_1,1,,0,round,424,1,single,r_b_13.png,shape,round
134250,,c7fbf674-7151-4b31-9215-b4523cffdc16,1,swvp4m3x1616529085663,27,figural_single_1_1,1,,0,round,449,1,single,r_g_15.png,shape,round
134250,,c7fbf674-7151-4b31-9215-b4523cffdc16,1,swvp4m3x1616529085663,28,figural_single_1_1,1,,0,angular,464,1,single,e_g_09.png,shape,angular
134250,,c7fbf674-7151-4b31-9215-b4523cffdc16,1,swvp4m3x1616529085663,29,figural_single_1_1,1,,0,round,514,1,single,r_g_02.png,shape,round
134250,,c7fbf674-7151-4b31-9215-b4523cffdc16,1,swvp4m3x1616529085663,30,figural_single_1_1,1,,0,round,588,1,single,r_b_07.png,shape,round
134250,,c7fbf674-7151-4b31-9215-b4523cffdc16,1,swvp4m3x1616529085663,31,figural_single_1_1,1,,0,angular,450,1,single,e_b_06.png,shape,angular
134250,,c7fbf674-7151-4b31-9215-b4523cffdc16,1,swvp4m3x1616529085663,32,figural_single_1_1,1,,0,angular,453,0,single,r_b_16.png,shape,round
134250,,c7fbf674-7151-4b31-9215-b4523cffdc16,1,swvp4m3x1616529085663,33,figural_single_1_1,1,,0,round,749,1,single,r_b_02.png,shape,round
134250,,c7fbf674-7151-4b31-9215-b4523cffdc16,1,swvp4m3x1616529085663,34,figural_single_1_1,1,,0,angular,525,1,single,e_g_06.png,shape,angular
134250,,c7fbf674-7151-4b31-9215-b4523cffdc16,1,swvp4m3x1616529085663,35,figural_single_1_1,1,,0,round,404,1,single,r_g_03.png,shape,round
134250,,c7fbf674-7151-4b31-9215-b4523cffdc16,1,swvp4m3x1616529085663,36,figural_single_1_1,1,,0,angular,485,1,single,e_g_05.png,shape,angular
134250,,c7fbf674-7151-4b31-9215-b4523cffdc16,1,swvp4m3x1616529085663,37,figural_single_1_1,1,,0,angular,614,1,single,e_b_13.png,shape,angular
134250,,c7fbf674-7151-4b31-9215-b4523cffdc16,1,swvp4m3x1616529085663,38,figural_single_1_1,1,,0,angular,629,1,single,e_g_15.png,shape,angular
134250,,c7fbf674-7151-4b31-9215-b4523cffdc16,1,swvp4m3x1616529085663,39,figural_single_1_1,1,,0,round,532,1,single,r_g_08.png,shape,round
134250,,c7fbf674-7151-4b31-9215-b4523cffdc16,1,swvp4m3x1616529085663,40,figural_single_1_1,1,,0,round,490,1,single,r_b_05.png,shape,round
134250,,c7fbf674-7151-4b31-9215-b4523cffdc16,1,swvp4m3x1616529085663,41,figural_single_1_1,1,,0,angular,481,1,single,e_b_02.png,shape,angular
134250,,c7fbf674-7151-4b31-9215-b4523cffdc16,1,swvp4m3x1616529085663,42,figural_single_1_1,1,,0,angular,490,1,single,e_g_14.png,shape,angular
134250,,c7fbf674-7151-4b31-9215-b4523cffdc16,1,swvp4m3x1616529085663,43,figural_single_1_1,1,,0,round,426,1,single,r_b_03.png,shape,round
134250,,c7fbf674-7151-4b31-9215-b4523cffdc16,1,swvp4m3x1616529085663,44,figural_single_1_1,1,,0,round,455,0,single,e_b_14.png,shape,angular
134250,,c7fbf674-7151-4b31-9215-b4523cffdc16,1,swvp4m3x1616529085663,45,figural_single_1_1,1,,0,angular,666,1,single,e_b_04.png,shape,angular
134250,,c7fbf674-7151-4b31-9215-b4523cffdc16,1,swvp4m3x1616529085663,46,figural_single_1_1,1,,0,angular,445,1,single,e_b_03.png,shape,angular
134250,,c7fbf674-7151-4b31-9215-b4523cffdc16,1,swvp4m3x1616529085663,47,figural_single_1_1,1,,0,round,397,1,single,r_g_16.png,shape,round
134250,,c7fbf674-7151-4b31-9215-b4523cffdc16,1,swvp4m3x1616529085663,48,figural_single_1_1,1,,0,round,459,1,single,r_g_13.png,shape,round
134250,,c7fbf674-7151-4b31-9215-b4523cffdc16,1,swvp4m3x1616529085663,49,figural_single_1_1,1,,0,round,425,1,single,r_g_14.png,shape,round
134250,,c7fbf674-7151-4b31-9215-b4523cffdc16,1,swvp4m3x1616529085663,50,figural_single_1_1,1,,0,round,466,0,single,e_g_08.png,shape,angular
134250,,c7fbf674-7151-4b31-9215-b4523cffdc16,1,swvp4m3x1616529085663,51,figural_single_1_1,1,,0,round,675,1,single,r_g_09.png,shape,round
134250,,c7fbf674-7151-4b31-9215-b4523cffdc16,1,swvp4m3x1616529085663,52,figural_single_1_1,1,,0,angular,555,1,single,e_g_04.png,shape,angular
134250,,c7fbf674-7151-4b31-9215-b4523cffdc16,1,swvp4m3x1616529085663,53,figural_single_1_1,1,,0,angular,413,1,single,e_b_15.png,shape,angular
134250,,c7fbf674-7151-4b31-9215-b4523cffdc16,1,swvp4m3x1616529085663,54,figural_single_1_1,1,,0,round,421,1,single,r_g_04.png,shape,round
134250,,c7fbf674-7151-4b31-9215-b4523cffdc16,1,swvp4m3x1616529085663,55,figural_single_1_1,1,,0,angular,402,1,single,e_b_07.png,shape,angular
134250,,c7fbf674-7151-4b31-9215-b4523cffdc16,1,swvp4m3x1616529085663,56,figural_single_1_1,1,,0,angular,467,1,single,e_b_16.png,shape,angular
134250,,c7fbf674-7151-4b31-9215-b4523cffdc16,1,swvp4m3x1616529085663,57,figural_single_1_1,1,,0,round,515,1,single,r_b_08.png,shape,round
134250,,c7fbf674-7151-4b31-9215-b4523cffdc16,1,swvp4m3x1616529085663,58,figural_single_1_1,1,,0,angular,432,1,single,e_g_12.png,shape,angular
134250,,c7fbf674-7151-4b31-9215-b4523cffdc16,1,swvp4m3x1616529085663,59,figural_single_1_1,1,,0,round,473,1,single,r_b_14.png,shape,round
134250,,c7fbf674-7151-4b31-9215-b4523cffdc16,1,swvp4m3x1616529085663,60,figural_single_1_1,1,,0,round,545,1,single,r_g_05.png,shape,round
134250,,c7fbf674-7151-4b31-9215-b4523cffdc16,1,swvp4m3x1616529085663,61,figural_single_1_1,1,,0,round,448,1,single,r_g_01.png,shape,round
134250,,c7fbf674-7151-4b31-9215-b4523cffdc16,1,swvp4m3x1616529085663,62,figural_single_1_1,1,,0,angular,476,1,single,e_g_02.png,shape,angular
134250,,c7fbf674-7151-4b31-9215-b4523cffdc16,1,swvp4m3x1616529085663,63,figural_single_1_1,1,,0,angular,418,0,single,r_g_11.png,shape,round
134250,,c7fbf674-7151-4b31-9215-b4523cffdc16,1,swvp4m3x1616529085663,64,figural_single_1_1,1,,0,round,625,1,single,r_g_10.png,shape,round
134250,,c7fbf674-7151-4b31-9215-b4523cffdc16,1,swvp4m3x1616529085663,65,figural_single_1_1,1,,0,round,430,1,single,r_b_04.png,shape,round
134250,,c7fbf674-7151-4b31-9215-b4523cffdc16,1,swvp4m3x1616529085663,66,figural_single_1_1,1,,0,angular,466,1,single,e_g_01.png,shape,angular
134250,,c7fbf674-7151-4b31-9215-b4523cffdc16,1,swvp4m3x1616529085663,67,figural_single_1_1,1,,0,round,498,1,single,r_b_09.png,shape,round
134250,,c7fbf674-7151-4b31-9215-b4523cffdc16,1,swvp4m3x1616529085663,68,figural_single_1_1,1,,0,round,530,1,single,r_b_15.png,shape,round
134250,,c7fbf674-7151-4b31-9215-b4523cffdc16,1,swvp4m3x1616529085663,69,figural_single_1_1,1,,0,round,446,1,single,r_g_07.png,shape,round
134250,,c7fbf674-7151-4b31-9215-b4523cffdc16,1,swvp4m3x1616529085663,70,figural_single_1_1,1,,0,angular,458,1,single,e_b_01.png,shape,angular
134250,,c7fbf674-7151-4b31-9215-b4523cffdc16,1,swvp4m3x1616529085663,71,figural_single_1_1,1,,0,angular,395,1,single,e_b_12.png,shape,angular
134250,,c7fbf674-7151-4b31-9215-b4523cffdc16,1,swvp4m3x1616529085663,72,figural_single_1_1,1,,0,round,459,1,single,r_b_11.png,shape,round
134250,,c7fbf674-7151-4b31-9215-b4523cffdc16,1,swvp4m3x1616529085663,73,figural_single_1_1,1,,0,round,479,1,single,r_g_12.png,shape,round
134250,,c7fbf674-7151-4b31-9215-b4523cffdc16,1,swvp4m3x1616529085663,74,figural_single_1_1,1,,0,angular,578,1,single,e_g_03.png,shape,angular
134250,,c7fbf674-7151-4b31-9215-b4523cffdc16,1,swvp4m3x1616529085663,75,figural_single_1_1,1,,0,angular,417,1,single,e_g_10.png,shape,angular
134250,,c7fbf674-7151-4b31-9215-b4523cffdc16,1,swvp4m3x1616529085663,76,figural_single_1_1,1,,0,angular,501,1,single,e_b_11.png,shape,angular
134250,,c7fbf674-7151-4b31-9215-b4523cffdc16,1,swvp4m3x1616529085663,77,figural_single_2_practice,1,,0,blue,896,1,single,r_b_07.png,color,blue
134250,,c7fbf674-7151-4b31-9215-b4523cffdc16,1,swvp4m3x1616529085663,78,figural_single_2_practice,1,,0,green,444,1,single,r_g_09.png,color,green
134250,,c7fbf674-7151-4b31-9215-b4523cffdc16,1,swvp4m3x1616529085663,79,figural_single_2_practice,1,,0,green,440,1,single,e_g_04.png,color,green
134250,,c7fbf674-7151-4b31-9215-b4523cffdc16,1,swvp4m3x1616529085663,80,figural_single_2_practice,1,,0,blue,363,1,single,r_b_14.png,color,blue
134250,,c7fbf674-7151-4b31-9215-b4523cffdc16,1,swvp4m3x1616529085663,81,figural_single_2_practice,1,,0,blue,327,1,single,e_b_06.png,color,blue
134250,,c7fbf674-7151-4b31-9215-b4523cffdc16,1,swvp4m3x1616529085663,82,figural_single_2_practice,1,,0,green,609,1,single,e_g_10.png,color,green
134250,,c7fbf674-7151-4b31-9215-b4523cffdc16,1,swvp4m3x1616529085663,83,figural_single_2_practice,1,,0,blue,411,1,single,e_b_16.png,color,blue
134250,,c7fbf674-7151-4b31-9215-b4523cffdc16,1,swvp4m3x1616529085663,84,figural_single_2_practice,1,,0,green,424,1,single,e_g_08.png,color,green
134250,,c7fbf674-7151-4b31-9215-b4523cffdc16,1,swvp4m3x1616529085663,85,figural_single_2_practice,1,,0,blue,310,1,single,e_b_02.png,color,blue
134250,,c7fbf674-7151-4b31-9215-b4523cffdc16,1,swvp4m3x1616529085663,86,figural_single_2_practice,1,,0,green,348,1,single,r_g_03.png,color,green
134250,,c7fbf674-7151-4b31-9215-b4523cffdc16,1,swvp4m3x1616529085663,87,figural_single_2_practice,1,,0,blue,347,1,single,r_b_13.png,color,blue
134250,,c7fbf674-7151-4b31-9215-b4523cffdc16,1,swvp4m3x1616529085663,88,figural_single_2_practice,1,,0,green,371,1,single,r_g_01.png,color,green
134250,,c7fbf674-7151-4b31-9215-b4523cffdc16,1,swvp4m3x1616529085663,89,figural_single_2_1,1,,0,green,805,1,single,r_g_07.png,color,green
134250,,c7fbf674-7151-4b31-9215-b4523cffdc16,1,swvp4m3x1616529085663,90,figural_single_2_1,1,,0,blue,335,1,single,r_b_03.png,color,blue
134250,,c7fbf674-7151-4b31-9215-b4523cffdc16,1,swvp4m3x1616529085663,91,figural_single_2_1,1,,0,green,445,1,single,r_g_08.png,color,green
134250,,c7fbf674-7151-4b31-9215-b4523cffdc16,1,swvp4m3x1616529085663,92,figural_single_2_1,1,,0,green,369,1,single,e_g_01.png,color,green
134250,,c7fbf674-7151-4b31-9215-b4523cffdc16,1,swvp4m3x1616529085663,93,figural_single_2_1,1,,0,green,384,1,single,e_g_09.png,color,green
134250,,c7fbf674-7151-4b31-9215-b4523cffdc16,1,swvp4m3x1616529085663,94,figural_single_2_1,1,,0,blue,356,1,single,r_b_08.png,color,blue
134250,,c7fbf674-7151-4b31-9215-b4523cffdc16,1,swvp4m3x1616529085663,95,figural_single_2_1,1,,0,blue,381,1,single,e_b_03.png,color,blue
134250,,c7fbf674-7151-4b31-9215-b4523cffdc16,1,swvp4m3x1616529085663,96,figural_single_2_1,1,,0,green,358,1,single,e_g_07.png,color,green
134250,,c7fbf674-7151-4b31-9215-b4523cffdc16,1,swvp4m3x1616529085663,97,figural_single_2_1,1,,0,blue,327,1,single,e_b_02.png,color,blue
134250,,c7fbf674-7151-4b31-9215-b4523cffdc16,1,swvp4m3x1616529085663,98,figural_single_2_1,1,,0,green,364,1,single,e_g_04.png,color,green
134250,,c7fbf674-7151-4b31-9215-b4523cffdc16,1,swvp4m3x1616529085663,99,figural_single_2_1,1,,0,blue,377,0,single,r_g_06.png,color,green
134250,,c7fbf674-7151-4b31-9215-b4523cffdc16,1,swvp4m3x1616529085663,100,figural_single_2_1,1,,0,blue,1400,1,single,e_b_08.png,color,blue
134250,,c7fbf674-7151-4b31-9215-b4523cffdc16,1,swvp4m3x1616529085663,101,figural_single_2_1,1,,0,green,695,1,single,e_g_16.png,color,green
134250,,c7fbf674-7151-4b31-9215-b4523cffdc16,1,swvp4m3x1616529085663,102,figural_single_2_1,1,,0,blue,461,1,single,e_b_06.png,color,blue
134250,,c7fbf674-7151-4b31-9215-b4523cffdc16,1,swvp4m3x1616529085663,103,figural_single_2_1,1,,0,blue,350,1,single,e_b_04.png,color,blue
134250,,c7fbf674-7151-4b31-9215-b4523cffdc16,1,swvp4m3x1616529085663,104,figural_single_2_1,1,,0,green,594,1,single,r_g_10.png,color,green
134250,,c7fbf674-7151-4b31-9215-b4523cffdc16,1,swvp4m3x1616529085663,105,figural_single_2_1,1,,0,blue,358,1,single,e_b_12.png,color,blue
134250,,c7fbf674-7151-4b31-9215-b4523cffdc16,1,swvp4m3x1616529085663,106,figural_single_2_1,1,,0,blue,396,1,single,r_b_09.png,color,blue
134250,,c7fbf674-7151-4b31-9215-b4523cffdc16,1,swvp4m3x1616529085663,107,figural_single_2_1,1,,0,green,396,1,single,r_g_15.png,color,green
134250,,c7fbf674-7151-4b31-9215-b4523cffdc16,1,swvp4m3x1616529085663,108,figural_single_2_1,1,,0,green,355,1,single,e_g_08.png,color,green
134250,,c7fbf674-7151-4b31-9215-b4523cffdc16,1,swvp4m3x1616529085663,109,figural_single_2_1,1,,0,blue,341,1,single,e_b_11.png,color,blue
134250,,c7fbf674-7151-4b31-9215-b4523cffdc16,1,swvp4m3x1616529085663,110,figural_single_2_1,1,,0,green,330,0,single,r_b_13.png,color,blue
134250,,c7fbf674-7151-4b31-9215-b4523cffdc16,1,swvp4m3x1616529085663,111,figural_single_2_1,1,,0,blue,459,1,single,r_b_12.png,color,blue
134250,,c7fbf674-7151-4b31-9215-b4523cffdc16,1,swvp4m3x1616529085663,112,figural_single_2_1,1,,0,blue,417,1,single,r_b_15.png,color,blue
134250,,c7fbf674-7151-4b31-9215-b4523cffdc16,1,swvp4m3x1616529085663,113,figural_single_2_1,1,,0,green,412,1,single,e_g_05.png,color,green
134250,,c7fbf674-7151-4b31-9215-b4523cffdc16,1,swvp4m3x1616529085663,114,figural_single_2_1,1,,0,green,377,1,single,r_g_12.png,color,green
134250,,c7fbf674-7151-4b31-9215-b4523cffdc16,1,swvp4m3x1616529085663,115,figural_single_2_1,1,,0,blue,348,1,single,r_b_02.png,color,blue
134250,,c7fbf674-7151-4b31-9215-b4523cffdc16,1,swvp4m3x1616529085663,116,figural_single_2_1,1,,0,blue,405,1,single,r_b_01.png,color,blue
134250,,c7fbf674-7151-4b31-9215-b4523cffdc16,1,swvp4m3x1616529085663,117,figural_single_2_1,1,,0,blue,415,1,single,r_b_07.png,color,blue
134250,,c7fbf674-7151-4b31-9215-b4523cffdc16,1,swvp4m3x1616529085663,118,figural_single_2_1,1,,0,green,410,1,single,e_g_15.png,color,green
134250,,c7fbf674-7151-4b31-9215-b4523cffdc16,1,swvp4m3x1616529085663,119,figural_single_2_1,1,,0,green,406,1,single,e_g_11.png,color,green
134250,,c7fbf674-7151-4b31-9215-b4523cffdc16,1,swvp4m3x1616529085663,120,figural_single_2_1,1,,0,blue,366,1,single,e_b_07.png,color,blue
134250,,c7fbf674-7151-4b31-9215-b4523cffdc16,1,swvp4m3x1616529085663,121,figural_single_2_1,1,,0,green,501,1,single,r_g_04.png,color,green
134250,,c7fbf674-7151-4b31-9215-b4523cffdc16,1,swvp4m3x1616529085663,122,figural_single_2_1,1,,0,blue,383,0,single,e_g_02.png,color,green
134250,,c7fbf674-7151-4b31-9215-b4523cffdc16,1,swvp4m3x1616529085663,123,figural_single_2_1,1,,0,blue,654,1,single,e_b_01.png,color,blue
134250,,c7fbf674-7151-4b31-9215-b4523cffdc16,1,swvp4m3x1616529085663,124,figural_single_2_1,1,,0,blue,385,1,single,r_b_05.png,color,blue
134250,,c7fbf674-7151-4b31-9215-b4523cffdc16,1,swvp4m3x1616529085663,125,figural_single_2_1,1,,0,green,400,1,single,e_g_03.png,color,green
134250,,c7fbf674-7151-4b31-9215-b4523cffdc16,1,swvp4m3x1616529085663,126,figural_single_2_1,1,,0,blue,499,1,single,r_b_04.png,color,blue
134250,,c7fbf674-7151-4b31-9215-b4523cffdc16,1,swvp4m3x1616529085663,127,figural_single_2_1,1,,0,green,424,1,single,e_g_06.png,color,green
134250,,c7fbf674-7151-4b31-9215-b4523cffdc16,1,swvp4m3x1616529085663,128,figural_single_2_1,1,,0,green,690,1,single,e_g_12.png,color,green
134250,,c7fbf674-7151-4b31-9215-b4523cffdc16,1,swvp4m3x1616529085663,129,figural_single_2_1,1,,0,green,419,1,single,r_g_14.png,color,green
134250,,c7fbf674-7151-4b31-9215-b4523cffdc16,1,swvp4m3x1616529085663,130,figural_single_2_1,1,,0,blue,334,1,single,e_b_09.png,color,blue
134250,,c7fbf674-7151-4b31-9215-b4523cffdc16,1,swvp4m3x1616529085663,131,figural_single_2_1,1,,0,blue,472,1,single,e_b_16.png,color,blue
134250,,c7fbf674-7151-4b31-9215-b4523cffdc16,1,swvp4m3x1616529085663,132,figural_single_2_1,1,,0,green,974,1,single,r_g_01.png,color,green
134250,,c7fbf674-7151-4b31-9215-b4523cffdc16,1,swvp4m3x1616529085663,133,figural_single_2_1,1,,0,green,382,1,single,r_g_09.png,color,green
134250,,c7fbf674-7151-4b31-9215-b4523cffdc16,1,swvp4m3x1616529085663,134,figural_single_2_1,1,,0,green,411,1,single,e_g_13.png,color,green
134250,,c7fbf674-7151-4b31-9215-b4523cffdc16,1,swvp4m3x1616529085663,135,figural_single_2_1,1,,0,blue,397,1,single,r_b_06.png,color,blue
134250,,c7fbf674-7151-4b31-9215-b4523cffdc16,1,swvp4m3x1616529085663,136,figural_single_2_1,1,,0,blue,424,1,single,r_b_14.png,color,blue
134250,,c7fbf674-7151-4b31-9215-b4523cffdc16,1,swvp4m3x1616529085663,137,figural_single_2_1,1,,0,green,366,1,single,r_g_05.png,color,green
134250,,c7fbf674-7151-4b31-9215-b4523cffdc16,1,swvp4m3x1616529085663,138,figural_single_2_1,1,,0,green,328,1,single,e_g_10.png,color,green
134250,,c7fbf674-7151-4b31-9215-b4523cffdc16,1,swvp4m3x1616529085663,139,figural_single_2_1,1,,0,green,375,1,single,r_g_02.png,color,green
134250,,c7fbf674-7151-4b31-9215-b4523cffdc16,1,swvp4m3x1616529085663,140,figural_single_2_1,1,,0,blue,393,1,single,e_b_10.png,color,blue
134250,,c7fbf674-7151-4b31-9215-b4523cffdc16,1,swvp4m3x1616529085663,141,figural_single_2_1,1,,0,blue,391,1,single,r_b_16.png,color,blue
134250,,c7fbf674-7151-4b31-9215-b4523cffdc16,1,swvp4m3x1616529085663,142,figural_single_2_1,1,,0,green,339,1,single,r_g_11.png,color,green
134250,,c7fbf674-7151-4b31-9215-b4523cffdc16,1,swvp4m3x1616529085663,143,figural_single_2_1,1,,0,green,359,1,single,r_g_03.png,color,green
134250,,c7fbf674-7151-4b31-9215-b4523cffdc16,1,swvp4m3x1616529085663,144,figural_single_2_1,1,,0,blue,324,1,single,e_b_14.png,color,blue
134250,,c7fbf674-7151-4b31-9215-b4523cffdc16,1,swvp4m3x1616529085663,145,figural_single_2_1,1,,0,blue,404,1,single,e_b_13.png,color,blue
134250,,c7fbf674-7151-4b31-9215-b4523cffdc16,1,swvp4m3x1616529085663,146,figural_single_2_1,1,,0,blue,360,1,single,r_b_10.png,color,blue
134250,,c7fbf674-7151-4b31-9215-b4523cffdc16,1,swvp4m3x1616529085663,147,figural_single_2_1,1,,0,green,401,1,single,e_g_14.png,color,green
134250,,c7fbf674-7151-4b31-9215-b4523cffdc16,1,swvp4m3x1616529085663,148,figural_single_2_1,1,,0,blue,431,1,single,e_b_15.png,color,blue
134250,,c7fbf674-7151-4b31-9215-b4523cffdc16,1,swvp4m3x1616529085663,149,figural_single_2_1,1,,0,blue,452,1,single,e_b_05.png,color,blue
134250,,c7fbf674-7151-4b31-9215-b4523cffdc16,1,swvp4m3x1616529085663,150,figural_single_2_1,1,,0,blue,393,1,single,r_b_11.png,color,blue
134250,,c7fbf674-7151-4b31-9215-b4523cffdc16,1,swvp4m3x1616529085663,151,figural_single_2_1,1,,0,green,411,1,single,r_g_13.png,color,green
134250,,c7fbf674-7151-4b31-9215-b4523cffdc16,1,swvp4m3x1616529085663,152,figural_single_2_1,1,,0,green,429,1,single,r_g_16.png,color,green
134250,,c7fbf674-7151-4b31-9215-b4523cffdc16,1,swvp4m3x1616529085663,153,figural_mixed_practice,1,,0,angular,2881,1,start,e_g_13.png,shape,angular
134250,,c7fbf674-7151-4b31-9215-b4523cffdc16,1,swvp4m3x1616529085663,154,figural_mixed_practice,1,,0,angular,1239,1,repetition,e_g_15.png,shape,angular
134250,,c7fbf674-7151-4b31-9215-b4523cffdc16,1,swvp4m3x1616529085663,155,figural_mixed_practice,1,,0,blue,876,1,switch,r_b_02.png,color,blue
134250,,c7fbf674-7151-4b31-9215-b4523cffdc16,1,swvp4m3x1616529085663,156,figural_mixed_practice,1,,0,green,711,1,repetition,r_g_10.png,color,green
134250,,c7fbf674-7151-4b31-9215-b4523cffdc16,1,swvp4m3x1616529085663,157,figural_mixed_practice,1,,0,angular,2638,0,switch,r_b_03.png,shape,round
134250,,c7fbf674-7151-4b31-9215-b4523cffdc16,1,swvp4m3x1616529085663,158,figural_mixed_practice,1,,0,blue,1941,1,switch,e_b_11.png,color,blue
134250,,c7fbf674-7151-4b31-9215-b4523cffdc16,1,swvp4m3x1616529085663,159,figural_mixed_practice,1,,0,green,1162,1,repetition,r_g_06.png,color,green
134250,,c7fbf674-7151-4b31-9215-b4523cffdc16,1,swvp4m3x1616529085663,160,figural_mixed_practice,1,,0,round,1138,1,switch,r_b_08.png,shape,round
134250,,c7fbf674-7151-4b31-9215-b4523cffdc16,1,swvp4m3x1616529085663,161,figural_mixed_practice,1,,0,angular,1204,1,repetition,e_b_12.png,shape,angular
134250,,c7fbf674-7151-4b31-9215-b4523cffdc16,1,swvp4m3x1616529085663,162,figural_mixed_practice,1,,0,round,1315,1,repetition,r_g_04.png,shape,round
134250,,c7fbf674-7151-4b31-9215-b4523cffdc16,1,swvp4m3x1616529085663,163,figural_mixed_practice,1,,0,blue,1022,1,switch,e_b_01.png,color,blue
134250,,c7fbf674-7151-4b31-9215-b4523cffdc16,1,swvp4m3x1616529085663,164,figural_mixed_practice,1,,0,green,621,1,repetition,e_g_05.png,color,green
134250,,c7fbf674-7151-4b31-9215-b4523cffdc16,1,swvp4m3x1616529085663,165,figural_mixed,1,,0,green,765,1,start,r_g_12.png,color,green
134250,,c7fbf674-7151-4b31-9215-b4523cffdc16,1,swvp4m3x1616529085663,166,figural_mixed,1,,0,green,428,1,repetition,e_g_16.png,color,green
134250,,c7fbf674-7151-4b31-9215-b4523cffdc16,1,swvp4m3x1616529085663,167,figural_mixed,1,,0,round,735,1,switch,r_b_01.png,shape,round
134250,,c7fbf674-7151-4b31-9215-b4523cffdc16,1,swvp4m3x1616529085663,168,figural_mixed,1,,0,blue,1123,1,switch,e_b_10.png,color,blue
134250,,c7fbf674-7151-4b31-9215-b4523cffdc16,1,swvp4m3x1616529085663,169,figural_mixed,1,,0,round,993,1,switch,r_g_07.png,shape,round
134250,,c7fbf674-7151-4b31-9215-b4523cffdc16,1,swvp4m3x1616529085663,170,figural_mixed,1,,0,angular,1133,1,repetition,e_g_16.png,shape,angular
134250,,c7fbf674-7151-4b31-9215-b4523cffdc16,1,swvp4m3x1616529085663,171,figural_mixed,1,,0,angular,730,1,repetition,e_b_11.png,shape,angular
134250,,c7fbf674-7151-4b31-9215-b4523cffdc16,1,swvp4m3x1616529085663,172,figural_mixed,1,,0,blue,1026,1,switch,e_b_12.png,color,blue
134250,,c7fbf674-7151-4b31-9215-b4523cffdc16,1,swvp4m3x1616529085663,173,figural_mixed,1,,0,blue,363,1,repetition,r_b_05.png,color,blue
134250,,c7fbf674-7151-4b31-9215-b4523cffdc16,1,swvp4m3x1616529085663,174,figural_mixed,1,,0,angular,1068,1,switch,e_b_15.png,shape,angular
134250,,c7fbf674-7151-4b31-9215-b4523cffdc16,1,swvp4m3x1616529085663,175,figural_mixed,1,,0,round,586,1,repetition,r_g_01.png,shape,round
134250,,c7fbf674-7151-4b31-9215-b4523cffdc16,1,swvp4m3x1616529085663,176,figural_mixed,1,,0,green,1206,1,switch,r_g_11.png,color,green
134250,,c7fbf674-7151-4b31-9215-b4523cffdc16,1,swvp4m3x1616529085663,177,figural_mixed,1,,0,blue,1087,1,repetition,e_b_14.png,color,blue
134250,,c7fbf674-7151-4b31-9215-b4523cffdc16,1,swvp4m3x1616529085663,178,figural_mixed,1,,0,green,772,1,repetition,r_g_05.png,color,green
134250,,c7fbf674-7151-4b31-9215-b4523cffdc16,1,swvp4m3x1616529085663,179,figural_mixed,1,,0,angular,796,1,switch,e_g_09.png,shape,angular
134250,,c7fbf674-7151-4b31-9215-b4523cffdc16,1,swvp4m3x1616529085663,180,figural_mixed,1,,0,round,791,1,repetition,r_b_04.png,shape,round
134250,,c7fbf674-7151-4b31-9215-b4523cffdc16,1,swvp4m3x1616529085663,181,figural_mixed,1,,0,round,864,1,repetition,r_g_12.png,shape,round
134250,,c7fbf674-7151-4b31-9215-b4523cffdc16,1,swvp4m3x1616529085663,182,figural_mixed,1,,0,round,816,1,repetition,r_b_02.png,shape,round
134250,,c7fbf674-7151-4b31-9215-b4523cffdc16,1,swvp4m3x1616529085663,183,figural_mixed,1,,0,green,825,1,switch,r_g_04.png,color,green
134250,,c7fbf674-7151-4b31-9215-b4523cffdc16,1,swvp4m3x1616529085663,184,figural_mixed,1,,0,blue,785,1,repetition,e_b_02.png,color,blue
134250,,c7fbf674-7151-4b31-9215-b4523cffdc16,1,swvp4m3x1616529085663,185,figural_mixed,1,,0,blue,738,1,repetition,r_b_16.png,color,blue
134250,,c7fbf674-7151-4b31-9215-b4523cffdc16,1,swvp4m3x1616529085663,186,figural_mixed,1,,0,angular,749,1,switch,e_g_03.png,shape,angular
134250,,c7fbf674-7151-4b31-9215-b4523cffdc16,1,swvp4m3x1616529085663,187,figural_mixed,1,,0,blue,711,1,switch,r_b_10.png,color,blue
134250,,c7fbf674-7151-4b31-9215-b4523cffdc16,1,swvp4m3x1616529085663,188,figural_mixed,1,,0,green,1251,1,repetition,e_g_03.png,color,green
134250,,c7fbf674-7151-4b31-9215-b4523cffdc16,1,swvp4m3x1616529085663,189,figural_mixed,1,,0,green,792,1,repetition,r_g_06.png,color,green
134250,,c7fbf674-7151-4b31-9215-b4523cffdc16,1,swvp4m3x1616529085663,190,figural_mixed,1,,0,round,1330,1,switch,r_b_09.png,shape,round
134250,,c7fbf674-7151-4b31-9215-b4523cffdc16,1,swvp4m3x1616529085663,191,figural_mixed,1,,0,blue,1131,1,switch,r_b_02.png,color,blue
134250,,c7fbf674-7151-4b31-9215-b4523cffdc16,1,swvp4m3x1616529085663,192,figural_mixed,1,,0,green,633,1,repetition,r_g_01.png,color,green
134250,,c7fbf674-7151-4b31-9215-b4523cffdc16,1,swvp4m3x1616529085663,193,figural_mixed,1,,0,angular,683,1,switch,e_g_07.png,shape,angular
134250,,c7fbf674-7151-4b31-9215-b4523cffdc16,1,swvp4m3x1616529085663,194,figural_mixed,1,,0,blue,625,1,switch,r_b_13.png,color,blue
134250,,c7fbf674-7151-4b31-9215-b4523cffdc16,1,swvp4m3x1616529085663,195,figural_mixed,1,,0,angular,846,1,switch,e_b_14.png,shape,angular
134250,,c7fbf674-7151-4b31-9215-b4523cffdc16,1,swvp4m3x1616529085663,196,figural_mixed,1,,0,round,1002,1,repetition,r_g_09.png,shape,round
134250,,c7fbf674-7151-4b31-9215-b4523cffdc16,1,swvp4m3x1616529085663,197,figural_mixed,1,,0,round,1361,1,repetition,r_b_11.png,shape,round
134250,,c7fbf674-7151-4b31-9215-b4523cffdc16,1,swvp4m3x1616529085663,198,figural_mixed,1,,0,green,720,1,switch,r_g_07.png,color,green
134250,,c7fbf674-7151-4b31-9215-b4523cffdc16,1,swvp4m3x1616529085663,199,figural_mixed,1,,0,angular,1330,1,switch,e_b_04.png,shape,angular
134250,,c7fbf674-7151-4b31-9215-b4523cffdc16,1,swvp4m3x1616529085663,200,figural_mixed,1,,0,angular,1126,0,repetition,r_g_14.png,shape,round
134250,,c7fbf674-7151-4b31-9215-b4523cffdc16,1,swvp4m3x1616529085663,201,figural_mixed,1,,0,blue,1438,1,switch,e_b_09.png,color,blue
134250,,c7fbf674-7151-4b31-9215-b4523cffdc16,1,swvp4m3x1616529085663,202,figural_mixed,1,,0,angular,932,1,switch,e_g_10.png,shape,angular
134250,,c7fbf674-7151-4b31-9215-b4523cffdc16,1,swvp4m3x1616529085663,203,figural_mixed,1,,0,green,813,1,switch,r_g_15.png,color,green
134250,,c7fbf674-7151-4b31-9215-b4523cffdc16,1,swvp4m3x1616529085663,204,figural_mixed,1,,0,green,795,1,repetition,e_g_14.png,color,green
134250,,c7fbf674-7151-4b31-9215-b4523cffdc16,1,swvp4m3x1616529085663,205,figural_mixed,1,,0,blue,944,1,repetition,r_b_07.png,color,blue
134250,,c7fbf674-7151-4b31-9215-b4523cffdc16,1,swvp4m3x1616529085663,206,figural_mixed,1,,0,blue,473,1,repetition,r_b_09.png,color,blue
134250,,c7fbf674-7151-4b31-9215-b4523cffdc16,1,swvp4m3x1616529085663,207,figural_mixed,1,,0,angular,626,1,switch,e_g_14.png,shape,angular
134250,,c7fbf674-7151-4b31-9215-b4523cffdc16,1,swvp4m3x1616529085663,208,figural_mixed,1,,0,angular,459,1,repetition,e_g_13.png,shape,angular
134250,,c7fbf674-7151-4b31-9215-b4523cffdc16,1,swvp4m3x1616529085663,209,figural_mixed,1,,0,blue,607,1,switch,e_b_04.png,color,blue
134250,,c7fbf674-7151-4b31-9215-b4523cffdc16,1,swvp4m3x1616529085663,210,figural_mixed,1,,0,green,445,1,repetition,e_g_10.png,color,green
134250,,c7fbf674-7151-4b31-9215-b4523cffdc16,1,swvp4m3x1616529085663,211,figural_mixed,1,,0,green,1176,1,repetition,e_g_04.png,color,green
134250,,c7fbf674-7151-4b31-9215-b4523cffdc16,1,swvp4m3x1616529085663,212,figural_mixed,1,,0,angular,740,1,switch,e_b_07.png,shape,angular
134250,,c7fbf674-7151-4b31-9215-b4523cffdc16,1,swvp4m3x1616529085663,213,figural_mixed,1,,0,round,899,1,repetition,r_g_11.png,shape,round
134250,,c7fbf674-7151-4b31-9215-b4523cffdc16,1,swvp4m3x1616529085663,214,figural_mixed,1,,0,round,554,1,repetition,r_g_04.png,shape,round
134250,,c7fbf674-7151-4b31-9215-b4523cffdc16,1,swvp4m3x1616529085663,215,figural_mixed,1,,0,round,582,0,repetition,e_g_15.png,shape,angular
134250,,c7fbf674-7151-4b31-9215-b4523cffdc16,1,swvp4m3x1616529085663,216,figural_mixed,1,,0,green,1006,1,switch,e_g_11.png,color,green
134250,,c7fbf674-7151-4b31-9215-b4523cffdc16,1,swvp4m3x1616529085663,217,figural_mixed,1,,0,round,992,1,switch,r_g_08.png,shape,round
134250,,c7fbf674-7151-4b31-9215-b4523cffdc16,1,swvp4m3x1616529085663,218,figural_mixed,1,,0,round,464,1,repetition,r_g_10.png,shape,round
134250,,c7fbf674-7151-4b31-9215-b4523cffdc16,1,swvp4m3x1616529085663,219,figural_mixed,1,,0,green,669,1,switch,e_g_15.png,color,green
134250,,c7fbf674-7151-4b31-9215-b4523cffdc16,1,swvp4m3x1616529085663,220,figural_mixed,1,,0,green,432,1,repetition,r_g_02.png,color,green
134250,,c7fbf674-7151-4b31-9215-b4523cffdc16,1,swvp4m3x1616529085663,221,figural_mixed,1,,0,angular,1016,1,switch,e_b_01.png,shape,angular
134250,,c7fbf674-7151-4b31-9215-b4523cffdc16,1,swvp4m3x1616529085663,222,figural_mixed,1,,0,blue,903,1,switch,e_b_15.png,color,blue
134250,,c7fbf674-7151-4b31-9215-b4523cffdc16,1,swvp4m3x1616529085663,223,figural_mixed,1,,0,green,637,0,repetition,e_b_03.png,color,blue
134250,,c7fbf674-7151-4b31-9215-b4523cffdc16,1,swvp4m3x1616529085663,224,figural_mixed,1,,0,blue,1099,1,repetition,e_b_01.png,color,blue
134250,,c7fbf674-7151-4b31-9215-b4523cffdc16,1,swvp4m3x1616529085663,225,figural_mixed,1,,0,round,1862,1,switch,r_g_02.png,shape,round
134250,,c7fbf674-7151-4b31-9215-b4523cffdc16,1,swvp4m3x1616529085663,226,figural_mixed,1,,0,green,808,1,switch,e_g_05.png,color,green
134250,,c7fbf674-7151-4b31-9215-b4523cffdc16,1,swvp4m3x1616529085663,227,figural_mixed,1,,0,round,683,1,switch,r_b_06.png,shape,round
134250,,c7fbf674-7151-4b31-9215-b4523cffdc16,1,swvp4m3x1616529085663,228,figural_mixed,1,,0,green,834,1,switch,e_g_08.png,color,green
134250,,c7fbf674-7151-4b31-9215-b4523cffdc16,1,swvp4m3x1616529085663,229,figural_mixed,1,,0,green,661,1,repetition,e_g_02.png,color,green
134250,,c7fbf674-7151-4b31-9215-b4523cffdc16,1,swvp4m3x1616529085663,230,figural_mixed,1,,0,blue,651,1,repetition,e_b_06.png,color,blue
134250,,c7fbf674-7151-4b31-9215-b4523cffdc16,1,swvp4m3x1616529085663,231,figural_mixed,1,,0,angular,784,1,switch,e_b_08.png,shape,angular
134250,,c7fbf674-7151-4b31-9215-b4523cffdc16,1,swvp4m3x1616529085663,232,figural_mixed,1,,0,green,1444,1,switch,r_g_09.png,color,green
134250,,c7fbf674-7151-4b31-9215-b4523cffdc16,1,swvp4m3x1616529085663,233,figural_mixed,1,,0,blue,999,1,repetition,e_b_13.png,color,blue
134250,,c7fbf674-7151-4b31-9215-b4523cffdc16,1,swvp4m3x1616529085663,234,figural_mixed,1,,0,round,734,1,switch,r_b_10.png,shape,round
134250,,c7fbf674-7151-4b31-9215-b4523cffdc16,1,swvp4m3x1616529085663,235,figural_mixed,1,,0,round,625,1,repetition,r_b_13.png,shape,round
134250,,c7fbf674-7151-4b31-9215-b4523cffdc16,1,swvp4m3x1616529085663,236,figural_mixed,1,,0,blue,1140,1,switch,e_b_11.png,color,blue
134250,,c7fbf674-7151-4b31-9215-b4523cffdc16,1,swvp4m3x1616529085663,237,figural_mixed,1,,0,green,1964,1,repetition,r_g_08.png,color,green
134250,,c7fbf674-7151-4b31-9215-b4523cffdc16,1,swvp4m3x1616529085663,238,figural_mixed,1,,0,angular,930,1,switch,e_b_10.png,shape,angular
134250,,c7fbf674-7151-4b31-9215-b4523cffdc16,1,swvp4m3x1616529085663,239,figural_mixed,1,,0,angular,511,1,repetition,e_g_06.png,shape,angular
134250,,c7fbf674-7151-4b31-9215-b4523cffdc16,1,swvp4m3x1616529085663,240,figural_mixed,1,,0,angular,521,1,repetition,e_g_11.png,shape,angular
134250,,c7fbf674-7151-4b31-9215-b4523cffdc16,1,swvp4m3x1616529085663,241,figural_mixed,1,,0,round,608,1,repetition,r_b_07.png,shape,round
134250,,c7fbf674-7151-4b31-9215-b4523cffdc16,1,swvp4m3x1616529085663,242,figural_mixed,1,,0,blue,1052,1,switch,r_b_06.png,color,blue
134250,,c7fbf674-7151-4b31-9215-b4523cffdc16,1,swvp4m3x1616529085663,243,figural_mixed,1,,0,green,693,0,repetition,e_b_07.png,color,blue
134250,,c7fbf674-7151-4b31-9215-b4523cffdc16,1,swvp4m3x1616529085663,244,figural_mixed,1,,0,blue,784,1,repetition,r_b_14.png,color,blue
134250,,c7fbf674-7151-4b31-9215-b4523cffdc16,1,swvp4m3x1616529085663,245,figural_mixed,1,,0,green,949,1,repetition,r_g_16.png,color,green
134250,,c7fbf674-7151-4b31-9215-b4523cffdc16,1,swvp4m3x1616529085663,246,figural_mixed,1,,0,angular,789,1,switch,e_b_09.png,shape,angular
134250,,c7fbf674-7151-4b31-9215-b4523cffdc16,1,swvp4m3x1616529085663,247,figural_mixed,1,,0,round,1374,1,repetition,r_g_05.png,shape,round
134250,,c7fbf674-7151-4b31-9215-b4523cffdc16,1,swvp4m3x1616529085663,248,figural_mixed,1,,0,angular,1130,1,repetition,e_b_12.png,shape,angular
134250,,c7fbf674-7151-4b31-9215-b4523cffdc16,1,swvp4m3x1616529085663,249,figural_mixed,1,,0,blue,1163,1,switch,e_b_05.png,color,blue
134250,,c7fbf674-7151-4b31-9215-b4523cffdc16,1,swvp4m3x1616529085663,250,figural_mixed,1,,0,round,1092,1,switch,r_g_06.png,shape,round
134250,,c7fbf674-7151-4b31-9215-b4523cffdc16,1,swvp4m3x1616529085663,251,figural_mixed,1,,0,blue,1689,1,switch,e_b_16.png,color,blue
134250,,c7fbf674-7151-4b31-9215-b4523cffdc16,1,swvp4m3x1616529085663,252,figural_mixed,1,,0,green,834,1,repetition,r_g_13.png,color,green
134250,,c7fbf674-7151-4b31-9215-b4523cffdc16,1,swvp4m3x1616529085663,253,figural_mixed,1,,0,angular,1078,1,switch,e_g_02.png,shape,angular
134250,,c7fbf674-7151-4b31-9215-b4523cffdc16,1,swvp4m3x1616529085663,254,figural_mixed,1,,0,round,1252,1,repetition,r_b_03.png,shape,round
134250,,c7fbf674-7151-4b31-9215-b4523cffdc16,1,swvp4m3x1616529085663,255,figural_mixed,1,,0,round,702,1,repetition,r_b_14.png,shape,round
134250,,c7fbf674-7151-4b31-9215-b4523cffdc16,1,swvp4m3x1616529085663,256,figural_mixed,1,,0,angular,757,1,repetition,e_g_12.png,shape,angular
134250,,c7fbf674-7151-4b31-9215-b4523cffdc16,1,swvp4m3x1616529085663,257,figural_mixed,1,,0,blue,960,1,switch,r_b_04.png,color,blue
134250,,c7fbf674-7151-4b31-9215-b4523cffdc16,1,swvp4m3x1616529085663,258,figural_mixed,1,,0,angular,1047,0,switch,r_g_15.png,shape,round
134250,,c7fbf674-7151-4b31-9215-b4523cffdc16,1,swvp4m3x1616529085663,259,figural_mixed,1,,0,angular,1824,1,repetition,e_g_08.png,shape,angular
134250,,c7fbf674-7151-4b31-9215-b4523cffdc16,1,swvp4m3x1616529085663,260,figural_mixed,1,,0,round,1137,1,repetition,r_b_16.png,shape,round
134250,,c7fbf674-7151-4b31-9215-b4523cffdc16,1,swvp4m3x1616529085663,261,figural_mixed,1,,0,green,1096,1,switch,r_g_10.png,color,green
134250,,c7fbf674-7151-4b31-9215-b4523cffdc16,1,swvp4m3x1616529085663,262,figural_mixed,1,,0,green,986,1,repetition,e_g_06.png,color,green
134250,,c7fbf674-7151-4b31-9215-b4523cffdc16,1,swvp4m3x1616529085663,263,figural_mixed,1,,0,round,1202,1,switch,r_g_13.png,shape,round
134250,,c7fbf674-7151-4b31-9215-b4523cffdc16,1,swvp4m3x1616529085663,264,figural_mixed,1,,0,blue,984,1,switch,r_b_03.png,color,blue
134250,,c7fbf674-7151-4b31-9215-b4523cffdc16,1,swvp4m3x1616529085663,265,figural_mixed,1,,0,angular,952,1,switch,e_b_02.png,shape,angular
134250,,c7fbf674-7151-4b31-9215-b4523cffdc16,1,swvp4m3x1616529085663,266,figural_mixed,1,,0,angular,749,1,repetition,e_b_03.png,shape,angular
134250,,c7fbf674-7151-4b31-9215-b4523cffdc16,1,swvp4m3x1616529085663,267,figural_mixed,1,,0,green,1776,1,switch,e_g_07.png,color,green
134250,,c7fbf674-7151-4b31-9215-b4523cffdc16,1,swvp4m3x1616529085663,268,figural_mixed,1,,0,blue,1205,1,repetition,r_b_08.png,color,blue
134250,,c7fbf674-7151-4b31-9215-b4523cffdc16,1,swvp4m3x1616529085663,269,figural_mixed,1,,0,blue,982,1,repetition,r_b_01.png,color,blue
134250,,c7fbf674-7151-4b31-9215-b4523cffdc16,1,swvp4m3x1616529085663,270,figural_mixed,1,,0,angular,1044,1,switch,e_b_05.png,shape,angular
134250,,c7fbf674-7151-4b31-9215-b4523cffdc16,1,swvp4m3x1616529085663,271,figural_mixed,1,,0,green,990,1,switch,r_g_16.png,color,green
134250,,c7fbf674-7151-4b31-9215-b4523cffdc16,1,swvp4m3x1616529085663,272,figural_mixed,1,,0,angular,968,1,switch,e_g_04.png,shape,angular
134250,,c7fbf674-7151-4b31-9215-b4523cffdc16,1,swvp4m3x1616529085663,273,figural_mixed,1,,0,round,899,1,repetition,r_b_05.png,shape,round
134250,,c7fbf674-7151-4b31-9215-b4523cffdc16,1,swvp4m3x1616529085663,274,figural_mixed,1,,0,round,951,1,repetition,r_g_03.png,shape,round
134250,,c7fbf674-7151-4b31-9215-b4523cffdc16,1,swvp4m3x1616529085663,275,figural_mixed,1,,0,blue,1124,1,switch,r_b_15.png,color,blue
134250,,c7fbf674-7151-4b31-9215-b4523cffdc16,1,swvp4m3x1616529085663,276,figural_mixed,1,,0,green,808,1,repetition,r_g_14.png,color,green
134250,,c7fbf674-7151-4b31-9215-b4523cffdc16,1,swvp4m3x1616529085663,277,figural_mixed,1,,0,angular,912,1,switch,e_g_01.png,shape,angular
134250,,c7fbf674-7151-4b31-9215-b4523cffdc16,1,swvp4m3x1616529085663,278,figural_mixed,1,,0,round,884,1,repetition,r_b_15.png,shape,round
134250,,c7fbf674-7151-4b31-9215-b4523cffdc16,1,swvp4m3x1616529085663,279,figural_mixed,1,,0,round,953,1,repetition,r_b_08.png,shape,round
134250,,c7fbf674-7151-4b31-9215-b4523cffdc16,1,swvp4m3x1616529085663,280,figural_mixed,1,,0,green,881,1,switch,e_g_12.png,color,green
134250,,c7fbf674-7151-4b31-9215-b4523cffdc16,1,swvp4m3x1616529085663,281,figural_mixed,1,,0,angular,1321,1,switch,e_b_13.png,shape,angular
134250,,c7fbf674-7151-4b31-9215-b4523cffdc16,1,swvp4m3x1616529085663,282,figural_mixed,1,,0,green,1051,1,switch,r_g_03.png,color,green
134250,,c7fbf674-7151-4b31-9215-b4523cffdc16,1,swvp4m3x1616529085663,283,figural_mixed,1,,0,blue,760,1,repetition,r_b_12.png,color,blue
134250,,c7fbf674-7151-4b31-9215-b4523cffdc16,1,swvp4m3x1616529085663,284,figural_mixed,1,,0,angular,845,1,switch,e_b_06.png,shape,angular
134250,,c7fbf674-7151-4b31-9215-b4523cffdc16,1,swvp4m3x1616529085663,285,figural_mixed,1,,0,angular,933,1,repetition,e_g_05.png,shape,angular
134250,,c7fbf674-7151-4b31-9215-b4523cffdc16,1,swvp4m3x1616529085663,286,figural_mixed,1,,0,blue,707,1,switch,r_b_11.png,color,blue
134250,,c7fbf674-7151-4b31-9215-b4523cffdc16,1,swvp4m3x1616529085663,287,figural_mixed,1,,0,round,654,0,switch,e_b_16.png,shape,angular
134250,,c7fbf674-7151-4b31-9215-b4523cffdc16,1,swvp4m3x1616529085663,288,figural_mixed,1,,0,green,1299,1,switch,e_g_01.png,color,green
134250,,c7fbf674-7151-4b31-9215-b4523cffdc16,1,swvp4m3x1616529085663,289,figural_mixed,1,,0,green,1088,1,repetition,e_g_13.png,color,green
134250,,c7fbf674-7151-4b31-9215-b4523cffdc16,1,swvp4m3x1616529085663,290,figural_mixed,1,,0,round,858,1,switch,r_b_12.png,shape,round
134250,,c7fbf674-7151-4b31-9215-b4523cffdc16,1,swvp4m3x1616529085663,291,figural_mixed,1,,0,blue,1160,1,switch,e_b_08.png,color,blue
134250,,c7fbf674-7151-4b31-9215-b4523cffdc16,1,swvp4m3x1616529085663,292,figural_mixed,1,,0,green,892,1,repetition,e_g_09.png,color,green
134250,,c7fbf674-7151-4b31-9215-b4523cffdc16,1,swvp4m3x1616529085663,293,figural_mixed,1,,0,green,795,1,repetition,r_g_12.png,color,green
134250,,c7fbf674-7151-4b31-9215-b4523cffdc16,1,swvp4m3x1616529085663,294,figural_single_2_2,1,,0,blue,926,1,single,e_b_01.png,color,blue
134250,,c7fbf674-7151-4b31-9215-b4523cffdc16,1,swvp4m3x1616529085663,295,figural_single_2_2,1,,0,blue,506,1,single,r_b_03.png,color,blue
134250,,c7fbf674-7151-4b31-9215-b4523cffdc16,1,swvp4m3x1616529085663,296,figural_single_2_2,1,,0,green,601,1,single,e_g_01.png,color,green
134250,,c7fbf674-7151-4b31-9215-b4523cffdc16,1,swvp4m3x1616529085663,297,figural_single_2_2,1,,0,green,554,1,single,e_g_13.png,color,green
134250,,c7fbf674-7151-4b31-9215-b4523cffdc16,1,swvp4m3x1616529085663,298,figural_single_2_2,1,,0,blue,526,1,single,r_b_16.png,color,blue
134250,,c7fbf674-7151-4b31-9215-b4523cffdc16,1,swvp4m3x1616529085663,299,figural_single_2_2,1,,0,blue,515,1,single,r_b_07.png,color,blue
134250,,c7fbf674-7151-4b31-9215-b4523cffdc16,1,swvp4m3x1616529085663,300,figural_single_2_2,1,,0,green,516,1,single,r_g_08.png,color,green
134250,,c7fbf674-7151-4b31-9215-b4523cffdc16,1,swvp4m3x1616529085663,301,figural_single_2_2,1,,0,blue,630,1,single,r_b_09.png,color,blue
134250,,c7fbf674-7151-4b31-9215-b4523cffdc16,1,swvp4m3x1616529085663,302,figural_single_2_2,1,,0,green,667,1,single,r_g_02.png,color,green
134250,,c7fbf674-7151-4b31-9215-b4523cffdc16,1,swvp4m3x1616529085663,303,figural_single_2_2,1,,0,green,695,1,single,r_g_12.png,color,green
134250,,c7fbf674-7151-4b31-9215-b4523cffdc16,1,swvp4m3x1616529085663,304,figural_single_2_2,1,,0,blue,619,1,single,e_b_08.png,color,blue
134250,,c7fbf674-7151-4b31-9215-b4523cffdc16,1,swvp4m3x1616529085663,305,figural_single_2_2,1,,0,green,662,1,single,r_g_04.png,color,green
134250,,c7fbf674-7151-4b31-9215-b4523cffdc16,1,swvp4m3x1616529085663,306,figural_single_2_2,1,,0,blue,555,1,single,e_b_03.png,color,blue
134250,,c7fbf674-7151-4b31-9215-b4523cffdc16,1,swvp4m3x1616529085663,307,figural_single_2_2,1,,0,green,584,0,single,e_b_11.png,color,blue
134250,,c7fbf674-7151-4b31-9215-b4523cffdc16,1,swvp4m3x1616529085663,308,figural_single_2_2,1,,0,blue,552,1,single,r_b_14.png,color,blue
134250,,c7fbf674-7151-4b31-9215-b4523cffdc16,1,swvp4m3x1616529085663,309,figural_single_2_2,1,,0,green,839,1,single,e_g_07.png,color,green
134250,,c7fbf674-7151-4b31-9215-b4523cffdc16,1,swvp4m3x1616529085663,310,figural_single_2_2,1,,0,blue,500,1,single,r_b_13.png,color,blue
134250,,c7fbf674-7151-4b31-9215-b4523cffdc16,1,swvp4m3x1616529085663,311,figural_single_2_2,1,,0,green,533,1,single,e_g_16.png,color,green
134250,,c7fbf674-7151-4b31-9215-b4523cffdc16,1,swvp4m3x1616529085663,312,figural_single_2_2,1,,0,blue,478,1,single,e_b_14.png,color,blue
134250,,c7fbf674-7151-4b31-9215-b4523cffdc16,1,swvp4m3x1616529085663,313,figural_single_2_2,1,,0,blue,426,0,single,e_g_12.png,color,green
134250,,c7fbf674-7151-4b31-9215-b4523cffdc16,1,swvp4m3x1616529085663,314,figural_single_2_2,1,,0,green,564,1,single,r_g_07.png,color,green
134250,,c7fbf674-7151-4b31-9215-b4523cffdc16,1,swvp4m3x1616529085663,315,figural_single_2_2,1,,0,blue,437,1,single,e_b_15.png,color,blue
134250,,c7fbf674-7151-4b31-9215-b4523cffdc16,1,swvp4m3x1616529085663,316,figural_single_2_2,1,,0,green,446,0,single,e_b_05.png,color,blue
134250,,c7fbf674-7151-4b31-9215-b4523cffdc16,1,swvp4m3x1616529085663,317,figural_single_2_2,1,,0,blue,487,0,single,r_g_15.png,color,green
134250,,c7fbf674-7151-4b31-9215-b4523cffdc16,1,swvp4m3x1616529085663,318,figural_single_2_2,1,,0,blue,1586,1,single,r_b_06.png,color,blue
134250,,c7fbf674-7151-4b31-9215-b4523cffdc16,1,swvp4m3x1616529085663,319,figural_single_2_2,1,,0,green,590,1,single,e_g_02.png,color,green
134250,,c7fbf674-7151-4b31-9215-b4523cffdc16,1,swvp4m3x1616529085663,320,figural_single_2_2,1,,0,green,752,1,single,r_g_16.png,color,green
134250,,c7fbf674-7151-4b31-9215-b4523cffdc16,1,swvp4m3x1616529085663,321,figural_single_2_2,1,,0,blue,1058,1,single,e_b_10.png,color,blue
134250,,c7fbf674-7151-4b31-9215-b4523cffdc16,1,swvp4m3x1616529085663,322,figural_single_2_2,1,,0,green,625,1,single,e_g_05.png,color,green
134250,,c7fbf674-7151-4b31-9215-b4523cffdc16,1,swvp4m3x1616529085663,323,figural_single_2_2,1,,0,green,842,1,single,e_g_03.png,color,green
134250,,c7fbf674-7151-4b31-9215-b4523cffdc16,1,swvp4m3x1616529085663,324,figural_single_2_2,1,,0,green,531,1,single,e_g_11.png,color,green
134250,,c7fbf674-7151-4b31-9215-b4523cffdc16,1,swvp4m3x1616529085663,325,figural_single_2_2,1,,0,blue,554,1,single,r_b_15.png,color,blue
134250,,c7fbf674-7151-4b31-9215-b4523cffdc16,1,swvp4m3x1616529085663,326,figural_single_2_2,1,,0,blue,673,1,single,e_b_02.png,color,blue
134250,,c7fbf674-7151-4b31-9215-b4523cffdc16,1,swvp4m3x1616529085663,327,figural_single_2_2,1,,0,blue,494,1,single,r_b_08.png,color,blue
134250,,c7fbf674-7151-4b31-9215-b4523cffdc16,1,swvp4m3x1616529085663,328,figural_single_2_2,1,,0,green,497,1,single,e_g_06.png,color,green
134250,,c7fbf674-7151-4b31-9215-b4523cffdc16,1,swvp4m3x1616529085663,329,figural_single_2_2,1,,0,green,427,0,single,e_b_16.png,color,blue
134250,,c7fbf674-7151-4b31-9215-b4523cffdc16,1,swvp4m3x1616529085663,330,figural_single_2_2,1,,0,blue,553,1,single,e_b_06.png,color,blue
134250,,c7fbf674-7151-4b31-9215-b4523cffdc16,1,swvp4m3x1616529085663,331,figural_single_2_2,1,,0,green,530,1,single,r_g_09.png,color,green
134250,,c7fbf674-7151-4b31-9215-b4523cffdc16,1,swvp4m3x1616529085663,332,figural_single_2_2,1,,0,green,638,1,single,e_g_10.png,color,green
134250,,c7fbf674-7151-4b31-9215-b4523cffdc16,1,swvp4m3x1616529085663,333,figural_single_2_2,1,,0,blue,411,1,single,e_b_12.png,color,blue
134250,,c7fbf674-7151-4b31-9215-b4523cffdc16,1,swvp4m3x1616529085663,334,figural_single_2_2,1,,0,green,550,1,single,r_g_11.png,color,green
134250,,c7fbf674-7151-4b31-9215-b4523cffdc16,1,swvp4m3x1616529085663,335,figural_single_2_2,1,,0,blue,699,0,single,r_g_06.png,color,green
134250,,c7fbf674-7151-4b31-9215-b4523cffdc16,1,swvp4m3x1616529085663,336,figural_single_2_2,1,,0,green,872,1,single,e_g_04.png,color,green
134250,,c7fbf674-7151-4b31-9215-b4523cffdc16,1,swvp4m3x1616529085663,337,figural_single_2_2,1,,0,blue,716,1,single,r_b_01.png,color,blue
134250,,c7fbf674-7151-4b31-9215-b4523cffdc16,1,swvp4m3x1616529085663,338,figural_single_2_2,1,,0,green,1014,1,single,r_g_03.png,color,green
134250,,c7fbf674-7151-4b31-9215-b4523cffdc16,1,swvp4m3x1616529085663,339,figural_single_2_2,1,,0,blue,611,1,single,e_b_04.png,color,blue
134250,,c7fbf674-7151-4b31-9215-b4523cffdc16,1,swvp4m3x1616529085663,340,figural_single_2_2,1,,0,blue,539,1,single,r_b_12.png,color,blue
134250,,c7fbf674-7151-4b31-9215-b4523cffdc16,1,swvp4m3x1616529085663,341,figural_single_2_2,1,,0,green,368,1,single,r_g_13.png,color,green
134250,,c7fbf674-7151-4b31-9215-b4523cffdc16,1,swvp4m3x1616529085663,342,figural_single_2_2,1,,0,blue,427,1,single,r_b_02.png,color,blue
134250,,c7fbf674-7151-4b31-9215-b4523cffdc16,1,swvp4m3x1616529085663,343,figural_single_2_2,1,,0,green,449,1,single,e_g_09.png,color,green
134250,,c7fbf674-7151-4b31-9215-b4523cffdc16,1,swvp4m3x1616529085663,344,figural_single_2_2,1,,0,green,443,1,single,e_g_15.png,color,green
134250,,c7fbf674-7151-4b31-9215-b4523cffdc16,1,swvp4m3x1616529085663,345,figural_single_2_2,1,,0,green,420,1,single,e_g_08.png,color,green
134250,,c7fbf674-7151-4b31-9215-b4523cffdc16,1,swvp4m3x1616529085663,346,figural_single_2_2,1,,0,blue,382,1,single,r_b_05.png,color,blue
134250,,c7fbf674-7151-4b31-9215-b4523cffdc16,1,swvp4m3x1616529085663,347,figural_single_2_2,1,,0,green,341,1,single,r_g_14.png,color,green
134250,,c7fbf674-7151-4b31-9215-b4523cffdc16,1,swvp4m3x1616529085663,348,figural_single_2_2,1,,0,blue,352,1,single,r_b_04.png,color,blue
134250,,c7fbf674-7151-4b31-9215-b4523cffdc16,1,swvp4m3x1616529085663,349,figural_single_2_2,1,,0,green,409,1,single,r_g_10.png,color,green
134250,,c7fbf674-7151-4b31-9215-b4523cffdc16,1,swvp4m3x1616529085663,350,figural_single_2_2,1,,0,green,398,1,single,r_g_01.png,color,green
134250,,c7fbf674-7151-4b31-9215-b4523cffdc16,1,swvp4m3x1616529085663,351,figural_single_2_2,1,,0,blue,363,1,single,r_b_11.png,color,blue
134250,,c7fbf674-7151-4b31-9215-b4523cffdc16,1,swvp4m3x1616529085663,352,figural_single_2_2,1,,0,green,347,1,single,r_g_05.png,color,green
134250,,c7fbf674-7151-4b31-9215-b4523cffdc16,1,swvp4m3x1616529085663,353,figural_single_2_2,1,,0,blue,362,1,single,r_b_10.png,color,blue
134250,,c7fbf674-7151-4b31-9215-b4523cffdc16,1,swvp4m3x1616529085663,354,figural_single_2_2,1,,0,blue,400,1,single,e_b_13.png,color,blue
134250,,c7fbf674-7151-4b31-9215-b4523cffdc16,1,swvp4m3x1616529085663,355,figural_single_2_2,1,,0,green,394,1,single,e_g_14.png,color,green
134250,,c7fbf674-7151-4b31-9215-b4523cffdc16,1,swvp4m3x1616529085663,356,figural_single_2_2,1,,0,blue,428,1,single,e_b_07.png,color,blue
134250,,c7fbf674-7151-4b31-9215-b4523cffdc16,1,swvp4m3x1616529085663,357,figural_single_2_2,1,,0,blue,411,1,single,e_b_09.png,color,blue
134250,,c7fbf674-7151-4b31-9215-b4523cffdc16,1,swvp4m3x1616529085663,358,figural_single_1_2,1,,0,angular,923,1,single,e_g_11.png,shape,angular
134250,,c7fbf674-7151-4b31-9215-b4523cffdc16,1,swvp4m3x1616529085663,359,figural_single_1_2,1,,0,round,421,1,single,r_b_16.png,shape,round
134250,,c7fbf674-7151-4b31-9215-b4523cffdc16,1,swvp4m3x1616529085663,360,figural_single_1_2,1,,0,angular,501,1,single,e_b_10.png,shape,angular
134250,,c7fbf674-7151-4b31-9215-b4523cffdc16,1,swvp4m3x1616529085663,361,figural_single_1_2,1,,0,round,339,1,single,r_b_02.png,shape,round
134250,,c7fbf674-7151-4b31-9215-b4523cffdc16,1,swvp4m3x1616529085663,362,figural_single_1_2,1,,0,round,561,1,single,r_g_08.png,shape,round
134250,,c7fbf674-7151-4b31-9215-b4523cffdc16,1,swvp4m3x1616529085663,363,figural_single_1_2,1,,0,angular,454,1,single,e_g_02.png,shape,angular
134250,,c7fbf674-7151-4b31-9215-b4523cffdc16,1,swvp4m3x1616529085663,364,figural_single_1_2,1,,0,round,464,1,single,r_g_05.png,shape,round
134250,,c7fbf674-7151-4b31-9215-b4523cffdc16,1,swvp4m3x1616529085663,365,figural_single_1_2,1,,0,angular,406,1,single,e_b_15.png,shape,angular
134250,,c7fbf674-7151-4b31-9215-b4523cffdc16,1,swvp4m3x1616529085663,366,figural_single_1_2,1,,0,round,502,1,single,r_b_09.png,shape,round
134250,,c7fbf674-7151-4b31-9215-b4523cffdc16,1,swvp4m3x1616529085663,367,figural_single_1_2,1,,0,angular,400,1,single,e_b_12.png,shape,angular
134250,,c7fbf674-7151-4b31-9215-b4523cffdc16,1,swvp4m3x1616529085663,368,figural_single_1_2,1,,0,angular,670,1,single,e_g_15.png,shape,angular
134250,,c7fbf674-7151-4b31-9215-b4523cffdc16,1,swvp4m3x1616529085663,369,figural_single_1_2,1,,0,round,945,1,single,r_g_04.png,shape,round
134250,,c7fbf674-7151-4b31-9215-b4523cffdc16,1,swvp4m3x1616529085663,370,figural_single_1_2,1,,0,angular,512,1,single,e_b_14.png,shape,angular
134250,,c7fbf674-7151-4b31-9215-b4523cffdc16,1,swvp4m3x1616529085663,371,figural_single_1_2,1,,0,angular,352,1,single,e_b_02.png,shape,angular
134250,,c7fbf674-7151-4b31-9215-b4523cffdc16,1,swvp4m3x1616529085663,372,figural_single_1_2,1,,0,round,404,1,single,r_g_15.png,shape,round
134250,,c7fbf674-7151-4b31-9215-b4523cffdc16,1,swvp4m3x1616529085663,373,figural_single_1_2,1,,0,angular,395,1,single,e_b_11.png,shape,angular
134250,,c7fbf674-7151-4b31-9215-b4523cffdc16,1,swvp4m3x1616529085663,374,figural_single_1_2,1,,0,round,474,1,single,r_b_07.png,shape,round
134250,,c7fbf674-7151-4b31-9215-b4523cffdc16,1,swvp4m3x1616529085663,375,figural_single_1_2,1,,0,round,551,1,single,r_g_06.png,shape,round
134250,,c7fbf674-7151-4b31-9215-b4523cffdc16,1,swvp4m3x1616529085663,376,figural_single_1_2,1,,0,round,402,1,single,r_g_02.png,shape,round
134250,,c7fbf674-7151-4b31-9215-b4523cffdc16,1,swvp4m3x1616529085663,377,figural_single_1_2,1,,0,angular,397,1,single,e_b_09.png,shape,angular
134250,,c7fbf674-7151-4b31-9215-b4523cffdc16,1,swvp4m3x1616529085663,378,figural_single_1_2,1,,0,angular,415,0,single,r_b_15.png,shape,round
134250,,c7fbf674-7151-4b31-9215-b4523cffdc16,1,swvp4m3x1616529085663,379,figural_single_1_2,1,,0,angular,628,1,single,e_g_14.png,shape,angular
134250,,c7fbf674-7151-4b31-9215-b4523cffdc16,1,swvp4m3x1616529085663,380,figural_single_1_2,1,,0,round,686,1,single,r_b_04.png,shape,round
134250,,c7fbf674-7151-4b31-9215-b4523cffdc16,1,swvp4m3x1616529085663,381,figural_single_1_2,1,,0,round,577,1,single,r_g_09.png,shape,round
134250,,c7fbf674-7151-4b31-9215-b4523cffdc16,1,swvp4m3x1616529085663,382,figural_single_1_2,1,,0,angular,604,1,single,e_g_03.png,shape,angular
134250,,c7fbf674-7151-4b31-9215-b4523cffdc16,1,swvp4m3x1616529085663,383,figural_single_1_2,1,,0,round,461,1,single,r_b_13.png,shape,round
134250,,c7fbf674-7151-4b31-9215-b4523cffdc16,1,swvp4m3x1616529085663,384,figural_single_1_2,1,,0,round,446,1,single,r_b_03.png,shape,round
134250,,c7fbf674-7151-4b31-9215-b4523cffdc16,1,swvp4m3x1616529085663,385,figural_single_1_2,1,,0,round,566,1,single,r_g_14.png,shape,round
134250,,c7fbf674-7151-4b31-9215-b4523cffdc16,1,swvp4m3x1616529085663,386,figural_single_1_2,1,,0,angular,442,1,single,e_b_05.png,shape,angular
134250,,c7fbf674-7151-4b31-9215-b4523cffdc16,1,swvp4m3x1616529085663,387,figural_single_1_2,1,,0,round,402,1,single,r_b_10.png,shape,round
134250,,c7fbf674-7151-4b31-9215-b4523cffdc16,1,swvp4m3x1616529085663,388,figural_single_1_2,1,,0,round,491,1,single,r_b_12.png,shape,round
134250,,c7fbf674-7151-4b31-9215-b4523cffdc16,1,swvp4m3x1616529085663,389,figural_single_1_2,1,,0,round,376,1,single,r_b_14.png,shape,round
134250,,c7fbf674-7151-4b31-9215-b4523cffdc16,1,swvp4m3x1616529085663,390,figural_single_1_2,1,,0,angular,404,1,single,e_g_16.png,shape,angular
134250,,c7fbf674-7151-4b31-9215-b4523cffdc16,1,swvp4m3x1616529085663,391,figural_single_1_2,1,,0,round,389,1,single,r_g_12.png,shape,round
134250,,c7fbf674-7151-4b31-9215-b4523cffdc16,1,swvp4m3x1616529085663,392,figural_single_1_2,1,,0,angular,505,0,single,r_g_11.png,shape,round
134250,,c7fbf674-7151-4b31-9215-b4523cffdc16,1,swvp4m3x1616529085663,393,figural_single_1_2,1,,0,angular,598,1,single,e_b_03.png,shape,angular
134250,,c7fbf674-7151-4b31-9215-b4523cffdc16,1,swvp4m3x1616529085663,394,figural_single_1_2,1,,0,angular,1071,1,single,e_b_04.png,shape,angular
134250,,c7fbf674-7151-4b31-9215-b4523cffdc16,1,swvp4m3x1616529085663,395,figural_single_1_2,1,,0,round,474,1,single,r_b_11.png,shape,round
134250,,c7fbf674-7151-4b31-9215-b4523cffdc16,1,swvp4m3x1616529085663,396,figural_single_1_2,1,,0,angular,462,1,single,e_g_05.png,shape,angular
134250,,c7fbf674-7151-4b31-9215-b4523cffdc16,1,swvp4m3x1616529085663,397,figural_single_1_2,1,,0,round,388,0,single,e_b_16.png,shape,angular
134250,,c7fbf674-7151-4b31-9215-b4523cffdc16,1,swvp4m3x1616529085663,398,figural_single_1_2,1,,0,angular,575,1,single,e_g_13.png,shape,angular
134250,,c7fbf674-7151-4b31-9215-b4523cffdc16,1,swvp4m3x1616529085663,399,figural_single_1_2,1,,0,round,480,1,single,r_g_01.png,shape,round
134250,,c7fbf674-7151-4b31-9215-b4523cffdc16,1,swvp4m3x1616529085663,400,figural_single_1_2,1,,0,angular,492,1,single,e_b_08.png,shape,angular
134250,,c7fbf674-7151-4b31-9215-b4523cffdc16,1,swvp4m3x1616529085663,401,figural_single_1_2,1,,0,angular,495,1,single,e_g_10.png,shape,angular
134250,,c7fbf674-7151-4b31-9215-b4523cffdc16,1,swvp4m3x1616529085663,402,figural_single_1_2,1,,0,round,447,1,single,r_g_13.png,shape,round
134250,,c7fbf674-7151-4b31-9215-b4523cffdc16,1,swvp4m3x1616529085663,403,figural_single_1_2,1,,0,angular,382,1,single,e_b_01.png,shape,angular
134250,,c7fbf674-7151-4b31-9215-b4523cffdc16,1,swvp4m3x1616529085663,404,figural_single_1_2,1,,0,angular,587,1,single,e_b_06.png,shape,angular
134250,,c7fbf674-7151-4b31-9215-b4523cffdc16,1,swvp4m3x1616529085663,405,figural_single_1_2,1,,0,round,432,1,single,r_g_10.png,shape,round
134250,,c7fbf674-7151-4b31-9215-b4523cffdc16,1,swvp4m3x1616529085663,406,figural_single_1_2,1,,0,angular,378,1,single,e_g_08.png,shape,angular
134250,,c7fbf674-7151-4b31-9215-b4523cffdc16,1,swvp4m3x1616529085663,407,figural_single_1_2,1,,0,angular,462,1,single,e_g_07.png,shape,angular
134250,,c7fbf674-7151-4b31-9215-b4523cffdc16,1,swvp4m3x1616529085663,408,figural_single_1_2,1,,0,round,421,1,single,r_b_06.png,shape,round
134250,,c7fbf674-7151-4b31-9215-b4523cffdc16,1,swvp4m3x1616529085663,409,figural_single_1_2,1,,0,angular,386,1,single,e_g_09.png,shape,angular
134250,,c7fbf674-7151-4b31-9215-b4523cffdc16,1,swvp4m3x1616529085663,410,figural_single_1_2,1,,0,round,421,1,single,r_b_01.png,shape,round
134250,,c7fbf674-7151-4b31-9215-b4523cffdc16,1,swvp4m3x1616529085663,411,figural_single_1_2,1,,0,angular,476,1,single,e_b_13.png,shape,angular
134250,,c7fbf674-7151-4b31-9215-b4523cffdc16,1,swvp4m3x1616529085663,412,figural_single_1_2,1,,0,angular,528,1,single,e_g_04.png,shape,angular
134250,,c7fbf674-7151-4b31-9215-b4523cffdc16,1,swvp4m3x1616529085663,413,figural_single_1_2,1,,0,angular,406,1,single,e_g_12.png,shape,angular
134250,,c7fbf674-7151-4b31-9215-b4523cffdc16,1,swvp4m3x1616529085663,414,figural_single_1_2,1,,0,round,464,1,single,r_b_08.png,shape,round
134250,,c7fbf674-7151-4b31-9215-b4523cffdc16,1,swvp4m3x1616529085663,415,figural_single_1_2,1,,0,angular,539,1,single,e_b_07.png,shape,angular
134250,,c7fbf674-7151-4b31-9215-b4523cffdc16,1,swvp4m3x1616529085663,416,figural_single_1_2,1,,0,round,569,1,single,r_g_03.png,shape,round
134250,,c7fbf674-7151-4b31-9215-b4523cffdc16,1,swvp4m3x1616529085663,417,figural_single_1_2,1,,0,angular,507,1,single,e_g_06.png,shape,angular
134250,,c7fbf674-7151-4b31-9215-b4523cffdc16,1,swvp4m3x1616529085663,418,figural_single_1_2,1,,0,round,473,1,single,r_g_16.png,shape,round
134250,,c7fbf674-7151-4b31-9215-b4523cffdc16,1,swvp4m3x1616529085663,419,figural_single_1_2,1,,0,angular,376,0,single,r_b_05.png,shape,round
134250,,c7fbf674-7151-4b31-9215-b4523cffdc16,1,swvp4m3x1616529085663,420,figural_single_1_2,1,,0,angular,554,1,single,e_g_01.png,shape,angular
134250,,c7fbf674-7151-4b31-9215-b4523cffdc16,1,swvp4m3x1616529085663,421,figural_single_1_2,1,,0,round,468,1,single,r_g_07.png,shape,round