userCode,extId,moduleId,sessionId,sessionToken,trialId,executableId,session.complete,session.condition,session.forceExit,givenResponse,reactionTime,score,shiftingType,stimulusValue,stimulusType,correctResponse
134310,,c7fbf674-7151-4b31-9215-b4523cffdc16,1,i9cTgFtK1616573819323,1,figural_single_1_practice,1,,0,round,1150.0450000021374,1,single,r_b_10.png,shape,round
134310,,c7fbf674-7151-4b31-9215-b4523cffdc16,1,i9cTgFtK1616573819323,2,figural_single_1_practice,1,,0,angular,977.8800000058254,1,single,e_b_09.png,shape,angular
134310,,c7fbf674-7151-4b31-9215-b4523cffdc16,1,i9cTgFtK1616573819323,3,figural_single_1_practice,1,,0,round,550.8850000042003,1,single,r_b_11.png,shape,round
134310,,c7fbf674-7151-4b31-9215-b4523cffdc16,1,i9cTgFtK1616573819323,4,figural_single_1_practice,1,,0,round,705.6249999877764,1,single,r_g_05.png,shape,round
134310,,c7fbf674-7151-4b31-9215-b4523cffdc16,1,i9cTgFtK1616573819323,5,figural_single_1_practice,1,,0,angular,529.5599999953993,1,single,e_b_14.png,shape,angular
134310,,c7fbf674-7151-4b31-9215-b4523cffdc16,1,i9cTgFtK1616573819323,6,figural_single_1_practice,1,,0,angular,675.9449999954086,1,single,e_g_07.png,shape,angular
134310,,c7fbf674-7151-4b31-9215-b4523cffdc16,1,i9cTgFtK1616573819323,7,figural_single_1_practice,1,,0,angular,577.1600000007311,1,single,e_g_12.png,shape,angular
134310,,c7fbf674-7151-4b31-9215-b4523cffdc16,1,i9cTgFtK1616573819323,8,figural_single_1_practice,1,,0,round,589.959999997518,1,single,r_b_16.png,shape,round
134310,,c7fbf674-7151-4b31-9215-b4523cffdc16,1,i9cTgFtK1616573819323,9,figural_single_1_practice,1,,0,angular,517.3950000025798,0,single,r_g_02.png,shape,round
134310,,c7fbf674-7151-4b31-9215-b4523cffdc16,1,i9cTgFtK1616573819323,10,figural_single_1_practice,1,,0,angular,631.0749999975087,1,single,e_b_04.png,shape,angular
134310,,c7fbf674-7151-4b31-9215-b4523cffdc16,1,i9cTgFtK1616573819323,11,figural_single_1_practice,1,,0,angular,572.8949999902397,1,single,e_g_06.png,shape,angular
134310,,c7fbf674-7151-4b31-9215-b4523cffdc16,1,i9cTgFtK1616573819323,12,figural_single_1_practice,1,,0,round,883.4650000062538,1,single,r_g_15.png,shape,round
134310,,c7fbf674-7151-4b31-9215-b4523cffdc16,1,i9cTgFtK1616573819323,13,figural_single_1_1,1,,0,round,528.3350000099745,1,single,r_b_01.png,shape,round
134310,,c7fbf674-7151-4b31-9215-b4523cffdc16,1,i9cTgFtK1616573819323,14,figural_single_1_1,1,,0,angular,490.8749999885913,1,single,e_g_11.png,shape,angular
134310,,c7fbf674-7151-4b31-9215-b4523cffdc16,1,i9cTgFtK1616573819323,15,figural_single_1_1,1,,0,round,444.7150000050897,1,single,r_b_10.png,shape,round
134310,,c7fbf674-7151-4b31-9215-b4523cffdc16,1,i9cTgFtK1616573819323,16,figural_single_1_1,1,,0,round,672.0749999949476,1,single,r_b_06.png,shape,round
134310,,c7fbf674-7151-4b31-9215-b4523cffdc16,1,i9cTgFtK1616573819323,17,figural_single_1_1,1,,0,angular,456.92500000586733,1,single,e_g_07.png,shape,angular
134310,,c7fbf674-7151-4b31-9215-b4523cffdc16,1,i9cTgFtK1616573819323,18,figural_single_1_1,1,,0,angular,587.7699999982724,1,single,e_g_13.png,shape,angular
134310,,c7fbf674-7151-4b31-9215-b4523cffdc16,1,i9cTgFtK1616573819323,19,figural_single_1_1,1,,0,round,498.2649999874411,1,single,r_g_06.png,shape,round
134310,,c7fbf674-7151-4b31-9215-b4523cffdc16,1,i9cTgFtK1616573819323,20,figural_single_1_1,1,,0,angular,466.0100000037346,1,single,e_g_16.png,shape,angular
134310,,c7fbf674-7151-4b31-9215-b4523cffdc16,1,i9cTgFtK1616573819323,21,figural_single_1_1,1,,0,angular,651.8399999913527,1,single,e_b_09.png,shape,angular
134310,,c7fbf674-7151-4b31-9215-b4523cffdc16,1,i9cTgFtK1616573819323,22,figural_single_1_1,1,,0,angular,522.5700000009965,1,single,e_b_08.png,shape,angular
134310,,c7fbf674-7151-4b31-9215-b4523cffdc16,1,i9cTgFtK1616573819323,23,figural_single_1_1,1,,0,round,542.0549999980722,1,single,r_b_12.png,shape,round
134310,,c7fbf674-7151-4b31-9215-b4523cffdc16,1,i9cTgFtK1616573819323,24,figural_single_1_1,1,,0,angular,519.9599999905331,1,single,e_b_10.png,shape,angular
134310,,c7fbf674-7151-4b31-9215-b4523cffdc16,1,i9cTgFtK1616573819323,25,figural_single_1_1,1,,0,angular,648.6049999948591,1,single,e_b_05.png,shape,angular
134310,,c7fbf674-7151-4b31-9215-b4523cffdc16,1,i9cTgFtK1616573819323,26,figural_single_1_1,1,,0,round,665.6050000019604,1,single,r_b_13.png,shape,round
134310,,c7fbf674-7151-4b31-9215-b4523cffdc16,1,i9cTgFtK1616573819323,27,figural_single_1_1,1,,0,round,498.95500000275206,1,single,r_g_15.png,shape,round
134310,,c7fbf674-7151-4b31-9215-b4523cffdc16,1,i9cTgFtK1616573819323,28,figural_single_1_1,1,,0,angular,662.8099999943515,1,single,e_g_09.png,shape,angular
134310,,c7fbf674-7151-4b31-9215-b4523cffdc16,1,i9cTgFtK1616573819323,29,figural_single_1_1,1,,0,round,628.3899999980349,1,single,r_g_02.png,shape,round
134310,,c7fbf674-7151-4b31-9215-b4523cffdc16,1,i9cTgFtK1616573819323,30,figural_single_1_1,1,,0,round,757.7549999987241,1,single,r_b_07.png,shape,round
134310,,c7fbf674-7151-4b31-9215-b4523cffdc16,1,i9cTgFtK1616573819323,31,figural_single_1_1,1,,0,angular,513.8949999964098,1,single,e_b_06.png,shape,angular
134310,,c7fbf674-7151-4b31-9215-b4523cffdc16,1,i9cTgFtK1616573819323,32,figural_single_1_1,1,,0,round,571.12499998766,1,single,r_b_16.png,shape,round
134310,,c7fbf674-7151-4b31-9215-b4523cffdc16,1,i9cTgFtK1616573819323,33,figural_single_1_1,1,,0,angular,554.3849999958184,0,single,r_b_02.png,shape,round
134310,,c7fbf674-7151-4b31-9215-b4523cffdc16,1,i9cTgFtK1616573819323,34,figural_single_1_1,1,,0,angular,1429.2850000056205,1,single,e_g_06.png,shape,angular
134310,,c7fbf674-7151-4b31-9215-b4523cffdc16,1,i9cTgFtK1616573819323,35,figural_single_1_1,1,,0,round,607.6900000043679,1,single,r_g_03.png,shape,round
134310,,c7fbf674-7151-4b31-9215-b4523cffdc16,1,i9cTgFtK1616573819323,36,figural_single_1_1,1,,0,angular,670.734999992419,1,single,e_g_05.png,shape,angular
134310,,c7fbf674-7151-4b31-9215-b4523cffdc16,1,i9cTgFtK1616573819323,37,figural_single_1_1,1,,0,angular,861.479999992298,1,single,e_b_13.png,shape,angular
134310,,c7fbf674-7151-4b31-9215-b4523cffdc16,1,i9cTgFtK1616573819323,38,figural_single_1_1,1,,0,angular,718.8600000081351,1,single,e_g_15.png,shape,angular
134310,,c7fbf674-7151-4b31-9215-b4523cffdc16,1,i9cTgFtK1616573819323,39,figural_single_1_1,1,,0,round,555.0399999920046,1,single,r_g_08.png,shape,round
134310,,c7fbf674-7151-4b31-9215-b4523cffdc16,1,i9cTgFtK1616573819323,40,figural_single_1_1,1,,0,round,834.6549999987474,1,single,r_b_05.png,shape,round
134310,,c7fbf674-7151-4b31-9215-b4523cffdc16,1,i9cTgFtK1616573819323,41,figural_single_1_1,1,,0,angular,591.6100000031292,1,single,e_b_02.png,shape,angular
134310,,c7fbf674-7151-4b31-9215-b4523cffdc16,1,i9cTgFtK1616573819323,42,figural_single_1_1,1,,0,angular,829.9299999926006,1,single,e_g_14.png,shape,angular
134310,,c7fbf674-7151-4b31-9215-b4523cffdc16,1,i9cTgFtK1616573819323,43,figural_single_1_1,1,,0,round,489.5200000028126,1,single,r_b_03.png,shape,round
134310,,c7fbf674-7151-4b31-9215-b4523cffdc16,1,i9cTgFtK1616573819323,44,figural_single_1_1,1,,0,angular,609.3200000032084,1,single,e_b_14.png,shape,angular
134310,,c7fbf674-7151-4b31-9215-b4523cffdc16,1,i9cTgFtK1616573819323,45,figural_single_1_1,1,,0,angular,656.2150000099791,1,single,e_b_04.png,shape,angular
134310,,c7fbf674-7151-4b31-9215-b4523cffdc16,1,i9cTgFtK1616573819323,46,figural_single_1_1,1,,0,angular,866.1549999960698,1,single,e_b_03.png,shape,angular
134310,,c7fbf674-7151-4b31-9215-b4523cffdc16,1,i9cTgFtK1616573819323,47,figural_single_1_1,1,,0,round,556.4199999935227,1,single,r_g_16.png,shape,round
134310,,c7fbf674-7151-4b31-9215-b4523cffdc16,1,i9cTgFtK1616573819323,48,figural_single_1_1,1,,0,round,585.2250000025379,1,single,r_g_13.png,shape,round
134310,,c7fbf674-7151-4b31-9215-b4523cffdc16,1,i9cTgFtK1616573819323,49,figural_single_1_1,1,,0,round,535.104999988107,1,single,r_g_14.png,shape,round
134310,,c7fbf674-7151-4b31-9215-b4523cffdc16,1,i9cTgFtK1616573819323,50,figural_single_1_1,1,,0,angular,570.5250000028173,1,single,e_g_08.png,shape,angular
134310,,c7fbf674-7151-4b31-9215-b4523cffdc16,1,i9cTgFtK1616573819323,51,figural_single_1_1,1,,0,round,667.4149999889778,1,single,r_g_09.png,shape,round
134310,,c7fbf674-7151-4b31-9215-b4523cffdc16,1,i9cTgFtK1616573819323,52,figural_single_1_1,1,,0,angular,565.4750000103377,1,single,e_g_04.png,shape,angular
134310,,c7fbf674-7151-4b31-9215-b4523cffdc16,1,i9cTgFtK1616573819323,53,figural_single_1_1,1,,0,angular,830.5549999931827,1,single,e_b_15.png,shape,angular
134310,,c7fbf674-7151-4b31-9215-b4523cffdc16,1,i9cTgFtK1616573819323,54,figural_single_1_1,1,,0,round,555.4750000010245,1,single,r_g_04.png,shape,round
134310,,c7fbf674-7151-4b31-9215-b4523cffdc16,1,i9cTgFtK1616573819323,55,figural_single_1_1,1,,0,angular,687.1599999867612,1,single,e_b_07.png,shape,angular
134310,,c7fbf674-7151-4b31-9215-b4523cffdc16,1,i9cTgFtK1616573819323,56,figural_single_1_1,1,,0,angular,611.5900000004331,1,single,e_b_16.png,shape,angular
134310,,c7fbf674-7151-4b31-9215-b4523cffdc16,1,i9cTgFtK1616573819323,57,figural_single_1_1,1,,0,round,594.4850000087172,1,single,r_b_08.png,shape,round
134310,,c7fbf674-7151-4b31-9215-b4523cffdc16,1,i9cTgFtK1616573819323,58,figural_single_1_1,1,,0,angular,706.2949999963166,1,single,e_g_12.png,shape,angular
134310,,c7fbf674-7151-4b31-9215-b4523cffdc16,1,i9cTgFtK1616573819323,59,figural_single_1_1,1,,0,round,607.5949999940349,1,single,r_b_14.png,shape,round
134310,,c7fbf674-7151-4b31-9215-b4523cffdc16,1,i9cTgFtK1616573819323,60,figural_single_1_1,1,,0,round,715.1949999970384,1,single,r_g_05.png,shape,round
134310,,c7fbf674-7151-4b31-9215-b4523cffdc16,1,i9cTgFtK1616573819323,61,figural_single_1_1,1,,0,round,1031.459999998333,1,single,r_g_01.png,shape,round
134310,,c7fbf674-7151-4b31-9215-b4523cffdc16,1,i9cTgFtK1616573819323,62,figural_single_1_1,1,,0,angular,653.0349999957252,1,single,e_g_02.png,shape,angular
134310,,c7fbf674-7151-4b31-9215-b4523cffdc16,1,i9cTgFtK1616573819323,63,figural_single_1_1,1,,0,round,610.0900000019465,1,single,r_g_11.png,shape,round
134310,,c7fbf674-7151-4b31-9215-b4523cffdc16,1,i9cTgFtK1616573819323,64,figural_single_1_1,1,,0,round,684.0249999950174,1,single,r_g_10.png,shape,round
134310,,c7fbf674-7151-4b31-9215-b4523cffdc16,1,i9cTgFtK1616573819323,65,figural_single_1_1,1,,0,round,595.934999990277,1,single,r_b_04.png,shape,round
134310,,c7fbf674-7151-4b31-9215-b4523cffdc16,1,i9cTgFtK1616573819323,66,figural_single_1_1,1,,0,angular,555.2999999927124,1,single,e_g_01.png,shape,angular
134310,,c7fbf674-7151-4b31-9215-b4523cffdc16,1,i9cTgFtK1616573819323,67,figural_single_1_1,1,,0,round,577.3449999978766,1,single,r_b_09.png,shape,round
134310,,c7fbf674-7151-4b31-9215-b4523cffdc16,1,i9cTgFtK1616573819323,68,figural_single_1_1,1,,0,round,583.7100000062492,1,single,r_b_15.png,shape,round
134310,,c7fbf674-7151-4b31-9215-b4523cffdc16,1,i9cTgFtK1616573819323,69,figural_single_1_1,1,,0,round,650.565000003553,1,single,r_g_07.png,shape,round
134310,,c7fbf674-7151-4b31-9215-b4523cffdc16,1,i9cTgFtK1616573819323,70,figural_single_1_1,1,,0,angular,588.0949999991572,1,single,e_b_01.png,shape,angular
134310,,c7fbf674-7151-4b31-9215-b4523cffdc16,1,i9cTgFtK1616573819323,71,figural_single_1_1,1,,0,angular,623.8949999969918,1,single,e_b_12.png,shape,angular
134310,,c7fbf674-7151-4b31-9215-b4523cffdc16,1,i9cTgFtK1616573819323,72,figural_single_1_1,1,,0,round,601.4149999973597,1,single,r_b_11.png,shape,round
134310,,c7fbf674-7151-4b31-9215-b4523cffdc16,1,i9cTgFtK1616573819323,73,figural_single_1_1,1,,0,angular,709.3199999944773,0,single,r_g_12.png,shape,round
134310,,c7fbf674-7151-4b31-9215-b4523cffdc16,1,i9cTgFtK1616573819323,74,figural_single_1_1,1,,0,angular,943.3700000081444,1,single,e_g_03.png,shape,angular
134310,,c7fbf674-7151-4b31-9215-b4523cffdc16,1,i9cTgFtK1616573819323,75,figural_single_1_1,1,,0,angular,639.0050000045449,1,single,e_g_10.png,shape,angular
134310,,c7fbf674-7151-4b31-9215-b4523cffdc16,1,i9cTgFtK1616573819323,76,figural_single_1_1,1,,0,angular,555.0050000019837,1,single,e_b_11.png,shape,angular
134310,,c7fbf674-7151-4b31-9215-b4523cffdc16,1,i9cTgFtK1616573819323,77,figural_single_2_practice,1,,0,blue,557.329999996,1,single,r_b_07.png,color,blue
134310,,c7fbf674-7151-4b31-9215-b4523cffdc16,1,i9cTgFtK1616573819323,78,figural_single_2_practice,1,,0,green,834.724999993341,1,single,r_g_09.png,color,green
134310,,c7fbf674-7151-4b31-9215-b4523cffdc16,1,i9cTgFtK1616573819323,79,figural_single_2_practice,1,,0,green,702.1300000051269,1,single,e_g_04.png,color,green
134310,,c7fbf674-7151-4b31-9215-b4523cffdc16,1,i9cTgFtK1616573819323,80,figural_single_2_practice,1,,0,blue,441.46999999065883,1,single,r_b_14.png,color,blue
134310,,c7fbf674-7151-4b31-9215-b4523cffdc16,1,i9cTgFtK1616573819323,81,figural_single_2_practice,1,,0,blue,641.7249999940395,1,single,e_b_06.png,color,blue
134310,,c7fbf674-7151-4b31-9215-b4523cffdc16,1,i9cTgFtK1616573819323,82,figural_single_2_practice,1,,0,green,441.25000000349246,1,single,e_g_10.png,color,green
134310,,c7fbf674-7151-4b31-9215-b4523cffdc16,1,i9cTgFtK1616573819323,83,figural_single_2_practice,1,,0,blue,538.3100000035483,1,single,e_b_16.png,color,blue
134310,,c7fbf674-7151-4b31-9215-b4523cffdc16,1,i9cTgFtK1616573819323,84,figural_single_2_practice,1,,0,green,512.7099999954225,1,single,e_g_08.png,color,green
134310,,c7fbf674-7151-4b31-9215-b4523cffdc16,1,i9cTgFtK1616573819323,85,figural_single_2_practice,1,,0,blue,580.5950000067241,1,single,e_b_02.png,color,blue
134310,,c7fbf674-7151-4b31-9215-b4523cffdc16,1,i9cTgFtK1616573819323,86,figural_single_2_practice,1,,0,green,473.73500000685453,1,single,r_g_03.png,color,green
134310,,c7fbf674-7151-4b31-9215-b4523cffdc16,1,i9cTgFtK1616573819323,87,figural_single_2_practice,1,,0,blue,554.454999990412,1,single,r_b_13.png,color,blue
134310,,c7fbf674-7151-4b31-9215-b4523cffdc16,1,i9cTgFtK1616573819323,88,figural_single_2_practice,1,,0,green,492.4100000062026,1,single,r_g_01.png,color,green
134310,,c7fbf674-7151-4b31-9215-b4523cffdc16,1,i9cTgFtK1616573819323,89,figural_single_2_1,1,,0,blue,668.1200000020908,0,single,r_g_07.png,color,green
134310,,c7fbf674-7151-4b31-9215-b4523cffdc16,1,i9cTgFtK1616573819323,90,figural_single_2_1,1,,0,green,790.9900000086054,0,single,r_b_03.png,color,blue
134310,,c7fbf674-7151-4b31-9215-b4523cffdc16,1,i9cTgFtK1616573819323,91,figural_single_2_1,1,,0,blue,805.7350000017323,0,single,r_g_08.png,color,green
134310,,c7fbf674-7151-4b31-9215-b4523cffdc16,1,i9cTgFtK1616573819323,92,figural_single_2_1,1,,0,blue,661.789999998291,0,single,e_g_01.png,color,green
134310,,c7fbf674-7151-4b31-9215-b4523cffdc16,1,i9cTgFtK1616573819323,93,figural_single_2_1,1,,0,blue,679.6050000120886,0,single,e_g_09.png,color,green
134310,,c7fbf674-7151-4b31-9215-b4523cffdc16,1,i9cTgFtK1616573819323,94,figural_single_2_1,1,,0,green,625.4749999934575,0,single,r_b_08.png,color,blue
134310,,c7fbf674-7151-4b31-9215-b4523cffdc16,1,i9cTgFtK1616573819323,95,figural_single_2_1,1,,0,blue,551.6549999883864,1,single,e_b_03.png,color,blue
134310,,c7fbf674-7151-4b31-9215-b4523cffdc16,1,i9cTgFtK1616573819323,96,figural_single_2_1,1,,0,blue,1114.8799999937182,0,single,e_g_07.png,color,green
134310,,c7fbf674-7151-4b31-9215-b4523cffdc16,1,i9cTgFtK1616573819323,97,figural_single_2_1,1,,0,green,475.5450000084238,0,single,e_b_02.png,color,blue
134310,,c7fbf674-7151-4b31-9215-b4523cffdc16,1,i9cTgFtK1616573819323,98,figural_single_2_1,1,,0,blue,672.7799999935087,0,single,e_g_04.png,color,green
134310,,c7fbf674-7151-4b31-9215-b4523cffdc16,1,i9cTgFtK1616573819323,99,figural_single_2_1,1,,0,blue,726.4200000063283,0,single,r_g_06.png,color,green
134310,,c7fbf674-7151-4b31-9215-b4523cffdc16,1,i9cTgFtK1616573819323,100,figural_single_2_1,1,,0,green,541.2950000027195,0,single,e_b_08.png,color,blue
134310,,c7fbf674-7151-4b31-9215-b4523cffdc16,1,i9cTgFtK1616573819323,101,figural_single_2_1,1,,0,blue,844.5700000011129,0,single,e_g_16.png,color,green
134310,,c7fbf674-7151-4b31-9215-b4523cffdc16,1,i9cTgFtK1616573819323,102,figural_single_2_1,1,,0,green,657.6549999881536,0,single,e_b_06.png,color,blue
134310,,c7fbf674-7151-4b31-9215-b4523cffdc16,1,i9cTgFtK1616573819323,103,figural_single_2_1,1,,0,green,571.7050000093877,0,single,e_b_04.png,color,blue
134310,,c7fbf674-7151-4b31-9215-b4523cffdc16,1,i9cTgFtK1616573819323,104,figural_single_2_1,1,,0,blue,525.1299999945331,0,single,r_g_10.png,color,green
134310,,c7fbf674-7151-4b31-9215-b4523cffdc16,1,i9cTgFtK1616573819323,105,figural_single_2_1,1,,0,green,1527.47499999532,0,single,e_b_12.png,color,blue
134310,,c7fbf674-7151-4b31-9215-b4523cffdc16,1,i9cTgFtK1616573819323,106,figural_single_2_1,1,,0,green,814.9049999919953,0,single,r_b_09.png,color,blue
134310,,c7fbf674-7151-4b31-9215-b4523cffdc16,1,i9cTgFtK1616573819323,107,figural_single_2_1,1,,0,blue,557.2700000047917,0,single,r_g_15.png,color,green
134310,,c7fbf674-7151-4b31-9215-b4523cffdc16,1,i9cTgFtK1616573819323,108,figural_single_2_1,1,,0,blue,845.1499999937369,0,single,e_g_08.png,color,green
134310,,c7fbf674-7151-4b31-9215-b4523cffdc16,1,i9cTgFtK1616573819323,109,figural_single_2_1,1,,0,green,565.0099999911617,0,single,e_b_11.png,color,blue
134310,,c7fbf674-7151-4b31-9215-b4523cffdc16,1,i9cTgFtK1616573819323,110,figural_single_2_1,1,,0,green,586.6399999940768,0,single,r_b_13.png,color,blue
134310,,c7fbf674-7151-4b31-9215-b4523cffdc16,1,i9cTgFtK1616573819323,111,figural_single_2_1,1,,0,green,531.425000008312,0,single,r_b_12.png,color,blue
134310,,c7fbf674-7151-4b31-9215-b4523cffdc16,1,i9cTgFtK1616573819323,112,figural_single_2_1,1,,0,green,519.6450000075856,0,single,r_b_15.png,color,blue
134310,,c7fbf674-7151-4b31-9215-b4523cffdc16,1,i9cTgFtK1616573819323,113,figural_single_2_1,1,,0,blue,653.055000002496,0,single,e_g_05.png,color,green
134310,,c7fbf674-7151-4b31-9215-b4523cffdc16,1,i9cTgFtK1616573819323,114,figural_single_2_1,1,,0,blue,867.0750000019325,0,single,r_g_12.png,color,green
134310,,c7fbf674-7151-4b31-9215-b4523cffdc16,1,i9cTgFtK1616573819323,115,figural_single_2_1,1,,0,green,502.2999999928288,0,single,r_b_02.png,color,blue
134310,,c7fbf674-7151-4b31-9215-b4523cffdc16,1,i9cTgFtK1616573819323,116,figural_single_2_1,1,,0,green,526.0249999992084,0,single,r_b_01.png,color,blue
134310,,c7fbf674-7151-4b31-9215-b4523cffdc16,1,i9cTgFtK1616573819323,117,figural_single_2_1,1,,0,green,540.0950000039302,0,single,r_b_07.png,color,blue
134310,,c7fbf674-7151-4b31-9215-b4523cffdc16,1,i9cTgFtK1616573819323,118,figural_single_2_1,1,,0,blue,504.3699999951059,0,single,e_g_15.png,color,green
134310,,c7fbf674-7151-4b31-9215-b4523cffdc16,1,i9cTgFtK1616573819323,119,figural_single_2_1,1,,0,blue,541.5000000066357,0,single,e_g_11.png,color,green
134310,,c7fbf674-7151-4b31-9215-b4523cffdc16,1,i9cTgFtK1616573819323,120,figural_single_2_1,1,,0,green,672.5600000063423,0,single,e_b_07.png,color,blue
134310,,c7fbf674-7151-4b31-9215-b4523cffdc16,1,i9cTgFtK1616573819323,121,figural_single_2_1,1,,0,blue,590.8149999886518,0,single,r_g_04.png,color,green
134310,,c7fbf674-7151-4b31-9215-b4523cffdc16,1,i9cTgFtK1616573819323,122,figural_single_2_1,1,,0,blue,731.5600000001723,0,single,e_g_02.png,color,green
134310,,c7fbf674-7151-4b31-9215-b4523cffdc16,1,i9cTgFtK1616573819323,123,figural_single_2_1,1,,0,green,562.4299999908544,0,single,e_b_01.png,color,blue
134310,,c7fbf674-7151-4b31-9215-b4523cffdc16,1,i9cTgFtK1616573819323,124,figural_single_2_1,1,,0,green,639.4250000012107,0,single,r_b_05.png,color,blue
134310,,c7fbf674-7151-4b31-9215-b4523cffdc16,1,i9cTgFtK1616573819323,125,figural_single_2_1,1,,0,blue,526.0200000047917,0,single,e_g_03.png,color,green
134310,,c7fbf674-7151-4b31-9215-b4523cffdc16,1,i9cTgFtK1616573819323,126,figural_single_2_1,1,,0,green,885.2699999988545,0,single,r_b_04.png,color,blue
134310,,c7fbf674-7151-4b31-9215-b4523cffdc16,1,i9cTgFtK1616573819323,127,figural_single_2_1,1,,0,blue,613.9450000046054,0,single,e_g_06.png,color,green
134310,,c7fbf674-7151-4b31-9215-b4523cffdc16,1,i9cTgFtK1616573819323,128,figural_single_2_1,1,,0,blue,618.9400000002934,0,single,e_g_12.png,color,green
134310,,c7fbf674-7151-4b31-9215-b4523cffdc16,1,i9cTgFtK1616573819323,129,figural_single_2_1,1,,0,blue,514.084999987972,0,single,r_g_14.png,color,green
134310,,c7fbf674-7151-4b31-9215-b4523cffdc16,1,i9cTgFtK1616573819323,130,figural_single_2_1,1,,0,green,506.52499998977873,0,single,e_b_09.png,color,blue
134310,,c7fbf674-7151-4b31-9215-b4523cffdc16,1,i9cTgFtK1616573819323,131,figural_single_2_1,1,,0,green,572.1100000082515,0,single,e_b_16.png,color,blue
134310,,c7fbf674-7151-4b31-9215-b4523cffdc16,1,i9cTgFtK1616573819323,132,figural_single_2_1,1,,0,blue,575.1099999906728,0,single,r_g_01.png,color,green
134310,,c7fbf674-7151-4b31-9215-b4523cffdc16,1,i9cTgFtK1616573819323,133,figural_single_2_1,1,,0,blue,566.2500000034925,0,single,r_g_09.png,color,green
134310,,c7fbf674-7151-4b31-9215-b4523cffdc16,1,i9cTgFtK1616573819323,134,figural_single_2_1,1,,0,blue,466.61499999754597,0,single,e_g_13.png,color,green
134310,,c7fbf674-7151-4b31-9215-b4523cffdc16,1,i9cTgFtK1616573819323,135,figural_single_2_1,1,,0,green,516.0049999976764,0,single,r_b_06.png,color,blue
134310,,c7fbf674-7151-4b31-9215-b4523cffdc16,1,i9cTgFtK1616573819323,136,figural_single_2_1,1,,0,green,609.2999999964377,0,single,r_b_14.png,color,blue
134310,,c7fbf674-7151-4b31-9215-b4523cffdc16,1,i9cTgFtK1616573819323,137,figural_single_2_1,1,,0,blue,560.9650000114925,0,single,r_g_05.png,color,green
134310,,c7fbf674-7151-4b31-9215-b4523cffdc16,1,i9cTgFtK1616573819323,138,figural_single_2_1,1,,0,blue,724.4749999954365,0,single,e_g_10.png,color,green
134310,,c7fbf674-7151-4b31-9215-b4523cffdc16,1,i9cTgFtK1616573819323,139,figural_single_2_1,1,,0,blue,544.7149999963585,0,single,r_g_02.png,color,green
134310,,c7fbf674-7151-4b31-9215-b4523cffdc16,1,i9cTgFtK1616573819323,140,figural_single_2_1,1,,0,green,593.8649999879999,0,single,e_b_10.png,color,blue
134310,,c7fbf674-7151-4b31-9215-b4523cffdc16,1,i9cTgFtK1616573819323,141,figural_single_2_1,1,,0,green,530.6300000083866,0,single,r_b_16.png,color,blue
134310,,c7fbf674-7151-4b31-9215-b4523cffdc16,1,i9cTgFtK1616573819323,142,figural_single_2_1,1,,0,blue,519.0349999902537,0,single,r_g_11.png,color,green
134310,,c7fbf674-7151-4b31-9215-b4523cffdc16,1,i9cTgFtK1616573819323,143,figural_single_2_1,1,,0,blue,619.9550000019372,0,single,r_g_03.png,color,green
134310,,c7fbf674-7151-4b31-9215-b4523cffdc16,1,i9cTgFtK1616573819323,144,figural_single_2_1,1,,0,green,495.54499999794643,0,single,e_b_14.png,color,blue
134310,,c7fbf674-7151-4b31-9215-b4523cffdc16,1,i9cTgFtK1616573819323,145,figural_single_2_1,1,,0,green,612.7399999968475,0,single,e_b_13.png,color,blue
134310,,c7fbf674-7151-4b31-9215-b4523cffdc16,1,i9cTgFtK1616573819323,146,figural_single_2_1,1,,0,green,518.419999993057,0,single,r_b_10.png,color,blue
134310,,c7fbf674-7151-4b31-9215-b4523cffdc16,1,i9cTgFtK1616573819323,147,figural_single_2_1,1,,0,blue,479.99999999592546,0,single,e_g_14.png,color,green
134310,,c7fbf674-7151-4b31-9215-b4523cffdc16,1,i9cTgFtK1616573819323,148,figural_single_2_1,1,,0,green,552.5849999976344,0,single,e_b_15.png,color,blue
134310,,c7fbf674-7151-4b31-9215-b4523cffdc16,1,i9cTgFtK1616573819323,149,figural_single_2_1,1,,0,green,480.7650000002468,0,single,e_b_05.png,color,blue
134310,,c7fbf674-7151-4b31-9215-b4523cffdc16,1,i9cTgFtK1616573819323,150,figural_single_2_1,1,,0,green,545.1750000065658,0,single,r_b_11.png,color,blue
134310,,c7fbf674-7151-4b31-9215-b4523cffdc16,1,i9cTgFtK1616573819323,151,figural_single_2_1,1,,0,blue,447.5349999993341,0,single,r_g_13.png,color,green
134310,,c7fbf674-7151-4b31-9215-b4523cffdc16,1,i9cTgFtK1616573819323,152,figural_single_2_1,1,,0,blue,490.5599999910919,0,single,r_g_16.png,color,green
134310,,c7fbf674-7151-4b31-9215-b4523cffdc16,1,i9cTgFtK1616573819323,153,figural_mixed_practice,1,,0,round,3021.3950000033947,0,start,e_g_13.png,shape,angular
134310,,c7fbf674-7151-4b31-9215-b4523cffdc16,1,i9cTgFtK1616573819323,154,figural_mixed_practice,1,,0,angular,2035.4649999935646,1,repetition,e_g_15.png,shape,angular
134310,,c7fbf674-7151-4b31-9215-b4523cffdc16,1,i9cTgFtK1616573819323,155,figural_mixed_practice,1,,0,blue,1644.2999999999302,1,switch,r_b_02.png,color,blue
134310,,c7fbf674-7151-4b31-9215-b4523cffdc16,1,i9cTgFtK1616573819323,156,figural_mixed_practice,1,,0,green,1565.3149999998277,1,repetition,r_g_10.png,color,green
134310,,c7fbf674-7151-4b31-9215-b4523cffdc16,1,i9cTgFtK1616573819323,157,figural_mixed_practice,1,,0,round,1877.2199999948498,1,switch,r_b_03.png,shape,round
134310,,c7fbf674-7151-4b31-9215-b4523cffdc16,1,i9cTgFtK1616573819323,158,figural_mixed_practice,1,,0,blue,2593.865000002552,1,switch,e_b_11.png,color,blue
134310,,c7fbf674-7151-4b31-9215-b4523cffdc16,1,i9cTgFtK1616573819323,159,figural_mixed_practice,1,,0,green,1204.9850000039442,1,repetition,r_g_06.png,color,green
134310,,c7fbf674-7151-4b31-9215-b4523cffdc16,1,i9cTgFtK1616573819323,160,figural_mixed_practice,1,,0,round,1707.3600000003353,1,switch,r_b_08.png,shape,round
134310,,c7fbf674-7151-4b31-9215-b4523cffdc16,1,i9cTgFtK1616573819323,161,figural_mixed_practice,1,,0,round,745.8699999988312,0,repetition,e_b_12.png,shape,angular
134310,,c7fbf674-7151-4b31-9215-b4523cffdc16,1,i9cTgFtK1616573819323,162,figural_mixed_practice,1,,0,angular,1094.7550000128103,0,repetition,r_g_04.png,shape,round
134310,,c7fbf674-7151-4b31-9215-b4523cffdc16,1,i9cTgFtK1616573819323,163,figural_mixed_practice,1,,0,blue,2138.6249999923166,1,switch,e_b_01.png,color,blue
134310,,c7fbf674-7151-4b31-9215-b4523cffdc16,1,i9cTgFtK1616573819323,164,figural_mixed_practice,1,,0,green,1227.4400000023888,1,repetition,e_g_05.png,color,green
134310,,c7fbf674-7151-4b31-9215-b4523cffdc16,1,i9cTgFtK1616573819323,165,figural_mixed,1,,0,green,1345.6699999951525,1,start,r_g_12.png,color,green
134310,,c7fbf674-7151-4b31-9215-b4523cffdc16,1,i9cTgFtK1616573819323,166,figural_mixed,1,,0,green,2606.0750000033295,1,repetition,e_g_16.png,color,green
134310,,c7fbf674-7151-4b31-9215-b4523cffdc16,1,i9cTgFtK1616573819323,167,figural_mixed,1,,0,round,2162.1500000037486,1,switch,r_b_01.png,shape,round
134310,,c7fbf674-7151-4b31-9215-b4523cffdc16,1,i9cTgFtK1616573819323,168,figural_mixed,1,,0,blue,1684.110000001965,1,switch,e_b_10.png,color,blue
134310,,c7fbf674-7151-4b31-9215-b4523cffdc16,1,i9cTgFtK1616573819323,169,figural_mixed,1,,0,round,2300.699999992503,1,switch,r_g_07.png,shape,round
134310,,c7fbf674-7151-4b31-9215-b4523cffdc16,1,i9cTgFtK1616573819323,170,figural_mixed,1,,0,angular,3228.210000001127,1,repetition,e_g_16.png,shape,angular
134310,,c7fbf674-7151-4b31-9215-b4523cffdc16,1,i9cTgFtK1616573819323,171,figural_mixed,1,,0,round,1578.190000000177,0,repetition,e_b_11.png,shape,angular
134310,,c7fbf674-7151-4b31-9215-b4523cffdc16,1,i9cTgFtK1616573819323,172,figural_mixed,1,,0,blue,3698.980000001029,1,switch,e_b_12.png,color,blue
134310,,c7fbf674-7151-4b31-9215-b4523cffdc16,1,i9cTgFtK1616573819323,173,figural_mixed,1,,0,blue,1767.6399999909336,1,repetition,r_b_05.png,color,blue
134310,,c7fbf674-7151-4b31-9215-b4523cffdc16,1,i9cTgFtK1616573819323,174,figural_mixed,1,,0,angular,1748.040000005858,1,switch,e_b_15.png,shape,angular
134310,,c7fbf674-7151-4b31-9215-b4523cffdc16,1,i9cTgFtK1616573819323,175,figural_mixed,1,,0,round,1972.8499999910127,1,repetition,r_g_01.png,shape,round
134310,,c7fbf674-7151-4b31-9215-b4523cffdc16,1,i9cTgFtK1616573819323,176,figural_mixed,1,,0,green,1494.829999996,1,switch,r_g_11.png,color,green
134310,,c7fbf674-7151-4b31-9215-b4523cffdc16,1,i9cTgFtK1616573819323,177,figural_mixed,1,,0,blue,1202.9599999950733,1,repetition,e_b_14.png,color,blue
134310,,c7fbf674-7151-4b31-9215-b4523cffdc16,1,i9cTgFtK1616573819323,178,figural_mixed,1,,0,green,1512.254999994184,1,repetition,r_g_05.png,color,green
134310,,c7fbf674-7151-4b31-9215-b4523cffdc16,1,i9cTgFtK1616573819323,179,figural_mixed,1,,0,angular,1354.9700000003213,1,switch,e_g_09.png,shape,angular
134310,,c7fbf674-7151-4b31-9215-b4523cffdc16,1,i9cTgFtK1616573819323,180,figural_mixed,1,,0,round,1981.260000000475,1,repetition,r_b_04.png,shape,round
134310,,c7fbf674-7151-4b31-9215-b4523cffdc16,1,i9cTgFtK1616573819323,181,figural_mixed,1,,0,round,2165.900000007241,1,repetition,r_g_12.png,shape,round
134310,,c7fbf674-7151-4b31-9215-b4523cffdc16,1,i9cTgFtK1616573819323,182,figural_mixed,1,,0,round,827.2350000042934,1,repetition,r_b_02.png,shape,round
134310,,c7fbf674-7151-4b31-9215-b4523cffdc16,1,i9cTgFtK1616573819323,183,figural_mixed,1,,0,blue,1037.7800000132993,0,switch,r_g_04.png,color,green
134310,,c7fbf674-7151-4b31-9215-b4523cffdc16,1,i9cTgFtK1616573819323,184,figural_mixed,1,,0,blue,2177.1199999930104,1,repetition,e_b_02.png,color,blue
134310,,c7fbf674-7151-4b31-9215-b4523cffdc16,1,i9cTgFtK1616573819323,185,figural_mixed,1,,0,blue,1185.169999997015,1,repetition,r_b_16.png,color,blue
134310,,c7fbf674-7151-4b31-9215-b4523cffdc16,1,i9cTgFtK1616573819323,186,figural_mixed,1,,0,angular,1561.3250000023982,1,switch,e_g_03.png,shape,angular
134310,,c7fbf674-7151-4b31-9215-b4523cffdc16,1,i9cTgFtK1616573819323,187,figural_mixed,1,,0,blue,1393.3249999972759,1,switch,r_b_10.png,color,blue
134310,,c7fbf674-7151-4b31-9215-b4523cffdc16,1,i9cTgFtK1616573819323,188,figural_mixed,1,,0,green,1478.849999999511,1,repetition,e_g_03.png,color,green
134310,,c7fbf674-7151-4b31-9215-b4523cffdc16,1,i9cTgFtK1616573819323,189,figural_mixed,1,,0,green,1348.0099999869708,1,repetition,r_g_06.png,color,green
134310,,c7fbf674-7151-4b31-9215-b4523cffdc16,1,i9cTgFtK1616573819323,190,figural_mixed,1,,0,round,1196.1850000079721,1,switch,r_b_09.png,shape,round
134310,,c7fbf674-7151-4b31-9215-b4523cffdc16,1,i9cTgFtK1616573819323,191,figural_mixed,1,,0,blue,1621.8599999992875,1,switch,r_b_02.png,color,blue
134310,,c7fbf674-7151-4b31-9215-b4523cffdc16,1,i9cTgFtK1616573819323,192,figural_mixed,1,,0,green,1163.1449999986216,1,repetition,r_g_01.png,color,green
134310,,c7fbf674-7151-4b31-9215-b4523cffdc16,1,i9cTgFtK1616573819323,193,figural_mixed,1,,0,angular,1389.8899999912828,1,switch,e_g_07.png,shape,angular
134310,,c7fbf674-7151-4b31-9215-b4523cffdc16,1,i9cTgFtK1616573819323,194,figural_mixed,1,,0,blue,1291.8700000009267,1,switch,r_b_13.png,color,blue
134310,,c7fbf674-7151-4b31-9215-b4523cffdc16,1,i9cTgFtK1616573819323,195,figural_mixed,1,,0,angular,1521.1299999937182,1,switch,e_b_14.png,shape,angular
134310,,c7fbf674-7151-4b31-9215-b4523cffdc16,1,i9cTgFtK1616573819323,196,figural_mixed,1,,0,angular,1470.275000014226,0,repetition,r_g_09.png,shape,round
134310,,c7fbf674-7151-4b31-9215-b4523cffdc16,1,i9cTgFtK1616573819323,197,figural_mixed,1,,0,round,1444.7800000052666,1,repetition,r_b_11.png,shape,round
134310,,c7fbf674-7151-4b31-9215-b4523cffdc16,1,i9cTgFtK1616573819323,198,figural_mixed,1,,0,green,2733.4799999953248,1,switch,r_g_07.png,color,green
134310,,c7fbf674-7151-4b31-9215-b4523cffdc16,1,i9cTgFtK1616573819323,199,figural_mixed,1,,0,angular,1957.509999992908,1,switch,e_b_04.png,shape,angular
134310,,c7fbf674-7151-4b31-9215-b4523cffdc16,1,i9cTgFtK1616573819323,200,figural_mixed,1,,0,round,1883.2750000001397,1,repetition,r_g_14.png,shape,round
134310,,c7fbf674-7151-4b31-9215-b4523cffdc16,1,i9cTgFtK1616573819323,201,figural_mixed,1,,0,blue,2268.1200000079116,1,switch,e_b_09.png,color,blue
134310,,c7fbf674-7151-4b31-9215-b4523cffdc16,1,i9cTgFtK1616573819323,202,figural_mixed,1,,0,angular,2050.1099999964936,1,switch,e_g_10.png,shape,angular
134310,,c7fbf674-7151-4b31-9215-b4523cffdc16,1,i9cTgFtK1616573819323,203,figural_mixed,1,,0,green,1609.7250000020722,1,switch,r_g_15.png,color,green
134310,,c7fbf674-7151-4b31-9215-b4523cffdc16,1,i9cTgFtK1616573819323,204,figural_mixed,1,,0,green,1779.7849999915343,1,repetition,e_g_14.png,color,green
134310,,c7fbf674-7151-4b31-9215-b4523cffdc16,1,i9cTgFtK1616573819323,205,figural_mixed,1,,0,blue,1388.8050000095973,1,repetition,r_b_07.png,color,blue
134310,,c7fbf674-7151-4b31-9215-b4523cffdc16,1,i9cTgFtK1616573819323,206,figural_mixed,1,,0,blue,1110.3299999958836,1,repetition,r_b_09.png,color,blue
134310,,c7fbf674-7151-4b31-9215-b4523cffdc16,1,i9cTgFtK1616573819323,207,figural_mixed,1,,0,angular,1261.3249999994878,1,switch,e_g_14.png,shape,angular
134310,,c7fbf674-7151-4b31-9215-b4523cffdc16,1,i9cTgFtK1616573819323,208,figural_mixed,1,,0,angular,1120.4149999975925,1,repetition,e_g_13.png,shape,angular
134310,,c7fbf674-7151-4b31-9215-b4523cffdc16,1,i9cTgFtK1616573819323,209,figural_mixed,1,,0,blue,1557.7850000117905,1,switch,e_b_04.png,color,blue
134310,,c7fbf674-7151-4b31-9215-b4523cffdc16,1,i9cTgFtK1616573819323,210,figural_mixed,1,,0,green,1851.939999993192,1,repetition,e_g_10.png,color,green
134310,,c7fbf674-7151-4b31-9215-b4523cffdc16,1,i9cTgFtK1616573819323,211,figural_mixed,1,,0,green,1031.154999989667,1,repetition,e_g_04.png,color,green
134310,,c7fbf674-7151-4b31-9215-b4523cffdc16,1,i9cTgFtK1616573819323,212,figural_mixed,1,,0,angular,1732.6699999975972,1,switch,e_b_07.png,shape,angular
134310,,c7fbf674-7151-4b31-9215-b4523cffdc16,1,i9cTgFtK1616573819323,213,figural_mixed,1,,0,round,1635.5449999973644,1,repetition,r_g_11.png,shape,round
134310,,c7fbf674-7151-4b31-9215-b4523cffdc16,1,i9cTgFtK1616573819323,214,figural_mixed,1,,0,round,1417.3999999911757,1,repetition,r_g_04.png,shape,round
134310,,c7fbf674-7151-4b31-9215-b4523cffdc16,1,i9cTgFtK1616573819323,215,figural_mixed,1,,0,angular,1490.1799999934155,1,repetition,e_g_15.png,shape,angular
134310,,c7fbf674-7151-4b31-9215-b4523cffdc16,1,i9cTgFtK1616573819323,216,figural_mixed,1,,0,green,1612.0599999994738,1,switch,e_g_11.png,color,green
134310,,c7fbf674-7151-4b31-9215-b4523cffdc16,1,i9cTgFtK1616573819323,217,figural_mixed,1,,0,round,1802.6100000133738,1,switch,r_g_08.png,shape,round
134310,,c7fbf674-7151-4b31-9215-b4523cffdc16,1,i9cTgFtK1616573819323,218,figural_mixed,1,,0,round,1266.0400000022491,1,repetition,r_g_10.png,shape,round
134310,,c7fbf674-7151-4b31-9215-b4523cffdc16,1,i9cTgFtK1616573819323,219,figural_mixed,1,,0,green,1555.2100000059,1,switch,e_g_15.png,color,green
134310,,c7fbf674-7151-4b31-9215-b4523cffdc16,1,i9cTgFtK1616573819323,220,figural_mixed,1,,0,green,1486.7749999975786,1,repetition,r_g_02.png,color,green
134310,,c7fbf674-7151-4b31-9215-b4523cffdc16,1,i9cTgFtK1616573819323,221,figural_mixed,1,,0,angular,1524.3500000069616,1,switch,e_b_01.png,shape,angular
134310,,c7fbf674-7151-4b31-9215-b4523cffdc16,1,i9cTgFtK1616573819323,222,figural_mixed,1,,0,blue,1848.855000003823,1,switch,e_b_15.png,color,blue
134310,,c7fbf674-7151-4b31-9215-b4523cffdc16,1,i9cTgFtK1616573819323,223,figural_mixed,1,,0,blue,1383.720000012545,1,repetition,e_b_03.png,color,blue
134310,,c7fbf674-7151-4b31-9215-b4523cffdc16,1,i9cTgFtK1616573819323,224,figural_mixed,1,,0,blue,1241.5749999927357,1,repetition,e_b_01.png,color,blue
134310,,c7fbf674-7151-4b31-9215-b4523cffdc16,1,i9cTgFtK1616573819323,225,figural_mixed,1,,0,round,1460.7550000073388,1,switch,r_g_02.png,shape,round
134310,,c7fbf674-7151-4b31-9215-b4523cffdc16,1,i9cTgFtK1616573819323,226,figural_mixed,1,,0,green,2033.8099999935366,1,switch,e_g_05.png,color,green
134310,,c7fbf674-7151-4b31-9215-b4523cffdc16,1,i9cTgFtK1616573819323,227,figural_mixed,1,,0,round,1455.9949999966193,1,switch,r_b_06.png,shape,round
134310,,c7fbf674-7151-4b31-9215-b4523cffdc16,1,i9cTgFtK1616573819323,228,figural_mixed,1,,0,green,1427.8599999961443,1,switch,e_g_08.png,color,green
134310,,c7fbf674-7151-4b31-9215-b4523cffdc16,1,i9cTgFtK1616573819323,229,figural_mixed,1,,0,green,1383.7150000035763,1,repetition,e_g_02.png,color,green
134310,,c7fbf674-7151-4b31-9215-b4523cffdc16,1,i9cTgFtK1616573819323,230,figural_mixed,1,,0,blue,1170.2400000067428,1,repetition,e_b_06.png,color,blue
134310,,c7fbf674-7151-4b31-9215-b4523cffdc16,1,i9cTgFtK1616573819323,231,figural_mixed,1,,0,angular,1336.2100000085775,1,switch,e_b_08.png,shape,angular
134310,,c7fbf674-7151-4b31-9215-b4523cffdc16,1,i9cTgFtK1616573819323,232,figural_mixed,1,,0,green,1864.5549999928335,1,switch,r_g_09.png,color,green
134310,,c7fbf674-7151-4b31-9215-b4523cffdc16,1,i9cTgFtK1616573819323,233,figural_mixed,1,,0,blue,1158.0600000015693,1,repetition,e_b_13.png,color,blue
134310,,c7fbf674-7151-4b31-9215-b4523cffdc16,1,i9cTgFtK1616573819323,234,figural_mixed,1,,0,round,2074.900000006892,1,switch,r_b_10.png,shape,round
134310,,c7fbf674-7151-4b31-9215-b4523cffdc16,1,i9cTgFtK1616573819323,235,figural_mixed,1,,0,round,1327.5250000006054,1,repetition,r_b_13.png,shape,round
134310,,c7fbf674-7151-4b31-9215-b4523cffdc16,1,i9cTgFtK1616573819323,236,figural_mixed,1,,0,green,1042.730000001029,0,switch,e_b_11.png,color,blue
134310,,c7fbf674-7151-4b31-9215-b4523cffdc16,1,i9cTgFtK1616573819323,237,figural_mixed,1,,0,green,1364.2299999919487,1,repetition,r_g_08.png,color,green
134310,,c7fbf674-7151-4b31-9215-b4523cffdc16,1,i9cTgFtK1616573819323,238,figural_mixed,1,,0,angular,1975.1300000061747,1,switch,e_b_10.png,shape,angular
134310,,c7fbf674-7151-4b31-9215-b4523cffdc16,1,i9cTgFtK1616573819323,239,figural_mixed,1,,0,angular,1447.2749999986263,1,repetition,e_g_06.png,shape,angular
134310,,c7fbf674-7151-4b31-9215-b4523cffdc16,1,i9cTgFtK1616573819323,240,figural_mixed,1,,0,angular,1198.3099999924889,1,repetition,e_g_11.png,shape,angular
134310,,c7fbf674-7151-4b31-9215-b4523cffdc16,1,i9cTgFtK1616573819323,241,figural_mixed,1,,0,round,1173.6050000035902,1,repetition,r_b_07.png,shape,round
134310,,c7fbf674-7151-4b31-9215-b4523cffdc16,1,i9cTgFtK1616573819323,242,figural_mixed,1,,0,blue,1245.9950000047684,1,switch,r_b_06.png,color,blue
134310,,c7fbf674-7151-4b31-9215-b4523cffdc16,1,i9cTgFtK1616573819323,243,figural_mixed,1,,0,blue,1530.205000002752,1,repetition,e_b_07.png,color,blue
134310,,c7fbf674-7151-4b31-9215-b4523cffdc16,1,i9cTgFtK1616573819323,244,figural_mixed,1,,0,blue,1455.9799999988172,1,repetition,r_b_14.png,color,blue
134310,,c7fbf674-7151-4b31-9215-b4523cffdc16,1,i9cTgFtK1616573819323,245,figural_mixed,1,,0,green,1123.8400000002002,1,repetition,r_g_16.png,color,green
134310,,c7fbf674-7151-4b31-9215-b4523cffdc16,1,i9cTgFtK1616573819323,246,figural_mixed,1,,0,angular,1332.4950000096578,1,switch,e_b_09.png,shape,angular
134310,,c7fbf674-7151-4b31-9215-b4523cffdc16,1,i9cTgFtK1616573819323,247,figural_mixed,1,,0,round,1377.2299999982351,1,repetition,r_g_05.png,shape,round
134310,,c7fbf674-7151-4b31-9215-b4523cffdc16,1,i9cTgFtK1616573819323,248,figural_mixed,1,,0,angular,1617.484999995213,1,repetition,e_b_12.png,shape,angular
134310,,c7fbf674-7151-4b31-9215-b4523cffdc16,1,i9cTgFtK1616573819323,249,figural_mixed,1,,0,blue,1792.6949999964563,1,switch,e_b_05.png,color,blue
134310,,c7fbf674-7151-4b31-9215-b4523cffdc16,1,i9cTgFtK1616573819323,250,figural_mixed,1,,0,round,1673.6550000059651,1,switch,r_g_06.png,shape,round
134310,,c7fbf674-7151-4b31-9215-b4523cffdc16,1,i9cTgFtK1616573819323,251,figural_mixed,1,,0,blue,1137.4150000046939,1,switch,e_b_16.png,color,blue
134310,,c7fbf674-7151-4b31-9215-b4523cffdc16,1,i9cTgFtK1616573819323,252,figural_mixed,1,,0,green,1124.2400000046473,1,repetition,r_g_13.png,color,green
134310,,c7fbf674-7151-4b31-9215-b4523cffdc16,1,i9cTgFtK1616573819323,253,figural_mixed,1,,0,angular,1663.1250000064028,1,switch,e_g_02.png,shape,angular
134310,,c7fbf674-7151-4b31-9215-b4523cffdc16,1,i9cTgFtK1616573819323,254,figural_mixed,1,,0,round,1675.8849999896483,1,repetition,r_b_03.png,shape,round
134310,,c7fbf674-7151-4b31-9215-b4523cffdc16,1,i9cTgFtK1616573819323,255,figural_mixed,1,,0,round,1045.54000000644,1,repetition,r_b_14.png,shape,round
134310,,c7fbf674-7151-4b31-9215-b4523cffdc16,1,i9cTgFtK1616573819323,256,figural_mixed,1,,0,angular,1194.7299999883398,1,repetition,e_g_12.png,shape,angular
134310,,c7fbf674-7151-4b31-9215-b4523cffdc16,1,i9cTgFtK1616573819323,257,figural_mixed,1,,0,blue,1793.825000000652,1,switch,r_b_04.png,color,blue
134310,,c7fbf674-7151-4b31-9215-b4523cffdc16,1,i9cTgFtK1616573819323,258,figural_mixed,1,,0,angular,1417.3900000023423,0,switch,r_g_15.png,shape,round
134310,,c7fbf674-7151-4b31-9215-b4523cffdc16,1,i9cTgFtK1616573819323,259,figural_mixed,1,,0,angular,1496.8749999970896,1,repetition,e_g_08.png,shape,angular
134310,,c7fbf674-7151-4b31-9215-b4523cffdc16,1,i9cTgFtK1616573819323,260,figural_mixed,1,,0,round,1509.3249999918044,1,repetition,r_b_16.png,shape,round
134310,,c7fbf674-7151-4b31-9215-b4523cffdc16,1,i9cTgFtK1616573819323,261,figural_mixed,1,,0,green,1414.4800000067335,1,switch,r_g_10.png,color,green
134310,,c7fbf674-7151-4b31-9215-b4523cffdc16,1,i9cTgFtK1616573819323,262,figural_mixed,1,,0,green,1117.1099999919534,1,repetition,e_g_06.png,color,green
134310,,c7fbf674-7151-4b31-9215-b4523cffdc16,1,i9cTgFtK1616573819323,263,figural_mixed,1,,0,round,1254.0100000042003,1,switch,r_g_13.png,shape,round
134310,,c7fbf674-7151-4b31-9215-b4523cffdc16,1,i9cTgFtK1616573819323,264,figural_mixed,1,,0,blue,1558.4150000067893,1,switch,r_b_03.png,color,blue
134310,,c7fbf674-7151-4b31-9215-b4523cffdc16,1,i9cTgFtK1616573819323,265,figural_mixed,1,,0,angular,1344.8449999996228,1,switch,e_b_02.png,shape,angular
134310,,c7fbf674-7151-4b31-9215-b4523cffdc16,1,i9cTgFtK1616573819323,266,figural_mixed,1,,0,angular,914.6099999925354,1,repetition,e_b_03.png,shape,angular
134310,,c7fbf674-7151-4b31-9215-b4523cffdc16,1,i9cTgFtK1616573819323,267,figural_mixed,1,,0,green,1928.0700000090292,1,switch,e_g_07.png,color,green
134310,,c7fbf674-7151-4b31-9215-b4523cffdc16,1,i9cTgFtK1616573819323,268,figural_mixed,1,,0,blue,3080.0100000051316,1,repetition,r_b_08.png,color,blue
134310,,c7fbf674-7151-4b31-9215-b4523cffdc16,1,i9cTgFtK1616573819323,269,figural_mixed,1,,0,blue,1283.5400000039954,1,repetition,r_b_01.png,color,blue
134310,,c7fbf674-7151-4b31-9215-b4523cffdc16,1,i9cTgFtK1616573819323,270,figural_mixed,1,,0,angular,1315.9550000127638,1,switch,e_b_05.png,shape,angular
134310,,c7fbf674-7151-4b31-9215-b4523cffdc16,1,i9cTgFtK1616573819323,271,figural_mixed,1,,0,green,1217.3099999927217,1,switch,r_g_16.png,color,green
134310,,c7fbf674-7151-4b31-9215-b4523cffdc16,1,i9cTgFtK1616573819323,272,figural_mixed,1,,0,angular,1144.8050000035437,1,switch,e_g_04.png,shape,angular
134310,,c7fbf674-7151-4b31-9215-b4523cffdc16,1,i9cTgFtK1616573819323,273,figural_mixed,1,,0,round,943.4200000105193,1,repetition,r_b_05.png,shape,round
134310,,c7fbf674-7151-4b31-9215-b4523cffdc16,1,i9cTgFtK1616573819323,274,figural_mixed,1,,0,round,2795.3750000015134,1,repetition,r_g_03.png,shape,round
134310,,c7fbf674-7151-4b31-9215-b4523cffdc16,1,i9cTgFtK1616573819323,275,figural_mixed,1,,0,blue,1549.8649999935878,1,switch,r_b_15.png,color,blue
134310,,c7fbf674-7151-4b31-9215-b4523cffdc16,1,i9cTgFtK1616573819323,276,figural_mixed,1,,0,green,1255.1799999928335,1,repetition,r_g_14.png,color,green
134310,,c7fbf674-7151-4b31-9215-b4523cffdc16,1,i9cTgFtK1616573819323,277,figural_mixed,1,,0,round,1293.9400000032037,0,switch,e_g_01.png,shape,angular
134310,,c7fbf674-7151-4b31-9215-b4523cffdc16,1,i9cTgFtK1616573819323,278,figural_mixed,1,,0,round,3296.424999993178,1,repetition,r_b_15.png,shape,round
134310,,c7fbf674-7151-4b31-9215-b4523cffdc16,1,i9cTgFtK1616573819323,279,figural_mixed,1,,0,round,1523.8249999965774,1,repetition,r_b_08.png,shape,round
134310,,c7fbf674-7151-4b31-9215-b4523cffdc16,1,i9cTgFtK1616573819323,280,figural_mixed,1,,0,green,964.735000001383,1,switch,e_g_12.png,color,green
134310,,c7fbf674-7151-4b31-9215-b4523cffdc16,1,i9cTgFtK1616573819323,281,figural_mixed,1,,0,angular,2158.1049999949755,1,switch,e_b_13.png,shape,angular
134310,,c7fbf674-7151-4b31-9215-b4523cffdc16,1,i9cTgFtK1616573819323,282,figural_mixed,1,,0,green,1094.7350000060396,1,switch,r_g_03.png,color,green
134310,,c7fbf674-7151-4b31-9215-b4523cffdc16,1,i9cTgFtK1616573819323,283,figural_mixed,1,,0,blue,2279.4450000073994,1,repetition,r_b_12.png,color,blue
134310,,c7fbf674-7151-4b31-9215-b4523cffdc16,1,i9cTgFtK1616573819323,284,figural_mixed,1,,0,angular,1476.8250000051921,1,switch,e_b_06.png,shape,angular
134310,,c7fbf674-7151-4b31-9215-b4523cffdc16,1,i9cTgFtK1616573819323,285,figural_mixed,1,,0,angular,2068.5000000084983,1,repetition,e_g_05.png,shape,angular
134310,,c7fbf674-7151-4b31-9215-b4523cffdc16,1,i9cTgFtK1616573819323,286,figural_mixed,1,,0,blue,1448.420000000624,1,switch,r_b_11.png,color,blue
134310,,c7fbf674-7151-4b31-9215-b4523cffdc16,1,i9cTgFtK1616573819323,287,figural_mixed,1,,0,angular,1916.9649999967078,1,switch,e_b_16.png,shape,angular
134310,,c7fbf674-7151-4b31-9215-b4523cffdc16,1,i9cTgFtK1616573819323,288,figural_mixed,1,,0,green,1216.0799999983283,1,switch,e_g_01.png,color,green
134310,,c7fbf674-7151-4b31-9215-b4523cffdc16,1,i9cTgFtK1616573819323,289,figural_mixed,1,,0,green,1495.6700000038836,1,repetition,e_g_13.png,color,green
134310,,c7fbf674-7151-4b31-9215-b4523cffdc16,1,i9cTgFtK1616573819323,290,figural_mixed,1,,0,round,1579.8199999990175,1,switch,r_b_12.png,shape,round
134310,,c7fbf674-7151-4b31-9215-b4523cffdc16,1,i9cTgFtK1616573819323,291,figural_mixed,1,,0,blue,1780.4500000056578,1,switch,e_b_08.png,color,blue
134310,,c7fbf674-7151-4b31-9215-b4523cffdc16,1,i9cTgFtK1616573819323,292,figural_mixed,1,,0,green,1146.6750000108732,1,repetition,e_g_09.png,color,green
134310,,c7fbf674-7151-4b31-9215-b4523cffdc16,1,i9cTgFtK1616573819323,293,figural_mixed,1,,0,green,1234.424999987823,1,repetition,r_g_12.png,color,green
134310,,c7fbf674-7151-4b31-9215-b4523cffdc16,1,i9cTgFtK1616573819323,294,figural_single_2_2,1,,0,blue,2136.590000009164,1,single,e_b_01.png,color,blue
134310,,c7fbf674-7151-4b31-9215-b4523cffdc16,1,i9cTgFtK1616573819323,295,figural_single_2_2,1,,0,blue,800.6199999945238,1,single,r_b_03.png,color,blue
134310,,c7fbf674-7151-4b31-9215-b4523cffdc16,1,i9cTgFtK1616573819323,296,figural_single_2_2,1,,0,green,2039.3250000050757,1,single,e_g_01.png,color,green
134310,,c7fbf674-7151-4b31-9215-b4523cffdc16,1,i9cTgFtK1616573819323,297,figural_single_2_2,1,,0,green,641.7899999939837,1,single,e_g_13.png,color,green
134310,,c7fbf674-7151-4b31-9215-b4523cffdc16,1,i9cTgFtK1616573819323,298,figural_single_2_2,1,,0,blue,567.2499999930151,1,single,r_b_16.png,color,blue
134310,,c7fbf674-7151-4b31-9215-b4523cffdc16,1,i9cTgFtK1616573819323,299,figural_single_2_2,1,,0,blue,733.5000000018626,1,single,r_b_07.png,color,blue
134310,,c7fbf674-7151-4b31-9215-b4523cffdc16,1,i9cTgFtK1616573819323,300,figural_single_2_2,1,,0,green,757.1400000015274,1,single,r_g_08.png,color,green
134310,,c7fbf674-7151-4b31-9215-b4523cffdc16,1,i9cTgFtK1616573819323,301,figural_single_2_2,1,,0,blue,632.0300000079442,1,single,r_b_09.png,color,blue
134310,,c7fbf674-7151-4b31-9215-b4523cffdc16,1,i9cTgFtK1616573819323,302,figural_single_2_2,1,,0,green,1031.955000013113,1,single,r_g_02.png,color,green
134310,,c7fbf674-7151-4b31-9215-b4523cffdc16,1,i9cTgFtK1616573819323,303,figural_single_2_2,1,,0,green,1536.6450000002515,1,single,r_g_12.png,color,green
134310,,c7fbf674-7151-4b31-9215-b4523cffdc16,1,i9cTgFtK1616573819323,304,figural_single_2_2,1,,0,blue,847.179999996908,1,single,e_b_08.png,color,blue
134310,,c7fbf674-7151-4b31-9215-b4523cffdc16,1,i9cTgFtK1616573819323,305,figural_single_2_2,1,,0,green,1251.0400000028312,1,single,r_g_04.png,color,green
134310,,c7fbf674-7151-4b31-9215-b4523cffdc16,1,i9cTgFtK1616573819323,306,figural_single_2_2,1,,0,blue,504.8899999964051,1,single,e_b_03.png,color,blue
134310,,c7fbf674-7151-4b31-9215-b4523cffdc16,1,i9cTgFtK1616573819323,307,figural_single_2_2,1,,0,blue,532.4549999933224,1,single,e_b_11.png,color,blue
134310,,c7fbf674-7151-4b31-9215-b4523cffdc16,1,i9cTgFtK1616573819323,308,figural_single_2_2,1,,0,blue,537.8449999990407,1,single,r_b_14.png,color,blue
134310,,c7fbf674-7151-4b31-9215-b4523cffdc16,1,i9cTgFtK1616573819323,309,figural_single_2_2,1,,0,green,449.69500000285916,1,single,e_g_07.png,color,green
134310,,c7fbf674-7151-4b31-9215-b4523cffdc16,1,i9cTgFtK1616573819323,310,figural_single_2_2,1,,0,blue,958.9049999921117,1,single,r_b_13.png,color,blue
134310,,c7fbf674-7151-4b31-9215-b4523cffdc16,1,i9cTgFtK1616573819323,311,figural_single_2_2,1,,0,green,473.92499999841675,1,single,e_g_16.png,color,green
134310,,c7fbf674-7151-4b31-9215-b4523cffdc16,1,i9cTgFtK1616573819323,312,figural_single_2_2,1,,0,blue,526.5349999971222,1,single,e_b_14.png,color,blue
134310,,c7fbf674-7151-4b31-9215-b4523cffdc16,1,i9cTgFtK1616573819323,313,figural_single_2_2,1,,0,green,526.7949999980628,1,single,e_g_12.png,color,green
134310,,c7fbf674-7151-4b31-9215-b4523cffdc16,1,i9cTgFtK1616573819323,314,figural_single_2_2,1,,0,green,710.7149999937974,1,single,r_g_07.png,color,green
134310,,c7fbf674-7151-4b31-9215-b4523cffdc16,1,i9cTgFtK1616573819323,315,figural_single_2_2,1,,0,blue,538.710000007879,1,single,e_b_15.png,color,blue
134310,,c7fbf674-7151-4b31-9215-b4523cffdc16,1,i9cTgFtK1616573819323,316,figural_single_2_2,1,,0,green,425.25,0,single,e_b_05.png,color,blue
134310,,c7fbf674-7151-4b31-9215-b4523cffdc16,1,i9cTgFtK1616573819323,317,figural_single_2_2,1,,0,green,1423.8949999997858,1,single,r_g_15.png,color,green
134310,,c7fbf674-7151-4b31-9215-b4523cffdc16,1,i9cTgFtK1616573819323,318,figural_single_2_2,1,,0,blue,788.5349999996834,1,single,r_b_06.png,color,blue
134310,,c7fbf674-7151-4b31-9215-b4523cffdc16,1,i9cTgFtK1616573819323,319,figural_single_2_2,1,,0,green,583.8349999976344,1,single,e_g_02.png,color,green
134310,,c7fbf674-7151-4b31-9215-b4523cffdc16,1,i9cTgFtK1616573819323,320,figural_single_2_2,1,,0,green,455.87000000523403,1,single,r_g_16.png,color,green
134310,,c7fbf674-7151-4b31-9215-b4523cffdc16,1,i9cTgFtK1616573819323,321,figural_single_2_2,1,,0,blue,501.2100000020582,1,single,e_b_10.png,color,blue
134310,,c7fbf674-7151-4b31-9215-b4523cffdc16,1,i9cTgFtK1616573819323,322,figural_single_2_2,1,,0,green,476.98500000103377,1,single,e_g_05.png,color,green
134310,,c7fbf674-7151-4b31-9215-b4523cffdc16,1,i9cTgFtK1616573819323,323,figural_single_2_2,1,,0,green,628.8049999857321,1,single,e_g_03.png,color,green
134310,,c7fbf674-7151-4b31-9215-b4523cffdc16,1,i9cTgFtK1616573819323,324,figural_single_2_2,1,,0,green,469.0350000017788,1,single,e_g_11.png,color,green
134310,,c7fbf674-7151-4b31-9215-b4523cffdc16,1,i9cTgFtK1616573819323,325,figural_single_2_2,1,,0,blue,474.0399999865331,1,single,r_b_15.png,color,blue
134310,,c7fbf674-7151-4b31-9215-b4523cffdc16,1,i9cTgFtK1616573819323,326,figural_single_2_2,1,,0,blue,632.939999995986,1,single,e_b_02.png,color,blue
134310,,c7fbf674-7151-4b31-9215-b4523cffdc16,1,i9cTgFtK1616573819323,327,figural_single_2_2,1,,0,blue,462.97000000765547,1,single,r_b_08.png,color,blue
134310,,c7fbf674-7151-4b31-9215-b4523cffdc16,1,i9cTgFtK1616573819323,328,figural_single_2_2,1,,0,green,496.2550000054762,1,single,e_g_06.png,color,green
134310,,c7fbf674-7151-4b31-9215-b4523cffdc16,1,i9cTgFtK1616573819323,329,figural_single_2_2,1,,0,blue,679.7200000002049,1,single,e_b_16.png,color,blue
134310,,c7fbf674-7151-4b31-9215-b4523cffdc16,1,i9cTgFtK1616573819323,330,figural_single_2_2,1,,0,blue,940.4050000011921,1,single,e_b_06.png,color,blue
134310,,c7fbf674-7151-4b31-9215-b4523cffdc16,1,i9cTgFtK1616573819323,331,figural_single_2_2,1,,0,green,1125.8899999957066,1,single,r_g_09.png,color,green
134310,,c7fbf674-7151-4b31-9215-b4523cffdc16,1,i9cTgFtK1616573819323,332,figural_single_2_2,1,,0,green,603.6750000056345,1,single,e_g_10.png,color,green
134310,,c7fbf674-7151-4b31-9215-b4523cffdc16,1,i9cTgFtK1616573819323,333,figural_single_2_2,1,,0,blue,500.6300000096671,1,single,e_b_12.png,color,blue
134310,,c7fbf674-7151-4b31-9215-b4523cffdc16,1,i9cTgFtK1616573819323,334,figural_single_2_2,1,,0,green,643.7250000019558,1,single,r_g_11.png,color,green
134310,,c7fbf674-7151-4b31-9215-b4523cffdc16,1,i9cTgFtK1616573819323,335,figural_single_2_2,1,,0,green,696.0850000032224,1,single,r_g_06.png,color,green
134310,,c7fbf674-7151-4b31-9215-b4523cffdc16,1,i9cTgFtK1616573819323,336,figural_single_2_2,1,,0,green,476.7099999883212,1,single,e_g_04.png,color,green
134310,,c7fbf674-7151-4b31-9215-b4523cffdc16,1,i9cTgFtK1616573819323,337,figural_single_2_2,1,,0,blue,481.14499999792315,1,single,r_b_01.png,color,blue
134310,,c7fbf674-7151-4b31-9215-b4523cffdc16,1,i9cTgFtK1616573819323,338,figural_single_2_2,1,,0,green,700.7250000024214,1,single,r_g_03.png,color,green
134310,,c7fbf674-7151-4b31-9215-b4523cffdc16,1,i9cTgFtK1616573819323,339,figural_single_2_2,1,,0,blue,2258.2199999885634,1,single,e_b_04.png,color,blue
134310,,c7fbf674-7151-4b31-9215-b4523cffdc16,1,i9cTgFtK1616573819323,340,figural_single_2_2,1,,0,blue,653.4600000013597,1,single,r_b_12.png,color,blue
134310,,c7fbf674-7151-4b31-9215-b4523cffdc16,1,i9cTgFtK1616573819323,341,figural_single_2_2,1,,0,green,512.6050000109244,1,single,r_g_13.png,color,green
134310,,c7fbf674-7151-4b31-9215-b4523cffdc16,1,i9cTgFtK1616573819323,342,figural_single_2_2,1,,0,blue,887.8600000026636,1,single,r_b_02.png,color,blue
134310,,c7fbf674-7151-4b31-9215-b4523cffdc16,1,i9cTgFtK1616573819323,343,figural_single_2_2,1,,0,green,593.8150000004098,1,single,e_g_09.png,color,green
134310,,c7fbf674-7151-4b31-9215-b4523cffdc16,1,i9cTgFtK1616573819323,344,figural_single_2_2,1,,0,green,536.9650000063702,1,single,e_g_15.png,color,green
134310,,c7fbf674-7151-4b31-9215-b4523cffdc16,1,i9cTgFtK1616573819323,345,figural_single_2_2,1,,0,green,515.7900000049267,1,single,e_g_08.png,color,green
134310,,c7fbf674-7151-4b31-9215-b4523cffdc16,1,i9cTgFtK1616573819323,346,figural_single_2_2,1,,0,blue,498.240000000922,1,single,r_b_05.png,color,blue
134310,,c7fbf674-7151-4b31-9215-b4523cffdc16,1,i9cTgFtK1616573819323,347,figural_single_2_2,1,,0,green,853.2800000102725,1,single,r_g_14.png,color,green
134310,,c7fbf674-7151-4b31-9215-b4523cffdc16,1,i9cTgFtK1616573819323,348,figural_single_2_2,1,,0,blue,805.2400000016205,1,single,r_b_04.png,color,blue
134310,,c7fbf674-7151-4b31-9215-b4523cffdc16,1,i9cTgFtK1616573819323,349,figural_single_2_2,1,,0,green,1723.0449999915436,1,single,r_g_10.png,color,green
134310,,c7fbf674-7151-4b31-9215-b4523cffdc16,1,i9cTgFtK1616573819323,350,figural_single_2_2,1,,0,green,469.0350000017788,1,single,r_g_01.png,color,green
134310,,c7fbf674-7151-4b31-9215-b4523cffdc16,1,i9cTgFtK1616573819323,351,figural_single_2_2,1,,0,blue,614.4100000094622,1,single,r_b_11.png,color,blue
134310,,c7fbf674-7151-4b31-9215-b4523cffdc16,1,i9cTgFtK1616573819323,352,figural_single_2_2,1,,0,green,569.0949999990407,1,single,r_g_05.png,color,green
134310,,c7fbf674-7151-4b31-9215-b4523cffdc16,1,i9cTgFtK1616573819323,353,figural_single_2_2,1,,0,blue,509.3999999954831,1,single,r_b_10.png,color,blue
134310,,c7fbf674-7151-4b31-9215-b4523cffdc16,1,i9cTgFtK1616573819323,354,figural_single_2_2,1,,0,blue,722.940000006929,1,single,e_b_13.png,color,blue
134310,,c7fbf674-7151-4b31-9215-b4523cffdc16,1,i9cTgFtK1616573819323,355,figural_single_2_2,1,,0,green,502.97000000136904,1,single,e_g_14.png,color,green
134310,,c7fbf674-7151-4b31-9215-b4523cffdc16,1,i9cTgFtK1616573819323,356,figural_single_2_2,1,,0,blue,604.2149999993853,1,single,e_b_07.png,color,blue
134310,,c7fbf674-7151-4b31-9215-b4523cffdc16,1,i9cTgFtK1616573819323,357,figural_single_2_2,1,,0,blue,765.3599999905564,1,single,e_b_09.png,color,blue
134310,,c7fbf674-7151-4b31-9215-b4523cffdc16,1,i9cTgFtK1616573819323,358,figural_single_1_2,1,,0,angular,1555.7799999951385,1,single,e_g_11.png,shape,angular
134310,,c7fbf674-7151-4b31-9215-b4523cffdc16,1,i9cTgFtK1616573819323,359,figural_single_1_2,1,,0,round,988.710000005085,1,single,r_b_16.png,shape,round
134310,,c7fbf674-7151-4b31-9215-b4523cffdc16,1,i9cTgFtK1616573819323,360,figural_single_1_2,1,,0,angular,1197.7100000074133,1,single,e_b_10.png,shape,angular
134310,,c7fbf674-7151-4b31-9215-b4523cffdc16,1,i9cTgFtK1616573819323,361,figural_single_1_2,1,,0,round,554.8850000048988,1,single,r_b_02.png,shape,round
134310,,c7fbf674-7151-4b31-9215-b4523cffdc16,1,i9cTgFtK1616573819323,362,figural_single_1_2,1,,0,round,1102.3149999964517,1,single,r_g_08.png,shape,round
134310,,c7fbf674-7151-4b31-9215-b4523cffdc16,1,i9cTgFtK1616573819323,363,figural_single_1_2,1,,0,angular,723.0399999970105,1,single,e_g_02.png,shape,angular
134310,,c7fbf674-7151-4b31-9215-b4523cffdc16,1,i9cTgFtK1616573819323,364,figural_single_1_2,1,,0,round,593.9000000071246,1,single,r_g_05.png,shape,round
134310,,c7fbf674-7151-4b31-9215-b4523cffdc16,1,i9cTgFtK1616573819323,365,figural_single_1_2,1,,0,angular,572.1150000027847,1,single,e_b_15.png,shape,angular
134310,,c7fbf674-7151-4b31-9215-b4523cffdc16,1,i9cTgFtK1616573819323,366,figural_single_1_2,1,,0,round,986.1250000104774,1,single,r_b_09.png,shape,round
134310,,c7fbf674-7151-4b31-9215-b4523cffdc16,1,i9cTgFtK1616573819323,367,figural_single_1_2,1,,0,angular,490.81499999715015,1,single,e_b_12.png,shape,angular
134310,,c7fbf674-7151-4b31-9215-b4523cffdc16,1,i9cTgFtK1616573819323,368,figural_single_1_2,1,,0,angular,653.7549999922048,1,single,e_g_15.png,shape,angular
134310,,c7fbf674-7151-4b31-9215-b4523cffdc16,1,i9cTgFtK1616573819323,369,figural_single_1_2,1,,0,round,600.6199999975506,1,single,r_g_04.png,shape,round
134310,,c7fbf674-7151-4b31-9215-b4523cffdc16,1,i9cTgFtK1616573819323,370,figural_single_1_2,1,,0,angular,540.2500000055879,1,single,e_b_14.png,shape,angular
134310,,c7fbf674-7151-4b31-9215-b4523cffdc16,1,i9cTgFtK1616573819323,371,figural_single_1_2,1,,0,angular,614.2449999896344,1,single,e_b_02.png,shape,angular
134310,,c7fbf674-7151-4b31-9215-b4523cffdc16,1,i9cTgFtK1616573819323,372,figural_single_1_2,1,,0,round,515.17500000773,1,single,r_g_15.png,shape,round
134310,,c7fbf674-7151-4b31-9215-b4523cffdc16,1,i9cTgFtK1616573819323,373,figural_single_1_2,1,,0,angular,707.460000005085,1,single,e_b_11.png,shape,angular
134310,,c7fbf674-7151-4b31-9215-b4523cffdc16,1,i9cTgFtK1616573819323,374,figural_single_1_2,1,,0,round,629.0250000020023,1,single,r_b_07.png,shape,round
134310,,c7fbf674-7151-4b31-9215-b4523cffdc16,1,i9cTgFtK1616573819323,375,figural_single_1_2,1,,0,round,658.1750000040047,1,single,r_g_06.png,shape,round
134310,,c7fbf674-7151-4b31-9215-b4523cffdc16,1,i9cTgFtK1616573819323,376,figural_single_1_2,1,,0,round,617.3549999948591,1,single,r_g_02.png,shape,round
134310,,c7fbf674-7151-4b31-9215-b4523cffdc16,1,i9cTgFtK1616573819323,377,figural_single_1_2,1,,0,angular,519.9399999980815,1,single,e_b_09.png,shape,angular
134310,,c7fbf674-7151-4b31-9215-b4523cffdc16,1,i9cTgFtK1616573819323,378,figural_single_1_2,1,,0,round,1027.990000002319,1,single,r_b_15.png,shape,round
134310,,c7fbf674-7151-4b31-9215-b4523cffdc16,1,i9cTgFtK1616573819323,379,figural_single_1_2,1,,0,angular,926.1400000103749,1,single,e_g_14.png,shape,angular
134310,,c7fbf674-7151-4b31-9215-b4523cffdc16,1,i9cTgFtK1616573819323,380,figural_single_1_2,1,,0,round,739.1800000041258,1,single,r_b_04.png,shape,round
134310,,c7fbf674-7151-4b31-9215-b4523cffdc16,1,i9cTgFtK1616573819323,381,figural_single_1_2,1,,0,round,644.029999995837,1,single,r_g_09.png,shape,round
134310,,c7fbf674-7151-4b31-9215-b4523cffdc16,1,i9cTgFtK1616573819323,382,figural_single_1_2,1,,0,angular,619.3550000025425,1,single,e_g_03.png,shape,angular
134310,,c7fbf674-7151-4b31-9215-b4523cffdc16,1,i9cTgFtK1616573819323,383,figural_single_1_2,1,,0,round,594.5250000075903,1,single,r_b_13.png,shape,round
134310,,c7fbf674-7151-4b31-9215-b4523cffdc16,1,i9cTgFtK1616573819323,384,figural_single_1_2,1,,0,round,702.7349999989383,1,single,r_b_03.png,shape,round
134310,,c7fbf674-7151-4b31-9215-b4523cffdc16,1,i9cTgFtK1616573819323,385,figural_single_1_2,1,,0,round,648.509999999078,1,single,r_g_14.png,shape,round
134310,,c7fbf674-7151-4b31-9215-b4523cffdc16,1,i9cTgFtK1616573819323,386,figural_single_1_2,1,,0,angular,899.4900000107009,1,single,e_b_05.png,shape,angular
134310,,c7fbf674-7151-4b31-9215-b4523cffdc16,1,i9cTgFtK1616573819323,387,figural_single_1_2,1,,0,round,702.0800000028685,1,single,r_b_10.png,shape,round
134310,,c7fbf674-7151-4b31-9215-b4523cffdc16,1,i9cTgFtK1616573819323,388,figural_single_1_2,1,,0,angular,508.5500000130851,0,single,r_b_12.png,shape,round
134310,,c7fbf674-7151-4b31-9215-b4523cffdc16,1,i9cTgFtK1616573819323,389,figural_single_1_2,1,,0,round,1080.239999995567,1,single,r_b_14.png,shape,round
134310,,c7fbf674-7151-4b31-9215-b4523cffdc16,1,i9cTgFtK1616573819323,390,figural_single_1_2,1,,0,angular,570.2250000031199,1,single,e_g_16.png,shape,angular
134310,,c7fbf674-7151-4b31-9215-b4523cffdc16,1,i9cTgFtK1616573819323,391,figural_single_1_2,1,,0,round,712.9199999906123,1,single,r_g_12.png,shape,round
134310,,c7fbf674-7151-4b31-9215-b4523cffdc16,1,i9cTgFtK1616573819323,392,figural_single_1_2,1,,0,round,920.4850000096485,1,single,r_g_11.png,shape,round
134310,,c7fbf674-7151-4b31-9215-b4523cffdc16,1,i9cTgFtK1616573819323,393,figural_single_1_2,1,,0,angular,578.519999995362,1,single,e_b_03.png,shape,angular
134310,,c7fbf674-7151-4b31-9215-b4523cffdc16,1,i9cTgFtK1616573819323,394,figural_single_1_2,1,,0,round,603.9149999995716,0,single,e_b_04.png,shape,angular
134310,,c7fbf674-7151-4b31-9215-b4523cffdc16,1,i9cTgFtK1616573819323,395,figural_single_1_2,1,,0,round,1477.8050000020303,1,single,r_b_11.png,shape,round
134310,,c7fbf674-7151-4b31-9215-b4523cffdc16,1,i9cTgFtK1616573819323,396,figural_single_1_2,1,,0,angular,1829.2050000019372,1,single,e_g_05.png,shape,angular
134310,,c7fbf674-7151-4b31-9215-b4523cffdc16,1,i9cTgFtK1616573819323,397,figural_single_1_2,1,,0,angular,614.8799999936018,1,single,e_b_16.png,shape,angular
134310,,c7fbf674-7151-4b31-9215-b4523cffdc16,1,i9cTgFtK1616573819323,398,figural_single_1_2,1,,0,angular,668.3249999915715,1,single,e_g_13.png,shape,angular
134310,,c7fbf674-7151-4b31-9215-b4523cffdc16,1,i9cTgFtK1616573819323,399,figural_single_1_2,1,,0,round,599.595000006957,1,single,r_g_01.png,shape,round
134310,,c7fbf674-7151-4b31-9215-b4523cffdc16,1,i9cTgFtK1616573819323,400,figural_single_1_2,1,,0,angular,880.3099999933038,1,single,e_b_08.png,shape,angular
134310,,c7fbf674-7151-4b31-9215-b4523cffdc16,1,i9cTgFtK1616573819323,401,figural_single_1_2,1,,0,angular,596.9949999998789,1,single,e_g_10.png,shape,angular
134310,,c7fbf674-7151-4b31-9215-b4523cffdc16,1,i9cTgFtK1616573819323,402,figural_single_1_2,1,,0,round,550.1799999910872,1,single,r_g_13.png,shape,round
134310,,c7fbf674-7151-4b31-9215-b4523cffdc16,1,i9cTgFtK1616573819323,403,figural_single_1_2,1,,0,angular,479.66499999165535,1,single,e_b_01.png,shape,angular
134310,,c7fbf674-7151-4b31-9215-b4523cffdc16,1,i9cTgFtK1616573819323,404,figural_single_1_2,1,,0,angular,1120.8100000075065,1,single,e_b_06.png,shape,angular
134310,,c7fbf674-7151-4b31-9215-b4523cffdc16,1,i9cTgFtK1616573819323,405,figural_single_1_2,1,,0,round,557.1500000078231,1,single,r_g_10.png,shape,round
134310,,c7fbf674-7151-4b31-9215-b4523cffdc16,1,i9cTgFtK1616573819323,406,figural_single_1_2,1,,0,angular,542.130000001518,1,single,e_g_08.png,shape,angular
134310,,c7fbf674-7151-4b31-9215-b4523cffdc16,1,i9cTgFtK1616573819323,407,figural_single_1_2,1,,0,angular,973.5000000074506,1,single,e_g_07.png,shape,angular
134310,,c7fbf674-7151-4b31-9215-b4523cffdc16,1,i9cTgFtK1616573819323,408,figural_single_1_2,1,,0,round,513.0000000060536,1,single,r_b_06.png,shape,round
134310,,c7fbf674-7151-4b31-9215-b4523cffdc16,1,i9cTgFtK1616573819323,409,figural_single_1_2,1,,0,angular,607.929999998305,1,single,e_g_09.png,shape,angular
134310,,c7fbf674-7151-4b31-9215-b4523cffdc16,1,i9cTgFtK1616573819323,410,figural_single_1_2,1,,0,round,806.8300000014715,1,single,r_b_01.png,shape,round
134310,,c7fbf674-7151-4b31-9215-b4523cffdc16,1,i9cTgFtK1616573819323,411,figural_single_1_2,1,,0,angular,361.91500000143424,1,single,e_b_13.png,shape,angular
134310,,c7fbf674-7151-4b31-9215-b4523cffdc16,1,i9cTgFtK1616573819323,412,figural_single_1_2,1,,0,angular,1014.5950000006706,1,single,e_g_04.png,shape,angular
134310,,c7fbf674-7151-4b31-9215-b4523cffdc16,1,i9cTgFtK1616573819323,413,figural_single_1_2,1,,0,angular,533.0099999993108,1,single,e_g_12.png,shape,angular
134310,,c7fbf674-7151-4b31-9215-b4523cffdc16,1,i9cTgFtK1616573819323,414,figural_single_1_2,1,,0,round,847.0550000057556,1,single,r_b_08.png,shape,round
134310,,c7fbf674-7151-4b31-9215-b4523cffdc16,1,i9cTgFtK1616573819323,415,figural_single_1_2,1,,0,angular,537.5449999994598,1,single,e_b_07.png,shape,angular
134310,,c7fbf674-7151-4b31-9215-b4523cffdc16,1,i9cTgFtK1616573819323,416,figural_single_1_2,1,,0,round,639.2100000085775,1,single,r_g_03.png,shape,round
134310,,c7fbf674-7151-4b31-9215-b4523cffdc16,1,i9cTgFtK1616573819323,417,figural_single_1_2,1,,0,angular,550.4400000064634,1,single,e_g_06.png,shape,angular
134310,,c7fbf674-7151-4b31-9215-b4523cffdc16,1,i9cTgFtK1616573819323,418,figural_single_1_2,1,,0,round,618.784999998752,1,single,r_g_16.png,shape,round
134310,,c7fbf674-7151-4b31-9215-b4523cffdc16,1,i9cTgFtK1616573819323,419,figural_single_1_2,1,,0,angular,465.54000000469387,0,single,r_b_05.png,shape,round
134310,,c7fbf674-7151-4b31-9215-b4523cffdc16,1,i9cTgFtK1616573819323,420,figural_single_1_2,1,,0,round,1807.375000004191,0,single,e_g_01.png,shape,angular
134310,,c7fbf674-7151-4b31-9215-b4523cffdc16,1,i9cTgFtK1616573819323,421,figural_single_1_2,1,,0,round,1450.715000013588,1,single,r_g_07.png,shape,round