userCode,extId,moduleId,sessionId,sessionToken,trialId,executableId,session.complete,session.condition,session.forceExit,givenResponse,reactionTime,score,shiftingType,stimulusValue,stimulusType,correctResponse
134300,,c7fbf674-7151-4b31-9215-b4523cffdc16,1,0UOkYbyq1616550572901,1,figural_single_1_practice,1,,0,round,1436.7999999958556,1,single,r_b_10.png,shape,round
134300,,c7fbf674-7151-4b31-9215-b4523cffdc16,1,0UOkYbyq1616550572901,2,figural_single_1_practice,1,,0,angular,661.8000000016764,1,single,e_b_09.png,shape,angular
134300,,c7fbf674-7151-4b31-9215-b4523cffdc16,1,0UOkYbyq1616550572901,3,figural_single_1_practice,1,,0,round,934.5000000030268,1,single,r_b_11.png,shape,round
134300,,c7fbf674-7151-4b31-9215-b4523cffdc16,1,0UOkYbyq1616550572901,4,figural_single_1_practice,1,,0,round,832.6999999990221,1,single,r_g_05.png,shape,round
134300,,c7fbf674-7151-4b31-9215-b4523cffdc16,1,0UOkYbyq1616550572901,5,figural_single_1_practice,1,,0,angular,831.7000000097323,1,single,e_b_14.png,shape,angular
134300,,c7fbf674-7151-4b31-9215-b4523cffdc16,1,0UOkYbyq1616550572901,6,figural_single_1_practice,1,,0,angular,603.1999999831896,1,single,e_g_07.png,shape,angular
134300,,c7fbf674-7151-4b31-9215-b4523cffdc16,1,0UOkYbyq1616550572901,7,figural_single_1_practice,1,,0,angular,748.9999999816064,1,single,e_g_12.png,shape,angular
134300,,c7fbf674-7151-4b31-9215-b4523cffdc16,1,0UOkYbyq1616550572901,8,figural_single_1_practice,1,,0,round,624.5000000053551,1,single,r_b_16.png,shape,round
134300,,c7fbf674-7151-4b31-9215-b4523cffdc16,1,0UOkYbyq1616550572901,9,figural_single_1_practice,1,,0,round,705.3999999770895,1,single,r_g_02.png,shape,round
134300,,c7fbf674-7151-4b31-9215-b4523cffdc16,1,0UOkYbyq1616550572901,10,figural_single_1_practice,1,,0,angular,624.5000000053551,1,single,e_b_04.png,shape,angular
134300,,c7fbf674-7151-4b31-9215-b4523cffdc16,1,0UOkYbyq1616550572901,11,figural_single_1_practice,1,,0,angular,1403.5000000149012,1,single,e_g_06.png,shape,angular
134300,,c7fbf674-7151-4b31-9215-b4523cffdc16,1,0UOkYbyq1616550572901,12,figural_single_1_practice,1,,0,round,733.9999999967404,1,single,r_g_15.png,shape,round
134300,,c7fbf674-7151-4b31-9215-b4523cffdc16,1,0UOkYbyq1616550572901,13,figural_single_1_1,1,,0,angular,1044.900000008056,0,single,r_b_01.png,shape,round
134300,,c7fbf674-7151-4b31-9215-b4523cffdc16,1,0UOkYbyq1616550572901,14,figural_single_1_1,1,,0,angular,1011.8000000074971,1,single,e_g_11.png,shape,angular
134300,,c7fbf674-7151-4b31-9215-b4523cffdc16,1,0UOkYbyq1616550572901,15,figural_single_1_1,1,,0,round,776.1000000173226,1,single,r_b_10.png,shape,round
134300,,c7fbf674-7151-4b31-9215-b4523cffdc16,1,0UOkYbyq1616550572901,16,figural_single_1_1,1,,0,round,706.9999999948777,1,single,r_b_06.png,shape,round
134300,,c7fbf674-7151-4b31-9215-b4523cffdc16,1,0UOkYbyq1616550572901,17,figural_single_1_1,1,,0,angular,729.3999999819789,1,single,e_g_07.png,shape,angular
134300,,c7fbf674-7151-4b31-9215-b4523cffdc16,1,0UOkYbyq1616550572901,18,figural_single_1_1,1,,0,angular,722.5000000034925,1,single,e_g_13.png,shape,angular
134300,,c7fbf674-7151-4b31-9215-b4523cffdc16,1,0UOkYbyq1616550572901,19,figural_single_1_1,1,,0,round,693.7000000034459,1,single,r_g_06.png,shape,round
134300,,c7fbf674-7151-4b31-9215-b4523cffdc16,1,0UOkYbyq1616550572901,20,figural_single_1_1,1,,0,angular,751.9000000029337,1,single,e_g_16.png,shape,angular
134300,,c7fbf674-7151-4b31-9215-b4523cffdc16,1,0UOkYbyq1616550572901,21,figural_single_1_1,1,,0,angular,749.0000000107102,1,single,e_b_09.png,shape,angular
134300,,c7fbf674-7151-4b31-9215-b4523cffdc16,1,0UOkYbyq1616550572901,22,figural_single_1_1,1,,0,angular,779.000000009546,1,single,e_b_08.png,shape,angular
134300,,c7fbf674-7151-4b31-9215-b4523cffdc16,1,0UOkYbyq1616550572901,23,figural_single_1_1,1,,0,round,569.099999993341,1,single,r_b_12.png,shape,round
134300,,c7fbf674-7151-4b31-9215-b4523cffdc16,1,0UOkYbyq1616550572901,24,figural_single_1_1,1,,0,angular,714.1000000119675,1,single,e_b_10.png,shape,angular
134300,,c7fbf674-7151-4b31-9215-b4523cffdc16,1,0UOkYbyq1616550572901,25,figural_single_1_1,1,,0,angular,795.6000000122003,1,single,e_b_05.png,shape,angular
134300,,c7fbf674-7151-4b31-9215-b4523cffdc16,1,0UOkYbyq1616550572901,26,figural_single_1_1,1,,0,round,621.6999999887776,1,single,r_b_13.png,shape,round
134300,,c7fbf674-7151-4b31-9215-b4523cffdc16,1,0UOkYbyq1616550572901,27,figural_single_1_1,1,,0,round,599.1999999969266,1,single,r_g_15.png,shape,round
134300,,c7fbf674-7151-4b31-9215-b4523cffdc16,1,0UOkYbyq1616550572901,28,figural_single_1_1,1,,0,angular,774.69999997993,1,single,e_g_09.png,shape,angular
134300,,c7fbf674-7151-4b31-9215-b4523cffdc16,1,0UOkYbyq1616550572901,29,figural_single_1_1,1,,0,round,708.7999999930616,1,single,r_g_02.png,shape,round
134300,,c7fbf674-7151-4b31-9215-b4523cffdc16,1,0UOkYbyq1616550572901,30,figural_single_1_1,1,,0,round,1173.7000000139233,1,single,r_b_07.png,shape,round
134300,,c7fbf674-7151-4b31-9215-b4523cffdc16,1,0UOkYbyq1616550572901,31,figural_single_1_1,1,,0,angular,649.2999999900348,1,single,e_b_06.png,shape,angular
134300,,c7fbf674-7151-4b31-9215-b4523cffdc16,1,0UOkYbyq1616550572901,32,figural_single_1_1,1,,0,round,1054.2999999888707,1,single,r_b_16.png,shape,round
134300,,c7fbf674-7151-4b31-9215-b4523cffdc16,1,0UOkYbyq1616550572901,33,figural_single_1_1,1,,0,round,705.6000000156928,1,single,r_b_02.png,shape,round
134300,,c7fbf674-7151-4b31-9215-b4523cffdc16,1,0UOkYbyq1616550572901,34,figural_single_1_1,1,,0,angular,564.0000000130385,1,single,e_g_06.png,shape,angular
134300,,c7fbf674-7151-4b31-9215-b4523cffdc16,1,0UOkYbyq1616550572901,35,figural_single_1_1,1,,0,round,969.5000000065193,1,single,r_g_03.png,shape,round
134300,,c7fbf674-7151-4b31-9215-b4523cffdc16,1,0UOkYbyq1616550572901,36,figural_single_1_1,1,,0,angular,728.8000000116881,1,single,e_g_05.png,shape,angular
134300,,c7fbf674-7151-4b31-9215-b4523cffdc16,1,0UOkYbyq1616550572901,37,figural_single_1_1,1,,0,angular,1074.800000002142,1,single,e_b_13.png,shape,angular
134300,,c7fbf674-7151-4b31-9215-b4523cffdc16,1,0UOkYbyq1616550572901,38,figural_single_1_1,1,,0,angular,683.6000000184868,1,single,e_g_15.png,shape,angular
134300,,c7fbf674-7151-4b31-9215-b4523cffdc16,1,0UOkYbyq1616550572901,39,figural_single_1_1,1,,0,round,606.3999999896623,1,single,r_g_08.png,shape,round
134300,,c7fbf674-7151-4b31-9215-b4523cffdc16,1,0UOkYbyq1616550572901,40,figural_single_1_1,1,,0,round,784.799999993993,1,single,r_b_05.png,shape,round
134300,,c7fbf674-7151-4b31-9215-b4523cffdc16,1,0UOkYbyq1616550572901,41,figural_single_1_1,1,,0,angular,756.4999999885913,1,single,e_b_02.png,shape,angular
134300,,c7fbf674-7151-4b31-9215-b4523cffdc16,1,0UOkYbyq1616550572901,42,figural_single_1_1,1,,0,angular,750.0999999756459,1,single,e_g_14.png,shape,angular
134300,,c7fbf674-7151-4b31-9215-b4523cffdc16,1,0UOkYbyq1616550572901,43,figural_single_1_1,1,,0,angular,658.9000000094529,0,single,r_b_03.png,shape,round
134300,,c7fbf674-7151-4b31-9215-b4523cffdc16,1,0UOkYbyq1616550572901,44,figural_single_1_1,1,,0,angular,888.6000000056811,1,single,e_b_14.png,shape,angular
134300,,c7fbf674-7151-4b31-9215-b4523cffdc16,1,0UOkYbyq1616550572901,45,figural_single_1_1,1,,0,angular,772.6000000257045,1,single,e_b_04.png,shape,angular
134300,,c7fbf674-7151-4b31-9215-b4523cffdc16,1,0UOkYbyq1616550572901,46,figural_single_1_1,1,,0,angular,681.5000000060536,1,single,e_b_03.png,shape,angular
134300,,c7fbf674-7151-4b31-9215-b4523cffdc16,1,0UOkYbyq1616550572901,47,figural_single_1_1,1,,0,round,590.8999999810476,1,single,r_g_16.png,shape,round
134300,,c7fbf674-7151-4b31-9215-b4523cffdc16,1,0UOkYbyq1616550572901,48,figural_single_1_1,1,,0,round,744.0000000060536,1,single,r_g_13.png,shape,round
134300,,c7fbf674-7151-4b31-9215-b4523cffdc16,1,0UOkYbyq1616550572901,49,figural_single_1_1,1,,0,round,609.599999996135,1,single,r_g_14.png,shape,round
134300,,c7fbf674-7151-4b31-9215-b4523cffdc16,1,0UOkYbyq1616550572901,50,figural_single_1_1,1,,0,angular,786.6999999969266,1,single,e_g_08.png,shape,angular
134300,,c7fbf674-7151-4b31-9215-b4523cffdc16,1,0UOkYbyq1616550572901,51,figural_single_1_1,1,,0,round,771.6999999829568,1,single,r_g_09.png,shape,round
134300,,c7fbf674-7151-4b31-9215-b4523cffdc16,1,0UOkYbyq1616550572901,52,figural_single_1_1,1,,0,angular,1161.8000000016764,1,single,e_g_04.png,shape,angular
134300,,c7fbf674-7151-4b31-9215-b4523cffdc16,1,0UOkYbyq1616550572901,53,figural_single_1_1,1,,0,angular,726.8000000040047,1,single,e_b_15.png,shape,angular
134300,,c7fbf674-7151-4b31-9215-b4523cffdc16,1,0UOkYbyq1616550572901,54,figural_single_1_1,1,,0,round,851.4000000141095,1,single,r_g_04.png,shape,round
134300,,c7fbf674-7151-4b31-9215-b4523cffdc16,1,0UOkYbyq1616550572901,55,figural_single_1_1,1,,0,angular,717.1000000089407,1,single,e_b_07.png,shape,angular
134300,,c7fbf674-7151-4b31-9215-b4523cffdc16,1,0UOkYbyq1616550572901,56,figural_single_1_1,1,,0,angular,610.0999999907799,1,single,e_b_16.png,shape,angular
134300,,c7fbf674-7151-4b31-9215-b4523cffdc16,1,0UOkYbyq1616550572901,57,figural_single_1_1,1,,0,round,572.5999999849591,1,single,r_b_08.png,shape,round
134300,,c7fbf674-7151-4b31-9215-b4523cffdc16,1,0UOkYbyq1616550572901,58,figural_single_1_1,1,,0,angular,565.8000000112224,1,single,e_g_12.png,shape,angular
134300,,c7fbf674-7151-4b31-9215-b4523cffdc16,1,0UOkYbyq1616550572901,59,figural_single_1_1,1,,0,round,578.6000000080094,1,single,r_b_14.png,shape,round
134300,,c7fbf674-7151-4b31-9215-b4523cffdc16,1,0UOkYbyq1616550572901,60,figural_single_1_1,1,,0,round,710.5999999912456,1,single,r_g_05.png,shape,round
134300,,c7fbf674-7151-4b31-9215-b4523cffdc16,1,0UOkYbyq1616550572901,61,figural_single_1_1,1,,0,round,797.6000000198837,1,single,r_g_01.png,shape,round
134300,,c7fbf674-7151-4b31-9215-b4523cffdc16,1,0UOkYbyq1616550572901,62,figural_single_1_1,1,,0,angular,632.5999999826308,1,single,e_g_02.png,shape,angular
134300,,c7fbf674-7151-4b31-9215-b4523cffdc16,1,0UOkYbyq1616550572901,63,figural_single_1_1,1,,0,round,817.8000000189058,1,single,r_g_11.png,shape,round
134300,,c7fbf674-7151-4b31-9215-b4523cffdc16,1,0UOkYbyq1616550572901,64,figural_single_1_1,1,,0,round,656.1999999976251,1,single,r_g_10.png,shape,round
134300,,c7fbf674-7151-4b31-9215-b4523cffdc16,1,0UOkYbyq1616550572901,65,figural_single_1_1,1,,0,round,749.8999999952503,1,single,r_b_04.png,shape,round
134300,,c7fbf674-7151-4b31-9215-b4523cffdc16,1,0UOkYbyq1616550572901,66,figural_single_1_1,1,,0,angular,597.700000012992,1,single,e_g_01.png,shape,angular
134300,,c7fbf674-7151-4b31-9215-b4523cffdc16,1,0UOkYbyq1616550572901,67,figural_single_1_1,1,,0,round,632.4000000022352,1,single,r_b_09.png,shape,round
134300,,c7fbf674-7151-4b31-9215-b4523cffdc16,1,0UOkYbyq1616550572901,68,figural_single_1_1,1,,0,round,647.3999999871012,1,single,r_b_15.png,shape,round
134300,,c7fbf674-7151-4b31-9215-b4523cffdc16,1,0UOkYbyq1616550572901,69,figural_single_1_1,1,,0,round,718.5999999928754,1,single,r_g_07.png,shape,round
134300,,c7fbf674-7151-4b31-9215-b4523cffdc16,1,0UOkYbyq1616550572901,70,figural_single_1_1,1,,0,angular,624.0999999863561,1,single,e_b_01.png,shape,angular
134300,,c7fbf674-7151-4b31-9215-b4523cffdc16,1,0UOkYbyq1616550572901,71,figural_single_1_1,1,,0,angular,653.2000000006519,1,single,e_b_12.png,shape,angular
134300,,c7fbf674-7151-4b31-9215-b4523cffdc16,1,0UOkYbyq1616550572901,72,figural_single_1_1,1,,0,round,636.9000000122469,1,single,r_b_11.png,shape,round
134300,,c7fbf674-7151-4b31-9215-b4523cffdc16,1,0UOkYbyq1616550572901,73,figural_single_1_1,1,,0,round,622.7000000071712,1,single,r_g_12.png,shape,round
134300,,c7fbf674-7151-4b31-9215-b4523cffdc16,1,0UOkYbyq1616550572901,74,figural_single_1_1,1,,0,angular,604.2000000015832,1,single,e_g_03.png,shape,angular
134300,,c7fbf674-7151-4b31-9215-b4523cffdc16,1,0UOkYbyq1616550572901,75,figural_single_1_1,1,,0,angular,694.8000000265893,1,single,e_g_10.png,shape,angular
134300,,c7fbf674-7151-4b31-9215-b4523cffdc16,1,0UOkYbyq1616550572901,76,figural_single_1_1,1,,0,angular,601.0000000242144,1,single,e_b_11.png,shape,angular
134300,,c7fbf674-7151-4b31-9215-b4523cffdc16,1,0UOkYbyq1616550572901,77,figural_single_2_practice,1,,0,blue,937.0000000053551,1,single,r_b_07.png,color,blue
134300,,c7fbf674-7151-4b31-9215-b4523cffdc16,1,0UOkYbyq1616550572901,78,figural_single_2_practice,1,,0,green,599.0999999921769,1,single,r_g_09.png,color,green
134300,,c7fbf674-7151-4b31-9215-b4523cffdc16,1,0UOkYbyq1616550572901,79,figural_single_2_practice,1,,0,green,588.7999999977183,1,single,e_g_04.png,color,green
134300,,c7fbf674-7151-4b31-9215-b4523cffdc16,1,0UOkYbyq1616550572901,80,figural_single_2_practice,1,,0,blue,648.700000019744,1,single,r_b_14.png,color,blue
134300,,c7fbf674-7151-4b31-9215-b4523cffdc16,1,0UOkYbyq1616550572901,81,figural_single_2_practice,1,,0,blue,715.4999999911524,1,single,e_b_06.png,color,blue
134300,,c7fbf674-7151-4b31-9215-b4523cffdc16,1,0UOkYbyq1616550572901,82,figural_single_2_practice,1,,0,green,862.8000000026077,1,single,e_g_10.png,color,green
134300,,c7fbf674-7151-4b31-9215-b4523cffdc16,1,0UOkYbyq1616550572901,83,figural_single_2_practice,1,,0,blue,732.9000000027008,1,single,e_b_16.png,color,blue
134300,,c7fbf674-7151-4b31-9215-b4523cffdc16,1,0UOkYbyq1616550572901,84,figural_single_2_practice,1,,0,green,715.5999999959022,1,single,e_g_08.png,color,green
134300,,c7fbf674-7151-4b31-9215-b4523cffdc16,1,0UOkYbyq1616550572901,85,figural_single_2_practice,1,,0,blue,995.9000000089873,1,single,e_b_02.png,color,blue
134300,,c7fbf674-7151-4b31-9215-b4523cffdc16,1,0UOkYbyq1616550572901,86,figural_single_2_practice,1,,0,green,516.1999999836553,1,single,r_g_03.png,color,green
134300,,c7fbf674-7151-4b31-9215-b4523cffdc16,1,0UOkYbyq1616550572901,87,figural_single_2_practice,1,,0,blue,621.0999999893829,1,single,r_b_13.png,color,blue
134300,,c7fbf674-7151-4b31-9215-b4523cffdc16,1,0UOkYbyq1616550572901,88,figural_single_2_practice,1,,0,green,858.3999999973457,1,single,r_g_01.png,color,green
134300,,c7fbf674-7151-4b31-9215-b4523cffdc16,1,0UOkYbyq1616550572901,89,figural_single_2_1,1,,0,green,836.4000000001397,1,single,r_g_07.png,color,green
134300,,c7fbf674-7151-4b31-9215-b4523cffdc16,1,0UOkYbyq1616550572901,90,figural_single_2_1,1,,0,blue,858.6000000068452,1,single,r_b_03.png,color,blue
134300,,c7fbf674-7151-4b31-9215-b4523cffdc16,1,0UOkYbyq1616550572901,91,figural_single_2_1,1,,0,green,1348.9000000117812,1,single,r_g_08.png,color,green
134300,,c7fbf674-7151-4b31-9215-b4523cffdc16,1,0UOkYbyq1616550572901,92,figural_single_2_1,1,,0,green,1064.6000000124332,1,single,e_g_01.png,color,green
134300,,c7fbf674-7151-4b31-9215-b4523cffdc16,1,0UOkYbyq1616550572901,93,figural_single_2_1,1,,0,green,574.6000000217464,1,single,e_g_09.png,color,green
134300,,c7fbf674-7151-4b31-9215-b4523cffdc16,1,0UOkYbyq1616550572901,94,figural_single_2_1,1,,0,blue,540.7999999879394,1,single,r_b_08.png,color,blue
134300,,c7fbf674-7151-4b31-9215-b4523cffdc16,1,0UOkYbyq1616550572901,95,figural_single_2_1,1,,0,blue,558.7999999988824,1,single,e_b_03.png,color,blue
134300,,c7fbf674-7151-4b31-9215-b4523cffdc16,1,0UOkYbyq1616550572901,96,figural_single_2_1,1,,0,green,539.0000000188593,1,single,e_g_07.png,color,green
134300,,c7fbf674-7151-4b31-9215-b4523cffdc16,1,0UOkYbyq1616550572901,97,figural_single_2_1,1,,0,blue,501.7999999981839,1,single,e_b_02.png,color,blue
134300,,c7fbf674-7151-4b31-9215-b4523cffdc16,1,0UOkYbyq1616550572901,98,figural_single_2_1,1,,0,green,510.09999998495914,1,single,e_g_04.png,color,green
134300,,c7fbf674-7151-4b31-9215-b4523cffdc16,1,0UOkYbyq1616550572901,99,figural_single_2_1,1,,0,blue,702.7999999991152,0,single,r_g_06.png,color,green
134300,,c7fbf674-7151-4b31-9215-b4523cffdc16,1,0UOkYbyq1616550572901,100,figural_single_2_1,1,,0,blue,720.8999999857042,1,single,e_b_08.png,color,blue
134300,,c7fbf674-7151-4b31-9215-b4523cffdc16,1,0UOkYbyq1616550572901,101,figural_single_2_1,1,,0,green,716.3999999756925,1,single,e_g_16.png,color,green
134300,,c7fbf674-7151-4b31-9215-b4523cffdc16,1,0UOkYbyq1616550572901,102,figural_single_2_1,1,,0,blue,613.0999999877531,1,single,e_b_06.png,color,blue
134300,,c7fbf674-7151-4b31-9215-b4523cffdc16,1,0UOkYbyq1616550572901,103,figural_single_2_1,1,,0,blue,562.8000000142492,1,single,e_b_04.png,color,blue
134300,,c7fbf674-7151-4b31-9215-b4523cffdc16,1,0UOkYbyq1616550572901,104,figural_single_2_1,1,,0,green,525.4000000131782,1,single,r_g_10.png,color,green
134300,,c7fbf674-7151-4b31-9215-b4523cffdc16,1,0UOkYbyq1616550572901,105,figural_single_2_1,1,,0,blue,726.4000000141095,1,single,e_b_12.png,color,blue
134300,,c7fbf674-7151-4b31-9215-b4523cffdc16,1,0UOkYbyq1616550572901,106,figural_single_2_1,1,,0,blue,513.1999999866821,1,single,r_b_09.png,color,blue
134300,,c7fbf674-7151-4b31-9215-b4523cffdc16,1,0UOkYbyq1616550572901,107,figural_single_2_1,1,,0,green,529.6999999845866,1,single,r_g_15.png,color,green
134300,,c7fbf674-7151-4b31-9215-b4523cffdc16,1,0UOkYbyq1616550572901,108,figural_single_2_1,1,,0,green,605.0000000104774,1,single,e_g_08.png,color,green
134300,,c7fbf674-7151-4b31-9215-b4523cffdc16,1,0UOkYbyq1616550572901,109,figural_single_2_1,1,,0,blue,570.2000000164844,1,single,e_b_11.png,color,blue
134300,,c7fbf674-7151-4b31-9215-b4523cffdc16,1,0UOkYbyq1616550572901,110,figural_single_2_1,1,,0,blue,577.1999999997206,1,single,r_b_13.png,color,blue
134300,,c7fbf674-7151-4b31-9215-b4523cffdc16,1,0UOkYbyq1616550572901,111,figural_single_2_1,1,,0,blue,544.5999999938067,1,single,r_b_12.png,color,blue
134300,,c7fbf674-7151-4b31-9215-b4523cffdc16,1,0UOkYbyq1616550572901,112,figural_single_2_1,1,,0,blue,611.0000000044238,1,single,r_b_15.png,color,blue
134300,,c7fbf674-7151-4b31-9215-b4523cffdc16,1,0UOkYbyq1616550572901,113,figural_single_2_1,1,,0,green,464.70000001136214,1,single,e_g_05.png,color,green
134300,,c7fbf674-7151-4b31-9215-b4523cffdc16,1,0UOkYbyq1616550572901,114,figural_single_2_1,1,,0,green,480.600000009872,1,single,r_g_12.png,color,green
134300,,c7fbf674-7151-4b31-9215-b4523cffdc16,1,0UOkYbyq1616550572901,115,figural_single_2_1,1,,0,blue,514.9000000092201,1,single,r_b_02.png,color,blue
134300,,c7fbf674-7151-4b31-9215-b4523cffdc16,1,0UOkYbyq1616550572901,116,figural_single_2_1,1,,0,blue,525.9000000078231,1,single,r_b_01.png,color,blue
134300,,c7fbf674-7151-4b31-9215-b4523cffdc16,1,0UOkYbyq1616550572901,117,figural_single_2_1,1,,0,blue,493.19999999715947,1,single,r_b_07.png,color,blue
134300,,c7fbf674-7151-4b31-9215-b4523cffdc16,1,0UOkYbyq1616550572901,118,figural_single_2_1,1,,0,green,533.8000000047032,1,single,e_g_15.png,color,green
134300,,c7fbf674-7151-4b31-9215-b4523cffdc16,1,0UOkYbyq1616550572901,119,figural_single_2_1,1,,0,green,554.8999999882653,1,single,e_g_11.png,color,green
134300,,c7fbf674-7151-4b31-9215-b4523cffdc16,1,0UOkYbyq1616550572901,120,figural_single_2_1,1,,0,blue,551.3999999966472,1,single,e_b_07.png,color,blue
134300,,c7fbf674-7151-4b31-9215-b4523cffdc16,1,0UOkYbyq1616550572901,121,figural_single_2_1,1,,0,green,547.8000000002794,1,single,r_g_04.png,color,green
134300,,c7fbf674-7151-4b31-9215-b4523cffdc16,1,0UOkYbyq1616550572901,122,figural_single_2_1,1,,0,green,553.7000000185799,1,single,e_g_02.png,color,green
134300,,c7fbf674-7151-4b31-9215-b4523cffdc16,1,0UOkYbyq1616550572901,123,figural_single_2_1,1,,0,blue,490.7999999995809,1,single,e_b_01.png,color,blue
134300,,c7fbf674-7151-4b31-9215-b4523cffdc16,1,0UOkYbyq1616550572901,124,figural_single_2_1,1,,0,blue,564.7999999928288,1,single,r_b_05.png,color,blue
134300,,c7fbf674-7151-4b31-9215-b4523cffdc16,1,0UOkYbyq1616550572901,125,figural_single_2_1,1,,0,green,506.9000000075903,1,single,e_g_03.png,color,green
134300,,c7fbf674-7151-4b31-9215-b4523cffdc16,1,0UOkYbyq1616550572901,126,figural_single_2_1,1,,0,blue,560.3999999875668,1,single,r_b_04.png,color,blue
134300,,c7fbf674-7151-4b31-9215-b4523cffdc16,1,0UOkYbyq1616550572901,127,figural_single_2_1,1,,0,green,906.6000000166241,1,single,e_g_06.png,color,green
134300,,c7fbf674-7151-4b31-9215-b4523cffdc16,1,0UOkYbyq1616550572901,128,figural_single_2_1,1,,0,green,848.4999999927823,1,single,e_g_12.png,color,green
134300,,c7fbf674-7151-4b31-9215-b4523cffdc16,1,0UOkYbyq1616550572901,129,figural_single_2_1,1,,0,green,565.199999982724,1,single,r_g_14.png,color,green
134300,,c7fbf674-7151-4b31-9215-b4523cffdc16,1,0UOkYbyq1616550572901,130,figural_single_2_1,1,,0,blue,536.2000000022817,1,single,e_b_09.png,color,blue
134300,,c7fbf674-7151-4b31-9215-b4523cffdc16,1,0UOkYbyq1616550572901,131,figural_single_2_1,1,,0,blue,970.2000000106636,1,single,e_b_16.png,color,blue
134300,,c7fbf674-7151-4b31-9215-b4523cffdc16,1,0UOkYbyq1616550572901,132,figural_single_2_1,1,,0,green,450.1999999920372,1,single,r_g_01.png,color,green
134300,,c7fbf674-7151-4b31-9215-b4523cffdc16,1,0UOkYbyq1616550572901,133,figural_single_2_1,1,,0,green,1046.8000000109896,1,single,r_g_09.png,color,green
134300,,c7fbf674-7151-4b31-9215-b4523cffdc16,1,0UOkYbyq1616550572901,134,figural_single_2_1,1,,0,green,608.0999999830965,1,single,e_g_13.png,color,green
134300,,c7fbf674-7151-4b31-9215-b4523cffdc16,1,0UOkYbyq1616550572901,135,figural_single_2_1,1,,0,blue,504.7000000195112,1,single,r_b_06.png,color,blue
134300,,c7fbf674-7151-4b31-9215-b4523cffdc16,1,0UOkYbyq1616550572901,136,figural_single_2_1,1,,0,blue,576.0000000009313,1,single,r_b_14.png,color,blue
134300,,c7fbf674-7151-4b31-9215-b4523cffdc16,1,0UOkYbyq1616550572901,137,figural_single_2_1,1,,0,green,585.9999999811407,1,single,r_g_05.png,color,green
134300,,c7fbf674-7151-4b31-9215-b4523cffdc16,1,0UOkYbyq1616550572901,138,figural_single_2_1,1,,0,green,533.5999999952037,1,single,e_g_10.png,color,green
134300,,c7fbf674-7151-4b31-9215-b4523cffdc16,1,0UOkYbyq1616550572901,139,figural_single_2_1,1,,0,green,636.5999999979977,1,single,r_g_02.png,color,green
134300,,c7fbf674-7151-4b31-9215-b4523cffdc16,1,0UOkYbyq1616550572901,140,figural_single_2_1,1,,0,blue,543.4999999997672,1,single,e_b_10.png,color,blue
134300,,c7fbf674-7151-4b31-9215-b4523cffdc16,1,0UOkYbyq1616550572901,141,figural_single_2_1,1,,0,blue,459.3999999924563,1,single,r_b_16.png,color,blue
134300,,c7fbf674-7151-4b31-9215-b4523cffdc16,1,0UOkYbyq1616550572901,142,figural_single_2_1,1,,0,green,615.5000000144355,1,single,r_g_11.png,color,green
134300,,c7fbf674-7151-4b31-9215-b4523cffdc16,1,0UOkYbyq1616550572901,143,figural_single_2_1,1,,0,green,903.4999999857973,1,single,r_g_03.png,color,green
134300,,c7fbf674-7151-4b31-9215-b4523cffdc16,1,0UOkYbyq1616550572901,144,figural_single_2_1,1,,0,blue,584.6000000019558,1,single,e_b_14.png,color,blue
134300,,c7fbf674-7151-4b31-9215-b4523cffdc16,1,0UOkYbyq1616550572901,145,figural_single_2_1,1,,0,blue,570.899999991525,1,single,e_b_13.png,color,blue
134300,,c7fbf674-7151-4b31-9215-b4523cffdc16,1,0UOkYbyq1616550572901,146,figural_single_2_1,1,,0,blue,703.7000000127591,1,single,r_b_10.png,color,blue
134300,,c7fbf674-7151-4b31-9215-b4523cffdc16,1,0UOkYbyq1616550572901,147,figural_single_2_1,1,,0,green,586.29999999539,1,single,e_g_14.png,color,green
134300,,c7fbf674-7151-4b31-9215-b4523cffdc16,1,0UOkYbyq1616550572901,148,figural_single_2_1,1,,0,blue,750.5999999993946,1,single,e_b_15.png,color,blue
134300,,c7fbf674-7151-4b31-9215-b4523cffdc16,1,0UOkYbyq1616550572901,149,figural_single_2_1,1,,0,blue,542.5999999861233,1,single,e_b_05.png,color,blue
134300,,c7fbf674-7151-4b31-9215-b4523cffdc16,1,0UOkYbyq1616550572901,150,figural_single_2_1,1,,0,blue,522.7000000013504,1,single,r_b_11.png,color,blue
134300,,c7fbf674-7151-4b31-9215-b4523cffdc16,1,0UOkYbyq1616550572901,151,figural_single_2_1,1,,0,green,502.7000000118278,1,single,r_g_13.png,color,green
134300,,c7fbf674-7151-4b31-9215-b4523cffdc16,1,0UOkYbyq1616550572901,152,figural_single_2_1,1,,0,green,496.7999999935273,1,single,r_g_16.png,color,green
134300,,c7fbf674-7151-4b31-9215-b4523cffdc16,1,0UOkYbyq1616550572901,153,figural_mixed_practice,1,,0,angular,1051.9999999960419,1,start,e_g_13.png,shape,angular
134300,,c7fbf674-7151-4b31-9215-b4523cffdc16,1,0UOkYbyq1616550572901,154,figural_mixed_practice,1,,0,angular,948.3000000182074,1,repetition,e_g_15.png,shape,angular
134300,,c7fbf674-7151-4b31-9215-b4523cffdc16,1,0UOkYbyq1616550572901,155,figural_mixed_practice,1,,0,blue,832.5999999942724,1,switch,r_b_02.png,color,blue
134300,,c7fbf674-7151-4b31-9215-b4523cffdc16,1,0UOkYbyq1616550572901,156,figural_mixed_practice,1,,0,green,711.29999999539,1,repetition,r_g_10.png,color,green
134300,,c7fbf674-7151-4b31-9215-b4523cffdc16,1,0UOkYbyq1616550572901,157,figural_mixed_practice,1,,0,round,571.799999976065,1,switch,r_b_03.png,shape,round
134300,,c7fbf674-7151-4b31-9215-b4523cffdc16,1,0UOkYbyq1616550572901,158,figural_mixed_practice,1,,0,blue,1877.3000000219326,1,switch,e_b_11.png,color,blue
134300,,c7fbf674-7151-4b31-9215-b4523cffdc16,1,0UOkYbyq1616550572901,159,figural_mixed_practice,1,,0,green,737.9000000073574,1,repetition,r_g_06.png,color,green
134300,,c7fbf674-7151-4b31-9215-b4523cffdc16,1,0UOkYbyq1616550572901,160,figural_mixed_practice,1,,0,round,826.3000000151806,1,switch,r_b_08.png,shape,round
134300,,c7fbf674-7151-4b31-9215-b4523cffdc16,1,0UOkYbyq1616550572901,161,figural_mixed_practice,1,,0,angular,1394.4999999948777,1,repetition,e_b_12.png,shape,angular
134300,,c7fbf674-7151-4b31-9215-b4523cffdc16,1,0UOkYbyq1616550572901,162,figural_mixed_practice,1,,0,round,2569.4000000075903,1,repetition,r_g_04.png,shape,round
134300,,c7fbf674-7151-4b31-9215-b4523cffdc16,1,0UOkYbyq1616550572901,163,figural_mixed_practice,1,,0,blue,1385.1999999897089,1,switch,e_b_01.png,color,blue
134300,,c7fbf674-7151-4b31-9215-b4523cffdc16,1,0UOkYbyq1616550572901,164,figural_mixed_practice,1,,0,green,723.599999997532,1,repetition,e_g_05.png,color,green
134300,,c7fbf674-7151-4b31-9215-b4523cffdc16,1,0UOkYbyq1616550572901,165,figural_mixed,1,,0,green,1312.2999999905005,1,start,r_g_12.png,color,green
134300,,c7fbf674-7151-4b31-9215-b4523cffdc16,1,0UOkYbyq1616550572901,166,figural_mixed,1,,0,green,736.0000000044238,1,repetition,e_g_16.png,color,green
134300,,c7fbf674-7151-4b31-9215-b4523cffdc16,1,0UOkYbyq1616550572901,167,figural_mixed,1,,0,round,739.9999999906868,1,switch,r_b_01.png,shape,round
134300,,c7fbf674-7151-4b31-9215-b4523cffdc16,1,0UOkYbyq1616550572901,168,figural_mixed,1,,0,blue,2403.600000019651,1,switch,e_b_10.png,color,blue
134300,,c7fbf674-7151-4b31-9215-b4523cffdc16,1,0UOkYbyq1616550572901,169,figural_mixed,1,,0,round,1431.8999999959487,1,switch,r_g_07.png,shape,round
134300,,c7fbf674-7151-4b31-9215-b4523cffdc16,1,0UOkYbyq1616550572901,170,figural_mixed,1,,0,angular,1378.6999999720138,1,repetition,e_g_16.png,shape,angular
134300,,c7fbf674-7151-4b31-9215-b4523cffdc16,1,0UOkYbyq1616550572901,171,figural_mixed,1,,0,angular,1127.1000000124332,1,repetition,e_b_11.png,shape,angular
134300,,c7fbf674-7151-4b31-9215-b4523cffdc16,1,0UOkYbyq1616550572901,172,figural_mixed,1,,0,blue,1159.8999999987427,1,switch,e_b_12.png,color,blue
134300,,c7fbf674-7151-4b31-9215-b4523cffdc16,1,0UOkYbyq1616550572901,173,figural_mixed,1,,0,blue,829.3999999877997,1,repetition,r_b_05.png,color,blue
134300,,c7fbf674-7151-4b31-9215-b4523cffdc16,1,0UOkYbyq1616550572901,174,figural_mixed,1,,0,angular,1662.7999999909662,1,switch,e_b_15.png,shape,angular
134300,,c7fbf674-7151-4b31-9215-b4523cffdc16,1,0UOkYbyq1616550572901,175,figural_mixed,1,,0,angular,1207.4000000138767,0,repetition,r_g_01.png,shape,round
134300,,c7fbf674-7151-4b31-9215-b4523cffdc16,1,0UOkYbyq1616550572901,176,figural_mixed,1,,0,green,1357.7000000223052,1,switch,r_g_11.png,color,green
134300,,c7fbf674-7151-4b31-9215-b4523cffdc16,1,0UOkYbyq1616550572901,177,figural_mixed,1,,0,blue,905.3000000130851,1,repetition,e_b_14.png,color,blue
134300,,c7fbf674-7151-4b31-9215-b4523cffdc16,1,0UOkYbyq1616550572901,178,figural_mixed,1,,0,green,1185.1000000024214,1,repetition,r_g_05.png,color,green
134300,,c7fbf674-7151-4b31-9215-b4523cffdc16,1,0UOkYbyq1616550572901,179,figural_mixed,1,,0,angular,851.6999999992549,1,switch,e_g_09.png,shape,angular
134300,,c7fbf674-7151-4b31-9215-b4523cffdc16,1,0UOkYbyq1616550572901,180,figural_mixed,1,,0,round,755.4999999993015,1,repetition,r_b_04.png,shape,round
134300,,c7fbf674-7151-4b31-9215-b4523cffdc16,1,0UOkYbyq1616550572901,181,figural_mixed,1,,0,round,1634.0000000200234,1,repetition,r_g_12.png,shape,round
134300,,c7fbf674-7151-4b31-9215-b4523cffdc16,1,0UOkYbyq1616550572901,182,figural_mixed,1,,0,round,970.1000000059139,1,repetition,r_b_02.png,shape,round
134300,,c7fbf674-7151-4b31-9215-b4523cffdc16,1,0UOkYbyq1616550572901,183,figural_mixed,1,,0,green,1326.6999999759719,1,switch,r_g_04.png,color,green
134300,,c7fbf674-7151-4b31-9215-b4523cffdc16,1,0UOkYbyq1616550572901,184,figural_mixed,1,,0,blue,581.6000000049826,1,repetition,e_b_02.png,color,blue
134300,,c7fbf674-7151-4b31-9215-b4523cffdc16,1,0UOkYbyq1616550572901,185,figural_mixed,1,,0,blue,696.5999999956694,1,repetition,r_b_16.png,color,blue
134300,,c7fbf674-7151-4b31-9215-b4523cffdc16,1,0UOkYbyq1616550572901,186,figural_mixed,1,,0,angular,1150.099999998929,1,switch,e_g_03.png,shape,angular
134300,,c7fbf674-7151-4b31-9215-b4523cffdc16,1,0UOkYbyq1616550572901,187,figural_mixed,1,,0,blue,952.5999999896158,1,switch,r_b_10.png,color,blue
134300,,c7fbf674-7151-4b31-9215-b4523cffdc16,1,0UOkYbyq1616550572901,188,figural_mixed,1,,0,green,990.5999999900814,1,repetition,e_g_03.png,color,green
134300,,c7fbf674-7151-4b31-9215-b4523cffdc16,1,0UOkYbyq1616550572901,189,figural_mixed,1,,0,green,1036.599999992177,1,repetition,r_g_06.png,color,green
134300,,c7fbf674-7151-4b31-9215-b4523cffdc16,1,0UOkYbyq1616550572901,190,figural_mixed,1,,0,round,893.000000010943,1,switch,r_b_09.png,shape,round
134300,,c7fbf674-7151-4b31-9215-b4523cffdc16,1,0UOkYbyq1616550572901,191,figural_mixed,1,,0,blue,1019.4999999948777,1,switch,r_b_02.png,color,blue
134300,,c7fbf674-7151-4b31-9215-b4523cffdc16,1,0UOkYbyq1616550572901,192,figural_mixed,1,,0,green,914.8999999742955,1,repetition,r_g_01.png,color,green
134300,,c7fbf674-7151-4b31-9215-b4523cffdc16,1,0UOkYbyq1616550572901,193,figural_mixed,1,,0,angular,1276.6999999876134,1,switch,e_g_07.png,shape,angular
134300,,c7fbf674-7151-4b31-9215-b4523cffdc16,1,0UOkYbyq1616550572901,194,figural_mixed,1,,0,blue,1049.1000000038184,1,switch,r_b_13.png,color,blue
134300,,c7fbf674-7151-4b31-9215-b4523cffdc16,1,0UOkYbyq1616550572901,195,figural_mixed,1,,0,angular,987.5000000174623,1,switch,e_b_14.png,shape,angular
134300,,c7fbf674-7151-4b31-9215-b4523cffdc16,1,0UOkYbyq1616550572901,196,figural_mixed,1,,0,round,1496.7999999935273,1,repetition,r_g_09.png,shape,round
134300,,c7fbf674-7151-4b31-9215-b4523cffdc16,1,0UOkYbyq1616550572901,197,figural_mixed,1,,0,round,1902.700000006007,1,repetition,r_b_11.png,shape,round
134300,,c7fbf674-7151-4b31-9215-b4523cffdc16,1,0UOkYbyq1616550572901,198,figural_mixed,1,,0,green,780.2999999839813,1,switch,r_g_07.png,color,green
134300,,c7fbf674-7151-4b31-9215-b4523cffdc16,1,0UOkYbyq1616550572901,199,figural_mixed,1,,0,angular,1270.0999999942724,1,switch,e_b_04.png,shape,angular
134300,,c7fbf674-7151-4b31-9215-b4523cffdc16,1,0UOkYbyq1616550572901,200,figural_mixed,1,,0,round,899.4999999995343,1,repetition,r_g_14.png,shape,round
134300,,c7fbf674-7151-4b31-9215-b4523cffdc16,1,0UOkYbyq1616550572901,201,figural_mixed,1,,0,blue,974.6999999915715,1,switch,e_b_09.png,color,blue
134300,,c7fbf674-7151-4b31-9215-b4523cffdc16,1,0UOkYbyq1616550572901,202,figural_mixed,1,,0,angular,1095.3000000154134,1,switch,e_g_10.png,shape,angular
134300,,c7fbf674-7151-4b31-9215-b4523cffdc16,1,0UOkYbyq1616550572901,203,figural_mixed,1,,0,green,980.2000000199769,1,switch,r_g_15.png,color,green
134300,,c7fbf674-7151-4b31-9215-b4523cffdc16,1,0UOkYbyq1616550572901,204,figural_mixed,1,,0,green,1628.4000000159722,1,repetition,e_g_14.png,color,green
134300,,c7fbf674-7151-4b31-9215-b4523cffdc16,1,0UOkYbyq1616550572901,205,figural_mixed,1,,0,blue,1160.1999999838881,1,repetition,r_b_07.png,color,blue
134300,,c7fbf674-7151-4b31-9215-b4523cffdc16,1,0UOkYbyq1616550572901,206,figural_mixed,1,,0,blue,612.699999997858,1,repetition,r_b_09.png,color,blue
134300,,c7fbf674-7151-4b31-9215-b4523cffdc16,1,0UOkYbyq1616550572901,207,figural_mixed,1,,0,angular,900.099999998929,1,switch,e_g_14.png,shape,angular
134300,,c7fbf674-7151-4b31-9215-b4523cffdc16,1,0UOkYbyq1616550572901,208,figural_mixed,1,,0,angular,1044.6999999985565,1,repetition,e_g_13.png,shape,angular
134300,,c7fbf674-7151-4b31-9215-b4523cffdc16,1,0UOkYbyq1616550572901,209,figural_mixed,1,,0,blue,1053.299999999581,1,switch,e_b_04.png,color,blue
134300,,c7fbf674-7151-4b31-9215-b4523cffdc16,1,0UOkYbyq1616550572901,210,figural_mixed,1,,0,green,858.7999999872409,1,repetition,e_g_10.png,color,green
134300,,c7fbf674-7151-4b31-9215-b4523cffdc16,1,0UOkYbyq1616550572901,211,figural_mixed,1,,0,green,898.3000000007451,1,repetition,e_g_04.png,color,green
134300,,c7fbf674-7151-4b31-9215-b4523cffdc16,1,0UOkYbyq1616550572901,212,figural_mixed,1,,0,angular,803.2999999995809,1,switch,e_b_07.png,shape,angular
134300,,c7fbf674-7151-4b31-9215-b4523cffdc16,1,0UOkYbyq1616550572901,213,figural_mixed,1,,0,round,762.4000000068918,1,repetition,r_g_11.png,shape,round
134300,,c7fbf674-7151-4b31-9215-b4523cffdc16,1,0UOkYbyq1616550572901,214,figural_mixed,1,,0,round,835.3000000061002,1,repetition,r_g_04.png,shape,round
134300,,c7fbf674-7151-4b31-9215-b4523cffdc16,1,0UOkYbyq1616550572901,215,figural_mixed,1,,0,angular,839.4000000262167,1,repetition,e_g_15.png,shape,angular
134300,,c7fbf674-7151-4b31-9215-b4523cffdc16,1,0UOkYbyq1616550572901,216,figural_mixed,1,,0,green,1885.999999998603,1,switch,e_g_11.png,color,green
134300,,c7fbf674-7151-4b31-9215-b4523cffdc16,1,0UOkYbyq1616550572901,217,figural_mixed,1,,0,round,1421.0000000020955,1,switch,r_g_08.png,shape,round
134300,,c7fbf674-7151-4b31-9215-b4523cffdc16,1,0UOkYbyq1616550572901,218,figural_mixed,1,,0,round,827.1999999997206,1,repetition,r_g_10.png,shape,round
134300,,c7fbf674-7151-4b31-9215-b4523cffdc16,1,0UOkYbyq1616550572901,219,figural_mixed,1,,0,green,1109.4000000157394,1,switch,e_g_15.png,color,green
134300,,c7fbf674-7151-4b31-9215-b4523cffdc16,1,0UOkYbyq1616550572901,220,figural_mixed,1,,0,green,813.39999998454,1,repetition,r_g_02.png,color,green
134300,,c7fbf674-7151-4b31-9215-b4523cffdc16,1,0UOkYbyq1616550572901,221,figural_mixed,1,,0,angular,768.2000000204425,1,switch,e_b_01.png,shape,angular
134300,,c7fbf674-7151-4b31-9215-b4523cffdc16,1,0UOkYbyq1616550572901,222,figural_mixed,1,,0,green,804.0999999793712,0,switch,e_b_15.png,color,blue
134300,,c7fbf674-7151-4b31-9215-b4523cffdc16,1,0UOkYbyq1616550572901,223,figural_mixed,1,,0,blue,1372.300000017276,1,repetition,e_b_03.png,color,blue
134300,,c7fbf674-7151-4b31-9215-b4523cffdc16,1,0UOkYbyq1616550572901,224,figural_mixed,1,,0,blue,666.2999999825843,1,repetition,e_b_01.png,color,blue
134300,,c7fbf674-7151-4b31-9215-b4523cffdc16,1,0UOkYbyq1616550572901,225,figural_mixed,1,,0,round,1212.7000000036787,1,switch,r_g_02.png,shape,round
134300,,c7fbf674-7151-4b31-9215-b4523cffdc16,1,0UOkYbyq1616550572901,226,figural_mixed,1,,0,green,1739.2000000108965,1,switch,e_g_05.png,color,green
134300,,c7fbf674-7151-4b31-9215-b4523cffdc16,1,0UOkYbyq1616550572901,227,figural_mixed,1,,0,round,1218.2000000029802,1,switch,r_b_06.png,shape,round
134300,,c7fbf674-7151-4b31-9215-b4523cffdc16,1,0UOkYbyq1616550572901,228,figural_mixed,1,,0,green,863.4999999776483,1,switch,e_g_08.png,color,green
134300,,c7fbf674-7151-4b31-9215-b4523cffdc16,1,0UOkYbyq1616550572901,229,figural_mixed,1,,0,green,819.3000000028405,1,repetition,e_g_02.png,color,green
134300,,c7fbf674-7151-4b31-9215-b4523cffdc16,1,0UOkYbyq1616550572901,230,figural_mixed,1,,0,blue,662.4999999767169,1,repetition,e_b_06.png,color,blue
134300,,c7fbf674-7151-4b31-9215-b4523cffdc16,1,0UOkYbyq1616550572901,231,figural_mixed,1,,0,angular,1003.8000000058673,1,switch,e_b_08.png,shape,angular
134300,,c7fbf674-7151-4b31-9215-b4523cffdc16,1,0UOkYbyq1616550572901,232,figural_mixed,1,,0,green,1143.2000000204425,1,switch,r_g_09.png,color,green
134300,,c7fbf674-7151-4b31-9215-b4523cffdc16,1,0UOkYbyq1616550572901,233,figural_mixed,1,,0,blue,1436.0000000160653,1,repetition,e_b_13.png,color,blue
134300,,c7fbf674-7151-4b31-9215-b4523cffdc16,1,0UOkYbyq1616550572901,234,figural_mixed,1,,0,round,973.7999999779277,1,switch,r_b_10.png,shape,round
134300,,c7fbf674-7151-4b31-9215-b4523cffdc16,1,0UOkYbyq1616550572901,235,figural_mixed,1,,0,round,927.5999999954365,1,repetition,r_b_13.png,shape,round
134300,,c7fbf674-7151-4b31-9215-b4523cffdc16,1,0UOkYbyq1616550572901,236,figural_mixed,1,,0,blue,1226.0000000242144,1,switch,e_b_11.png,color,blue
134300,,c7fbf674-7151-4b31-9215-b4523cffdc16,1,0UOkYbyq1616550572901,237,figural_mixed,1,,0,green,950.5000000062864,1,repetition,r_g_08.png,color,green
134300,,c7fbf674-7151-4b31-9215-b4523cffdc16,1,0UOkYbyq1616550572901,238,figural_mixed,1,,0,angular,1200.4000000015367,1,switch,e_b_10.png,shape,angular
134300,,c7fbf674-7151-4b31-9215-b4523cffdc16,1,0UOkYbyq1616550572901,239,figural_mixed,1,,0,angular,958.4000000031665,1,repetition,e_g_06.png,shape,angular
134300,,c7fbf674-7151-4b31-9215-b4523cffdc16,1,0UOkYbyq1616550572901,240,figural_mixed,1,,0,angular,704.1000000026543,1,repetition,e_g_11.png,shape,angular
134300,,c7fbf674-7151-4b31-9215-b4523cffdc16,1,0UOkYbyq1616550572901,241,figural_mixed,1,,0,round,811.5999999863561,1,repetition,r_b_07.png,shape,round
134300,,c7fbf674-7151-4b31-9215-b4523cffdc16,1,0UOkYbyq1616550572901,242,figural_mixed,1,,0,blue,864.0999999770429,1,switch,r_b_06.png,color,blue
134300,,c7fbf674-7151-4b31-9215-b4523cffdc16,1,0UOkYbyq1616550572901,243,figural_mixed,1,,0,blue,1125.3000000142492,1,repetition,e_b_07.png,color,blue
134300,,c7fbf674-7151-4b31-9215-b4523cffdc16,1,0UOkYbyq1616550572901,244,figural_mixed,1,,0,blue,576.2000000104308,1,repetition,r_b_14.png,color,blue
134300,,c7fbf674-7151-4b31-9215-b4523cffdc16,1,0UOkYbyq1616550572901,245,figural_mixed,1,,0,green,615.4000000096858,1,repetition,r_g_16.png,color,green
134300,,c7fbf674-7151-4b31-9215-b4523cffdc16,1,0UOkYbyq1616550572901,246,figural_mixed,1,,0,angular,865.0999999954365,1,switch,e_b_09.png,shape,angular
134300,,c7fbf674-7151-4b31-9215-b4523cffdc16,1,0UOkYbyq1616550572901,247,figural_mixed,1,,0,round,849.900000001071,1,repetition,r_g_05.png,shape,round
134300,,c7fbf674-7151-4b31-9215-b4523cffdc16,1,0UOkYbyq1616550572901,248,figural_mixed,1,,0,angular,716.7999999946915,1,repetition,e_b_12.png,shape,angular
134300,,c7fbf674-7151-4b31-9215-b4523cffdc16,1,0UOkYbyq1616550572901,249,figural_mixed,1,,0,blue,1043.7000000092667,1,switch,e_b_05.png,color,blue
134300,,c7fbf674-7151-4b31-9215-b4523cffdc16,1,0UOkYbyq1616550572901,250,figural_mixed,1,,0,round,1169.6999999985565,1,switch,r_g_06.png,shape,round
134300,,c7fbf674-7151-4b31-9215-b4523cffdc16,1,0UOkYbyq1616550572901,251,figural_mixed,1,,0,blue,841.1999999952968,1,switch,e_b_16.png,color,blue
134300,,c7fbf674-7151-4b31-9215-b4523cffdc16,1,0UOkYbyq1616550572901,252,figural_mixed,1,,0,green,812.3999999952503,1,repetition,r_g_13.png,color,green
134300,,c7fbf674-7151-4b31-9215-b4523cffdc16,1,0UOkYbyq1616550572901,253,figural_mixed,1,,0,angular,887.6000000163913,1,switch,e_g_02.png,shape,angular
134300,,c7fbf674-7151-4b31-9215-b4523cffdc16,1,0UOkYbyq1616550572901,254,figural_mixed,1,,0,round,1162.400000001071,1,repetition,r_b_03.png,shape,round
134300,,c7fbf674-7151-4b31-9215-b4523cffdc16,1,0UOkYbyq1616550572901,255,figural_mixed,1,,0,round,777.4999999965075,1,repetition,r_b_14.png,shape,round
134300,,c7fbf674-7151-4b31-9215-b4523cffdc16,1,0UOkYbyq1616550572901,256,figural_mixed,1,,0,angular,995.1000000000931,1,repetition,e_g_12.png,shape,angular
134300,,c7fbf674-7151-4b31-9215-b4523cffdc16,1,0UOkYbyq1616550572901,257,figural_mixed,1,,0,blue,996.1000000184868,1,switch,r_b_04.png,color,blue
134300,,c7fbf674-7151-4b31-9215-b4523cffdc16,1,0UOkYbyq1616550572901,258,figural_mixed,1,,0,round,986.9999999937136,1,switch,r_g_15.png,shape,round
134300,,c7fbf674-7151-4b31-9215-b4523cffdc16,1,0UOkYbyq1616550572901,259,figural_mixed,1,,0,angular,868.6999999918044,1,repetition,e_g_08.png,shape,angular
134300,,c7fbf674-7151-4b31-9215-b4523cffdc16,1,0UOkYbyq1616550572901,260,figural_mixed,1,,0,round,950.0999999872874,1,repetition,r_b_16.png,shape,round
134300,,c7fbf674-7151-4b31-9215-b4523cffdc16,1,0UOkYbyq1616550572901,261,figural_mixed,1,,0,green,884.699999995064,1,switch,r_g_10.png,color,green
134300,,c7fbf674-7151-4b31-9215-b4523cffdc16,1,0UOkYbyq1616550572901,262,figural_mixed,1,,0,green,736.0000000044238,1,repetition,e_g_06.png,color,green
134300,,c7fbf674-7151-4b31-9215-b4523cffdc16,1,0UOkYbyq1616550572901,263,figural_mixed,1,,0,round,854.4000000110827,1,switch,r_g_13.png,shape,round
134300,,c7fbf674-7151-4b31-9215-b4523cffdc16,1,0UOkYbyq1616550572901,264,figural_mixed,1,,0,blue,832.2000000043772,1,switch,r_b_03.png,color,blue
134300,,c7fbf674-7151-4b31-9215-b4523cffdc16,1,0UOkYbyq1616550572901,265,figural_mixed,1,,0,angular,1028.6999999952968,1,switch,e_b_02.png,shape,angular
134300,,c7fbf674-7151-4b31-9215-b4523cffdc16,1,0UOkYbyq1616550572901,266,figural_mixed,1,,0,angular,845.1999999815598,1,repetition,e_b_03.png,shape,angular
134300,,c7fbf674-7151-4b31-9215-b4523cffdc16,1,0UOkYbyq1616550572901,267,figural_mixed,1,,0,green,738.6000000115018,1,switch,e_g_07.png,color,green
134300,,c7fbf674-7151-4b31-9215-b4523cffdc16,1,0UOkYbyq1616550572901,268,figural_mixed,1,,0,blue,752.600000007078,1,repetition,r_b_08.png,color,blue
134300,,c7fbf674-7151-4b31-9215-b4523cffdc16,1,0UOkYbyq1616550572901,269,figural_mixed,1,,0,blue,641.6000000026543,1,repetition,r_b_01.png,color,blue
134300,,c7fbf674-7151-4b31-9215-b4523cffdc16,1,0UOkYbyq1616550572901,270,figural_mixed,1,,0,angular,1026.0999999882188,1,switch,e_b_05.png,shape,angular
134300,,c7fbf674-7151-4b31-9215-b4523cffdc16,1,0UOkYbyq1616550572901,271,figural_mixed,1,,0,green,826.7000000050757,1,switch,r_g_16.png,color,green
134300,,c7fbf674-7151-4b31-9215-b4523cffdc16,1,0UOkYbyq1616550572901,272,figural_mixed,1,,0,angular,1205.7999999960884,1,switch,e_g_04.png,shape,angular
134300,,c7fbf674-7151-4b31-9215-b4523cffdc16,1,0UOkYbyq1616550572901,273,figural_mixed,1,,0,round,833.5000000079162,1,repetition,r_b_05.png,shape,round
134300,,c7fbf674-7151-4b31-9215-b4523cffdc16,1,0UOkYbyq1616550572901,274,figural_mixed,1,,0,round,1707.2000000043772,1,repetition,r_g_03.png,shape,round
134300,,c7fbf674-7151-4b31-9215-b4523cffdc16,1,0UOkYbyq1616550572901,275,figural_mixed,1,,0,blue,694.4999999832362,1,switch,r_b_15.png,color,blue
134300,,c7fbf674-7151-4b31-9215-b4523cffdc16,1,0UOkYbyq1616550572901,276,figural_mixed,1,,0,green,755.2000000141561,1,repetition,r_g_14.png,color,green
134300,,c7fbf674-7151-4b31-9215-b4523cffdc16,1,0UOkYbyq1616550572901,277,figural_mixed,1,,0,angular,839.8000000161119,1,switch,e_g_01.png,shape,angular
134300,,c7fbf674-7151-4b31-9215-b4523cffdc16,1,0UOkYbyq1616550572901,278,figural_mixed,1,,0,round,1067.0999999856576,1,repetition,r_b_15.png,shape,round
134300,,c7fbf674-7151-4b31-9215-b4523cffdc16,1,0UOkYbyq1616550572901,279,figural_mixed,1,,0,round,850.8999999903608,1,repetition,r_b_08.png,shape,round
134300,,c7fbf674-7151-4b31-9215-b4523cffdc16,1,0UOkYbyq1616550572901,280,figural_mixed,1,,0,green,742.2000000078697,1,switch,e_g_12.png,color,green
134300,,c7fbf674-7151-4b31-9215-b4523cffdc16,1,0UOkYbyq1616550572901,281,figural_mixed,1,,0,angular,907.6000000059139,1,switch,e_b_13.png,shape,angular
134300,,c7fbf674-7151-4b31-9215-b4523cffdc16,1,0UOkYbyq1616550572901,282,figural_mixed,1,,0,green,973.599999997532,1,switch,r_g_03.png,color,green
134300,,c7fbf674-7151-4b31-9215-b4523cffdc16,1,0UOkYbyq1616550572901,283,figural_mixed,1,,0,blue,913.5999999998603,1,repetition,r_b_12.png,color,blue
134300,,c7fbf674-7151-4b31-9215-b4523cffdc16,1,0UOkYbyq1616550572901,284,figural_mixed,1,,0,angular,828.2999999937601,1,switch,e_b_06.png,shape,angular
134300,,c7fbf674-7151-4b31-9215-b4523cffdc16,1,0UOkYbyq1616550572901,285,figural_mixed,1,,0,angular,955.7999999960884,1,repetition,e_g_05.png,shape,angular
134300,,c7fbf674-7151-4b31-9215-b4523cffdc16,1,0UOkYbyq1616550572901,286,figural_mixed,1,,0,blue,662.7000000153203,1,switch,r_b_11.png,color,blue
134300,,c7fbf674-7151-4b31-9215-b4523cffdc16,1,0UOkYbyq1616550572901,287,figural_mixed,1,,0,angular,1464.0000000072177,1,switch,e_b_16.png,shape,angular
134300,,c7fbf674-7151-4b31-9215-b4523cffdc16,1,0UOkYbyq1616550572901,288,figural_mixed,1,,0,green,749.4000000006054,1,switch,e_g_01.png,color,green
134300,,c7fbf674-7151-4b31-9215-b4523cffdc16,1,0UOkYbyq1616550572901,289,figural_mixed,1,,0,green,780.2000000083353,1,repetition,e_g_13.png,color,green
134300,,c7fbf674-7151-4b31-9215-b4523cffdc16,1,0UOkYbyq1616550572901,290,figural_mixed,1,,0,round,1094.699999986915,1,switch,r_b_12.png,shape,round
134300,,c7fbf674-7151-4b31-9215-b4523cffdc16,1,0UOkYbyq1616550572901,291,figural_mixed,1,,0,blue,745.1000000000931,1,switch,e_b_08.png,color,blue
134300,,c7fbf674-7151-4b31-9215-b4523cffdc16,1,0UOkYbyq1616550572901,292,figural_mixed,1,,0,green,675.3000000026077,1,repetition,e_g_09.png,color,green
134300,,c7fbf674-7151-4b31-9215-b4523cffdc16,1,0UOkYbyq1616550572901,293,figural_mixed,1,,0,green,730.9999999997672,1,repetition,r_g_12.png,color,green
134300,,c7fbf674-7151-4b31-9215-b4523cffdc16,1,0UOkYbyq1616550572901,294,figural_single_2_2,1,,0,blue,745.2000000048429,1,single,e_b_01.png,color,blue
134300,,c7fbf674-7151-4b31-9215-b4523cffdc16,1,0UOkYbyq1616550572901,295,figural_single_2_2,1,,0,blue,590.3000000107568,1,single,r_b_03.png,color,blue
134300,,c7fbf674-7151-4b31-9215-b4523cffdc16,1,0UOkYbyq1616550572901,296,figural_single_2_2,1,,0,green,518.2000000204425,1,single,e_g_01.png,color,green
134300,,c7fbf674-7151-4b31-9215-b4523cffdc16,1,0UOkYbyq1616550572901,297,figural_single_2_2,1,,0,green,542.5000000104774,1,single,e_g_13.png,color,green
134300,,c7fbf674-7151-4b31-9215-b4523cffdc16,1,0UOkYbyq1616550572901,298,figural_single_2_2,1,,0,blue,623.299999977462,1,single,r_b_16.png,color,blue
134300,,c7fbf674-7151-4b31-9215-b4523cffdc16,1,0UOkYbyq1616550572901,299,figural_single_2_2,1,,0,blue,572.5999999849591,1,single,r_b_07.png,color,blue
134300,,c7fbf674-7151-4b31-9215-b4523cffdc16,1,0UOkYbyq1616550572901,300,figural_single_2_2,1,,0,green,721.3000000047032,1,single,r_g_08.png,color,green
134300,,c7fbf674-7151-4b31-9215-b4523cffdc16,1,0UOkYbyq1616550572901,301,figural_single_2_2,1,,0,blue,676.0000000067521,1,single,r_b_09.png,color,blue
134300,,c7fbf674-7151-4b31-9215-b4523cffdc16,1,0UOkYbyq1616550572901,302,figural_single_2_2,1,,0,green,1221.2999999755993,1,single,r_g_02.png,color,green
134300,,c7fbf674-7151-4b31-9215-b4523cffdc16,1,0UOkYbyq1616550572901,303,figural_single_2_2,1,,0,green,746.6999999887776,1,single,r_g_12.png,color,green
134300,,c7fbf674-7151-4b31-9215-b4523cffdc16,1,0UOkYbyq1616550572901,304,figural_single_2_2,1,,0,blue,547.2000000008848,1,single,e_b_08.png,color,blue
134300,,c7fbf674-7151-4b31-9215-b4523cffdc16,1,0UOkYbyq1616550572901,305,figural_single_2_2,1,,0,green,641.8999999877997,1,single,r_g_04.png,color,green
134300,,c7fbf674-7151-4b31-9215-b4523cffdc16,1,0UOkYbyq1616550572901,306,figural_single_2_2,1,,0,blue,1038.4999999951106,1,single,e_b_03.png,color,blue
134300,,c7fbf674-7151-4b31-9215-b4523cffdc16,1,0UOkYbyq1616550572901,307,figural_single_2_2,1,,0,blue,593.8000000023749,1,single,e_b_11.png,color,blue
134300,,c7fbf674-7151-4b31-9215-b4523cffdc16,1,0UOkYbyq1616550572901,308,figural_single_2_2,1,,0,blue,616.5000000037253,1,single,r_b_14.png,color,blue
134300,,c7fbf674-7151-4b31-9215-b4523cffdc16,1,0UOkYbyq1616550572901,309,figural_single_2_2,1,,0,green,641.3999999931548,1,single,e_g_07.png,color,green
134300,,c7fbf674-7151-4b31-9215-b4523cffdc16,1,0UOkYbyq1616550572901,310,figural_single_2_2,1,,0,blue,620.1000000000931,1,single,r_b_13.png,color,blue
134300,,c7fbf674-7151-4b31-9215-b4523cffdc16,1,0UOkYbyq1616550572901,311,figural_single_2_2,1,,0,green,617.3999999882653,1,single,e_g_16.png,color,green
134300,,c7fbf674-7151-4b31-9215-b4523cffdc16,1,0UOkYbyq1616550572901,312,figural_single_2_2,1,,0,blue,483.5000000020955,1,single,e_b_14.png,color,blue
134300,,c7fbf674-7151-4b31-9215-b4523cffdc16,1,0UOkYbyq1616550572901,313,figural_single_2_2,1,,0,green,568.4999999939464,1,single,e_g_12.png,color,green
134300,,c7fbf674-7151-4b31-9215-b4523cffdc16,1,0UOkYbyq1616550572901,314,figural_single_2_2,1,,0,green,1083.2999999984168,1,single,r_g_07.png,color,green
134300,,c7fbf674-7151-4b31-9215-b4523cffdc16,1,0UOkYbyq1616550572901,315,figural_single_2_2,1,,0,blue,512.4000000068918,1,single,e_b_15.png,color,blue
134300,,c7fbf674-7151-4b31-9215-b4523cffdc16,1,0UOkYbyq1616550572901,316,figural_single_2_2,1,,0,blue,544.9000000080559,1,single,e_b_05.png,color,blue
134300,,c7fbf674-7151-4b31-9215-b4523cffdc16,1,0UOkYbyq1616550572901,317,figural_single_2_2,1,,0,green,486.1000000091735,1,single,r_g_15.png,color,green
134300,,c7fbf674-7151-4b31-9215-b4523cffdc16,1,0UOkYbyq1616550572901,318,figural_single_2_2,1,,0,blue,568.1000000040513,1,single,r_b_06.png,color,blue
134300,,c7fbf674-7151-4b31-9215-b4523cffdc16,1,0UOkYbyq1616550572901,319,figural_single_2_2,1,,0,green,551.7999999865424,1,single,e_g_02.png,color,green
134300,,c7fbf674-7151-4b31-9215-b4523cffdc16,1,0UOkYbyq1616550572901,320,figural_single_2_2,1,,0,green,674.7000000032131,1,single,r_g_16.png,color,green
134300,,c7fbf674-7151-4b31-9215-b4523cffdc16,1,0UOkYbyq1616550572901,321,figural_single_2_2,1,,0,blue,1035.4999999981374,1,single,e_b_10.png,color,blue
134300,,c7fbf674-7151-4b31-9215-b4523cffdc16,1,0UOkYbyq1616550572901,322,figural_single_2_2,1,,0,green,580.9000000008382,1,single,e_g_05.png,color,green
134300,,c7fbf674-7151-4b31-9215-b4523cffdc16,1,0UOkYbyq1616550572901,323,figural_single_2_2,1,,0,green,654.000000009546,1,single,e_g_03.png,color,green
134300,,c7fbf674-7151-4b31-9215-b4523cffdc16,1,0UOkYbyq1616550572901,324,figural_single_2_2,1,,0,green,656.1999999976251,1,single,e_g_11.png,color,green
134300,,c7fbf674-7151-4b31-9215-b4523cffdc16,1,0UOkYbyq1616550572901,325,figural_single_2_2,1,,0,blue,499.80000001960434,1,single,r_b_15.png,color,blue
134300,,c7fbf674-7151-4b31-9215-b4523cffdc16,1,0UOkYbyq1616550572901,326,figural_single_2_2,1,,0,blue,553.1999999948312,1,single,e_b_02.png,color,blue
134300,,c7fbf674-7151-4b31-9215-b4523cffdc16,1,0UOkYbyq1616550572901,327,figural_single_2_2,1,,0,blue,562.9999999946449,1,single,r_b_08.png,color,blue
134300,,c7fbf674-7151-4b31-9215-b4523cffdc16,1,0UOkYbyq1616550572901,328,figural_single_2_2,1,,0,green,533.1000000005588,1,single,e_g_06.png,color,green
134300,,c7fbf674-7151-4b31-9215-b4523cffdc16,1,0UOkYbyq1616550572901,329,figural_single_2_2,1,,0,blue,653.5000000149012,1,single,e_b_16.png,color,blue
134300,,c7fbf674-7151-4b31-9215-b4523cffdc16,1,0UOkYbyq1616550572901,330,figural_single_2_2,1,,0,blue,1030.7000000029802,1,single,e_b_06.png,color,blue
134300,,c7fbf674-7151-4b31-9215-b4523cffdc16,1,0UOkYbyq1616550572901,331,figural_single_2_2,1,,0,green,721.1999999999534,1,single,r_g_09.png,color,green
134300,,c7fbf674-7151-4b31-9215-b4523cffdc16,1,0UOkYbyq1616550572901,332,figural_single_2_2,1,,0,green,800.7999999972526,1,single,e_g_10.png,color,green
134300,,c7fbf674-7151-4b31-9215-b4523cffdc16,1,0UOkYbyq1616550572901,333,figural_single_2_2,1,,0,blue,505.69999997969717,1,single,e_b_12.png,color,blue
134300,,c7fbf674-7151-4b31-9215-b4523cffdc16,1,0UOkYbyq1616550572901,334,figural_single_2_2,1,,0,blue,826.4999999955762,0,single,r_g_11.png,color,green
134300,,c7fbf674-7151-4b31-9215-b4523cffdc16,1,0UOkYbyq1616550572901,335,figural_single_2_2,1,,0,green,745.2999999804888,1,single,r_g_06.png,color,green
134300,,c7fbf674-7151-4b31-9215-b4523cffdc16,1,0UOkYbyq1616550572901,336,figural_single_2_2,1,,0,green,1032.0000000065193,1,single,e_g_04.png,color,green
134300,,c7fbf674-7151-4b31-9215-b4523cffdc16,1,0UOkYbyq1616550572901,337,figural_single_2_2,1,,0,blue,568.7000000034459,1,single,r_b_01.png,color,blue
134300,,c7fbf674-7151-4b31-9215-b4523cffdc16,1,0UOkYbyq1616550572901,338,figural_single_2_2,1,,0,green,563.3000000088941,1,single,r_g_03.png,color,green
134300,,c7fbf674-7151-4b31-9215-b4523cffdc16,1,0UOkYbyq1616550572901,339,figural_single_2_2,1,,0,blue,535.0999999791384,1,single,e_b_04.png,color,blue
134300,,c7fbf674-7151-4b31-9215-b4523cffdc16,1,0UOkYbyq1616550572901,340,figural_single_2_2,1,,0,blue,573.8000000128523,1,single,r_b_12.png,color,blue
134300,,c7fbf674-7151-4b31-9215-b4523cffdc16,1,0UOkYbyq1616550572901,341,figural_single_2_2,1,,0,green,773.9000000001397,1,single,r_g_13.png,color,green
134300,,c7fbf674-7151-4b31-9215-b4523cffdc16,1,0UOkYbyq1616550572901,342,figural_single_2_2,1,,0,blue,730.600000009872,1,single,r_b_02.png,color,blue
134300,,c7fbf674-7151-4b31-9215-b4523cffdc16,1,0UOkYbyq1616550572901,343,figural_single_2_2,1,,0,green,822.5000000093132,1,single,e_g_09.png,color,green
134300,,c7fbf674-7151-4b31-9215-b4523cffdc16,1,0UOkYbyq1616550572901,344,figural_single_2_2,1,,0,green,782.7000000106636,1,single,e_g_15.png,color,green
134300,,c7fbf674-7151-4b31-9215-b4523cffdc16,1,0UOkYbyq1616550572901,345,figural_single_2_2,1,,0,green,985.7999999949243,1,single,e_g_08.png,color,green
134300,,c7fbf674-7151-4b31-9215-b4523cffdc16,1,0UOkYbyq1616550572901,346,figural_single_2_2,1,,0,blue,514.4000000145752,1,single,r_b_05.png,color,blue
134300,,c7fbf674-7151-4b31-9215-b4523cffdc16,1,0UOkYbyq1616550572901,347,figural_single_2_2,1,,0,green,657.2000000160187,1,single,r_g_14.png,color,green
134300,,c7fbf674-7151-4b31-9215-b4523cffdc16,1,0UOkYbyq1616550572901,348,figural_single_2_2,1,,0,blue,675.4000000073574,1,single,r_b_04.png,color,blue
134300,,c7fbf674-7151-4b31-9215-b4523cffdc16,1,0UOkYbyq1616550572901,349,figural_single_2_2,1,,0,green,584.6000000019558,1,single,r_g_10.png,color,green
134300,,c7fbf674-7151-4b31-9215-b4523cffdc16,1,0UOkYbyq1616550572901,350,figural_single_2_2,1,,0,green,782.1999999869149,1,single,r_g_01.png,color,green
134300,,c7fbf674-7151-4b31-9215-b4523cffdc16,1,0UOkYbyq1616550572901,351,figural_single_2_2,1,,0,blue,512.5000000116415,1,single,r_b_11.png,color,blue
134300,,c7fbf674-7151-4b31-9215-b4523cffdc16,1,0UOkYbyq1616550572901,352,figural_single_2_2,1,,0,green,1187.6000000047497,1,single,r_g_05.png,color,green
134300,,c7fbf674-7151-4b31-9215-b4523cffdc16,1,0UOkYbyq1616550572901,353,figural_single_2_2,1,,0,blue,587.599999998929,1,single,r_b_10.png,color,blue
134300,,c7fbf674-7151-4b31-9215-b4523cffdc16,1,0UOkYbyq1616550572901,354,figural_single_2_2,1,,0,blue,748.699999996461,1,single,e_b_13.png,color,blue
134300,,c7fbf674-7151-4b31-9215-b4523cffdc16,1,0UOkYbyq1616550572901,355,figural_single_2_2,1,,0,green,566.3000000058673,1,single,e_g_14.png,color,green
134300,,c7fbf674-7151-4b31-9215-b4523cffdc16,1,0UOkYbyq1616550572901,356,figural_single_2_2,1,,0,blue,691.6999999957625,1,single,e_b_07.png,color,blue
134300,,c7fbf674-7151-4b31-9215-b4523cffdc16,1,0UOkYbyq1616550572901,357,figural_single_2_2,1,,0,blue,735.5999999854248,1,single,e_b_09.png,color,blue
134300,,c7fbf674-7151-4b31-9215-b4523cffdc16,1,0UOkYbyq1616550572901,358,figural_single_1_2,1,,0,angular,699.6999999973923,1,single,e_g_11.png,shape,angular
134300,,c7fbf674-7151-4b31-9215-b4523cffdc16,1,0UOkYbyq1616550572901,359,figural_single_1_2,1,,0,round,577.4000000092201,1,single,r_b_16.png,shape,round
134300,,c7fbf674-7151-4b31-9215-b4523cffdc16,1,0UOkYbyq1616550572901,360,figural_single_1_2,1,,0,angular,839.1999999876134,1,single,e_b_10.png,shape,angular
134300,,c7fbf674-7151-4b31-9215-b4523cffdc16,1,0UOkYbyq1616550572901,361,figural_single_1_2,1,,0,round,610.5999999854248,1,single,r_b_02.png,shape,round
134300,,c7fbf674-7151-4b31-9215-b4523cffdc16,1,0UOkYbyq1616550572901,362,figural_single_1_2,1,,0,round,1244.3999999959487,1,single,r_g_08.png,shape,round
134300,,c7fbf674-7151-4b31-9215-b4523cffdc16,1,0UOkYbyq1616550572901,363,figural_single_1_2,1,,0,angular,791.800000006333,1,single,e_g_02.png,shape,angular
134300,,c7fbf674-7151-4b31-9215-b4523cffdc16,1,0UOkYbyq1616550572901,364,figural_single_1_2,1,,0,round,724.1999999969266,1,single,r_g_05.png,shape,round
134300,,c7fbf674-7151-4b31-9215-b4523cffdc16,1,0UOkYbyq1616550572901,365,figural_single_1_2,1,,0,angular,721.7999999993481,1,single,e_b_15.png,shape,angular
134300,,c7fbf674-7151-4b31-9215-b4523cffdc16,1,0UOkYbyq1616550572901,366,figural_single_1_2,1,,0,round,697.4000000045635,1,single,r_b_09.png,shape,round
134300,,c7fbf674-7151-4b31-9215-b4523cffdc16,1,0UOkYbyq1616550572901,367,figural_single_1_2,1,,0,angular,806.799999991199,1,single,e_b_12.png,shape,angular
134300,,c7fbf674-7151-4b31-9215-b4523cffdc16,1,0UOkYbyq1616550572901,368,figural_single_1_2,1,,0,angular,806.5000000060536,1,single,e_g_15.png,shape,angular
134300,,c7fbf674-7151-4b31-9215-b4523cffdc16,1,0UOkYbyq1616550572901,369,figural_single_1_2,1,,0,round,645.1999999990221,1,single,r_g_04.png,shape,round
134300,,c7fbf674-7151-4b31-9215-b4523cffdc16,1,0UOkYbyq1616550572901,370,figural_single_1_2,1,,0,angular,746.4999999792781,1,single,e_b_14.png,shape,angular
134300,,c7fbf674-7151-4b31-9215-b4523cffdc16,1,0UOkYbyq1616550572901,371,figural_single_1_2,1,,0,angular,718.4999999881256,1,single,e_b_02.png,shape,angular
134300,,c7fbf674-7151-4b31-9215-b4523cffdc16,1,0UOkYbyq1616550572901,372,figural_single_1_2,1,,0,round,618.7999999965541,1,single,r_g_15.png,shape,round
134300,,c7fbf674-7151-4b31-9215-b4523cffdc16,1,0UOkYbyq1616550572901,373,figural_single_1_2,1,,0,angular,635.8999999938533,1,single,e_b_11.png,shape,angular
134300,,c7fbf674-7151-4b31-9215-b4523cffdc16,1,0UOkYbyq1616550572901,374,figural_single_1_2,1,,0,round,784.0999999898486,1,single,r_b_07.png,shape,round
134300,,c7fbf674-7151-4b31-9215-b4523cffdc16,1,0UOkYbyq1616550572901,375,figural_single_1_2,1,,0,round,665.2000000176486,1,single,r_g_06.png,shape,round
134300,,c7fbf674-7151-4b31-9215-b4523cffdc16,1,0UOkYbyq1616550572901,376,figural_single_1_2,1,,0,round,629.400000005262,1,single,r_g_02.png,shape,round
134300,,c7fbf674-7151-4b31-9215-b4523cffdc16,1,0UOkYbyq1616550572901,377,figural_single_1_2,1,,0,angular,622.9000000166707,1,single,e_b_09.png,shape,angular
134300,,c7fbf674-7151-4b31-9215-b4523cffdc16,1,0UOkYbyq1616550572901,378,figural_single_1_2,1,,0,round,692.9999999993015,1,single,r_b_15.png,shape,round
134300,,c7fbf674-7151-4b31-9215-b4523cffdc16,1,0UOkYbyq1616550572901,379,figural_single_1_2,1,,0,angular,733.4000000264496,1,single,e_g_14.png,shape,angular
134300,,c7fbf674-7151-4b31-9215-b4523cffdc16,1,0UOkYbyq1616550572901,380,figural_single_1_2,1,,0,round,701.4999999955762,1,single,r_b_04.png,shape,round
134300,,c7fbf674-7151-4b31-9215-b4523cffdc16,1,0UOkYbyq1616550572901,381,figural_single_1_2,1,,0,round,674.4999999937136,1,single,r_g_09.png,shape,round
134300,,c7fbf674-7151-4b31-9215-b4523cffdc16,1,0UOkYbyq1616550572901,382,figural_single_1_2,1,,0,angular,671.7999999818858,1,single,e_g_03.png,shape,angular
134300,,c7fbf674-7151-4b31-9215-b4523cffdc16,1,0UOkYbyq1616550572901,383,figural_single_1_2,1,,0,round,681.8999999959487,1,single,r_b_13.png,shape,round
134300,,c7fbf674-7151-4b31-9215-b4523cffdc16,1,0UOkYbyq1616550572901,384,figural_single_1_2,1,,0,round,658.9000000094529,1,single,r_b_03.png,shape,round
134300,,c7fbf674-7151-4b31-9215-b4523cffdc16,1,0UOkYbyq1616550572901,385,figural_single_1_2,1,,0,round,641.6000000026543,1,single,r_g_14.png,shape,round
134300,,c7fbf674-7151-4b31-9215-b4523cffdc16,1,0UOkYbyq1616550572901,386,figural_single_1_2,1,,0,angular,583.199999993667,1,single,e_b_05.png,shape,angular
134300,,c7fbf674-7151-4b31-9215-b4523cffdc16,1,0UOkYbyq1616550572901,387,figural_single_1_2,1,,0,round,651.0999999882188,1,single,r_b_10.png,shape,round
134300,,c7fbf674-7151-4b31-9215-b4523cffdc16,1,0UOkYbyq1616550572901,388,figural_single_1_2,1,,0,round,609.1000000014901,1,single,r_b_12.png,shape,round
134300,,c7fbf674-7151-4b31-9215-b4523cffdc16,1,0UOkYbyq1616550572901,389,figural_single_1_2,1,,0,round,630.3000000189058,1,single,r_b_14.png,shape,round
134300,,c7fbf674-7151-4b31-9215-b4523cffdc16,1,0UOkYbyq1616550572901,390,figural_single_1_2,1,,0,angular,627.9999999969732,1,single,e_g_16.png,shape,angular
134300,,c7fbf674-7151-4b31-9215-b4523cffdc16,1,0UOkYbyq1616550572901,391,figural_single_1_2,1,,0,round,600.5000000004657,1,single,r_g_12.png,shape,round
134300,,c7fbf674-7151-4b31-9215-b4523cffdc16,1,0UOkYbyq1616550572901,392,figural_single_1_2,1,,0,round,1950.7999999914318,1,single,r_g_11.png,shape,round
134300,,c7fbf674-7151-4b31-9215-b4523cffdc16,1,0UOkYbyq1616550572901,393,figural_single_1_2,1,,0,angular,683.7000000232365,1,single,e_b_03.png,shape,angular
134300,,c7fbf674-7151-4b31-9215-b4523cffdc16,1,0UOkYbyq1616550572901,394,figural_single_1_2,1,,0,angular,843.6999999976251,1,single,e_b_04.png,shape,angular
134300,,c7fbf674-7151-4b31-9215-b4523cffdc16,1,0UOkYbyq1616550572901,395,figural_single_1_2,1,,0,round,690.9000000159722,1,single,r_b_11.png,shape,round
134300,,c7fbf674-7151-4b31-9215-b4523cffdc16,1,0UOkYbyq1616550572901,396,figural_single_1_2,1,,0,angular,658.3000000100583,1,single,e_g_05.png,shape,angular
134300,,c7fbf674-7151-4b31-9215-b4523cffdc16,1,0UOkYbyq1616550572901,397,figural_single_1_2,1,,0,angular,792.8999999712687,1,single,e_b_16.png,shape,angular
134300,,c7fbf674-7151-4b31-9215-b4523cffdc16,1,0UOkYbyq1616550572901,398,figural_single_1_2,1,,0,angular,693.3999999891967,1,single,e_g_13.png,shape,angular
134300,,c7fbf674-7151-4b31-9215-b4523cffdc16,1,0UOkYbyq1616550572901,399,figural_single_1_2,1,,0,round,1091.8999999994412,1,single,r_g_01.png,shape,round
134300,,c7fbf674-7151-4b31-9215-b4523cffdc16,1,0UOkYbyq1616550572901,400,figural_single_1_2,1,,0,angular,565.0000000023283,1,single,e_b_08.png,shape,angular
134300,,c7fbf674-7151-4b31-9215-b4523cffdc16,1,0UOkYbyq1616550572901,401,figural_single_1_2,1,,0,angular,685.2000000071712,1,single,e_g_10.png,shape,angular
134300,,c7fbf674-7151-4b31-9215-b4523cffdc16,1,0UOkYbyq1616550572901,402,figural_single_1_2,1,,0,round,622.8999999875668,1,single,r_g_13.png,shape,round
134300,,c7fbf674-7151-4b31-9215-b4523cffdc16,1,0UOkYbyq1616550572901,403,figural_single_1_2,1,,0,angular,736.2000000139233,1,single,e_b_01.png,shape,angular
134300,,c7fbf674-7151-4b31-9215-b4523cffdc16,1,0UOkYbyq1616550572901,404,figural_single_1_2,1,,0,angular,897.7999999769963,1,single,e_b_06.png,shape,angular
134300,,c7fbf674-7151-4b31-9215-b4523cffdc16,1,0UOkYbyq1616550572901,405,figural_single_1_2,1,,0,round,577.6999999943655,1,single,r_g_10.png,shape,round
134300,,c7fbf674-7151-4b31-9215-b4523cffdc16,1,0UOkYbyq1616550572901,406,figural_single_1_2,1,,0,angular,766.700000007404,1,single,e_g_08.png,shape,angular
134300,,c7fbf674-7151-4b31-9215-b4523cffdc16,1,0UOkYbyq1616550572901,407,figural_single_1_2,1,,0,angular,681.7000000155531,1,single,e_g_07.png,shape,angular
134300,,c7fbf674-7151-4b31-9215-b4523cffdc16,1,0UOkYbyq1616550572901,408,figural_single_1_2,1,,0,round,523.9000000001397,1,single,r_b_06.png,shape,round
134300,,c7fbf674-7151-4b31-9215-b4523cffdc16,1,0UOkYbyq1616550572901,409,figural_single_1_2,1,,0,angular,554.9999999930151,1,single,e_g_09.png,shape,angular
134300,,c7fbf674-7151-4b31-9215-b4523cffdc16,1,0UOkYbyq1616550572901,410,figural_single_1_2,1,,0,round,642.5999999919441,1,single,r_b_01.png,shape,round
134300,,c7fbf674-7151-4b31-9215-b4523cffdc16,1,0UOkYbyq1616550572901,411,figural_single_1_2,1,,0,angular,880.0999999803025,1,single,e_b_13.png,shape,angular
134300,,c7fbf674-7151-4b31-9215-b4523cffdc16,1,0UOkYbyq1616550572901,412,figural_single_1_2,1,,0,angular,807.6000000000931,1,single,e_g_04.png,shape,angular
134300,,c7fbf674-7151-4b31-9215-b4523cffdc16,1,0UOkYbyq1616550572901,413,figural_single_1_2,1,,0,angular,693.3000000135507,1,single,e_g_12.png,shape,angular
134300,,c7fbf674-7151-4b31-9215-b4523cffdc16,1,0UOkYbyq1616550572901,414,figural_single_1_2,1,,0,round,572.2999999998137,1,single,r_b_08.png,shape,round
134300,,c7fbf674-7151-4b31-9215-b4523cffdc16,1,0UOkYbyq1616550572901,415,figural_single_1_2,1,,0,angular,690.2999999874737,1,single,e_b_07.png,shape,angular
134300,,c7fbf674-7151-4b31-9215-b4523cffdc16,1,0UOkYbyq1616550572901,416,figural_single_1_2,1,,0,round,614.000000001397,1,single,r_g_03.png,shape,round
134300,,c7fbf674-7151-4b31-9215-b4523cffdc16,1,0UOkYbyq1616550572901,417,figural_single_1_2,1,,0,angular,637.7999999967869,1,single,e_g_06.png,shape,angular
134300,,c7fbf674-7151-4b31-9215-b4523cffdc16,1,0UOkYbyq1616550572901,418,figural_single_1_2,1,,0,round,702.499999984866,1,single,r_g_16.png,shape,round
134300,,c7fbf674-7151-4b31-9215-b4523cffdc16,1,0UOkYbyq1616550572901,419,figural_single_1_2,1,,0,round,639.4999999902211,1,single,r_b_05.png,shape,round
134300,,c7fbf674-7151-4b31-9215-b4523cffdc16,1,0UOkYbyq1616550572901,420,figural_single_1_2,1,,0,angular,669.6999999985565,1,single,e_g_01.png,shape,angular
134300,,c7fbf674-7151-4b31-9215-b4523cffdc16,1,0UOkYbyq1616550572901,421,figural_single_1_2,1,,0,round,995.6000000238419,1,single,r_g_07.png,shape,round