userCode,extId,moduleId,sessionId,sessionToken,trialId,executableId,session.complete,session.condition,session.forceExit,givenResponse,reactionTime,score,shiftingType,stimulusValue,stimulusType,correctResponse
134429,,c7fbf674-7151-4b31-9215-b4523cffdc16,1,zALErazI1616722345522,1,figural_single_1_practice,1,,0,round,1618.000000002212,1,single,r_b_10.png,shape,round
134429,,c7fbf674-7151-4b31-9215-b4523cffdc16,1,zALErazI1616722345522,2,figural_single_1_practice,1,,0,angular,810.444999995525,1,single,e_b_09.png,shape,angular
134429,,c7fbf674-7151-4b31-9215-b4523cffdc16,1,zALErazI1616722345522,3,figural_single_1_practice,1,,0,round,1699.7499999997672,1,single,r_b_11.png,shape,round
134429,,c7fbf674-7151-4b31-9215-b4523cffdc16,1,zALErazI1616722345522,4,figural_single_1_practice,1,,0,round,2521.695000003092,1,single,r_g_05.png,shape,round
134429,,c7fbf674-7151-4b31-9215-b4523cffdc16,1,zALErazI1616722345522,5,figural_single_1_practice,1,,0,angular,1352.549999995972,1,single,e_b_14.png,shape,angular
134429,,c7fbf674-7151-4b31-9215-b4523cffdc16,1,zALErazI1616722345522,6,figural_single_1_practice,1,,0,angular,1180.1850000047125,1,single,e_g_07.png,shape,angular
134429,,c7fbf674-7151-4b31-9215-b4523cffdc16,1,zALErazI1616722345522,7,figural_single_1_practice,1,,0,angular,739.9199999927077,1,single,e_g_12.png,shape,angular
134429,,c7fbf674-7151-4b31-9215-b4523cffdc16,1,zALErazI1616722345522,8,figural_single_1_practice,1,,0,round,781.0299999982817,1,single,r_b_16.png,shape,round
134429,,c7fbf674-7151-4b31-9215-b4523cffdc16,1,zALErazI1616722345522,9,figural_single_1_practice,1,,0,round,785.0449999968987,1,single,r_g_02.png,shape,round
134429,,c7fbf674-7151-4b31-9215-b4523cffdc16,1,zALErazI1616722345522,10,figural_single_1_practice,1,,0,round,1786.5699999965727,0,single,e_b_04.png,shape,angular
134429,,c7fbf674-7151-4b31-9215-b4523cffdc16,1,zALErazI1616722345522,11,figural_single_1_practice,1,,0,angular,1364.225000012084,1,single,e_g_06.png,shape,angular
134429,,c7fbf674-7151-4b31-9215-b4523cffdc16,1,zALErazI1616722345522,12,figural_single_1_practice,1,,0,round,1123.5299999971176,1,single,r_g_15.png,shape,round
134429,,c7fbf674-7151-4b31-9215-b4523cffdc16,1,zALErazI1616722345522,13,figural_single_1_1,1,,0,round,1244.5949999964796,1,single,r_b_01.png,shape,round
134429,,c7fbf674-7151-4b31-9215-b4523cffdc16,1,zALErazI1616722345522,14,figural_single_1_1,1,,0,angular,775.6749999971362,1,single,e_g_11.png,shape,angular
134429,,c7fbf674-7151-4b31-9215-b4523cffdc16,1,zALErazI1616722345522,15,figural_single_1_1,1,,0,round,810.1750000059837,1,single,r_b_10.png,shape,round
134429,,c7fbf674-7151-4b31-9215-b4523cffdc16,1,zALErazI1616722345522,16,figural_single_1_1,1,,0,round,804.1599999996834,1,single,r_b_06.png,shape,round
134429,,c7fbf674-7151-4b31-9215-b4523cffdc16,1,zALErazI1616722345522,17,figural_single_1_1,1,,0,angular,581.7949999909615,1,single,e_g_07.png,shape,angular
134429,,c7fbf674-7151-4b31-9215-b4523cffdc16,1,zALErazI1616722345522,18,figural_single_1_1,1,,0,angular,801.2999999918975,1,single,e_g_13.png,shape,angular
134429,,c7fbf674-7151-4b31-9215-b4523cffdc16,1,zALErazI1616722345522,19,figural_single_1_1,1,,0,round,764.500000004773,1,single,r_g_06.png,shape,round
134429,,c7fbf674-7151-4b31-9215-b4523cffdc16,1,zALErazI1616722345522,20,figural_single_1_1,1,,0,round,913.6149999976624,0,single,e_g_16.png,shape,angular
134429,,c7fbf674-7151-4b31-9215-b4523cffdc16,1,zALErazI1616722345522,21,figural_single_1_1,1,,0,angular,588.7999999977183,1,single,e_b_09.png,shape,angular
134429,,c7fbf674-7151-4b31-9215-b4523cffdc16,1,zALErazI1616722345522,22,figural_single_1_1,1,,0,angular,651.5999999974156,1,single,e_b_08.png,shape,angular
134429,,c7fbf674-7151-4b31-9215-b4523cffdc16,1,zALErazI1616722345522,23,figural_single_1_1,1,,0,round,802.3600000014994,1,single,r_b_12.png,shape,round
134429,,c7fbf674-7151-4b31-9215-b4523cffdc16,1,zALErazI1616722345522,24,figural_single_1_1,1,,0,angular,824.0850000001956,1,single,e_b_10.png,shape,angular
134429,,c7fbf674-7151-4b31-9215-b4523cffdc16,1,zALErazI1616722345522,25,figural_single_1_1,1,,0,angular,704.9600000027567,1,single,e_b_05.png,shape,angular
134429,,c7fbf674-7151-4b31-9215-b4523cffdc16,1,zALErazI1616722345522,26,figural_single_1_1,1,,0,round,971.0599999962142,1,single,r_b_13.png,shape,round
134429,,c7fbf674-7151-4b31-9215-b4523cffdc16,1,zALErazI1616722345522,27,figural_single_1_1,1,,0,angular,913.1350000097882,0,single,r_g_15.png,shape,round
134429,,c7fbf674-7151-4b31-9215-b4523cffdc16,1,zALErazI1616722345522,28,figural_single_1_1,1,,0,angular,1206.3449999986915,1,single,e_g_09.png,shape,angular
134429,,c7fbf674-7151-4b31-9215-b4523cffdc16,1,zALErazI1616722345522,29,figural_single_1_1,1,,0,round,723.8849999994272,1,single,r_g_02.png,shape,round
134429,,c7fbf674-7151-4b31-9215-b4523cffdc16,1,zALErazI1616722345522,30,figural_single_1_1,1,,0,round,1165.2850000100443,1,single,r_b_07.png,shape,round
134429,,c7fbf674-7151-4b31-9215-b4523cffdc16,1,zALErazI1616722345522,31,figural_single_1_1,1,,0,angular,789.7800000064308,1,single,e_b_06.png,shape,angular
134429,,c7fbf674-7151-4b31-9215-b4523cffdc16,1,zALErazI1616722345522,32,figural_single_1_1,1,,0,round,1279.7950000094716,1,single,r_b_16.png,shape,round
134429,,c7fbf674-7151-4b31-9215-b4523cffdc16,1,zALErazI1616722345522,33,figural_single_1_1,1,,0,angular,794.6249999949941,0,single,r_b_02.png,shape,round
134429,,c7fbf674-7151-4b31-9215-b4523cffdc16,1,zALErazI1616722345522,34,figural_single_1_1,1,,0,angular,1037.465000001248,1,single,e_g_06.png,shape,angular
134429,,c7fbf674-7151-4b31-9215-b4523cffdc16,1,zALErazI1616722345522,35,figural_single_1_1,1,,0,round,1289.9499999912223,1,single,r_g_03.png,shape,round
134429,,c7fbf674-7151-4b31-9215-b4523cffdc16,1,zALErazI1616722345522,36,figural_single_1_1,1,,0,angular,621.6899999999441,1,single,e_g_05.png,shape,angular
134429,,c7fbf674-7151-4b31-9215-b4523cffdc16,1,zALErazI1616722345522,37,figural_single_1_1,1,,0,angular,910.4049999878043,1,single,e_b_13.png,shape,angular
134429,,c7fbf674-7151-4b31-9215-b4523cffdc16,1,zALErazI1616722345522,38,figural_single_1_1,1,,0,round,1009.9850000115111,0,single,e_g_15.png,shape,angular
134429,,c7fbf674-7151-4b31-9215-b4523cffdc16,1,zALErazI1616722345522,39,figural_single_1_1,1,,0,round,1484.054999993532,1,single,r_g_08.png,shape,round
134429,,c7fbf674-7151-4b31-9215-b4523cffdc16,1,zALErazI1616722345522,40,figural_single_1_1,1,,0,round,1013.7099999992643,1,single,r_b_05.png,shape,round
134429,,c7fbf674-7151-4b31-9215-b4523cffdc16,1,zALErazI1616722345522,41,figural_single_1_1,1,,0,angular,763.0050000007031,1,single,e_b_02.png,shape,angular
134429,,c7fbf674-7151-4b31-9215-b4523cffdc16,1,zALErazI1616722345522,42,figural_single_1_1,1,,0,angular,1335.5850000079954,1,single,e_g_14.png,shape,angular
134429,,c7fbf674-7151-4b31-9215-b4523cffdc16,1,zALErazI1616722345522,43,figural_single_1_1,1,,0,round,983.4349999873666,1,single,r_b_03.png,shape,round
134429,,c7fbf674-7151-4b31-9215-b4523cffdc16,1,zALErazI1616722345522,44,figural_single_1_1,1,,0,angular,702.9399999883026,1,single,e_b_14.png,shape,angular
134429,,c7fbf674-7151-4b31-9215-b4523cffdc16,1,zALErazI1616722345522,45,figural_single_1_1,1,,0,round,934.529999998631,0,single,e_b_04.png,shape,angular
134429,,c7fbf674-7151-4b31-9215-b4523cffdc16,1,zALErazI1616722345522,46,figural_single_1_1,1,,0,angular,587.6500000013039,1,single,e_b_03.png,shape,angular
134429,,c7fbf674-7151-4b31-9215-b4523cffdc16,1,zALErazI1616722345522,47,figural_single_1_1,1,,0,round,719.8650000063935,1,single,r_g_16.png,shape,round
134429,,c7fbf674-7151-4b31-9215-b4523cffdc16,1,zALErazI1616722345522,48,figural_single_1_1,1,,0,round,1062.804999994114,1,single,r_g_13.png,shape,round
134429,,c7fbf674-7151-4b31-9215-b4523cffdc16,1,zALErazI1616722345522,49,figural_single_1_1,1,,0,round,811.4950000017416,1,single,r_g_14.png,shape,round
134429,,c7fbf674-7151-4b31-9215-b4523cffdc16,1,zALErazI1616722345522,50,figural_single_1_1,1,,0,angular,594.0750000008848,1,single,e_g_08.png,shape,angular
134429,,c7fbf674-7151-4b31-9215-b4523cffdc16,1,zALErazI1616722345522,51,figural_single_1_1,1,,0,round,1115.5499999877065,1,single,r_g_09.png,shape,round
134429,,c7fbf674-7151-4b31-9215-b4523cffdc16,1,zALErazI1616722345522,52,figural_single_1_1,1,,0,round,1239.5749999996042,0,single,e_g_04.png,shape,angular
134429,,c7fbf674-7151-4b31-9215-b4523cffdc16,1,zALErazI1616722345522,53,figural_single_1_1,1,,0,angular,1209.724999993341,1,single,e_b_15.png,shape,angular
134429,,c7fbf674-7151-4b31-9215-b4523cffdc16,1,zALErazI1616722345522,54,figural_single_1_1,1,,0,round,1474.995000011404,1,single,r_g_04.png,shape,round
134429,,c7fbf674-7151-4b31-9215-b4523cffdc16,1,zALErazI1616722345522,55,figural_single_1_1,1,,0,angular,1309.1300000087358,1,single,e_b_07.png,shape,angular
134429,,c7fbf674-7151-4b31-9215-b4523cffdc16,1,zALErazI1616722345522,56,figural_single_1_1,1,,0,round,622.9500000044936,0,single,e_b_16.png,shape,angular
134429,,c7fbf674-7151-4b31-9215-b4523cffdc16,1,zALErazI1616722345522,57,figural_single_1_1,1,,0,round,1136.160000009113,1,single,r_b_08.png,shape,round
134429,,c7fbf674-7151-4b31-9215-b4523cffdc16,1,zALErazI1616722345522,58,figural_single_1_1,1,,0,angular,773.5649999958696,1,single,e_g_12.png,shape,angular
134429,,c7fbf674-7151-4b31-9215-b4523cffdc16,1,zALErazI1616722345522,59,figural_single_1_1,1,,0,round,1023.140000004787,1,single,r_b_14.png,shape,round
134429,,c7fbf674-7151-4b31-9215-b4523cffdc16,1,zALErazI1616722345522,60,figural_single_1_1,1,,0,round,834.6999999921536,1,single,r_g_05.png,shape,round
134429,,c7fbf674-7151-4b31-9215-b4523cffdc16,1,zALErazI1616722345522,61,figural_single_1_1,1,,0,round,688.2949999999255,1,single,r_g_01.png,shape,round
134429,,c7fbf674-7151-4b31-9215-b4523cffdc16,1,zALErazI1616722345522,62,figural_single_1_1,1,,0,angular,616.3050000031944,1,single,e_g_02.png,shape,angular
134429,,c7fbf674-7151-4b31-9215-b4523cffdc16,1,zALErazI1616722345522,63,figural_single_1_1,1,,0,round,775.5949999991572,1,single,r_g_11.png,shape,round
134429,,c7fbf674-7151-4b31-9215-b4523cffdc16,1,zALErazI1616722345522,64,figural_single_1_1,1,,0,round,775.0599999999395,1,single,r_g_10.png,shape,round
134429,,c7fbf674-7151-4b31-9215-b4523cffdc16,1,zALErazI1616722345522,65,figural_single_1_1,1,,0,round,1050.634999992326,1,single,r_b_04.png,shape,round
134429,,c7fbf674-7151-4b31-9215-b4523cffdc16,1,zALErazI1616722345522,66,figural_single_1_1,1,,0,angular,864.9650000006659,1,single,e_g_01.png,shape,angular
134429,,c7fbf674-7151-4b31-9215-b4523cffdc16,1,zALErazI1616722345522,67,figural_single_1_1,1,,0,round,715.6250000116415,1,single,r_b_09.png,shape,round
134429,,c7fbf674-7151-4b31-9215-b4523cffdc16,1,zALErazI1616722345522,68,figural_single_1_1,1,,0,round,1027.9500000033295,1,single,r_b_15.png,shape,round
134429,,c7fbf674-7151-4b31-9215-b4523cffdc16,1,zALErazI1616722345522,69,figural_single_1_1,1,,0,round,1687.0800000033341,1,single,r_g_07.png,shape,round
134429,,c7fbf674-7151-4b31-9215-b4523cffdc16,1,zALErazI1616722345522,70,figural_single_1_1,1,,0,angular,786.5799999999581,1,single,e_b_01.png,shape,angular
134429,,c7fbf674-7151-4b31-9215-b4523cffdc16,1,zALErazI1616722345522,71,figural_single_1_1,1,,0,angular,640.6100000021979,1,single,e_b_12.png,shape,angular
134429,,c7fbf674-7151-4b31-9215-b4523cffdc16,1,zALErazI1616722345522,72,figural_single_1_1,1,,0,round,620.6149999925401,1,single,r_b_11.png,shape,round
134429,,c7fbf674-7151-4b31-9215-b4523cffdc16,1,zALErazI1616722345522,73,figural_single_1_1,1,,0,round,931.1149999994086,1,single,r_g_12.png,shape,round
134429,,c7fbf674-7151-4b31-9215-b4523cffdc16,1,zALErazI1616722345522,74,figural_single_1_1,1,,0,angular,603.7349999969592,1,single,e_g_03.png,shape,angular
134429,,c7fbf674-7151-4b31-9215-b4523cffdc16,1,zALErazI1616722345522,75,figural_single_1_1,1,,0,angular,990.0150000030408,1,single,e_g_10.png,shape,angular
134429,,c7fbf674-7151-4b31-9215-b4523cffdc16,1,zALErazI1616722345522,76,figural_single_1_1,1,,0,angular,715.9649999957765,1,single,e_b_11.png,shape,angular
134429,,c7fbf674-7151-4b31-9215-b4523cffdc16,1,zALErazI1616722345522,77,figural_single_2_practice,1,,0,blue,1202.595000009751,1,single,r_b_07.png,color,blue
134429,,c7fbf674-7151-4b31-9215-b4523cffdc16,1,zALErazI1616722345522,78,figural_single_2_practice,1,,0,green,782.8749999898719,1,single,r_g_09.png,color,green
134429,,c7fbf674-7151-4b31-9215-b4523cffdc16,1,zALErazI1616722345522,79,figural_single_2_practice,1,,0,green,658.6400000087451,1,single,e_g_04.png,color,green
134429,,c7fbf674-7151-4b31-9215-b4523cffdc16,1,zALErazI1616722345522,80,figural_single_2_practice,1,,0,blue,666.0750000010012,1,single,r_b_14.png,color,blue
134429,,c7fbf674-7151-4b31-9215-b4523cffdc16,1,zALErazI1616722345522,81,figural_single_2_practice,1,,0,blue,647.899999996298,1,single,e_b_06.png,color,blue
134429,,c7fbf674-7151-4b31-9215-b4523cffdc16,1,zALErazI1616722345522,82,figural_single_2_practice,1,,0,green,493.56500001158565,1,single,e_g_10.png,color,green
134429,,c7fbf674-7151-4b31-9215-b4523cffdc16,1,zALErazI1616722345522,83,figural_single_2_practice,1,,0,blue,582.7549999958137,1,single,e_b_16.png,color,blue
134429,,c7fbf674-7151-4b31-9215-b4523cffdc16,1,zALErazI1616722345522,84,figural_single_2_practice,1,,0,green,489.04500000935514,1,single,e_g_08.png,color,green
134429,,c7fbf674-7151-4b31-9215-b4523cffdc16,1,zALErazI1616722345522,85,figural_single_2_practice,1,,0,blue,551.4699999912409,1,single,e_b_02.png,color,blue
134429,,c7fbf674-7151-4b31-9215-b4523cffdc16,1,zALErazI1616722345522,86,figural_single_2_practice,1,,0,green,506.1300000088522,1,single,r_g_03.png,color,green
134429,,c7fbf674-7151-4b31-9215-b4523cffdc16,1,zALErazI1616722345522,87,figural_single_2_practice,1,,0,blue,586.4849999925354,1,single,r_b_13.png,color,blue
134429,,c7fbf674-7151-4b31-9215-b4523cffdc16,1,zALErazI1616722345522,88,figural_single_2_practice,1,,0,green,384.4600000011269,1,single,r_g_01.png,color,green
134429,,c7fbf674-7151-4b31-9215-b4523cffdc16,1,zALErazI1616722345522,89,figural_single_2_1,1,,0,green,924.2799999919953,1,single,r_g_07.png,color,green
134429,,c7fbf674-7151-4b31-9215-b4523cffdc16,1,zALErazI1616722345522,90,figural_single_2_1,1,,0,blue,575.7299999968382,1,single,r_b_03.png,color,blue
134429,,c7fbf674-7151-4b31-9215-b4523cffdc16,1,zALErazI1616722345522,91,figural_single_2_1,1,,0,green,516.5649999980815,1,single,r_g_08.png,color,green
134429,,c7fbf674-7151-4b31-9215-b4523cffdc16,1,zALErazI1616722345522,92,figural_single_2_1,1,,0,green,784.6599999902537,1,single,e_g_01.png,color,green
134429,,c7fbf674-7151-4b31-9215-b4523cffdc16,1,zALErazI1616722345522,93,figural_single_2_1,1,,0,green,790.4500000004191,1,single,e_g_09.png,color,green
134429,,c7fbf674-7151-4b31-9215-b4523cffdc16,1,zALErazI1616722345522,94,figural_single_2_1,1,,0,blue,891.0350000078324,1,single,r_b_08.png,color,blue
134429,,c7fbf674-7151-4b31-9215-b4523cffdc16,1,zALErazI1616722345522,95,figural_single_2_1,1,,0,blue,777.9949999967357,1,single,e_b_03.png,color,blue
134429,,c7fbf674-7151-4b31-9215-b4523cffdc16,1,zALErazI1616722345522,96,figural_single_2_1,1,,0,green,529.8449999972945,1,single,e_g_07.png,color,green
134429,,c7fbf674-7151-4b31-9215-b4523cffdc16,1,zALErazI1616722345522,97,figural_single_2_1,1,,0,blue,778.0599999969127,1,single,e_b_02.png,color,blue
134429,,c7fbf674-7151-4b31-9215-b4523cffdc16,1,zALErazI1616722345522,98,figural_single_2_1,1,,0,green,484.2400000052294,1,single,e_g_04.png,color,green
134429,,c7fbf674-7151-4b31-9215-b4523cffdc16,1,zALErazI1616722345522,99,figural_single_2_1,1,,0,green,551.7749999999069,1,single,r_g_06.png,color,green
134429,,c7fbf674-7151-4b31-9215-b4523cffdc16,1,zALErazI1616722345522,100,figural_single_2_1,1,,0,blue,759.3650000053458,1,single,e_b_08.png,color,blue
134429,,c7fbf674-7151-4b31-9215-b4523cffdc16,1,zALErazI1616722345522,101,figural_single_2_1,1,,0,green,458.7699999974575,1,single,e_g_16.png,color,green
134429,,c7fbf674-7151-4b31-9215-b4523cffdc16,1,zALErazI1616722345522,102,figural_single_2_1,1,,0,blue,742.4750000063796,1,single,e_b_06.png,color,blue
134429,,c7fbf674-7151-4b31-9215-b4523cffdc16,1,zALErazI1616722345522,103,figural_single_2_1,1,,0,blue,685.8349999965867,1,single,e_b_04.png,color,blue
134429,,c7fbf674-7151-4b31-9215-b4523cffdc16,1,zALErazI1616722345522,104,figural_single_2_1,1,,0,green,519.9950000096578,1,single,r_g_10.png,color,green
134429,,c7fbf674-7151-4b31-9215-b4523cffdc16,1,zALErazI1616722345522,105,figural_single_2_1,1,,0,blue,676.3600000122096,1,single,e_b_12.png,color,blue
134429,,c7fbf674-7151-4b31-9215-b4523cffdc16,1,zALErazI1616722345522,106,figural_single_2_1,1,,0,blue,780.1849999959813,1,single,r_b_09.png,color,blue
134429,,c7fbf674-7151-4b31-9215-b4523cffdc16,1,zALErazI1616722345522,107,figural_single_2_1,1,,0,green,549.2799999919953,1,single,r_g_15.png,color,green
134429,,c7fbf674-7151-4b31-9215-b4523cffdc16,1,zALErazI1616722345522,108,figural_single_2_1,1,,0,green,999.5599999965634,1,single,e_g_08.png,color,green
134429,,c7fbf674-7151-4b31-9215-b4523cffdc16,1,zALErazI1616722345522,109,figural_single_2_1,1,,0,blue,1035.5500000005122,1,single,e_b_11.png,color,blue
134429,,c7fbf674-7151-4b31-9215-b4523cffdc16,1,zALErazI1616722345522,110,figural_single_2_1,1,,0,blue,588.7999999977183,1,single,r_b_13.png,color,blue
134429,,c7fbf674-7151-4b31-9215-b4523cffdc16,1,zALErazI1616722345522,111,figural_single_2_1,1,,0,blue,622.735000011744,1,single,r_b_12.png,color,blue
134429,,c7fbf674-7151-4b31-9215-b4523cffdc16,1,zALErazI1616722345522,112,figural_single_2_1,1,,0,blue,598.9249999984168,1,single,r_b_15.png,color,blue
134429,,c7fbf674-7151-4b31-9215-b4523cffdc16,1,zALErazI1616722345522,113,figural_single_2_1,1,,0,green,595.7949999865377,1,single,e_g_05.png,color,green
134429,,c7fbf674-7151-4b31-9215-b4523cffdc16,1,zALErazI1616722345522,114,figural_single_2_1,1,,0,green,709.9199999938719,1,single,r_g_12.png,color,green
134429,,c7fbf674-7151-4b31-9215-b4523cffdc16,1,zALErazI1616722345522,115,figural_single_2_1,1,,0,blue,895.009999992908,1,single,r_b_02.png,color,blue
134429,,c7fbf674-7151-4b31-9215-b4523cffdc16,1,zALErazI1616722345522,116,figural_single_2_1,1,,0,blue,650.3999999986263,1,single,r_b_01.png,color,blue
134429,,c7fbf674-7151-4b31-9215-b4523cffdc16,1,zALErazI1616722345522,117,figural_single_2_1,1,,0,blue,653.3449999988079,1,single,r_b_07.png,color,blue
134429,,c7fbf674-7151-4b31-9215-b4523cffdc16,1,zALErazI1616722345522,118,figural_single_2_1,1,,0,green,510.4049999936251,1,single,e_g_15.png,color,green
134429,,c7fbf674-7151-4b31-9215-b4523cffdc16,1,zALErazI1616722345522,119,figural_single_2_1,1,,0,green,531.2700000067707,1,single,e_g_11.png,color,green
134429,,c7fbf674-7151-4b31-9215-b4523cffdc16,1,zALErazI1616722345522,120,figural_single_2_1,1,,0,blue,687.4499999976251,1,single,e_b_07.png,color,blue
134429,,c7fbf674-7151-4b31-9215-b4523cffdc16,1,zALErazI1616722345522,121,figural_single_2_1,1,,0,green,655.5850000004284,1,single,r_g_04.png,color,green
134429,,c7fbf674-7151-4b31-9215-b4523cffdc16,1,zALErazI1616722345522,122,figural_single_2_1,1,,0,green,740.5299999954877,1,single,e_g_02.png,color,green
134429,,c7fbf674-7151-4b31-9215-b4523cffdc16,1,zALErazI1616722345522,123,figural_single_2_1,1,,0,blue,657.8350000054343,1,single,e_b_01.png,color,blue
134429,,c7fbf674-7151-4b31-9215-b4523cffdc16,1,zALErazI1616722345522,124,figural_single_2_1,1,,0,blue,830.2800000092248,1,single,r_b_05.png,color,blue
134429,,c7fbf674-7151-4b31-9215-b4523cffdc16,1,zALErazI1616722345522,125,figural_single_2_1,1,,0,green,587.3950000095647,1,single,e_g_03.png,color,green
134429,,c7fbf674-7151-4b31-9215-b4523cffdc16,1,zALErazI1616722345522,126,figural_single_2_1,1,,0,blue,807.2500000125729,1,single,r_b_04.png,color,blue
134429,,c7fbf674-7151-4b31-9215-b4523cffdc16,1,zALErazI1616722345522,127,figural_single_2_1,1,,0,green,648.6300000105985,1,single,e_g_06.png,color,green
134429,,c7fbf674-7151-4b31-9215-b4523cffdc16,1,zALErazI1616722345522,128,figural_single_2_1,1,,0,green,718.6799999908544,1,single,e_g_12.png,color,green
134429,,c7fbf674-7151-4b31-9215-b4523cffdc16,1,zALErazI1616722345522,129,figural_single_2_1,1,,0,green,529.2350000090664,1,single,r_g_14.png,color,green
134429,,c7fbf674-7151-4b31-9215-b4523cffdc16,1,zALErazI1616722345522,130,figural_single_2_1,1,,0,blue,742.6149999955669,1,single,e_b_09.png,color,blue
134429,,c7fbf674-7151-4b31-9215-b4523cffdc16,1,zALErazI1616722345522,131,figural_single_2_1,1,,0,blue,712.9899999999907,1,single,e_b_16.png,color,blue
134429,,c7fbf674-7151-4b31-9215-b4523cffdc16,1,zALErazI1616722345522,132,figural_single_2_1,1,,0,green,500.3500000020722,1,single,r_g_01.png,color,green
134429,,c7fbf674-7151-4b31-9215-b4523cffdc16,1,zALErazI1616722345522,133,figural_single_2_1,1,,0,green,672.099999996135,1,single,r_g_09.png,color,green
134429,,c7fbf674-7151-4b31-9215-b4523cffdc16,1,zALErazI1616722345522,134,figural_single_2_1,1,,0,green,1032.2799999994459,1,single,e_g_13.png,color,green
134429,,c7fbf674-7151-4b31-9215-b4523cffdc16,1,zALErazI1616722345522,135,figural_single_2_1,1,,0,blue,798.8899999909336,1,single,r_b_06.png,color,blue
134429,,c7fbf674-7151-4b31-9215-b4523cffdc16,1,zALErazI1616722345522,136,figural_single_2_1,1,,0,blue,682.5649999955203,1,single,r_b_14.png,color,blue
134429,,c7fbf674-7151-4b31-9215-b4523cffdc16,1,zALErazI1616722345522,137,figural_single_2_1,1,,0,green,526.7449999955716,1,single,r_g_05.png,color,green
134429,,c7fbf674-7151-4b31-9215-b4523cffdc16,1,zALErazI1616722345522,138,figural_single_2_1,1,,0,green,548.2699999993201,1,single,e_g_10.png,color,green
134429,,c7fbf674-7151-4b31-9215-b4523cffdc16,1,zALErazI1616722345522,139,figural_single_2_1,1,,0,green,533.8650000048801,1,single,r_g_02.png,color,green
134429,,c7fbf674-7151-4b31-9215-b4523cffdc16,1,zALErazI1616722345522,140,figural_single_2_1,1,,0,blue,583.9600000035716,1,single,e_b_10.png,color,blue
134429,,c7fbf674-7151-4b31-9215-b4523cffdc16,1,zALErazI1616722345522,141,figural_single_2_1,1,,0,blue,963.7599999987287,1,single,r_b_16.png,color,blue
134429,,c7fbf674-7151-4b31-9215-b4523cffdc16,1,zALErazI1616722345522,142,figural_single_2_1,1,,0,green,536.1849999899277,1,single,r_g_11.png,color,green
134429,,c7fbf674-7151-4b31-9215-b4523cffdc16,1,zALErazI1616722345522,143,figural_single_2_1,1,,0,green,505.28499999199994,1,single,r_g_03.png,color,green
134429,,c7fbf674-7151-4b31-9215-b4523cffdc16,1,zALErazI1616722345522,144,figural_single_2_1,1,,0,blue,612.5599999941187,1,single,e_b_14.png,color,blue
134429,,c7fbf674-7151-4b31-9215-b4523cffdc16,1,zALErazI1616722345522,145,figural_single_2_1,1,,0,blue,628.2350000110455,1,single,e_b_13.png,color,blue
134429,,c7fbf674-7151-4b31-9215-b4523cffdc16,1,zALErazI1616722345522,146,figural_single_2_1,1,,0,blue,781.6549999988638,1,single,r_b_10.png,color,blue
134429,,c7fbf674-7151-4b31-9215-b4523cffdc16,1,zALErazI1616722345522,147,figural_single_2_1,1,,0,green,510.07500001287553,1,single,e_g_14.png,color,green
134429,,c7fbf674-7151-4b31-9215-b4523cffdc16,1,zALErazI1616722345522,148,figural_single_2_1,1,,0,blue,731.629999994766,1,single,e_b_15.png,color,blue
134429,,c7fbf674-7151-4b31-9215-b4523cffdc16,1,zALErazI1616722345522,149,figural_single_2_1,1,,0,blue,552.1350000053644,1,single,e_b_05.png,color,blue
134429,,c7fbf674-7151-4b31-9215-b4523cffdc16,1,zALErazI1616722345522,150,figural_single_2_1,1,,0,blue,770.7400000072084,1,single,r_b_11.png,color,blue
134429,,c7fbf674-7151-4b31-9215-b4523cffdc16,1,zALErazI1616722345522,151,figural_single_2_1,1,,0,green,499.98999999661464,1,single,r_g_13.png,color,green
134429,,c7fbf674-7151-4b31-9215-b4523cffdc16,1,zALErazI1616722345522,152,figural_single_2_1,1,,0,green,549.4599999947241,1,single,r_g_16.png,color,green
134429,,c7fbf674-7151-4b31-9215-b4523cffdc16,1,zALErazI1616722345522,153,figural_mixed_practice,1,,0,angular,2613.054999994347,1,start,e_g_13.png,shape,angular
134429,,c7fbf674-7151-4b31-9215-b4523cffdc16,1,zALErazI1616722345522,154,figural_mixed_practice,1,,0,angular,2762.464999992517,1,repetition,e_g_15.png,shape,angular
134429,,c7fbf674-7151-4b31-9215-b4523cffdc16,1,zALErazI1616722345522,155,figural_mixed_practice,1,,0,blue,1256.6899999947054,1,switch,r_b_02.png,color,blue
134429,,c7fbf674-7151-4b31-9215-b4523cffdc16,1,zALErazI1616722345522,156,figural_mixed_practice,1,,0,green,804.8600000038277,1,repetition,r_g_10.png,color,green
134429,,c7fbf674-7151-4b31-9215-b4523cffdc16,1,zALErazI1616722345522,157,figural_mixed_practice,1,,0,round,1118.5249999980442,1,switch,r_b_03.png,shape,round
134429,,c7fbf674-7151-4b31-9215-b4523cffdc16,1,zALErazI1616722345522,158,figural_mixed_practice,1,,0,blue,1626.4050000027055,1,switch,e_b_11.png,color,blue
134429,,c7fbf674-7151-4b31-9215-b4523cffdc16,1,zALErazI1616722345522,159,figural_mixed_practice,1,,0,green,950.0550000084331,1,repetition,r_g_06.png,color,green
134429,,c7fbf674-7151-4b31-9215-b4523cffdc16,1,zALErazI1616722345522,160,figural_mixed_practice,1,,0,round,1483.4350000019185,1,switch,r_b_08.png,shape,round
134429,,c7fbf674-7151-4b31-9215-b4523cffdc16,1,zALErazI1616722345522,161,figural_mixed_practice,1,,0,angular,1152.6499999890802,1,repetition,e_b_12.png,shape,angular
134429,,c7fbf674-7151-4b31-9215-b4523cffdc16,1,zALErazI1616722345522,162,figural_mixed_practice,1,,0,round,1393.0150000087451,1,repetition,r_g_04.png,shape,round
134429,,c7fbf674-7151-4b31-9215-b4523cffdc16,1,zALErazI1616722345522,163,figural_mixed_practice,1,,0,blue,1265.6750000023749,1,switch,e_b_01.png,color,blue
134429,,c7fbf674-7151-4b31-9215-b4523cffdc16,1,zALErazI1616722345522,164,figural_mixed_practice,1,,0,green,950.5050000007031,1,repetition,e_g_05.png,color,green
134429,,c7fbf674-7151-4b31-9215-b4523cffdc16,1,zALErazI1616722345522,165,figural_mixed,1,,0,green,1663.895000005141,1,start,r_g_12.png,color,green
134429,,c7fbf674-7151-4b31-9215-b4523cffdc16,1,zALErazI1616722345522,166,figural_mixed,1,,0,green,608.8249999884283,1,repetition,e_g_16.png,color,green
134429,,c7fbf674-7151-4b31-9215-b4523cffdc16,1,zALErazI1616722345522,167,figural_mixed,1,,0,round,1590.795000010985,1,switch,r_b_01.png,shape,round
134429,,c7fbf674-7151-4b31-9215-b4523cffdc16,1,zALErazI1616722345522,168,figural_mixed,1,,0,blue,1132.610000000568,1,switch,e_b_10.png,color,blue
134429,,c7fbf674-7151-4b31-9215-b4523cffdc16,1,zALErazI1616722345522,169,figural_mixed,1,,0,round,1509.0800000034506,1,switch,r_g_07.png,shape,round
134429,,c7fbf674-7151-4b31-9215-b4523cffdc16,1,zALErazI1616722345522,170,figural_mixed,1,,0,angular,1924.4000000035157,1,repetition,e_g_16.png,shape,angular
134429,,c7fbf674-7151-4b31-9215-b4523cffdc16,1,zALErazI1616722345522,171,figural_mixed,1,,0,angular,1155.350000000908,1,repetition,e_b_11.png,shape,angular
134429,,c7fbf674-7151-4b31-9215-b4523cffdc16,1,zALErazI1616722345522,172,figural_mixed,1,,0,blue,1072.054999996908,1,switch,e_b_12.png,color,blue
134429,,c7fbf674-7151-4b31-9215-b4523cffdc16,1,zALErazI1616722345522,173,figural_mixed,1,,0,blue,687.0699999999488,1,repetition,r_b_05.png,color,blue
134429,,c7fbf674-7151-4b31-9215-b4523cffdc16,1,zALErazI1616722345522,174,figural_mixed,1,,0,angular,949.5400000014342,1,switch,e_b_15.png,shape,angular
134429,,c7fbf674-7151-4b31-9215-b4523cffdc16,1,zALErazI1616722345522,175,figural_mixed,1,,0,round,1475.2100000041537,1,repetition,r_g_01.png,shape,round
134429,,c7fbf674-7151-4b31-9215-b4523cffdc16,1,zALErazI1616722345522,176,figural_mixed,1,,0,green,812.7250000106869,1,switch,r_g_11.png,color,green
134429,,c7fbf674-7151-4b31-9215-b4523cffdc16,1,zALErazI1616722345522,177,figural_mixed,1,,0,blue,868.9500000036787,1,repetition,e_b_14.png,color,blue
134429,,c7fbf674-7151-4b31-9215-b4523cffdc16,1,zALErazI1616722345522,178,figural_mixed,1,,0,green,1039.1249999956926,1,repetition,r_g_05.png,color,green
134429,,c7fbf674-7151-4b31-9215-b4523cffdc16,1,zALErazI1616722345522,179,figural_mixed,1,,0,angular,1342.8600000042934,1,switch,e_g_09.png,shape,angular
134429,,c7fbf674-7151-4b31-9215-b4523cffdc16,1,zALErazI1616722345522,180,figural_mixed,1,,0,round,1092.1150000067428,1,repetition,r_b_04.png,shape,round
134429,,c7fbf674-7151-4b31-9215-b4523cffdc16,1,zALErazI1616722345522,181,figural_mixed,1,,0,round,1279.1449999931501,1,repetition,r_g_12.png,shape,round
134429,,c7fbf674-7151-4b31-9215-b4523cffdc16,1,zALErazI1616722345522,182,figural_mixed,1,,0,round,1102.7150000008987,1,repetition,r_b_02.png,shape,round
134429,,c7fbf674-7151-4b31-9215-b4523cffdc16,1,zALErazI1616722345522,183,figural_mixed,1,,0,green,967.0550000009825,1,switch,r_g_04.png,color,green
134429,,c7fbf674-7151-4b31-9215-b4523cffdc16,1,zALErazI1616722345522,184,figural_mixed,1,,0,blue,937.7699999895412,1,repetition,e_b_02.png,color,blue
134429,,c7fbf674-7151-4b31-9215-b4523cffdc16,1,zALErazI1616722345522,185,figural_mixed,1,,0,blue,802.0050000050105,1,repetition,r_b_16.png,color,blue
134429,,c7fbf674-7151-4b31-9215-b4523cffdc16,1,zALErazI1616722345522,186,figural_mixed,1,,0,angular,1267.9649999918183,1,switch,e_g_03.png,shape,angular
134429,,c7fbf674-7151-4b31-9215-b4523cffdc16,1,zALErazI1616722345522,187,figural_mixed,1,,0,blue,1101.8299999996088,1,switch,r_b_10.png,color,blue
134429,,c7fbf674-7151-4b31-9215-b4523cffdc16,1,zALErazI1616722345522,188,figural_mixed,1,,0,green,1084.869999991497,1,repetition,e_g_03.png,color,green
134429,,c7fbf674-7151-4b31-9215-b4523cffdc16,1,zALErazI1616722345522,189,figural_mixed,1,,0,green,868.6549999983981,1,repetition,r_g_06.png,color,green
134429,,c7fbf674-7151-4b31-9215-b4523cffdc16,1,zALErazI1616722345522,190,figural_mixed,1,,0,round,1417.1900000073947,1,switch,r_b_09.png,shape,round
134429,,c7fbf674-7151-4b31-9215-b4523cffdc16,1,zALErazI1616722345522,191,figural_mixed,1,,0,blue,943.5099999973318,1,switch,r_b_02.png,color,blue
134429,,c7fbf674-7151-4b31-9215-b4523cffdc16,1,zALErazI1616722345522,192,figural_mixed,1,,0,green,1163.7249999912456,1,repetition,r_g_01.png,color,green
134429,,c7fbf674-7151-4b31-9215-b4523cffdc16,1,zALErazI1616722345522,193,figural_mixed,1,,0,angular,978.674999991199,1,switch,e_g_07.png,shape,angular
134429,,c7fbf674-7151-4b31-9215-b4523cffdc16,1,zALErazI1616722345522,194,figural_mixed,1,,0,blue,738.3149999950547,1,switch,r_b_13.png,color,blue
134429,,c7fbf674-7151-4b31-9215-b4523cffdc16,1,zALErazI1616722345522,195,figural_mixed,1,,0,angular,1026.014999995823,1,switch,e_b_14.png,shape,angular
134429,,c7fbf674-7151-4b31-9215-b4523cffdc16,1,zALErazI1616722345522,196,figural_mixed,1,,0,round,2084.7300000023097,1,repetition,r_g_09.png,shape,round
134429,,c7fbf674-7151-4b31-9215-b4523cffdc16,1,zALErazI1616722345522,197,figural_mixed,1,,0,round,2101.0949999908917,1,repetition,r_b_11.png,shape,round
134429,,c7fbf674-7151-4b31-9215-b4523cffdc16,1,zALErazI1616722345522,198,figural_mixed,1,,0,green,1455.9850000077859,1,switch,r_g_07.png,color,green
134429,,c7fbf674-7151-4b31-9215-b4523cffdc16,1,zALErazI1616722345522,199,figural_mixed,1,,0,round,1443.2899999956135,0,switch,e_b_04.png,shape,angular
134429,,c7fbf674-7151-4b31-9215-b4523cffdc16,1,zALErazI1616722345522,200,figural_mixed,1,,0,round,1730.1549999974668,1,repetition,r_g_14.png,shape,round
134429,,c7fbf674-7151-4b31-9215-b4523cffdc16,1,zALErazI1616722345522,201,figural_mixed,1,,0,blue,1003.0050000059418,1,switch,e_b_09.png,color,blue
134429,,c7fbf674-7151-4b31-9215-b4523cffdc16,1,zALErazI1616722345522,202,figural_mixed,1,,0,angular,1389.7549999965122,1,switch,e_g_10.png,shape,angular
134429,,c7fbf674-7151-4b31-9215-b4523cffdc16,1,zALErazI1616722345522,203,figural_mixed,1,,0,green,1322.424999991199,1,switch,r_g_15.png,color,green
134429,,c7fbf674-7151-4b31-9215-b4523cffdc16,1,zALErazI1616722345522,204,figural_mixed,1,,0,green,1012.0049999968614,1,repetition,e_g_14.png,color,green
134429,,c7fbf674-7151-4b31-9215-b4523cffdc16,1,zALErazI1616722345522,205,figural_mixed,1,,0,blue,1232.1150000061607,1,repetition,r_b_07.png,color,blue
134429,,c7fbf674-7151-4b31-9215-b4523cffdc16,1,zALErazI1616722345522,206,figural_mixed,1,,0,blue,919.6799999917857,1,repetition,r_b_09.png,color,blue
134429,,c7fbf674-7151-4b31-9215-b4523cffdc16,1,zALErazI1616722345522,207,figural_mixed,1,,0,round,1511.6700000071432,0,switch,e_g_14.png,shape,angular
134429,,c7fbf674-7151-4b31-9215-b4523cffdc16,1,zALErazI1616722345522,208,figural_mixed,1,,0,angular,1267.200000002049,1,repetition,e_g_13.png,shape,angular
134429,,c7fbf674-7151-4b31-9215-b4523cffdc16,1,zALErazI1616722345522,209,figural_mixed,1,,0,blue,1091.1750000086613,1,switch,e_b_04.png,color,blue
134429,,c7fbf674-7151-4b31-9215-b4523cffdc16,1,zALErazI1616722345522,210,figural_mixed,1,,0,green,901.7000000021653,1,repetition,e_g_10.png,color,green
134429,,c7fbf674-7151-4b31-9215-b4523cffdc16,1,zALErazI1616722345522,211,figural_mixed,1,,0,green,1037.5050000002375,1,repetition,e_g_04.png,color,green
134429,,c7fbf674-7151-4b31-9215-b4523cffdc16,1,zALErazI1616722345522,212,figural_mixed,1,,0,angular,1164.0500000066822,1,switch,e_b_07.png,shape,angular
134429,,c7fbf674-7151-4b31-9215-b4523cffdc16,1,zALErazI1616722345522,213,figural_mixed,1,,0,round,1037.575000009383,1,repetition,r_g_11.png,shape,round
134429,,c7fbf674-7151-4b31-9215-b4523cffdc16,1,zALErazI1616722345522,214,figural_mixed,1,,0,round,1281.0850000096252,1,repetition,r_g_04.png,shape,round
134429,,c7fbf674-7151-4b31-9215-b4523cffdc16,1,zALErazI1616722345522,215,figural_mixed,1,,0,angular,1741.2550000008196,1,repetition,e_g_15.png,shape,angular
134429,,c7fbf674-7151-4b31-9215-b4523cffdc16,1,zALErazI1616722345522,216,figural_mixed,1,,0,green,1005.1349999994272,1,switch,e_g_11.png,color,green
134429,,c7fbf674-7151-4b31-9215-b4523cffdc16,1,zALErazI1616722345522,217,figural_mixed,1,,0,round,954.0449999913108,1,switch,r_g_08.png,shape,round
134429,,c7fbf674-7151-4b31-9215-b4523cffdc16,1,zALErazI1616722345522,218,figural_mixed,1,,0,round,1113.744999995106,1,repetition,r_g_10.png,shape,round
134429,,c7fbf674-7151-4b31-9215-b4523cffdc16,1,zALErazI1616722345522,219,figural_mixed,1,,0,green,828.0550000054063,1,switch,e_g_15.png,color,green
134429,,c7fbf674-7151-4b31-9215-b4523cffdc16,1,zALErazI1616722345522,220,figural_mixed,1,,0,green,1035.2100000018254,1,repetition,r_g_02.png,color,green
134429,,c7fbf674-7151-4b31-9215-b4523cffdc16,1,zALErazI1616722345522,221,figural_mixed,1,,0,angular,1870.135000004666,1,switch,e_b_01.png,shape,angular
134429,,c7fbf674-7151-4b31-9215-b4523cffdc16,1,zALErazI1616722345522,222,figural_mixed,1,,0,blue,821.2399999902118,1,switch,e_b_15.png,color,blue
134429,,c7fbf674-7151-4b31-9215-b4523cffdc16,1,zALErazI1616722345522,223,figural_mixed,1,,0,blue,1434.4350000028498,1,repetition,e_b_03.png,color,blue
134429,,c7fbf674-7151-4b31-9215-b4523cffdc16,1,zALErazI1616722345522,224,figural_mixed,1,,0,blue,1059.4149999960791,1,repetition,e_b_01.png,color,blue
134429,,c7fbf674-7151-4b31-9215-b4523cffdc16,1,zALErazI1616722345522,225,figural_mixed,1,,0,round,1470.4550000024028,1,switch,r_g_02.png,shape,round
134429,,c7fbf674-7151-4b31-9215-b4523cffdc16,1,zALErazI1616722345522,226,figural_mixed,1,,0,green,1542.3049999953946,1,switch,e_g_05.png,color,green
134429,,c7fbf674-7151-4b31-9215-b4523cffdc16,1,zALErazI1616722345522,227,figural_mixed,1,,0,round,1110.805000003893,1,switch,r_b_06.png,shape,round
134429,,c7fbf674-7151-4b31-9215-b4523cffdc16,1,zALErazI1616722345522,228,figural_mixed,1,,0,green,1299.3299999943702,1,switch,e_g_08.png,color,green
134429,,c7fbf674-7151-4b31-9215-b4523cffdc16,1,zALErazI1616722345522,229,figural_mixed,1,,0,green,1516.4399999921443,1,repetition,e_g_02.png,color,green
134429,,c7fbf674-7151-4b31-9215-b4523cffdc16,1,zALErazI1616722345522,230,figural_mixed,1,,0,blue,2058.82500000007,1,repetition,e_b_06.png,color,blue
134429,,c7fbf674-7151-4b31-9215-b4523cffdc16,1,zALErazI1616722345522,231,figural_mixed,1,,0,angular,868.7800000043353,1,switch,e_b_08.png,shape,angular
134429,,c7fbf674-7151-4b31-9215-b4523cffdc16,1,zALErazI1616722345522,232,figural_mixed,1,,0,green,1110.0850000075297,1,switch,r_g_09.png,color,green
134429,,c7fbf674-7151-4b31-9215-b4523cffdc16,1,zALErazI1616722345522,233,figural_mixed,1,,0,blue,1321.234999995795,1,repetition,e_b_13.png,color,blue
134429,,c7fbf674-7151-4b31-9215-b4523cffdc16,1,zALErazI1616722345522,234,figural_mixed,1,,0,round,1135.1550000108546,1,switch,r_b_10.png,shape,round
134429,,c7fbf674-7151-4b31-9215-b4523cffdc16,1,zALErazI1616722345522,235,figural_mixed,1,,0,round,1513.4949999919627,1,repetition,r_b_13.png,shape,round
134429,,c7fbf674-7151-4b31-9215-b4523cffdc16,1,zALErazI1616722345522,236,figural_mixed,1,,0,blue,1333.2049999880837,1,switch,e_b_11.png,color,blue
134429,,c7fbf674-7151-4b31-9215-b4523cffdc16,1,zALErazI1616722345522,237,figural_mixed,1,,0,green,867.5999999977648,1,repetition,r_g_08.png,color,green
134429,,c7fbf674-7151-4b31-9215-b4523cffdc16,1,zALErazI1616722345522,238,figural_mixed,1,,0,angular,955.2149999944959,1,switch,e_b_10.png,shape,angular
134429,,c7fbf674-7151-4b31-9215-b4523cffdc16,1,zALErazI1616722345522,239,figural_mixed,1,,0,angular,1186.7550000024494,1,repetition,e_g_06.png,shape,angular
134429,,c7fbf674-7151-4b31-9215-b4523cffdc16,1,zALErazI1616722345522,240,figural_mixed,1,,0,angular,722.620000000461,1,repetition,e_g_11.png,shape,angular
134429,,c7fbf674-7151-4b31-9215-b4523cffdc16,1,zALErazI1616722345522,241,figural_mixed,1,,0,round,1468.9549999893643,1,repetition,r_b_07.png,shape,round
134429,,c7fbf674-7151-4b31-9215-b4523cffdc16,1,zALErazI1616722345522,242,figural_mixed,1,,0,blue,1204.8849999991944,1,switch,r_b_06.png,color,blue
134429,,c7fbf674-7151-4b31-9215-b4523cffdc16,1,zALErazI1616722345522,243,figural_mixed,1,,0,blue,1490.9699999989243,1,repetition,e_b_07.png,color,blue
134429,,c7fbf674-7151-4b31-9215-b4523cffdc16,1,zALErazI1616722345522,244,figural_mixed,1,,0,blue,1148.9550000114832,1,repetition,r_b_14.png,color,blue
134429,,c7fbf674-7151-4b31-9215-b4523cffdc16,1,zALErazI1616722345522,245,figural_mixed,1,,0,green,778.8600000058068,1,repetition,r_g_16.png,color,green
134429,,c7fbf674-7151-4b31-9215-b4523cffdc16,1,zALErazI1616722345522,246,figural_mixed,1,,0,angular,1310.5050000012852,1,switch,e_b_09.png,shape,angular
134429,,c7fbf674-7151-4b31-9215-b4523cffdc16,1,zALErazI1616722345522,247,figural_mixed,1,,0,round,1114.1050000005635,1,repetition,r_g_05.png,shape,round
134429,,c7fbf674-7151-4b31-9215-b4523cffdc16,1,zALErazI1616722345522,248,figural_mixed,1,,0,angular,1124.9650000099791,1,repetition,e_b_12.png,shape,angular
134429,,c7fbf674-7151-4b31-9215-b4523cffdc16,1,zALErazI1616722345522,249,figural_mixed,1,,0,blue,1164.9749999924097,1,switch,e_b_05.png,color,blue
134429,,c7fbf674-7151-4b31-9215-b4523cffdc16,1,zALErazI1616722345522,250,figural_mixed,1,,0,round,1472.6249999948777,1,switch,r_g_06.png,shape,round
134429,,c7fbf674-7151-4b31-9215-b4523cffdc16,1,zALErazI1616722345522,251,figural_mixed,1,,0,blue,1427.0550000073854,1,switch,e_b_16.png,color,blue
134429,,c7fbf674-7151-4b31-9215-b4523cffdc16,1,zALErazI1616722345522,252,figural_mixed,1,,0,green,856.8950000044424,1,repetition,r_g_13.png,color,green
134429,,c7fbf674-7151-4b31-9215-b4523cffdc16,1,zALErazI1616722345522,253,figural_mixed,1,,0,angular,1272.3750000004657,1,switch,e_g_02.png,shape,angular
134429,,c7fbf674-7151-4b31-9215-b4523cffdc16,1,zALErazI1616722345522,254,figural_mixed,1,,0,round,927.7399999991758,1,repetition,r_b_03.png,shape,round
134429,,c7fbf674-7151-4b31-9215-b4523cffdc16,1,zALErazI1616722345522,255,figural_mixed,1,,0,round,1153.2600000064122,1,repetition,r_b_14.png,shape,round
134429,,c7fbf674-7151-4b31-9215-b4523cffdc16,1,zALErazI1616722345522,256,figural_mixed,1,,0,angular,1003.5400000051595,1,repetition,e_g_12.png,shape,angular
134429,,c7fbf674-7151-4b31-9215-b4523cffdc16,1,zALErazI1616722345522,257,figural_mixed,1,,0,blue,1053.3700000087265,1,switch,r_b_04.png,color,blue
134429,,c7fbf674-7151-4b31-9215-b4523cffdc16,1,zALErazI1616722345522,258,figural_mixed,1,,0,round,1317.7699999941979,1,switch,r_g_15.png,shape,round
134429,,c7fbf674-7151-4b31-9215-b4523cffdc16,1,zALErazI1616722345522,259,figural_mixed,1,,0,angular,895.0049999984913,1,repetition,e_g_08.png,shape,angular
134429,,c7fbf674-7151-4b31-9215-b4523cffdc16,1,zALErazI1616722345522,260,figural_mixed,1,,0,round,1860.4800000030082,1,repetition,r_b_16.png,shape,round
134429,,c7fbf674-7151-4b31-9215-b4523cffdc16,1,zALErazI1616722345522,261,figural_mixed,1,,0,green,1458.2100000116043,1,switch,r_g_10.png,color,green
134429,,c7fbf674-7151-4b31-9215-b4523cffdc16,1,zALErazI1616722345522,262,figural_mixed,1,,0,green,1755.9849999961443,1,repetition,e_g_06.png,color,green
134429,,c7fbf674-7151-4b31-9215-b4523cffdc16,1,zALErazI1616722345522,263,figural_mixed,1,,0,round,1169.7949999943376,1,switch,r_g_13.png,shape,round
134429,,c7fbf674-7151-4b31-9215-b4523cffdc16,1,zALErazI1616722345522,264,figural_mixed,1,,0,blue,1771.7199999897275,1,switch,r_b_03.png,color,blue
134429,,c7fbf674-7151-4b31-9215-b4523cffdc16,1,zALErazI1616722345522,265,figural_mixed,1,,0,angular,1369.8199999926146,1,switch,e_b_02.png,shape,angular
134429,,c7fbf674-7151-4b31-9215-b4523cffdc16,1,zALErazI1616722345522,266,figural_mixed,1,,0,angular,1429.5850000053179,1,repetition,e_b_03.png,shape,angular
134429,,c7fbf674-7151-4b31-9215-b4523cffdc16,1,zALErazI1616722345522,267,figural_mixed,1,,0,green,1754.3150000128662,1,switch,e_g_07.png,color,green
134429,,c7fbf674-7151-4b31-9215-b4523cffdc16,1,zALErazI1616722345522,268,figural_mixed,1,,0,blue,1200.0150000094436,1,repetition,r_b_08.png,color,blue
134429,,c7fbf674-7151-4b31-9215-b4523cffdc16,1,zALErazI1616722345522,269,figural_mixed,1,,0,blue,748.0300000024727,1,repetition,r_b_01.png,color,blue
134429,,c7fbf674-7151-4b31-9215-b4523cffdc16,1,zALErazI1616722345522,270,figural_mixed,1,,0,angular,1054.1550000052666,1,switch,e_b_05.png,shape,angular
134429,,c7fbf674-7151-4b31-9215-b4523cffdc16,1,zALErazI1616722345522,271,figural_mixed,1,,0,green,1088.4699999878649,1,switch,r_g_16.png,color,green
134429,,c7fbf674-7151-4b31-9215-b4523cffdc16,1,zALErazI1616722345522,272,figural_mixed,1,,0,round,948.5099999874365,0,switch,e_g_04.png,shape,angular
134429,,c7fbf674-7151-4b31-9215-b4523cffdc16,1,zALErazI1616722345522,273,figural_mixed,1,,0,round,936.1499999940861,1,repetition,r_b_05.png,shape,round
134429,,c7fbf674-7151-4b31-9215-b4523cffdc16,1,zALErazI1616722345522,274,figural_mixed,1,,0,round,1279.7649999993155,1,repetition,r_g_03.png,shape,round
134429,,c7fbf674-7151-4b31-9215-b4523cffdc16,1,zALErazI1616722345522,275,figural_mixed,1,,0,blue,915.4750000016065,1,switch,r_b_15.png,color,blue
134429,,c7fbf674-7151-4b31-9215-b4523cffdc16,1,zALErazI1616722345522,276,figural_mixed,1,,0,green,873.4349999867845,1,repetition,r_g_14.png,color,green
134429,,c7fbf674-7151-4b31-9215-b4523cffdc16,1,zALErazI1616722345522,277,figural_mixed,1,,0,angular,960.3850000130478,1,switch,e_g_01.png,shape,angular
134429,,c7fbf674-7151-4b31-9215-b4523cffdc16,1,zALErazI1616722345522,278,figural_mixed,1,,0,round,1373.6899999930756,1,repetition,r_b_15.png,shape,round
134429,,c7fbf674-7151-4b31-9215-b4523cffdc16,1,zALErazI1616722345522,279,figural_mixed,1,,0,round,1232.9749999917112,1,repetition,r_b_08.png,shape,round
134429,,c7fbf674-7151-4b31-9215-b4523cffdc16,1,zALErazI1616722345522,280,figural_mixed,1,,0,green,925.3949999983888,1,switch,e_g_12.png,color,green
134429,,c7fbf674-7151-4b31-9215-b4523cffdc16,1,zALErazI1616722345522,281,figural_mixed,1,,0,angular,1647.3750000004657,1,switch,e_b_13.png,shape,angular
134429,,c7fbf674-7151-4b31-9215-b4523cffdc16,1,zALErazI1616722345522,282,figural_mixed,1,,0,green,871.435000008205,1,switch,r_g_03.png,color,green
134429,,c7fbf674-7151-4b31-9215-b4523cffdc16,1,zALErazI1616722345522,283,figural_mixed,1,,0,blue,961.3600000011502,1,repetition,r_b_12.png,color,blue
134429,,c7fbf674-7151-4b31-9215-b4523cffdc16,1,zALErazI1616722345522,284,figural_mixed,1,,0,angular,749.6500000124797,1,switch,e_b_06.png,shape,angular
134429,,c7fbf674-7151-4b31-9215-b4523cffdc16,1,zALErazI1616722345522,285,figural_mixed,1,,0,angular,980.1049999950919,1,repetition,e_g_05.png,shape,angular
134429,,c7fbf674-7151-4b31-9215-b4523cffdc16,1,zALErazI1616722345522,286,figural_mixed,1,,0,blue,987.6499999954831,1,switch,r_b_11.png,color,blue
134429,,c7fbf674-7151-4b31-9215-b4523cffdc16,1,zALErazI1616722345522,287,figural_mixed,1,,0,round,1674.6500000008382,0,switch,e_b_16.png,shape,angular
134429,,c7fbf674-7151-4b31-9215-b4523cffdc16,1,zALErazI1616722345522,288,figural_mixed,1,,0,green,1713.305000012042,1,switch,e_g_01.png,color,green
134429,,c7fbf674-7151-4b31-9215-b4523cffdc16,1,zALErazI1616722345522,289,figural_mixed,1,,0,green,1044.6800000063377,1,repetition,e_g_13.png,color,green
134429,,c7fbf674-7151-4b31-9215-b4523cffdc16,1,zALErazI1616722345522,290,figural_mixed,1,,0,round,809.7149999957765,1,switch,r_b_12.png,shape,round
134429,,c7fbf674-7151-4b31-9215-b4523cffdc16,1,zALErazI1616722345522,291,figural_mixed,1,,0,blue,1147.3750000004657,1,switch,e_b_08.png,color,blue
134429,,c7fbf674-7151-4b31-9215-b4523cffdc16,1,zALErazI1616722345522,292,figural_mixed,1,,0,green,794.2949999996927,1,repetition,e_g_09.png,color,green
134429,,c7fbf674-7151-4b31-9215-b4523cffdc16,1,zALErazI1616722345522,293,figural_mixed,1,,0,green,1931.6450000042096,1,repetition,r_g_12.png,color,green
134429,,c7fbf674-7151-4b31-9215-b4523cffdc16,1,zALErazI1616722345522,294,figural_single_2_2,1,,0,blue,1063.334999998915,1,single,e_b_01.png,color,blue
134429,,c7fbf674-7151-4b31-9215-b4523cffdc16,1,zALErazI1616722345522,295,figural_single_2_2,1,,0,blue,707.6500000111992,1,single,r_b_03.png,color,blue
134429,,c7fbf674-7151-4b31-9215-b4523cffdc16,1,zALErazI1616722345522,296,figural_single_2_2,1,,0,green,624.8650000052294,1,single,e_g_01.png,color,green
134429,,c7fbf674-7151-4b31-9215-b4523cffdc16,1,zALErazI1616722345522,297,figural_single_2_2,1,,0,green,500.2950000052806,1,single,e_g_13.png,color,green
134429,,c7fbf674-7151-4b31-9215-b4523cffdc16,1,zALErazI1616722345522,298,figural_single_2_2,1,,0,blue,607.5500000006286,1,single,r_b_16.png,color,blue
134429,,c7fbf674-7151-4b31-9215-b4523cffdc16,1,zALErazI1616722345522,299,figural_single_2_2,1,,0,blue,540.9100000106264,1,single,r_b_07.png,color,blue
134429,,c7fbf674-7151-4b31-9215-b4523cffdc16,1,zALErazI1616722345522,300,figural_single_2_2,1,,0,green,495.25000000721775,1,single,r_g_08.png,color,green
134429,,c7fbf674-7151-4b31-9215-b4523cffdc16,1,zALErazI1616722345522,301,figural_single_2_2,1,,0,blue,907.8199999930803,1,single,r_b_09.png,color,blue
134429,,c7fbf674-7151-4b31-9215-b4523cffdc16,1,zALErazI1616722345522,302,figural_single_2_2,1,,0,green,663.379999998142,1,single,r_g_02.png,color,green
134429,,c7fbf674-7151-4b31-9215-b4523cffdc16,1,zALErazI1616722345522,303,figural_single_2_2,1,,0,green,615.2399999991758,1,single,r_g_12.png,color,green
134429,,c7fbf674-7151-4b31-9215-b4523cffdc16,1,zALErazI1616722345522,304,figural_single_2_2,1,,0,blue,683.4900000103517,1,single,e_b_08.png,color,blue
134429,,c7fbf674-7151-4b31-9215-b4523cffdc16,1,zALErazI1616722345522,305,figural_single_2_2,1,,0,green,597.7149999962421,1,single,r_g_04.png,color,green
134429,,c7fbf674-7151-4b31-9215-b4523cffdc16,1,zALErazI1616722345522,306,figural_single_2_2,1,,0,blue,996.6649999987567,1,single,e_b_03.png,color,blue
134429,,c7fbf674-7151-4b31-9215-b4523cffdc16,1,zALErazI1616722345522,307,figural_single_2_2,1,,0,blue,730.2500000077998,1,single,e_b_11.png,color,blue
134429,,c7fbf674-7151-4b31-9215-b4523cffdc16,1,zALErazI1616722345522,308,figural_single_2_2,1,,0,blue,687.9300000000512,1,single,r_b_14.png,color,blue
134429,,c7fbf674-7151-4b31-9215-b4523cffdc16,1,zALErazI1616722345522,309,figural_single_2_2,1,,0,green,603.8949999929173,1,single,e_g_07.png,color,green
134429,,c7fbf674-7151-4b31-9215-b4523cffdc16,1,zALErazI1616722345522,310,figural_single_2_2,1,,0,blue,971.5400000131922,1,single,r_b_13.png,color,blue
134429,,c7fbf674-7151-4b31-9215-b4523cffdc16,1,zALErazI1616722345522,311,figural_single_2_2,1,,0,green,845.130000001518,1,single,e_g_16.png,color,green
134429,,c7fbf674-7151-4b31-9215-b4523cffdc16,1,zALErazI1616722345522,312,figural_single_2_2,1,,0,blue,646.0649999935413,1,single,e_b_14.png,color,blue
134429,,c7fbf674-7151-4b31-9215-b4523cffdc16,1,zALErazI1616722345522,313,figural_single_2_2,1,,0,green,599.1750000102911,1,single,e_g_12.png,color,green
134429,,c7fbf674-7151-4b31-9215-b4523cffdc16,1,zALErazI1616722345522,314,figural_single_2_2,1,,0,green,727.165000003879,1,single,r_g_07.png,color,green
134429,,c7fbf674-7151-4b31-9215-b4523cffdc16,1,zALErazI1616722345522,315,figural_single_2_2,1,,0,blue,712.8650000086054,1,single,e_b_15.png,color,blue
134429,,c7fbf674-7151-4b31-9215-b4523cffdc16,1,zALErazI1616722345522,316,figural_single_2_2,1,,0,blue,579.1650000028312,1,single,e_b_05.png,color,blue
134429,,c7fbf674-7151-4b31-9215-b4523cffdc16,1,zALErazI1616722345522,317,figural_single_2_2,1,,0,green,530.9899999992922,1,single,r_g_15.png,color,green
134429,,c7fbf674-7151-4b31-9215-b4523cffdc16,1,zALErazI1616722345522,318,figural_single_2_2,1,,0,blue,845.3000000008615,1,single,r_b_06.png,color,blue
134429,,c7fbf674-7151-4b31-9215-b4523cffdc16,1,zALErazI1616722345522,319,figural_single_2_2,1,,0,green,576.4300000009825,1,single,e_g_02.png,color,green
134429,,c7fbf674-7151-4b31-9215-b4523cffdc16,1,zALErazI1616722345522,320,figural_single_2_2,1,,0,green,656.3749999913853,1,single,r_g_16.png,color,green
134429,,c7fbf674-7151-4b31-9215-b4523cffdc16,1,zALErazI1616722345522,321,figural_single_2_2,1,,0,blue,716.4399999892339,1,single,e_b_10.png,color,blue
134429,,c7fbf674-7151-4b31-9215-b4523cffdc16,1,zALErazI1616722345522,322,figural_single_2_2,1,,0,green,563.4500000014668,1,single,e_g_05.png,color,green
134429,,c7fbf674-7151-4b31-9215-b4523cffdc16,1,zALErazI1616722345522,323,figural_single_2_2,1,,0,green,526.3899999990826,1,single,e_g_03.png,color,green
134429,,c7fbf674-7151-4b31-9215-b4523cffdc16,1,zALErazI1616722345522,324,figural_single_2_2,1,,0,green,544.739999997546,1,single,e_g_11.png,color,green
134429,,c7fbf674-7151-4b31-9215-b4523cffdc16,1,zALErazI1616722345522,325,figural_single_2_2,1,,0,blue,574.5900000038091,1,single,r_b_15.png,color,blue
134429,,c7fbf674-7151-4b31-9215-b4523cffdc16,1,zALErazI1616722345522,326,figural_single_2_2,1,,0,blue,763.1549999932759,1,single,e_b_02.png,color,blue
134429,,c7fbf674-7151-4b31-9215-b4523cffdc16,1,zALErazI1616722345522,327,figural_single_2_2,1,,0,blue,557.2600000014063,1,single,r_b_08.png,color,blue
134429,,c7fbf674-7151-4b31-9215-b4523cffdc16,1,zALErazI1616722345522,328,figural_single_2_2,1,,0,green,608.8250000029802,1,single,e_g_06.png,color,green
134429,,c7fbf674-7151-4b31-9215-b4523cffdc16,1,zALErazI1616722345522,329,figural_single_2_2,1,,0,blue,875.9600000048522,1,single,e_b_16.png,color,blue
134429,,c7fbf674-7151-4b31-9215-b4523cffdc16,1,zALErazI1616722345522,330,figural_single_2_2,1,,0,blue,1033.9949999906821,1,single,e_b_06.png,color,blue
134429,,c7fbf674-7151-4b31-9215-b4523cffdc16,1,zALErazI1616722345522,331,figural_single_2_2,1,,0,green,563.5900000052061,1,single,r_g_09.png,color,green
134429,,c7fbf674-7151-4b31-9215-b4523cffdc16,1,zALErazI1616722345522,332,figural_single_2_2,1,,0,green,774.9849999963772,1,single,e_g_10.png,color,green
134429,,c7fbf674-7151-4b31-9215-b4523cffdc16,1,zALErazI1616722345522,333,figural_single_2_2,1,,0,blue,695.3999999968801,1,single,e_b_12.png,color,blue
134429,,c7fbf674-7151-4b31-9215-b4523cffdc16,1,zALErazI1616722345522,334,figural_single_2_2,1,,0,green,1413.36500000034,1,single,r_g_11.png,color,green
134429,,c7fbf674-7151-4b31-9215-b4523cffdc16,1,zALErazI1616722345522,335,figural_single_2_2,1,,0,green,706.8650000001071,1,single,r_g_06.png,color,green
134429,,c7fbf674-7151-4b31-9215-b4523cffdc16,1,zALErazI1616722345522,336,figural_single_2_2,1,,0,green,1036.7550000082701,1,single,e_g_04.png,color,green
134429,,c7fbf674-7151-4b31-9215-b4523cffdc16,1,zALErazI1616722345522,337,figural_single_2_2,1,,0,blue,1048.7399999983609,1,single,r_b_01.png,color,blue
134429,,c7fbf674-7151-4b31-9215-b4523cffdc16,1,zALErazI1616722345522,338,figural_single_2_2,1,,0,green,611.1749999981839,1,single,r_g_03.png,color,green
134429,,c7fbf674-7151-4b31-9215-b4523cffdc16,1,zALErazI1616722345522,339,figural_single_2_2,1,,0,blue,1422.2349999909056,1,single,e_b_04.png,color,blue
134429,,c7fbf674-7151-4b31-9215-b4523cffdc16,1,zALErazI1616722345522,340,figural_single_2_2,1,,0,blue,525.5500000057509,1,single,r_b_12.png,color,blue
134429,,c7fbf674-7151-4b31-9215-b4523cffdc16,1,zALErazI1616722345522,341,figural_single_2_2,1,,0,blue,1129.8600000009174,0,single,r_g_13.png,color,green
134429,,c7fbf674-7151-4b31-9215-b4523cffdc16,1,zALErazI1616722345522,342,figural_single_2_2,1,,0,blue,759.3449999985751,1,single,r_b_02.png,color,blue
134429,,c7fbf674-7151-4b31-9215-b4523cffdc16,1,zALErazI1616722345522,343,figural_single_2_2,1,,0,green,764.355000006617,1,single,e_g_09.png,color,green
134429,,c7fbf674-7151-4b31-9215-b4523cffdc16,1,zALErazI1616722345522,344,figural_single_2_2,1,,0,green,615.2450000081444,1,single,e_g_15.png,color,green
134429,,c7fbf674-7151-4b31-9215-b4523cffdc16,1,zALErazI1616722345522,345,figural_single_2_2,1,,0,green,884.2449999938253,1,single,e_g_08.png,color,green
134429,,c7fbf674-7151-4b31-9215-b4523cffdc16,1,zALErazI1616722345522,346,figural_single_2_2,1,,0,blue,1189.2300000035902,1,single,r_b_05.png,color,blue
134429,,c7fbf674-7151-4b31-9215-b4523cffdc16,1,zALErazI1616722345522,347,figural_single_2_2,1,,0,green,843.0949999892619,1,single,r_g_14.png,color,green
134429,,c7fbf674-7151-4b31-9215-b4523cffdc16,1,zALErazI1616722345522,348,figural_single_2_2,1,,0,blue,919.5250000047963,1,single,r_b_04.png,color,blue
134429,,c7fbf674-7151-4b31-9215-b4523cffdc16,1,zALErazI1616722345522,349,figural_single_2_2,1,,0,green,1108.7049999914598,1,single,r_g_10.png,color,green
134429,,c7fbf674-7151-4b31-9215-b4523cffdc16,1,zALErazI1616722345522,350,figural_single_2_2,1,,0,green,760.0149999925634,1,single,r_g_01.png,color,green
134429,,c7fbf674-7151-4b31-9215-b4523cffdc16,1,zALErazI1616722345522,351,figural_single_2_2,1,,0,blue,650.5099999922095,1,single,r_b_11.png,color,blue
134429,,c7fbf674-7151-4b31-9215-b4523cffdc16,1,zALErazI1616722345522,352,figural_single_2_2,1,,0,green,642.6399999909336,1,single,r_g_05.png,color,green
134429,,c7fbf674-7151-4b31-9215-b4523cffdc16,1,zALErazI1616722345522,353,figural_single_2_2,1,,0,blue,704.1250000038417,1,single,r_b_10.png,color,blue
134429,,c7fbf674-7151-4b31-9215-b4523cffdc16,1,zALErazI1616722345522,354,figural_single_2_2,1,,0,blue,964.414999994915,1,single,e_b_13.png,color,blue
134429,,c7fbf674-7151-4b31-9215-b4523cffdc16,1,zALErazI1616722345522,355,figural_single_2_2,1,,0,green,665.9700000018347,1,single,e_g_14.png,color,green
134429,,c7fbf674-7151-4b31-9215-b4523cffdc16,1,zALErazI1616722345522,356,figural_single_2_2,1,,0,blue,1036.9149999896763,1,single,e_b_07.png,color,blue
134429,,c7fbf674-7151-4b31-9215-b4523cffdc16,1,zALErazI1616722345522,357,figural_single_2_2,1,,0,blue,575.3450000047451,1,single,e_b_09.png,color,blue
134429,,c7fbf674-7151-4b31-9215-b4523cffdc16,1,zALErazI1616722345522,358,figural_single_1_2,1,,0,angular,1207.9150000063237,1,single,e_g_11.png,shape,angular
134429,,c7fbf674-7151-4b31-9215-b4523cffdc16,1,zALErazI1616722345522,359,figural_single_1_2,1,,0,round,709.35499999905,1,single,r_b_16.png,shape,round
134429,,c7fbf674-7151-4b31-9215-b4523cffdc16,1,zALErazI1616722345522,360,figural_single_1_2,1,,0,angular,680.1850000047125,1,single,e_b_10.png,shape,angular
134429,,c7fbf674-7151-4b31-9215-b4523cffdc16,1,zALErazI1616722345522,361,figural_single_1_2,1,,0,round,648.9650000003166,1,single,r_b_02.png,shape,round
134429,,c7fbf674-7151-4b31-9215-b4523cffdc16,1,zALErazI1616722345522,362,figural_single_1_2,1,,0,angular,568.1900000054156,0,single,r_g_08.png,shape,round
134429,,c7fbf674-7151-4b31-9215-b4523cffdc16,1,zALErazI1616722345522,363,figural_single_1_2,1,,0,angular,1891.3600000087172,1,single,e_g_02.png,shape,angular
134429,,c7fbf674-7151-4b31-9215-b4523cffdc16,1,zALErazI1616722345522,364,figural_single_1_2,1,,0,round,903.0300000013085,1,single,r_g_05.png,shape,round
134429,,c7fbf674-7151-4b31-9215-b4523cffdc16,1,zALErazI1616722345522,365,figural_single_1_2,1,,0,angular,836.8699999991804,1,single,e_b_15.png,shape,angular
134429,,c7fbf674-7151-4b31-9215-b4523cffdc16,1,zALErazI1616722345522,366,figural_single_1_2,1,,0,round,993.5450000048149,1,single,r_b_09.png,shape,round
134429,,c7fbf674-7151-4b31-9215-b4523cffdc16,1,zALErazI1616722345522,367,figural_single_1_2,1,,0,angular,1414.264999999432,1,single,e_b_12.png,shape,angular
134429,,c7fbf674-7151-4b31-9215-b4523cffdc16,1,zALErazI1616722345522,368,figural_single_1_2,1,,0,angular,1222.0499999966705,1,single,e_g_15.png,shape,angular
134429,,c7fbf674-7151-4b31-9215-b4523cffdc16,1,zALErazI1616722345522,369,figural_single_1_2,1,,0,round,709.2000000120606,1,single,r_g_04.png,shape,round
134429,,c7fbf674-7151-4b31-9215-b4523cffdc16,1,zALErazI1616722345522,370,figural_single_1_2,1,,0,angular,760.7449999923119,1,single,e_b_14.png,shape,angular
134429,,c7fbf674-7151-4b31-9215-b4523cffdc16,1,zALErazI1616722345522,371,figural_single_1_2,1,,0,angular,904.114999997546,1,single,e_b_02.png,shape,angular
134429,,c7fbf674-7151-4b31-9215-b4523cffdc16,1,zALErazI1616722345522,372,figural_single_1_2,1,,0,round,651.8199999991339,1,single,r_g_15.png,shape,round
134429,,c7fbf674-7151-4b31-9215-b4523cffdc16,1,zALErazI1616722345522,373,figural_single_1_2,1,,0,angular,1164.7999999986496,1,single,e_b_11.png,shape,angular
134429,,c7fbf674-7151-4b31-9215-b4523cffdc16,1,zALErazI1616722345522,374,figural_single_1_2,1,,0,round,1127.0000000076834,1,single,r_b_07.png,shape,round
134429,,c7fbf674-7151-4b31-9215-b4523cffdc16,1,zALErazI1616722345522,375,figural_single_1_2,1,,0,round,1026.2050000019372,1,single,r_g_06.png,shape,round
134429,,c7fbf674-7151-4b31-9215-b4523cffdc16,1,zALErazI1616722345522,376,figural_single_1_2,1,,0,round,821.8899999919813,1,single,r_g_02.png,shape,round
134429,,c7fbf674-7151-4b31-9215-b4523cffdc16,1,zALErazI1616722345522,377,figural_single_1_2,1,,0,angular,599.7150000039255,1,single,e_b_09.png,shape,angular
134429,,c7fbf674-7151-4b31-9215-b4523cffdc16,1,zALErazI1616722345522,378,figural_single_1_2,1,,0,round,771.1050000070827,1,single,r_b_15.png,shape,round
134429,,c7fbf674-7151-4b31-9215-b4523cffdc16,1,zALErazI1616722345522,379,figural_single_1_2,1,,0,angular,754.2200000025332,1,single,e_g_14.png,shape,angular
134429,,c7fbf674-7151-4b31-9215-b4523cffdc16,1,zALErazI1616722345522,380,figural_single_1_2,1,,0,round,832.7949999948032,1,single,r_b_04.png,shape,round
134429,,c7fbf674-7151-4b31-9215-b4523cffdc16,1,zALErazI1616722345522,381,figural_single_1_2,1,,0,round,785.0299999990966,1,single,r_g_09.png,shape,round
134429,,c7fbf674-7151-4b31-9215-b4523cffdc16,1,zALErazI1616722345522,382,figural_single_1_2,1,,0,angular,776.2599999987287,1,single,e_g_03.png,shape,angular
134429,,c7fbf674-7151-4b31-9215-b4523cffdc16,1,zALErazI1616722345522,383,figural_single_1_2,1,,0,round,1178.7199999962468,1,single,r_b_13.png,shape,round
134429,,c7fbf674-7151-4b31-9215-b4523cffdc16,1,zALErazI1616722345522,384,figural_single_1_2,1,,0,round,1085.2450000093086,1,single,r_b_03.png,shape,round
134429,,c7fbf674-7151-4b31-9215-b4523cffdc16,1,zALErazI1616722345522,385,figural_single_1_2,1,,0,round,1071.444999994128,1,single,r_g_14.png,shape,round
134429,,c7fbf674-7151-4b31-9215-b4523cffdc16,1,zALErazI1616722345522,386,figural_single_1_2,1,,0,angular,802.7199999924051,1,single,e_b_05.png,shape,angular
134429,,c7fbf674-7151-4b31-9215-b4523cffdc16,1,zALErazI1616722345522,387,figural_single_1_2,1,,0,round,1134.1799999936484,1,single,r_b_10.png,shape,round
134429,,c7fbf674-7151-4b31-9215-b4523cffdc16,1,zALErazI1616722345522,388,figural_single_1_2,1,,0,round,654.4649999996182,1,single,r_b_12.png,shape,round
134429,,c7fbf674-7151-4b31-9215-b4523cffdc16,1,zALErazI1616722345522,389,figural_single_1_2,1,,0,round,734.679999994114,1,single,r_b_14.png,shape,round
134429,,c7fbf674-7151-4b31-9215-b4523cffdc16,1,zALErazI1616722345522,390,figural_single_1_2,1,,0,angular,1193.7250000046333,1,single,e_g_16.png,shape,angular
134429,,c7fbf674-7151-4b31-9215-b4523cffdc16,1,zALErazI1616722345522,391,figural_single_1_2,1,,0,round,733.1699999922421,1,single,r_g_12.png,shape,round
134429,,c7fbf674-7151-4b31-9215-b4523cffdc16,1,zALErazI1616722345522,392,figural_single_1_2,1,,0,round,883.4399999905145,1,single,r_g_11.png,shape,round
134429,,c7fbf674-7151-4b31-9215-b4523cffdc16,1,zALErazI1616722345522,393,figural_single_1_2,1,,0,angular,614.0849999937927,1,single,e_b_03.png,shape,angular
134429,,c7fbf674-7151-4b31-9215-b4523cffdc16,1,zALErazI1616722345522,394,figural_single_1_2,1,,0,round,684.2650000035064,0,single,e_b_04.png,shape,angular
134429,,c7fbf674-7151-4b31-9215-b4523cffdc16,1,zALErazI1616722345522,395,figural_single_1_2,1,,0,angular,739.5399999950314,0,single,r_b_11.png,shape,round
134429,,c7fbf674-7151-4b31-9215-b4523cffdc16,1,zALErazI1616722345522,396,figural_single_1_2,1,,0,angular,992.6249999989523,1,single,e_g_05.png,shape,angular
134429,,c7fbf674-7151-4b31-9215-b4523cffdc16,1,zALErazI1616722345522,397,figural_single_1_2,1,,0,round,702.1400000085123,0,single,e_b_16.png,shape,angular
134429,,c7fbf674-7151-4b31-9215-b4523cffdc16,1,zALErazI1616722345522,398,figural_single_1_2,1,,0,angular,591.5749999985565,1,single,e_g_13.png,shape,angular
134429,,c7fbf674-7151-4b31-9215-b4523cffdc16,1,zALErazI1616722345522,399,figural_single_1_2,1,,0,round,689.0500000008615,1,single,r_g_01.png,shape,round
134429,,c7fbf674-7151-4b31-9215-b4523cffdc16,1,zALErazI1616722345522,400,figural_single_1_2,1,,0,angular,671.5949999925215,1,single,e_b_08.png,shape,angular
134429,,c7fbf674-7151-4b31-9215-b4523cffdc16,1,zALErazI1616722345522,401,figural_single_1_2,1,,0,angular,635.2849999966566,1,single,e_g_10.png,shape,angular
134429,,c7fbf674-7151-4b31-9215-b4523cffdc16,1,zALErazI1616722345522,402,figural_single_1_2,1,,0,round,656.3449999957811,1,single,r_g_13.png,shape,round
134429,,c7fbf674-7151-4b31-9215-b4523cffdc16,1,zALErazI1616722345522,403,figural_single_1_2,1,,0,angular,635.4049999936251,1,single,e_b_01.png,shape,angular
134429,,c7fbf674-7151-4b31-9215-b4523cffdc16,1,zALErazI1616722345522,404,figural_single_1_2,1,,0,angular,643.114999998943,1,single,e_b_06.png,shape,angular
134429,,c7fbf674-7151-4b31-9215-b4523cffdc16,1,zALErazI1616722345522,405,figural_single_1_2,1,,0,round,814.6249999990687,1,single,r_g_10.png,shape,round
134429,,c7fbf674-7151-4b31-9215-b4523cffdc16,1,zALErazI1616722345522,406,figural_single_1_2,1,,0,angular,651.0249999992084,1,single,e_g_08.png,shape,angular
134429,,c7fbf674-7151-4b31-9215-b4523cffdc16,1,zALErazI1616722345522,407,figural_single_1_2,1,,0,angular,809.8400000017136,1,single,e_g_07.png,shape,angular
134429,,c7fbf674-7151-4b31-9215-b4523cffdc16,1,zALErazI1616722345522,408,figural_single_1_2,1,,0,round,769.8749999981374,1,single,r_b_06.png,shape,round
134429,,c7fbf674-7151-4b31-9215-b4523cffdc16,1,zALErazI1616722345522,409,figural_single_1_2,1,,0,angular,575.924999997369,1,single,e_g_09.png,shape,angular
134429,,c7fbf674-7151-4b31-9215-b4523cffdc16,1,zALErazI1616722345522,410,figural_single_1_2,1,,0,round,659.2399999935878,1,single,r_b_01.png,shape,round
134429,,c7fbf674-7151-4b31-9215-b4523cffdc16,1,zALErazI1616722345522,411,figural_single_1_2,1,,0,angular,546.3500000041677,1,single,e_b_13.png,shape,angular
134429,,c7fbf674-7151-4b31-9215-b4523cffdc16,1,zALErazI1616722345522,412,figural_single_1_2,1,,0,round,807.2850000025937,0,single,e_g_04.png,shape,angular
134429,,c7fbf674-7151-4b31-9215-b4523cffdc16,1,zALErazI1616722345522,413,figural_single_1_2,1,,0,angular,842.369999998482,1,single,e_g_12.png,shape,angular
134429,,c7fbf674-7151-4b31-9215-b4523cffdc16,1,zALErazI1616722345522,414,figural_single_1_2,1,,0,round,1060.9700000059092,1,single,r_b_08.png,shape,round
134429,,c7fbf674-7151-4b31-9215-b4523cffdc16,1,zALErazI1616722345522,415,figural_single_1_2,1,,0,angular,645.5750000022817,1,single,e_b_07.png,shape,angular
134429,,c7fbf674-7151-4b31-9215-b4523cffdc16,1,zALErazI1616722345522,416,figural_single_1_2,1,,0,round,824.2199999949662,1,single,r_g_03.png,shape,round
134429,,c7fbf674-7151-4b31-9215-b4523cffdc16,1,zALErazI1616722345522,417,figural_single_1_2,1,,0,angular,763.6250000068685,1,single,e_g_06.png,shape,angular
134429,,c7fbf674-7151-4b31-9215-b4523cffdc16,1,zALErazI1616722345522,418,figural_single_1_2,1,,0,round,1087.920000005397,1,single,r_g_16.png,shape,round
134429,,c7fbf674-7151-4b31-9215-b4523cffdc16,1,zALErazI1616722345522,419,figural_single_1_2,1,,0,round,1191.1499999987427,1,single,r_b_05.png,shape,round
134429,,c7fbf674-7151-4b31-9215-b4523cffdc16,1,zALErazI1616722345522,420,figural_single_1_2,1,,0,angular,840.3850000031525,1,single,e_g_01.png,shape,angular
134429,,c7fbf674-7151-4b31-9215-b4523cffdc16,1,zALErazI1616722345522,421,figural_single_1_2,1,,0,round,698.7050000025192,1,single,r_g_07.png,shape,round