userCode,extId,moduleId,sessionId,sessionToken,trialId,executableId,session.complete,session.condition,session.forceExit,givenResponse,reactionTime,score,shiftingType,stimulusValue,stimulusType,correctResponse
134599,,c7fbf674-7151-4b31-9215-b4523cffdc16,1,0Jm2dPzD1617092075729,1,figural_single_1_practice,1,,0,round,2387.9300000262447,1,single,r_b_10.png,shape,round
134599,,c7fbf674-7151-4b31-9215-b4523cffdc16,1,0Jm2dPzD1617092075729,2,figural_single_1_practice,1,,0,angular,680.9500000090338,1,single,e_b_09.png,shape,angular
134599,,c7fbf674-7151-4b31-9215-b4523cffdc16,1,0Jm2dPzD1617092075729,3,figural_single_1_practice,1,,0,round,643.6199999880046,1,single,r_b_11.png,shape,round
134599,,c7fbf674-7151-4b31-9215-b4523cffdc16,1,0Jm2dPzD1617092075729,4,figural_single_1_practice,1,,0,round,663.20499998983,1,single,r_g_05.png,shape,round
134599,,c7fbf674-7151-4b31-9215-b4523cffdc16,1,0Jm2dPzD1617092075729,5,figural_single_1_practice,1,,0,angular,732.3299999989104,1,single,e_b_14.png,shape,angular
134599,,c7fbf674-7151-4b31-9215-b4523cffdc16,1,0Jm2dPzD1617092075729,6,figural_single_1_practice,1,,0,angular,589.944999985164,1,single,e_g_07.png,shape,angular
134599,,c7fbf674-7151-4b31-9215-b4523cffdc16,1,0Jm2dPzD1617092075729,7,figural_single_1_practice,1,,0,angular,500.33999999868684,1,single,e_g_12.png,shape,angular
134599,,c7fbf674-7151-4b31-9215-b4523cffdc16,1,0Jm2dPzD1617092075729,8,figural_single_1_practice,1,,0,round,1040.3349999978673,1,single,r_b_16.png,shape,round
134599,,c7fbf674-7151-4b31-9215-b4523cffdc16,1,0Jm2dPzD1617092075729,9,figural_single_1_practice,1,,0,round,571.9199999875855,1,single,r_g_02.png,shape,round
134599,,c7fbf674-7151-4b31-9215-b4523cffdc16,1,0Jm2dPzD1617092075729,10,figural_single_1_practice,1,,0,angular,647.2349999821745,1,single,e_b_04.png,shape,angular
134599,,c7fbf674-7151-4b31-9215-b4523cffdc16,1,0Jm2dPzD1617092075729,11,figural_single_1_practice,1,,0,angular,473.27499999664724,1,single,e_g_06.png,shape,angular
134599,,c7fbf674-7151-4b31-9215-b4523cffdc16,1,0Jm2dPzD1617092075729,12,figural_single_1_practice,1,,0,round,536.759999988135,1,single,r_g_15.png,shape,round
134599,,c7fbf674-7151-4b31-9215-b4523cffdc16,1,0Jm2dPzD1617092075729,13,figural_single_1_1,1,,0,round,495.2049999847077,1,single,r_b_01.png,shape,round
134599,,c7fbf674-7151-4b31-9215-b4523cffdc16,1,0Jm2dPzD1617092075729,14,figural_single_1_1,1,,0,angular,523.1700000003912,1,single,e_g_11.png,shape,angular
134599,,c7fbf674-7151-4b31-9215-b4523cffdc16,1,0Jm2dPzD1617092075729,15,figural_single_1_1,1,,0,round,482.4149999767542,1,single,r_b_10.png,shape,round
134599,,c7fbf674-7151-4b31-9215-b4523cffdc16,1,0Jm2dPzD1617092075729,16,figural_single_1_1,1,,0,round,473.599999997532,1,single,r_b_06.png,shape,round
134599,,c7fbf674-7151-4b31-9215-b4523cffdc16,1,0Jm2dPzD1617092075729,17,figural_single_1_1,1,,0,angular,442.48999998671934,1,single,e_g_07.png,shape,angular
134599,,c7fbf674-7151-4b31-9215-b4523cffdc16,1,0Jm2dPzD1617092075729,18,figural_single_1_1,1,,0,angular,522.8899999929126,1,single,e_g_13.png,shape,angular
134599,,c7fbf674-7151-4b31-9215-b4523cffdc16,1,0Jm2dPzD1617092075729,19,figural_single_1_1,1,,0,round,459.6600000222679,1,single,r_g_06.png,shape,round
134599,,c7fbf674-7151-4b31-9215-b4523cffdc16,1,0Jm2dPzD1617092075729,20,figural_single_1_1,1,,0,angular,483.6150000046473,1,single,e_g_16.png,shape,angular
134599,,c7fbf674-7151-4b31-9215-b4523cffdc16,1,0Jm2dPzD1617092075729,21,figural_single_1_1,1,,0,angular,415.3949999890756,1,single,e_b_09.png,shape,angular
134599,,c7fbf674-7151-4b31-9215-b4523cffdc16,1,0Jm2dPzD1617092075729,22,figural_single_1_1,1,,0,angular,604.8749999899883,1,single,e_b_08.png,shape,angular
134599,,c7fbf674-7151-4b31-9215-b4523cffdc16,1,0Jm2dPzD1617092075729,23,figural_single_1_1,1,,0,round,499.4449999940116,1,single,r_b_12.png,shape,round
134599,,c7fbf674-7151-4b31-9215-b4523cffdc16,1,0Jm2dPzD1617092075729,24,figural_single_1_1,1,,0,angular,484.70499998074956,1,single,e_b_10.png,shape,angular
134599,,c7fbf674-7151-4b31-9215-b4523cffdc16,1,0Jm2dPzD1617092075729,25,figural_single_1_1,1,,0,angular,494.9100000085309,1,single,e_b_05.png,shape,angular
134599,,c7fbf674-7151-4b31-9215-b4523cffdc16,1,0Jm2dPzD1617092075729,26,figural_single_1_1,1,,0,angular,427.60500000440516,0,single,r_b_13.png,shape,round
134599,,c7fbf674-7151-4b31-9215-b4523cffdc16,1,0Jm2dPzD1617092075729,27,figural_single_1_1,1,,0,round,653.0600000114646,1,single,r_g_15.png,shape,round
134599,,c7fbf674-7151-4b31-9215-b4523cffdc16,1,0Jm2dPzD1617092075729,28,figural_single_1_1,1,,0,angular,420.910000015283,1,single,e_g_09.png,shape,angular
134599,,c7fbf674-7151-4b31-9215-b4523cffdc16,1,0Jm2dPzD1617092075729,29,figural_single_1_1,1,,0,round,584.3000000168104,1,single,r_g_02.png,shape,round
134599,,c7fbf674-7151-4b31-9215-b4523cffdc16,1,0Jm2dPzD1617092075729,30,figural_single_1_1,1,,0,round,573.6800000013318,1,single,r_b_07.png,shape,round
134599,,c7fbf674-7151-4b31-9215-b4523cffdc16,1,0Jm2dPzD1617092075729,31,figural_single_1_1,1,,0,angular,425.8799999952316,1,single,e_b_06.png,shape,angular
134599,,c7fbf674-7151-4b31-9215-b4523cffdc16,1,0Jm2dPzD1617092075729,32,figural_single_1_1,1,,0,angular,387.89000001270324,0,single,r_b_16.png,shape,round
134599,,c7fbf674-7151-4b31-9215-b4523cffdc16,1,0Jm2dPzD1617092075729,33,figural_single_1_1,1,,0,round,639.5149999880232,1,single,r_b_02.png,shape,round
134599,,c7fbf674-7151-4b31-9215-b4523cffdc16,1,0Jm2dPzD1617092075729,34,figural_single_1_1,1,,0,angular,508.7549999880139,1,single,e_g_06.png,shape,angular
134599,,c7fbf674-7151-4b31-9215-b4523cffdc16,1,0Jm2dPzD1617092075729,35,figural_single_1_1,1,,0,round,508.52499998291023,1,single,r_g_03.png,shape,round
134599,,c7fbf674-7151-4b31-9215-b4523cffdc16,1,0Jm2dPzD1617092075729,36,figural_single_1_1,1,,0,angular,483.25999997905456,1,single,e_g_05.png,shape,angular
134599,,c7fbf674-7151-4b31-9215-b4523cffdc16,1,0Jm2dPzD1617092075729,37,figural_single_1_1,1,,0,angular,907.839999999851,1,single,e_b_13.png,shape,angular
134599,,c7fbf674-7151-4b31-9215-b4523cffdc16,1,0Jm2dPzD1617092075729,38,figural_single_1_1,1,,0,angular,774.9400000029709,1,single,e_g_15.png,shape,angular
134599,,c7fbf674-7151-4b31-9215-b4523cffdc16,1,0Jm2dPzD1617092075729,39,figural_single_1_1,1,,0,angular,450.3950000216719,0,single,r_g_08.png,shape,round
134599,,c7fbf674-7151-4b31-9215-b4523cffdc16,1,0Jm2dPzD1617092075729,40,figural_single_1_1,1,,0,round,619.4850000028964,1,single,r_b_05.png,shape,round
134599,,c7fbf674-7151-4b31-9215-b4523cffdc16,1,0Jm2dPzD1617092075729,41,figural_single_1_1,1,,0,angular,684.305000002496,1,single,e_b_02.png,shape,angular
134599,,c7fbf674-7151-4b31-9215-b4523cffdc16,1,0Jm2dPzD1617092075729,42,figural_single_1_1,1,,0,round,487.0050000026822,0,single,e_g_14.png,shape,angular
134599,,c7fbf674-7151-4b31-9215-b4523cffdc16,1,0Jm2dPzD1617092075729,43,figural_single_1_1,1,,0,round,914.2350000038277,1,single,r_b_03.png,shape,round
134599,,c7fbf674-7151-4b31-9215-b4523cffdc16,1,0Jm2dPzD1617092075729,44,figural_single_1_1,1,,0,angular,409.4899999909103,1,single,e_b_14.png,shape,angular
134599,,c7fbf674-7151-4b31-9215-b4523cffdc16,1,0Jm2dPzD1617092075729,45,figural_single_1_1,1,,0,angular,447.5650000094902,1,single,e_b_04.png,shape,angular
134599,,c7fbf674-7151-4b31-9215-b4523cffdc16,1,0Jm2dPzD1617092075729,46,figural_single_1_1,1,,0,angular,449.6450000151526,1,single,e_b_03.png,shape,angular
134599,,c7fbf674-7151-4b31-9215-b4523cffdc16,1,0Jm2dPzD1617092075729,47,figural_single_1_1,1,,0,round,476.2850000115577,1,single,r_g_16.png,shape,round
134599,,c7fbf674-7151-4b31-9215-b4523cffdc16,1,0Jm2dPzD1617092075729,48,figural_single_1_1,1,,0,angular,428.11999999685213,0,single,r_g_13.png,shape,round
134599,,c7fbf674-7151-4b31-9215-b4523cffdc16,1,0Jm2dPzD1617092075729,49,figural_single_1_1,1,,0,round,610.9749999886844,1,single,r_g_14.png,shape,round
134599,,c7fbf674-7151-4b31-9215-b4523cffdc16,1,0Jm2dPzD1617092075729,50,figural_single_1_1,1,,0,angular,457.55500000086613,1,single,e_g_08.png,shape,angular
134599,,c7fbf674-7151-4b31-9215-b4523cffdc16,1,0Jm2dPzD1617092075729,51,figural_single_1_1,1,,0,round,455.8499999984633,1,single,r_g_09.png,shape,round
134599,,c7fbf674-7151-4b31-9215-b4523cffdc16,1,0Jm2dPzD1617092075729,52,figural_single_1_1,1,,0,angular,580.3399999858811,1,single,e_g_04.png,shape,angular
134599,,c7fbf674-7151-4b31-9215-b4523cffdc16,1,0Jm2dPzD1617092075729,53,figural_single_1_1,1,,0,angular,719.4850000087172,1,single,e_b_15.png,shape,angular
134599,,c7fbf674-7151-4b31-9215-b4523cffdc16,1,0Jm2dPzD1617092075729,54,figural_single_1_1,1,,0,round,751.620000024559,1,single,r_g_04.png,shape,round
134599,,c7fbf674-7151-4b31-9215-b4523cffdc16,1,0Jm2dPzD1617092075729,55,figural_single_1_1,1,,0,angular,476.7400000127964,1,single,e_b_07.png,shape,angular
134599,,c7fbf674-7151-4b31-9215-b4523cffdc16,1,0Jm2dPzD1617092075729,56,figural_single_1_1,1,,0,angular,486.26999999396503,1,single,e_b_16.png,shape,angular
134599,,c7fbf674-7151-4b31-9215-b4523cffdc16,1,0Jm2dPzD1617092075729,57,figural_single_1_1,1,,0,round,1275.9850000147708,1,single,r_b_08.png,shape,round
134599,,c7fbf674-7151-4b31-9215-b4523cffdc16,1,0Jm2dPzD1617092075729,58,figural_single_1_1,1,,0,angular,510.63500001328066,1,single,e_g_12.png,shape,angular
134599,,c7fbf674-7151-4b31-9215-b4523cffdc16,1,0Jm2dPzD1617092075729,59,figural_single_1_1,1,,0,round,541.3600000028964,1,single,r_b_14.png,shape,round
134599,,c7fbf674-7151-4b31-9215-b4523cffdc16,1,0Jm2dPzD1617092075729,60,figural_single_1_1,1,,0,round,582.5049999984913,1,single,r_g_05.png,shape,round
134599,,c7fbf674-7151-4b31-9215-b4523cffdc16,1,0Jm2dPzD1617092075729,61,figural_single_1_1,1,,0,round,520.9699999832083,1,single,r_g_01.png,shape,round
134599,,c7fbf674-7151-4b31-9215-b4523cffdc16,1,0Jm2dPzD1617092075729,62,figural_single_1_1,1,,0,angular,477.9850000049919,1,single,e_g_02.png,shape,angular
134599,,c7fbf674-7151-4b31-9215-b4523cffdc16,1,0Jm2dPzD1617092075729,63,figural_single_1_1,1,,0,angular,441.5700000245124,0,single,r_g_11.png,shape,round
134599,,c7fbf674-7151-4b31-9215-b4523cffdc16,1,0Jm2dPzD1617092075729,64,figural_single_1_1,1,,0,round,595.0799999991432,1,single,r_g_10.png,shape,round
134599,,c7fbf674-7151-4b31-9215-b4523cffdc16,1,0Jm2dPzD1617092075729,65,figural_single_1_1,1,,0,round,534.1100000077859,1,single,r_b_04.png,shape,round
134599,,c7fbf674-7151-4b31-9215-b4523cffdc16,1,0Jm2dPzD1617092075729,66,figural_single_1_1,1,,0,angular,409.4500000064727,1,single,e_g_01.png,shape,angular
134599,,c7fbf674-7151-4b31-9215-b4523cffdc16,1,0Jm2dPzD1617092075729,67,figural_single_1_1,1,,0,round,600.8349999901839,1,single,r_b_09.png,shape,round
134599,,c7fbf674-7151-4b31-9215-b4523cffdc16,1,0Jm2dPzD1617092075729,68,figural_single_1_1,1,,0,round,427.66000001574866,1,single,r_b_15.png,shape,round
134599,,c7fbf674-7151-4b31-9215-b4523cffdc16,1,0Jm2dPzD1617092075729,69,figural_single_1_1,1,,0,round,541.4999999920838,1,single,r_g_07.png,shape,round
134599,,c7fbf674-7151-4b31-9215-b4523cffdc16,1,0Jm2dPzD1617092075729,70,figural_single_1_1,1,,0,angular,534.574999997858,1,single,e_b_01.png,shape,angular
134599,,c7fbf674-7151-4b31-9215-b4523cffdc16,1,0Jm2dPzD1617092075729,71,figural_single_1_1,1,,0,angular,463.0299999844283,1,single,e_b_12.png,shape,angular
134599,,c7fbf674-7151-4b31-9215-b4523cffdc16,1,0Jm2dPzD1617092075729,72,figural_single_1_1,1,,0,angular,430.3399999917019,0,single,r_b_11.png,shape,round
134599,,c7fbf674-7151-4b31-9215-b4523cffdc16,1,0Jm2dPzD1617092075729,73,figural_single_1_1,1,,0,round,646.3999999978114,1,single,r_g_12.png,shape,round
134599,,c7fbf674-7151-4b31-9215-b4523cffdc16,1,0Jm2dPzD1617092075729,74,figural_single_1_1,1,,0,angular,464.14999998523854,1,single,e_g_03.png,shape,angular
134599,,c7fbf674-7151-4b31-9215-b4523cffdc16,1,0Jm2dPzD1617092075729,75,figural_single_1_1,1,,0,round,563.8049999834038,0,single,e_g_10.png,shape,angular
134599,,c7fbf674-7151-4b31-9215-b4523cffdc16,1,0Jm2dPzD1617092075729,76,figural_single_1_1,1,,0,angular,896.999999997206,1,single,e_b_11.png,shape,angular
134599,,c7fbf674-7151-4b31-9215-b4523cffdc16,1,0Jm2dPzD1617092075729,77,figural_single_2_practice,1,,0,blue,1089.4350000016857,1,single,r_b_07.png,color,blue
134599,,c7fbf674-7151-4b31-9215-b4523cffdc16,1,0Jm2dPzD1617092075729,78,figural_single_2_practice,1,,0,green,797.2299999964889,1,single,r_g_09.png,color,green
134599,,c7fbf674-7151-4b31-9215-b4523cffdc16,1,0Jm2dPzD1617092075729,79,figural_single_2_practice,1,,0,green,539.6049999981187,1,single,e_g_04.png,color,green
134599,,c7fbf674-7151-4b31-9215-b4523cffdc16,1,0Jm2dPzD1617092075729,80,figural_single_2_practice,1,,0,blue,443.58500000089407,1,single,r_b_14.png,color,blue
134599,,c7fbf674-7151-4b31-9215-b4523cffdc16,1,0Jm2dPzD1617092075729,81,figural_single_2_practice,1,,0,blue,651.8300000170711,1,single,e_b_06.png,color,blue
134599,,c7fbf674-7151-4b31-9215-b4523cffdc16,1,0Jm2dPzD1617092075729,82,figural_single_2_practice,1,,0,green,494.10000001080334,1,single,e_g_10.png,color,green
134599,,c7fbf674-7151-4b31-9215-b4523cffdc16,1,0Jm2dPzD1617092075729,83,figural_single_2_practice,1,,0,blue,571.2050000147428,1,single,e_b_16.png,color,blue
134599,,c7fbf674-7151-4b31-9215-b4523cffdc16,1,0Jm2dPzD1617092075729,84,figural_single_2_practice,1,,0,green,485.225000011269,1,single,e_g_08.png,color,green
134599,,c7fbf674-7151-4b31-9215-b4523cffdc16,1,0Jm2dPzD1617092075729,85,figural_single_2_practice,1,,0,blue,591.3349999755155,1,single,e_b_02.png,color,blue
134599,,c7fbf674-7151-4b31-9215-b4523cffdc16,1,0Jm2dPzD1617092075729,86,figural_single_2_practice,1,,0,green,376.1600000143517,1,single,r_g_03.png,color,green
134599,,c7fbf674-7151-4b31-9215-b4523cffdc16,1,0Jm2dPzD1617092075729,87,figural_single_2_practice,1,,0,blue,535.8249999990221,1,single,r_b_13.png,color,blue
134599,,c7fbf674-7151-4b31-9215-b4523cffdc16,1,0Jm2dPzD1617092075729,88,figural_single_2_practice,1,,0,green,444.4900000235066,1,single,r_g_01.png,color,green
134599,,c7fbf674-7151-4b31-9215-b4523cffdc16,1,0Jm2dPzD1617092075729,89,figural_single_2_1,1,,0,green,665.3050000022631,1,single,r_g_07.png,color,green
134599,,c7fbf674-7151-4b31-9215-b4523cffdc16,1,0Jm2dPzD1617092075729,90,figural_single_2_1,1,,0,blue,406.8250000127591,1,single,r_b_03.png,color,blue
134599,,c7fbf674-7151-4b31-9215-b4523cffdc16,1,0Jm2dPzD1617092075729,91,figural_single_2_1,1,,0,green,534.8550000053365,1,single,r_g_08.png,color,green
134599,,c7fbf674-7151-4b31-9215-b4523cffdc16,1,0Jm2dPzD1617092075729,92,figural_single_2_1,1,,0,green,445.4400000104215,1,single,e_g_01.png,color,green
134599,,c7fbf674-7151-4b31-9215-b4523cffdc16,1,0Jm2dPzD1617092075729,93,figural_single_2_1,1,,0,green,386.52500000898726,1,single,e_g_09.png,color,green
134599,,c7fbf674-7151-4b31-9215-b4523cffdc16,1,0Jm2dPzD1617092075729,94,figural_single_2_1,1,,0,blue,382.60499999159947,1,single,r_b_08.png,color,blue
134599,,c7fbf674-7151-4b31-9215-b4523cffdc16,1,0Jm2dPzD1617092075729,95,figural_single_2_1,1,,0,blue,452.5150000117719,1,single,e_b_03.png,color,blue
134599,,c7fbf674-7151-4b31-9215-b4523cffdc16,1,0Jm2dPzD1617092075729,96,figural_single_2_1,1,,0,green,460.6649999914225,1,single,e_g_07.png,color,green
134599,,c7fbf674-7151-4b31-9215-b4523cffdc16,1,0Jm2dPzD1617092075729,97,figural_single_2_1,1,,0,blue,469.11499998532236,1,single,e_b_02.png,color,blue
134599,,c7fbf674-7151-4b31-9215-b4523cffdc16,1,0Jm2dPzD1617092075729,98,figural_single_2_1,1,,0,green,412.97500001383014,1,single,e_g_04.png,color,green
134599,,c7fbf674-7151-4b31-9215-b4523cffdc16,1,0Jm2dPzD1617092075729,99,figural_single_2_1,1,,0,green,735.964999999851,1,single,r_g_06.png,color,green
134599,,c7fbf674-7151-4b31-9215-b4523cffdc16,1,0Jm2dPzD1617092075729,100,figural_single_2_1,1,,0,blue,384.2749999894295,1,single,e_b_08.png,color,blue
134599,,c7fbf674-7151-4b31-9215-b4523cffdc16,1,0Jm2dPzD1617092075729,101,figural_single_2_1,1,,0,green,496.2400000076741,1,single,e_g_16.png,color,green
134599,,c7fbf674-7151-4b31-9215-b4523cffdc16,1,0Jm2dPzD1617092075729,102,figural_single_2_1,1,,0,blue,419.5250000047963,1,single,e_b_06.png,color,blue
134599,,c7fbf674-7151-4b31-9215-b4523cffdc16,1,0Jm2dPzD1617092075729,103,figural_single_2_1,1,,0,blue,442.6849999872502,1,single,e_b_04.png,color,blue
134599,,c7fbf674-7151-4b31-9215-b4523cffdc16,1,0Jm2dPzD1617092075729,104,figural_single_2_1,1,,0,green,444.4450000009965,1,single,r_g_10.png,color,green
134599,,c7fbf674-7151-4b31-9215-b4523cffdc16,1,0Jm2dPzD1617092075729,105,figural_single_2_1,1,,0,green,527.3900000029244,0,single,e_b_12.png,color,blue
134599,,c7fbf674-7151-4b31-9215-b4523cffdc16,1,0Jm2dPzD1617092075729,106,figural_single_2_1,1,,0,blue,609.630000020843,1,single,r_b_09.png,color,blue
134599,,c7fbf674-7151-4b31-9215-b4523cffdc16,1,0Jm2dPzD1617092075729,107,figural_single_2_1,1,,0,green,686.2449999898672,1,single,r_g_15.png,color,green
134599,,c7fbf674-7151-4b31-9215-b4523cffdc16,1,0Jm2dPzD1617092075729,108,figural_single_2_1,1,,0,green,476.009999983944,1,single,e_g_08.png,color,green
134599,,c7fbf674-7151-4b31-9215-b4523cffdc16,1,0Jm2dPzD1617092075729,109,figural_single_2_1,1,,0,blue,1206.5500000026077,1,single,e_b_11.png,color,blue
134599,,c7fbf674-7151-4b31-9215-b4523cffdc16,1,0Jm2dPzD1617092075729,110,figural_single_2_1,1,,0,blue,415.2149999863468,1,single,r_b_13.png,color,blue
134599,,c7fbf674-7151-4b31-9215-b4523cffdc16,1,0Jm2dPzD1617092075729,111,figural_single_2_1,1,,0,blue,376.1700000031851,1,single,r_b_12.png,color,blue
134599,,c7fbf674-7151-4b31-9215-b4523cffdc16,1,0Jm2dPzD1617092075729,112,figural_single_2_1,1,,0,blue,398.96500000031665,1,single,r_b_15.png,color,blue
134599,,c7fbf674-7151-4b31-9215-b4523cffdc16,1,0Jm2dPzD1617092075729,113,figural_single_2_1,1,,0,green,436.73000001581386,1,single,e_g_05.png,color,green
134599,,c7fbf674-7151-4b31-9215-b4523cffdc16,1,0Jm2dPzD1617092075729,114,figural_single_2_1,1,,0,green,415.58500000974163,1,single,r_g_12.png,color,green
134599,,c7fbf674-7151-4b31-9215-b4523cffdc16,1,0Jm2dPzD1617092075729,115,figural_single_2_1,1,,0,blue,401.8449999857694,1,single,r_b_02.png,color,blue
134599,,c7fbf674-7151-4b31-9215-b4523cffdc16,1,0Jm2dPzD1617092075729,116,figural_single_2_1,1,,0,blue,435.8899999933783,1,single,r_b_01.png,color,blue
134599,,c7fbf674-7151-4b31-9215-b4523cffdc16,1,0Jm2dPzD1617092075729,117,figural_single_2_1,1,,0,blue,433.56499998481013,1,single,r_b_07.png,color,blue
134599,,c7fbf674-7151-4b31-9215-b4523cffdc16,1,0Jm2dPzD1617092075729,118,figural_single_2_1,1,,0,green,439.7750000061933,1,single,e_g_15.png,color,green
134599,,c7fbf674-7151-4b31-9215-b4523cffdc16,1,0Jm2dPzD1617092075729,119,figural_single_2_1,1,,0,green,372.1650000079535,1,single,e_g_11.png,color,green
134599,,c7fbf674-7151-4b31-9215-b4523cffdc16,1,0Jm2dPzD1617092075729,120,figural_single_2_1,1,,0,blue,410.72000001440756,1,single,e_b_07.png,color,blue
134599,,c7fbf674-7151-4b31-9215-b4523cffdc16,1,0Jm2dPzD1617092075729,121,figural_single_2_1,1,,0,green,384.9050000135321,1,single,r_g_04.png,color,green
134599,,c7fbf674-7151-4b31-9215-b4523cffdc16,1,0Jm2dPzD1617092075729,122,figural_single_2_1,1,,0,green,375.96999999368563,1,single,e_g_02.png,color,green
134599,,c7fbf674-7151-4b31-9215-b4523cffdc16,1,0Jm2dPzD1617092075729,123,figural_single_2_1,1,,0,blue,441.78999998257495,1,single,e_b_01.png,color,blue
134599,,c7fbf674-7151-4b31-9215-b4523cffdc16,1,0Jm2dPzD1617092075729,124,figural_single_2_1,1,,0,blue,705.3050000104122,1,single,r_b_05.png,color,blue
134599,,c7fbf674-7151-4b31-9215-b4523cffdc16,1,0Jm2dPzD1617092075729,125,figural_single_2_1,1,,0,green,405.66499999840744,1,single,e_g_03.png,color,green
134599,,c7fbf674-7151-4b31-9215-b4523cffdc16,1,0Jm2dPzD1617092075729,126,figural_single_2_1,1,,0,blue,493.4149999753572,1,single,r_b_04.png,color,blue
134599,,c7fbf674-7151-4b31-9215-b4523cffdc16,1,0Jm2dPzD1617092075729,127,figural_single_2_1,1,,0,green,405.7299999985844,1,single,e_g_06.png,color,green
134599,,c7fbf674-7151-4b31-9215-b4523cffdc16,1,0Jm2dPzD1617092075729,128,figural_single_2_1,1,,0,green,434.1349999886006,1,single,e_g_12.png,color,green
134599,,c7fbf674-7151-4b31-9215-b4523cffdc16,1,0Jm2dPzD1617092075729,129,figural_single_2_1,1,,0,green,342.160000000149,1,single,r_g_14.png,color,green
134599,,c7fbf674-7151-4b31-9215-b4523cffdc16,1,0Jm2dPzD1617092075729,130,figural_single_2_1,1,,0,blue,381.4249999995809,1,single,e_b_09.png,color,blue
134599,,c7fbf674-7151-4b31-9215-b4523cffdc16,1,0Jm2dPzD1617092075729,131,figural_single_2_1,1,,0,blue,373.90000000596046,1,single,e_b_16.png,color,blue
134599,,c7fbf674-7151-4b31-9215-b4523cffdc16,1,0Jm2dPzD1617092075729,132,figural_single_2_1,1,,0,green,384.7249999816995,1,single,r_g_01.png,color,green
134599,,c7fbf674-7151-4b31-9215-b4523cffdc16,1,0Jm2dPzD1617092075729,133,figural_single_2_1,1,,0,green,425.9400000155438,1,single,r_g_09.png,color,green
134599,,c7fbf674-7151-4b31-9215-b4523cffdc16,1,0Jm2dPzD1617092075729,134,figural_single_2_1,1,,0,green,637.6250000030268,1,single,e_g_13.png,color,green
134599,,c7fbf674-7151-4b31-9215-b4523cffdc16,1,0Jm2dPzD1617092075729,135,figural_single_2_1,1,,0,blue,719.119999994291,1,single,r_b_06.png,color,blue
134599,,c7fbf674-7151-4b31-9215-b4523cffdc16,1,0Jm2dPzD1617092075729,136,figural_single_2_1,1,,0,blue,686.7849999980535,1,single,r_b_14.png,color,blue
134599,,c7fbf674-7151-4b31-9215-b4523cffdc16,1,0Jm2dPzD1617092075729,137,figural_single_2_1,1,,0,green,430.39999998291023,1,single,r_g_05.png,color,green
134599,,c7fbf674-7151-4b31-9215-b4523cffdc16,1,0Jm2dPzD1617092075729,138,figural_single_2_1,1,,0,green,412.2100000095088,1,single,e_g_10.png,color,green
134599,,c7fbf674-7151-4b31-9215-b4523cffdc16,1,0Jm2dPzD1617092075729,139,figural_single_2_1,1,,0,green,339.4350000016857,1,single,r_g_02.png,color,green
134599,,c7fbf674-7151-4b31-9215-b4523cffdc16,1,0Jm2dPzD1617092075729,140,figural_single_2_1,1,,0,blue,405.95500002382323,1,single,e_b_10.png,color,blue
134599,,c7fbf674-7151-4b31-9215-b4523cffdc16,1,0Jm2dPzD1617092075729,141,figural_single_2_1,1,,0,blue,399.5899999863468,1,single,r_b_16.png,color,blue
134599,,c7fbf674-7151-4b31-9215-b4523cffdc16,1,0Jm2dPzD1617092075729,142,figural_single_2_1,1,,0,green,390.67000002251007,1,single,r_g_11.png,color,green
134599,,c7fbf674-7151-4b31-9215-b4523cffdc16,1,0Jm2dPzD1617092075729,143,figural_single_2_1,1,,0,green,348.7150000000838,1,single,r_g_03.png,color,green
134599,,c7fbf674-7151-4b31-9215-b4523cffdc16,1,0Jm2dPzD1617092075729,144,figural_single_2_1,1,,0,blue,358.0000000074506,1,single,e_b_14.png,color,blue
134599,,c7fbf674-7151-4b31-9215-b4523cffdc16,1,0Jm2dPzD1617092075729,145,figural_single_2_1,1,,0,blue,548.4350000042468,1,single,e_b_13.png,color,blue
134599,,c7fbf674-7151-4b31-9215-b4523cffdc16,1,0Jm2dPzD1617092075729,146,figural_single_2_1,1,,0,green,396.840000001248,0,single,r_b_10.png,color,blue
134599,,c7fbf674-7151-4b31-9215-b4523cffdc16,1,0Jm2dPzD1617092075729,147,figural_single_2_1,1,,0,green,659.6699999936391,1,single,e_g_14.png,color,green
134599,,c7fbf674-7151-4b31-9215-b4523cffdc16,1,0Jm2dPzD1617092075729,148,figural_single_2_1,1,,0,blue,456.8149999831803,1,single,e_b_15.png,color,blue
134599,,c7fbf674-7151-4b31-9215-b4523cffdc16,1,0Jm2dPzD1617092075729,149,figural_single_2_1,1,,0,blue,352.1550000004936,1,single,e_b_05.png,color,blue
134599,,c7fbf674-7151-4b31-9215-b4523cffdc16,1,0Jm2dPzD1617092075729,150,figural_single_2_1,1,,0,blue,337.78000000165775,1,single,r_b_11.png,color,blue
134599,,c7fbf674-7151-4b31-9215-b4523cffdc16,1,0Jm2dPzD1617092075729,151,figural_single_2_1,1,,0,green,366.9499999959953,1,single,r_g_13.png,color,green
134599,,c7fbf674-7151-4b31-9215-b4523cffdc16,1,0Jm2dPzD1617092075729,152,figural_single_2_1,1,,0,green,367.80999999609776,1,single,r_g_16.png,color,green
134599,,c7fbf674-7151-4b31-9215-b4523cffdc16,1,0Jm2dPzD1617092075729,153,figural_mixed_practice,1,,0,angular,3267.8650000016205,1,start,e_g_13.png,shape,angular
134599,,c7fbf674-7151-4b31-9215-b4523cffdc16,1,0Jm2dPzD1617092075729,154,figural_mixed_practice,1,,0,angular,1203.4850000054576,1,repetition,e_g_15.png,shape,angular
134599,,c7fbf674-7151-4b31-9215-b4523cffdc16,1,0Jm2dPzD1617092075729,155,figural_mixed_practice,1,,0,blue,1651.465000002645,1,switch,r_b_02.png,color,blue
134599,,c7fbf674-7151-4b31-9215-b4523cffdc16,1,0Jm2dPzD1617092075729,156,figural_mixed_practice,1,,0,green,1162.960000016028,1,repetition,r_g_10.png,color,green
134599,,c7fbf674-7151-4b31-9215-b4523cffdc16,1,0Jm2dPzD1617092075729,157,figural_mixed_practice,1,,0,round,1273.7149999884423,1,switch,r_b_03.png,shape,round
134599,,c7fbf674-7151-4b31-9215-b4523cffdc16,1,0Jm2dPzD1617092075729,158,figural_mixed_practice,1,,0,green,674.5449999871198,0,switch,e_b_11.png,color,blue
134599,,c7fbf674-7151-4b31-9215-b4523cffdc16,1,0Jm2dPzD1617092075729,159,figural_mixed_practice,1,,0,green,1960.094999987632,1,repetition,r_g_06.png,color,green
134599,,c7fbf674-7151-4b31-9215-b4523cffdc16,1,0Jm2dPzD1617092075729,160,figural_mixed_practice,1,,0,round,1075.6549999932759,1,switch,r_b_08.png,shape,round
134599,,c7fbf674-7151-4b31-9215-b4523cffdc16,1,0Jm2dPzD1617092075729,161,figural_mixed_practice,1,,0,angular,1257.610000000568,1,repetition,e_b_12.png,shape,angular
134599,,c7fbf674-7151-4b31-9215-b4523cffdc16,1,0Jm2dPzD1617092075729,162,figural_mixed_practice,1,,0,round,1724.8600000166334,1,repetition,r_g_04.png,shape,round
134599,,c7fbf674-7151-4b31-9215-b4523cffdc16,1,0Jm2dPzD1617092075729,163,figural_mixed_practice,1,,0,blue,1088.8149999955203,1,switch,e_b_01.png,color,blue
134599,,c7fbf674-7151-4b31-9215-b4523cffdc16,1,0Jm2dPzD1617092075729,164,figural_mixed_practice,1,,0,blue,1337.7699999837205,0,repetition,e_g_05.png,color,green
134599,,c7fbf674-7151-4b31-9215-b4523cffdc16,1,0Jm2dPzD1617092075729,165,figural_mixed,1,,0,green,1086.4050000091083,1,start,r_g_12.png,color,green
134599,,c7fbf674-7151-4b31-9215-b4523cffdc16,1,0Jm2dPzD1617092075729,166,figural_mixed,1,,0,green,982.6699999975972,1,repetition,e_g_16.png,color,green
134599,,c7fbf674-7151-4b31-9215-b4523cffdc16,1,0Jm2dPzD1617092075729,167,figural_mixed,1,,0,round,1069.2300000227988,1,switch,r_b_01.png,shape,round
134599,,c7fbf674-7151-4b31-9215-b4523cffdc16,1,0Jm2dPzD1617092075729,168,figural_mixed,1,,0,blue,1327.3550000158139,1,switch,e_b_10.png,color,blue
134599,,c7fbf674-7151-4b31-9215-b4523cffdc16,1,0Jm2dPzD1617092075729,169,figural_mixed,1,,0,round,1368.8449999899603,1,switch,r_g_07.png,shape,round
134599,,c7fbf674-7151-4b31-9215-b4523cffdc16,1,0Jm2dPzD1617092075729,170,figural_mixed,1,,0,round,1261.0249999852385,0,repetition,e_g_16.png,shape,angular
134599,,c7fbf674-7151-4b31-9215-b4523cffdc16,1,0Jm2dPzD1617092075729,171,figural_mixed,1,,0,angular,1555.854999984149,1,repetition,e_b_11.png,shape,angular
134599,,c7fbf674-7151-4b31-9215-b4523cffdc16,1,0Jm2dPzD1617092075729,172,figural_mixed,1,,0,blue,1166.3100000005215,1,switch,e_b_12.png,color,blue
134599,,c7fbf674-7151-4b31-9215-b4523cffdc16,1,0Jm2dPzD1617092075729,173,figural_mixed,1,,0,blue,839.0849999850616,1,repetition,r_b_05.png,color,blue
134599,,c7fbf674-7151-4b31-9215-b4523cffdc16,1,0Jm2dPzD1617092075729,174,figural_mixed,1,,0,angular,1289.8549999808893,1,switch,e_b_15.png,shape,angular
134599,,c7fbf674-7151-4b31-9215-b4523cffdc16,1,0Jm2dPzD1617092075729,175,figural_mixed,1,,0,round,2319.164999993518,1,repetition,r_g_01.png,shape,round
134599,,c7fbf674-7151-4b31-9215-b4523cffdc16,1,0Jm2dPzD1617092075729,176,figural_mixed,1,,0,green,1197.1699999994598,1,switch,r_g_11.png,color,green
134599,,c7fbf674-7151-4b31-9215-b4523cffdc16,1,0Jm2dPzD1617092075729,177,figural_mixed,1,,0,blue,1098.1800000008661,1,repetition,e_b_14.png,color,blue
134599,,c7fbf674-7151-4b31-9215-b4523cffdc16,1,0Jm2dPzD1617092075729,178,figural_mixed,1,,0,green,1453.8400000019465,1,repetition,r_g_05.png,color,green
134599,,c7fbf674-7151-4b31-9215-b4523cffdc16,1,0Jm2dPzD1617092075729,179,figural_mixed,1,,0,angular,1220.4949999868404,1,switch,e_g_09.png,shape,angular
134599,,c7fbf674-7151-4b31-9215-b4523cffdc16,1,0Jm2dPzD1617092075729,180,figural_mixed,1,,0,round,1049.71999998088,1,repetition,r_b_04.png,shape,round
134599,,c7fbf674-7151-4b31-9215-b4523cffdc16,1,0Jm2dPzD1617092075729,181,figural_mixed,1,,0,round,1295.895000017481,1,repetition,r_g_12.png,shape,round
134599,,c7fbf674-7151-4b31-9215-b4523cffdc16,1,0Jm2dPzD1617092075729,182,figural_mixed,1,,0,round,888.6500000080559,1,repetition,r_b_02.png,shape,round
134599,,c7fbf674-7151-4b31-9215-b4523cffdc16,1,0Jm2dPzD1617092075729,183,figural_mixed,1,,0,green,1428.2200000016019,1,switch,r_g_04.png,color,green
134599,,c7fbf674-7151-4b31-9215-b4523cffdc16,1,0Jm2dPzD1617092075729,184,figural_mixed,1,,0,blue,1063.3399999933317,1,repetition,e_b_02.png,color,blue
134599,,c7fbf674-7151-4b31-9215-b4523cffdc16,1,0Jm2dPzD1617092075729,185,figural_mixed,1,,0,blue,912.3299999919254,1,repetition,r_b_16.png,color,blue
134599,,c7fbf674-7151-4b31-9215-b4523cffdc16,1,0Jm2dPzD1617092075729,186,figural_mixed,1,,0,angular,1289.4150000065565,1,switch,e_g_03.png,shape,angular
134599,,c7fbf674-7151-4b31-9215-b4523cffdc16,1,0Jm2dPzD1617092075729,187,figural_mixed,1,,0,blue,1148.7449999840464,1,switch,r_b_10.png,color,blue
134599,,c7fbf674-7151-4b31-9215-b4523cffdc16,1,0Jm2dPzD1617092075729,188,figural_mixed,1,,0,green,1990.8050000085495,1,repetition,e_g_03.png,color,green
134599,,c7fbf674-7151-4b31-9215-b4523cffdc16,1,0Jm2dPzD1617092075729,189,figural_mixed,1,,0,green,1085.5549999978393,1,repetition,r_g_06.png,color,green
134599,,c7fbf674-7151-4b31-9215-b4523cffdc16,1,0Jm2dPzD1617092075729,190,figural_mixed,1,,0,angular,1144.6299999952316,0,switch,r_b_09.png,shape,round
134599,,c7fbf674-7151-4b31-9215-b4523cffdc16,1,0Jm2dPzD1617092075729,191,figural_mixed,1,,0,blue,1814.5849999855272,1,switch,r_b_02.png,color,blue
134599,,c7fbf674-7151-4b31-9215-b4523cffdc16,1,0Jm2dPzD1617092075729,192,figural_mixed,1,,0,green,1378.4600000071805,1,repetition,r_g_01.png,color,green
134599,,c7fbf674-7151-4b31-9215-b4523cffdc16,1,0Jm2dPzD1617092075729,193,figural_mixed,1,,0,angular,1578.030000004219,1,switch,e_g_07.png,shape,angular
134599,,c7fbf674-7151-4b31-9215-b4523cffdc16,1,0Jm2dPzD1617092075729,194,figural_mixed,1,,0,blue,1605.7549999968614,1,switch,r_b_13.png,color,blue
134599,,c7fbf674-7151-4b31-9215-b4523cffdc16,1,0Jm2dPzD1617092075729,195,figural_mixed,1,,0,angular,2794.2200000106823,1,switch,e_b_14.png,shape,angular
134599,,c7fbf674-7151-4b31-9215-b4523cffdc16,1,0Jm2dPzD1617092075729,196,figural_mixed,1,,0,round,1511.1550000146963,1,repetition,r_g_09.png,shape,round
134599,,c7fbf674-7151-4b31-9215-b4523cffdc16,1,0Jm2dPzD1617092075729,197,figural_mixed,1,,0,round,851.120000006631,1,repetition,r_b_11.png,shape,round
134599,,c7fbf674-7151-4b31-9215-b4523cffdc16,1,0Jm2dPzD1617092075729,198,figural_mixed,1,,0,green,1243.6600000073668,1,switch,r_g_07.png,color,green
134599,,c7fbf674-7151-4b31-9215-b4523cffdc16,1,0Jm2dPzD1617092075729,199,figural_mixed,1,,0,angular,1318.154999986291,1,switch,e_b_04.png,shape,angular
134599,,c7fbf674-7151-4b31-9215-b4523cffdc16,1,0Jm2dPzD1617092075729,200,figural_mixed,1,,0,round,3357.2149999963585,1,repetition,r_g_14.png,shape,round
134599,,c7fbf674-7151-4b31-9215-b4523cffdc16,1,0Jm2dPzD1617092075729,201,figural_mixed,1,,0,blue,1619.0700000151992,1,switch,e_b_09.png,color,blue
134599,,c7fbf674-7151-4b31-9215-b4523cffdc16,1,0Jm2dPzD1617092075729,202,figural_mixed,1,,0,angular,1445.4299999924842,1,switch,e_g_10.png,shape,angular
134599,,c7fbf674-7151-4b31-9215-b4523cffdc16,1,0Jm2dPzD1617092075729,203,figural_mixed,1,,0,green,1207.5499999918975,1,switch,r_g_15.png,color,green
134599,,c7fbf674-7151-4b31-9215-b4523cffdc16,1,0Jm2dPzD1617092075729,204,figural_mixed,1,,0,green,992.4100000062026,1,repetition,e_g_14.png,color,green
134599,,c7fbf674-7151-4b31-9215-b4523cffdc16,1,0Jm2dPzD1617092075729,205,figural_mixed,1,,0,blue,1780.7000000029802,1,repetition,r_b_07.png,color,blue
134599,,c7fbf674-7151-4b31-9215-b4523cffdc16,1,0Jm2dPzD1617092075729,206,figural_mixed,1,,0,blue,803.9900000148918,1,repetition,r_b_09.png,color,blue
134599,,c7fbf674-7151-4b31-9215-b4523cffdc16,1,0Jm2dPzD1617092075729,207,figural_mixed,1,,0,angular,1018.1250000023283,1,switch,e_g_14.png,shape,angular
134599,,c7fbf674-7151-4b31-9215-b4523cffdc16,1,0Jm2dPzD1617092075729,208,figural_mixed,1,,0,angular,865.0149999884889,1,repetition,e_g_13.png,shape,angular
134599,,c7fbf674-7151-4b31-9215-b4523cffdc16,1,0Jm2dPzD1617092075729,209,figural_mixed,1,,0,blue,1172.5399999995716,1,switch,e_b_04.png,color,blue
134599,,c7fbf674-7151-4b31-9215-b4523cffdc16,1,0Jm2dPzD1617092075729,210,figural_mixed,1,,0,green,1776.56000002753,1,repetition,e_g_10.png,color,green
134599,,c7fbf674-7151-4b31-9215-b4523cffdc16,1,0Jm2dPzD1617092075729,211,figural_mixed,1,,0,green,1120.9000000089873,1,repetition,e_g_04.png,color,green
134599,,c7fbf674-7151-4b31-9215-b4523cffdc16,1,0Jm2dPzD1617092075729,212,figural_mixed,1,,0,angular,1097.4650000280235,1,switch,e_b_07.png,shape,angular
134599,,c7fbf674-7151-4b31-9215-b4523cffdc16,1,0Jm2dPzD1617092075729,213,figural_mixed,1,,0,round,965.3849999886006,1,repetition,r_g_11.png,shape,round
134599,,c7fbf674-7151-4b31-9215-b4523cffdc16,1,0Jm2dPzD1617092075729,214,figural_mixed,1,,0,round,806.3149999943562,1,repetition,r_g_04.png,shape,round
134599,,c7fbf674-7151-4b31-9215-b4523cffdc16,1,0Jm2dPzD1617092075729,215,figural_mixed,1,,0,angular,912.7099999750499,1,repetition,e_g_15.png,shape,angular
134599,,c7fbf674-7151-4b31-9215-b4523cffdc16,1,0Jm2dPzD1617092075729,216,figural_mixed,1,,0,green,1773.1649999914225,1,switch,e_g_11.png,color,green
134599,,c7fbf674-7151-4b31-9215-b4523cffdc16,1,0Jm2dPzD1617092075729,217,figural_mixed,1,,0,round,1469.97000000556,1,switch,r_g_08.png,shape,round
134599,,c7fbf674-7151-4b31-9215-b4523cffdc16,1,0Jm2dPzD1617092075729,218,figural_mixed,1,,0,round,845.4600000113714,1,repetition,r_g_10.png,shape,round
134599,,c7fbf674-7151-4b31-9215-b4523cffdc16,1,0Jm2dPzD1617092075729,219,figural_mixed,1,,0,green,1008.0599999928381,1,switch,e_g_15.png,color,green
134599,,c7fbf674-7151-4b31-9215-b4523cffdc16,1,0Jm2dPzD1617092075729,220,figural_mixed,1,,0,green,847.8250000043772,1,repetition,r_g_02.png,color,green
134599,,c7fbf674-7151-4b31-9215-b4523cffdc16,1,0Jm2dPzD1617092075729,221,figural_mixed,1,,0,angular,2206.2499999883585,1,switch,e_b_01.png,shape,angular
134599,,c7fbf674-7151-4b31-9215-b4523cffdc16,1,0Jm2dPzD1617092075729,222,figural_mixed,1,,0,blue,975.3700000001118,1,switch,e_b_15.png,color,blue
134599,,c7fbf674-7151-4b31-9215-b4523cffdc16,1,0Jm2dPzD1617092075729,223,figural_mixed,1,,0,blue,865.845000022091,1,repetition,e_b_03.png,color,blue
134599,,c7fbf674-7151-4b31-9215-b4523cffdc16,1,0Jm2dPzD1617092075729,224,figural_mixed,1,,0,blue,844.2999999970198,1,repetition,e_b_01.png,color,blue
134599,,c7fbf674-7151-4b31-9215-b4523cffdc16,1,0Jm2dPzD1617092075729,225,figural_mixed,1,,0,round,1427.8250000206754,1,switch,r_g_02.png,shape,round
134599,,c7fbf674-7151-4b31-9215-b4523cffdc16,1,0Jm2dPzD1617092075729,226,figural_mixed,1,,0,green,1208.424999989802,1,switch,e_g_05.png,color,green
134599,,c7fbf674-7151-4b31-9215-b4523cffdc16,1,0Jm2dPzD1617092075729,227,figural_mixed,1,,0,round,2172.870000009425,1,switch,r_b_06.png,shape,round
134599,,c7fbf674-7151-4b31-9215-b4523cffdc16,1,0Jm2dPzD1617092075729,228,figural_mixed,1,,0,blue,1276.724999974249,0,switch,e_g_08.png,color,green
134599,,c7fbf674-7151-4b31-9215-b4523cffdc16,1,0Jm2dPzD1617092075729,229,figural_mixed,1,,0,green,1846.5599999763072,1,repetition,e_g_02.png,color,green
134599,,c7fbf674-7151-4b31-9215-b4523cffdc16,1,0Jm2dPzD1617092075729,230,figural_mixed,1,,0,blue,933.3800000022165,1,repetition,e_b_06.png,color,blue
134599,,c7fbf674-7151-4b31-9215-b4523cffdc16,1,0Jm2dPzD1617092075729,231,figural_mixed,1,,0,angular,1900.419999990845,1,switch,e_b_08.png,shape,angular
134599,,c7fbf674-7151-4b31-9215-b4523cffdc16,1,0Jm2dPzD1617092075729,232,figural_mixed,1,,0,green,926.2649999873247,1,switch,r_g_09.png,color,green
134599,,c7fbf674-7151-4b31-9215-b4523cffdc16,1,0Jm2dPzD1617092075729,233,figural_mixed,1,,0,blue,918.3449999836739,1,repetition,e_b_13.png,color,blue
134599,,c7fbf674-7151-4b31-9215-b4523cffdc16,1,0Jm2dPzD1617092075729,234,figural_mixed,1,,0,round,834.0700000117067,1,switch,r_b_10.png,shape,round
134599,,c7fbf674-7151-4b31-9215-b4523cffdc16,1,0Jm2dPzD1617092075729,235,figural_mixed,1,,0,round,883.7099999946076,1,repetition,r_b_13.png,shape,round
134599,,c7fbf674-7151-4b31-9215-b4523cffdc16,1,0Jm2dPzD1617092075729,236,figural_mixed,1,,0,blue,2296.6299999970943,1,switch,e_b_11.png,color,blue
134599,,c7fbf674-7151-4b31-9215-b4523cffdc16,1,0Jm2dPzD1617092075729,237,figural_mixed,1,,0,green,1190.7899999932852,1,repetition,r_g_08.png,color,green
134599,,c7fbf674-7151-4b31-9215-b4523cffdc16,1,0Jm2dPzD1617092075729,238,figural_mixed,1,,0,angular,1743.4500000090338,1,switch,e_b_10.png,shape,angular
134599,,c7fbf674-7151-4b31-9215-b4523cffdc16,1,0Jm2dPzD1617092075729,239,figural_mixed,1,,0,angular,1256.9599999987986,1,repetition,e_g_06.png,shape,angular
134599,,c7fbf674-7151-4b31-9215-b4523cffdc16,1,0Jm2dPzD1617092075729,240,figural_mixed,1,,0,angular,1153.0449999845587,1,repetition,e_g_11.png,shape,angular
134599,,c7fbf674-7151-4b31-9215-b4523cffdc16,1,0Jm2dPzD1617092075729,241,figural_mixed,1,,0,round,928.0849999922793,1,repetition,r_b_07.png,shape,round
134599,,c7fbf674-7151-4b31-9215-b4523cffdc16,1,0Jm2dPzD1617092075729,242,figural_mixed,1,,0,blue,1003.4950000117533,1,switch,r_b_06.png,color,blue
134599,,c7fbf674-7151-4b31-9215-b4523cffdc16,1,0Jm2dPzD1617092075729,243,figural_mixed,1,,0,green,802.7949999959674,0,repetition,e_b_07.png,color,blue
134599,,c7fbf674-7151-4b31-9215-b4523cffdc16,1,0Jm2dPzD1617092075729,244,figural_mixed,1,,0,blue,1632.034999987809,1,repetition,r_b_14.png,color,blue
134599,,c7fbf674-7151-4b31-9215-b4523cffdc16,1,0Jm2dPzD1617092075729,245,figural_mixed,1,,0,green,857.6349999930244,1,repetition,r_g_16.png,color,green
134599,,c7fbf674-7151-4b31-9215-b4523cffdc16,1,0Jm2dPzD1617092075729,246,figural_mixed,1,,0,angular,1095.1249999925494,1,switch,e_b_09.png,shape,angular
134599,,c7fbf674-7151-4b31-9215-b4523cffdc16,1,0Jm2dPzD1617092075729,247,figural_mixed,1,,0,round,1460.5549999978393,1,repetition,r_g_05.png,shape,round
134599,,c7fbf674-7151-4b31-9215-b4523cffdc16,1,0Jm2dPzD1617092075729,248,figural_mixed,1,,0,angular,801.1149999802001,1,repetition,e_b_12.png,shape,angular
134599,,c7fbf674-7151-4b31-9215-b4523cffdc16,1,0Jm2dPzD1617092075729,249,figural_mixed,1,,0,blue,914.5650000136811,1,switch,e_b_05.png,color,blue
134599,,c7fbf674-7151-4b31-9215-b4523cffdc16,1,0Jm2dPzD1617092075729,250,figural_mixed,1,,0,round,1311.2099999852944,1,switch,r_g_06.png,shape,round
134599,,c7fbf674-7151-4b31-9215-b4523cffdc16,1,0Jm2dPzD1617092075729,251,figural_mixed,1,,0,blue,1390.4199999815319,1,switch,e_b_16.png,color,blue
134599,,c7fbf674-7151-4b31-9215-b4523cffdc16,1,0Jm2dPzD1617092075729,252,figural_mixed,1,,0,green,1015.4050000128336,1,repetition,r_g_13.png,color,green
134599,,c7fbf674-7151-4b31-9215-b4523cffdc16,1,0Jm2dPzD1617092075729,253,figural_mixed,1,,0,angular,1336.5500000072643,1,switch,e_g_02.png,shape,angular
134599,,c7fbf674-7151-4b31-9215-b4523cffdc16,1,0Jm2dPzD1617092075729,254,figural_mixed,1,,0,round,1368.335000006482,1,repetition,r_b_03.png,shape,round
134599,,c7fbf674-7151-4b31-9215-b4523cffdc16,1,0Jm2dPzD1617092075729,255,figural_mixed,1,,0,round,1508.719999983441,1,repetition,r_b_14.png,shape,round
134599,,c7fbf674-7151-4b31-9215-b4523cffdc16,1,0Jm2dPzD1617092075729,256,figural_mixed,1,,0,angular,853.8600000028964,1,repetition,e_g_12.png,shape,angular
134599,,c7fbf674-7151-4b31-9215-b4523cffdc16,1,0Jm2dPzD1617092075729,257,figural_mixed,1,,0,blue,820.7249999977648,1,switch,r_b_04.png,color,blue
134599,,c7fbf674-7151-4b31-9215-b4523cffdc16,1,0Jm2dPzD1617092075729,258,figural_mixed,1,,0,angular,2228.8450000050943,0,switch,r_g_15.png,shape,round
134599,,c7fbf674-7151-4b31-9215-b4523cffdc16,1,0Jm2dPzD1617092075729,259,figural_mixed,1,,0,angular,2075.6949999777135,1,repetition,e_g_08.png,shape,angular
134599,,c7fbf674-7151-4b31-9215-b4523cffdc16,1,0Jm2dPzD1617092075729,260,figural_mixed,1,,0,round,954.3850000191014,1,repetition,r_b_16.png,shape,round
134599,,c7fbf674-7151-4b31-9215-b4523cffdc16,1,0Jm2dPzD1617092075729,261,figural_mixed,1,,0,green,1007.0750000013504,1,switch,r_g_10.png,color,green
134599,,c7fbf674-7151-4b31-9215-b4523cffdc16,1,0Jm2dPzD1617092075729,262,figural_mixed,1,,0,green,1267.920000012964,1,repetition,e_g_06.png,color,green
134599,,c7fbf674-7151-4b31-9215-b4523cffdc16,1,0Jm2dPzD1617092075729,263,figural_mixed,1,,0,round,1193.6850000056438,1,switch,r_g_13.png,shape,round
134599,,c7fbf674-7151-4b31-9215-b4523cffdc16,1,0Jm2dPzD1617092075729,264,figural_mixed,1,,0,blue,1942.0300000056159,1,switch,r_b_03.png,color,blue
134599,,c7fbf674-7151-4b31-9215-b4523cffdc16,1,0Jm2dPzD1617092075729,265,figural_mixed,1,,0,angular,1129.8799999931362,1,switch,e_b_02.png,shape,angular
134599,,c7fbf674-7151-4b31-9215-b4523cffdc16,1,0Jm2dPzD1617092075729,266,figural_mixed,1,,0,angular,791.2950000027195,1,repetition,e_b_03.png,shape,angular
134599,,c7fbf674-7151-4b31-9215-b4523cffdc16,1,0Jm2dPzD1617092075729,267,figural_mixed,1,,0,green,1229.6150000183843,1,switch,e_g_07.png,color,green
134599,,c7fbf674-7151-4b31-9215-b4523cffdc16,1,0Jm2dPzD1617092075729,268,figural_mixed,1,,0,blue,1105.5649999761954,1,repetition,r_b_08.png,color,blue
134599,,c7fbf674-7151-4b31-9215-b4523cffdc16,1,0Jm2dPzD1617092075729,269,figural_mixed,1,,0,blue,741.4500000013504,1,repetition,r_b_01.png,color,blue
134599,,c7fbf674-7151-4b31-9215-b4523cffdc16,1,0Jm2dPzD1617092075729,270,figural_mixed,1,,0,angular,1978.4199999994598,1,switch,e_b_05.png,shape,angular
134599,,c7fbf674-7151-4b31-9215-b4523cffdc16,1,0Jm2dPzD1617092075729,271,figural_mixed,1,,0,green,1157.0300000021234,1,switch,r_g_16.png,color,green
134599,,c7fbf674-7151-4b31-9215-b4523cffdc16,1,0Jm2dPzD1617092075729,272,figural_mixed,1,,0,angular,945.3149999899324,1,switch,e_g_04.png,shape,angular
134599,,c7fbf674-7151-4b31-9215-b4523cffdc16,1,0Jm2dPzD1617092075729,273,figural_mixed,1,,0,round,904.179999983171,1,repetition,r_b_05.png,shape,round
134599,,c7fbf674-7151-4b31-9215-b4523cffdc16,1,0Jm2dPzD1617092075729,274,figural_mixed,1,,0,round,943.4199999959674,1,repetition,r_g_03.png,shape,round
134599,,c7fbf674-7151-4b31-9215-b4523cffdc16,1,0Jm2dPzD1617092075729,275,figural_mixed,1,,0,blue,1458.924999984447,1,switch,r_b_15.png,color,blue
134599,,c7fbf674-7151-4b31-9215-b4523cffdc16,1,0Jm2dPzD1617092075729,276,figural_mixed,1,,0,green,1148.0250000022352,1,repetition,r_g_14.png,color,green
134599,,c7fbf674-7151-4b31-9215-b4523cffdc16,1,0Jm2dPzD1617092075729,277,figural_mixed,1,,0,angular,1426.3250000076368,1,switch,e_g_01.png,shape,angular
134599,,c7fbf674-7151-4b31-9215-b4523cffdc16,1,0Jm2dPzD1617092075729,278,figural_mixed,1,,0,round,2441.38999999268,1,repetition,r_b_15.png,shape,round
134599,,c7fbf674-7151-4b31-9215-b4523cffdc16,1,0Jm2dPzD1617092075729,279,figural_mixed,1,,0,round,999.2050000000745,1,repetition,r_b_08.png,shape,round
134599,,c7fbf674-7151-4b31-9215-b4523cffdc16,1,0Jm2dPzD1617092075729,280,figural_mixed,1,,0,green,1092.2199999913573,1,switch,e_g_12.png,color,green
134599,,c7fbf674-7151-4b31-9215-b4523cffdc16,1,0Jm2dPzD1617092075729,281,figural_mixed,1,,0,angular,1517.0400000060908,1,switch,e_b_13.png,shape,angular
134599,,c7fbf674-7151-4b31-9215-b4523cffdc16,1,0Jm2dPzD1617092075729,282,figural_mixed,1,,0,green,2872.8049999917857,1,switch,r_g_03.png,color,green
134599,,c7fbf674-7151-4b31-9215-b4523cffdc16,1,0Jm2dPzD1617092075729,283,figural_mixed,1,,0,blue,867.8799999761395,1,repetition,r_b_12.png,color,blue
134599,,c7fbf674-7151-4b31-9215-b4523cffdc16,1,0Jm2dPzD1617092075729,284,figural_mixed,1,,0,angular,1036.9150000042282,1,switch,e_b_06.png,shape,angular
134599,,c7fbf674-7151-4b31-9215-b4523cffdc16,1,0Jm2dPzD1617092075729,285,figural_mixed,1,,0,angular,2289.1449999879114,1,repetition,e_g_05.png,shape,angular
134599,,c7fbf674-7151-4b31-9215-b4523cffdc16,1,0Jm2dPzD1617092075729,286,figural_mixed,1,,0,blue,1012.3749999911524,1,switch,r_b_11.png,color,blue
134599,,c7fbf674-7151-4b31-9215-b4523cffdc16,1,0Jm2dPzD1617092075729,287,figural_mixed,1,,0,angular,1495.4349999898113,1,switch,e_b_16.png,shape,angular
134599,,c7fbf674-7151-4b31-9215-b4523cffdc16,1,0Jm2dPzD1617092075729,288,figural_mixed,1,,0,blue,967.0200000109617,0,switch,e_g_01.png,color,green
134599,,c7fbf674-7151-4b31-9215-b4523cffdc16,1,0Jm2dPzD1617092075729,289,figural_mixed,1,,0,green,1661.0450000152923,1,repetition,e_g_13.png,color,green
134599,,c7fbf674-7151-4b31-9215-b4523cffdc16,1,0Jm2dPzD1617092075729,290,figural_mixed,1,,0,round,914.4500000111293,1,switch,r_b_12.png,shape,round
134599,,c7fbf674-7151-4b31-9215-b4523cffdc16,1,0Jm2dPzD1617092075729,291,figural_mixed,1,,0,blue,1345.46500002034,1,switch,e_b_08.png,color,blue
134599,,c7fbf674-7151-4b31-9215-b4523cffdc16,1,0Jm2dPzD1617092075729,292,figural_mixed,1,,0,green,1265.625,1,repetition,e_g_09.png,color,green
134599,,c7fbf674-7151-4b31-9215-b4523cffdc16,1,0Jm2dPzD1617092075729,293,figural_mixed,1,,0,green,1009.7999999998137,1,repetition,r_g_12.png,color,green
134599,,c7fbf674-7151-4b31-9215-b4523cffdc16,1,0Jm2dPzD1617092075729,294,figural_single_2_2,1,,0,blue,676.5650000015739,1,single,e_b_01.png,color,blue
134599,,c7fbf674-7151-4b31-9215-b4523cffdc16,1,0Jm2dPzD1617092075729,295,figural_single_2_2,1,,0,blue,710.3249999927357,1,single,r_b_03.png,color,blue
134599,,c7fbf674-7151-4b31-9215-b4523cffdc16,1,0Jm2dPzD1617092075729,296,figural_single_2_2,1,,0,green,822.1149999881163,1,single,e_g_01.png,color,green
134599,,c7fbf674-7151-4b31-9215-b4523cffdc16,1,0Jm2dPzD1617092075729,297,figural_single_2_2,1,,0,green,741.6149999771733,1,single,e_g_13.png,color,green
134599,,c7fbf674-7151-4b31-9215-b4523cffdc16,1,0Jm2dPzD1617092075729,298,figural_single_2_2,1,,0,blue,706.9250000058673,1,single,r_b_16.png,color,blue
134599,,c7fbf674-7151-4b31-9215-b4523cffdc16,1,0Jm2dPzD1617092075729,299,figural_single_2_2,1,,0,blue,552.9500000120606,1,single,r_b_07.png,color,blue
134599,,c7fbf674-7151-4b31-9215-b4523cffdc16,1,0Jm2dPzD1617092075729,300,figural_single_2_2,1,,0,green,622.8600000031292,1,single,r_g_08.png,color,green
134599,,c7fbf674-7151-4b31-9215-b4523cffdc16,1,0Jm2dPzD1617092075729,301,figural_single_2_2,1,,0,blue,564.4099999917671,1,single,r_b_09.png,color,blue
134599,,c7fbf674-7151-4b31-9215-b4523cffdc16,1,0Jm2dPzD1617092075729,302,figural_single_2_2,1,,0,green,574.3850000144448,1,single,r_g_02.png,color,green
134599,,c7fbf674-7151-4b31-9215-b4523cffdc16,1,0Jm2dPzD1617092075729,303,figural_single_2_2,1,,0,green,526.1899999750312,1,single,r_g_12.png,color,green
134599,,c7fbf674-7151-4b31-9215-b4523cffdc16,1,0Jm2dPzD1617092075729,304,figural_single_2_2,1,,0,blue,482.3599999945145,1,single,e_b_08.png,color,blue
134599,,c7fbf674-7151-4b31-9215-b4523cffdc16,1,0Jm2dPzD1617092075729,305,figural_single_2_2,1,,0,green,447.5650000094902,1,single,r_g_04.png,color,green
134599,,c7fbf674-7151-4b31-9215-b4523cffdc16,1,0Jm2dPzD1617092075729,306,figural_single_2_2,1,,0,blue,463.4950000036042,1,single,e_b_03.png,color,blue
134599,,c7fbf674-7151-4b31-9215-b4523cffdc16,1,0Jm2dPzD1617092075729,307,figural_single_2_2,1,,0,blue,411.14999999990687,1,single,e_b_11.png,color,blue
134599,,c7fbf674-7151-4b31-9215-b4523cffdc16,1,0Jm2dPzD1617092075729,308,figural_single_2_2,1,,0,blue,465.44999998877756,1,single,r_b_14.png,color,blue
134599,,c7fbf674-7151-4b31-9215-b4523cffdc16,1,0Jm2dPzD1617092075729,309,figural_single_2_2,1,,0,green,572.0100000035018,1,single,e_g_07.png,color,green
134599,,c7fbf674-7151-4b31-9215-b4523cffdc16,1,0Jm2dPzD1617092075729,310,figural_single_2_2,1,,0,blue,528.0250000068918,1,single,r_b_13.png,color,blue
134599,,c7fbf674-7151-4b31-9215-b4523cffdc16,1,0Jm2dPzD1617092075729,311,figural_single_2_2,1,,0,green,434.5150000008289,1,single,e_g_16.png,color,green
134599,,c7fbf674-7151-4b31-9215-b4523cffdc16,1,0Jm2dPzD1617092075729,312,figural_single_2_2,1,,0,blue,470.965000014985,1,single,e_b_14.png,color,blue
134599,,c7fbf674-7151-4b31-9215-b4523cffdc16,1,0Jm2dPzD1617092075729,313,figural_single_2_2,1,,0,green,466.84999999706633,1,single,e_g_12.png,color,green
134599,,c7fbf674-7151-4b31-9215-b4523cffdc16,1,0Jm2dPzD1617092075729,314,figural_single_2_2,1,,0,green,572.7400000032503,1,single,r_g_07.png,color,green
134599,,c7fbf674-7151-4b31-9215-b4523cffdc16,1,0Jm2dPzD1617092075729,315,figural_single_2_2,1,,0,blue,412.62499999720603,1,single,e_b_15.png,color,blue
134599,,c7fbf674-7151-4b31-9215-b4523cffdc16,1,0Jm2dPzD1617092075729,316,figural_single_2_2,1,,0,blue,390.02000002074055,1,single,e_b_05.png,color,blue
134599,,c7fbf674-7151-4b31-9215-b4523cffdc16,1,0Jm2dPzD1617092075729,317,figural_single_2_2,1,,0,green,426.68000000412576,1,single,r_g_15.png,color,green
134599,,c7fbf674-7151-4b31-9215-b4523cffdc16,1,0Jm2dPzD1617092075729,318,figural_single_2_2,1,,0,blue,456.5149999980349,1,single,r_b_06.png,color,blue
134599,,c7fbf674-7151-4b31-9215-b4523cffdc16,1,0Jm2dPzD1617092075729,319,figural_single_2_2,1,,0,green,392.70500000566244,1,single,e_g_02.png,color,green
134599,,c7fbf674-7151-4b31-9215-b4523cffdc16,1,0Jm2dPzD1617092075729,320,figural_single_2_2,1,,0,green,462.5700000033248,1,single,r_g_16.png,color,green
134599,,c7fbf674-7151-4b31-9215-b4523cffdc16,1,0Jm2dPzD1617092075729,321,figural_single_2_2,1,,0,blue,373.84499999461696,1,single,e_b_10.png,color,blue
134599,,c7fbf674-7151-4b31-9215-b4523cffdc16,1,0Jm2dPzD1617092075729,322,figural_single_2_2,1,,0,green,379.15000002249144,1,single,e_g_05.png,color,green
134599,,c7fbf674-7151-4b31-9215-b4523cffdc16,1,0Jm2dPzD1617092075729,323,figural_single_2_2,1,,0,green,426.08500001369976,1,single,e_g_03.png,color,green
134599,,c7fbf674-7151-4b31-9215-b4523cffdc16,1,0Jm2dPzD1617092075729,324,figural_single_2_2,1,,0,green,329.83999999123625,1,single,e_g_11.png,color,green
134599,,c7fbf674-7151-4b31-9215-b4523cffdc16,1,0Jm2dPzD1617092075729,325,figural_single_2_2,1,,0,blue,406.4850000140723,1,single,r_b_15.png,color,blue
134599,,c7fbf674-7151-4b31-9215-b4523cffdc16,1,0Jm2dPzD1617092075729,326,figural_single_2_2,1,,0,blue,383.6050000099931,1,single,e_b_02.png,color,blue
134599,,c7fbf674-7151-4b31-9215-b4523cffdc16,1,0Jm2dPzD1617092075729,327,figural_single_2_2,1,,0,blue,405.68500000517815,1,single,r_b_08.png,color,blue
134599,,c7fbf674-7151-4b31-9215-b4523cffdc16,1,0Jm2dPzD1617092075729,328,figural_single_2_2,1,,0,green,444.59999998798594,1,single,e_g_06.png,color,green
134599,,c7fbf674-7151-4b31-9215-b4523cffdc16,1,0Jm2dPzD1617092075729,329,figural_single_2_2,1,,0,blue,354.749999998603,1,single,e_b_16.png,color,blue
134599,,c7fbf674-7151-4b31-9215-b4523cffdc16,1,0Jm2dPzD1617092075729,330,figural_single_2_2,1,,0,blue,385.5299999995623,1,single,e_b_06.png,color,blue
134599,,c7fbf674-7151-4b31-9215-b4523cffdc16,1,0Jm2dPzD1617092075729,331,figural_single_2_2,1,,0,green,409.81000001193024,1,single,r_g_09.png,color,green
134599,,c7fbf674-7151-4b31-9215-b4523cffdc16,1,0Jm2dPzD1617092075729,332,figural_single_2_2,1,,0,green,374.630000005709,1,single,e_g_10.png,color,green
134599,,c7fbf674-7151-4b31-9215-b4523cffdc16,1,0Jm2dPzD1617092075729,333,figural_single_2_2,1,,0,blue,379.80500000412576,1,single,e_b_12.png,color,blue
134599,,c7fbf674-7151-4b31-9215-b4523cffdc16,1,0Jm2dPzD1617092075729,334,figural_single_2_2,1,,0,green,466.0499999881722,1,single,r_g_11.png,color,green
134599,,c7fbf674-7151-4b31-9215-b4523cffdc16,1,0Jm2dPzD1617092075729,335,figural_single_2_2,1,,0,green,347.524999990128,1,single,r_g_06.png,color,green
134599,,c7fbf674-7151-4b31-9215-b4523cffdc16,1,0Jm2dPzD1617092075729,336,figural_single_2_2,1,,0,green,286.9000000064261,1,single,e_g_04.png,color,green
134599,,c7fbf674-7151-4b31-9215-b4523cffdc16,1,0Jm2dPzD1617092075729,337,figural_single_2_2,1,,0,blue,389.885000011418,1,single,r_b_01.png,color,blue
134599,,c7fbf674-7151-4b31-9215-b4523cffdc16,1,0Jm2dPzD1617092075729,338,figural_single_2_2,1,,0,green,554.9399999727029,1,single,r_g_03.png,color,green
134599,,c7fbf674-7151-4b31-9215-b4523cffdc16,1,0Jm2dPzD1617092075729,339,figural_single_2_2,1,,0,blue,551.9199999980628,1,single,e_b_04.png,color,blue
134599,,c7fbf674-7151-4b31-9215-b4523cffdc16,1,0Jm2dPzD1617092075729,340,figural_single_2_2,1,,0,blue,340.8999999810476,1,single,r_b_12.png,color,blue
134599,,c7fbf674-7151-4b31-9215-b4523cffdc16,1,0Jm2dPzD1617092075729,341,figural_single_2_2,1,,0,green,379.19499998679385,1,single,r_g_13.png,color,green
134599,,c7fbf674-7151-4b31-9215-b4523cffdc16,1,0Jm2dPzD1617092075729,342,figural_single_2_2,1,,0,blue,360.7849999971222,1,single,r_b_02.png,color,blue
134599,,c7fbf674-7151-4b31-9215-b4523cffdc16,1,0Jm2dPzD1617092075729,343,figural_single_2_2,1,,0,green,979.5499999891035,1,single,e_g_09.png,color,green
134599,,c7fbf674-7151-4b31-9215-b4523cffdc16,1,0Jm2dPzD1617092075729,344,figural_single_2_2,1,,0,green,354.7799999942072,1,single,e_g_15.png,color,green
134599,,c7fbf674-7151-4b31-9215-b4523cffdc16,1,0Jm2dPzD1617092075729,345,figural_single_2_2,1,,0,green,295.34500002046116,1,single,e_g_08.png,color,green
134599,,c7fbf674-7151-4b31-9215-b4523cffdc16,1,0Jm2dPzD1617092075729,346,figural_single_2_2,1,,0,blue,381.7599999892991,1,single,r_b_05.png,color,blue
134599,,c7fbf674-7151-4b31-9215-b4523cffdc16,1,0Jm2dPzD1617092075729,347,figural_single_2_2,1,,0,green,477.6350000174716,1,single,r_g_14.png,color,green
134599,,c7fbf674-7151-4b31-9215-b4523cffdc16,1,0Jm2dPzD1617092075729,348,figural_single_2_2,1,,0,blue,463.7499999953434,1,single,r_b_04.png,color,blue
134599,,c7fbf674-7151-4b31-9215-b4523cffdc16,1,0Jm2dPzD1617092075729,349,figural_single_2_2,1,,0,green,437.3199999972712,1,single,r_g_10.png,color,green
134599,,c7fbf674-7151-4b31-9215-b4523cffdc16,1,0Jm2dPzD1617092075729,350,figural_single_2_2,1,,0,green,354.7850000031758,1,single,r_g_01.png,color,green
134599,,c7fbf674-7151-4b31-9215-b4523cffdc16,1,0Jm2dPzD1617092075729,351,figural_single_2_2,1,,0,blue,502.74999998509884,1,single,r_b_11.png,color,blue
134599,,c7fbf674-7151-4b31-9215-b4523cffdc16,1,0Jm2dPzD1617092075729,352,figural_single_2_2,1,,0,green,638.520000007702,1,single,r_g_05.png,color,green
134599,,c7fbf674-7151-4b31-9215-b4523cffdc16,1,0Jm2dPzD1617092075729,353,figural_single_2_2,1,,0,blue,925.6850000238046,1,single,r_b_10.png,color,blue
134599,,c7fbf674-7151-4b31-9215-b4523cffdc16,1,0Jm2dPzD1617092075729,354,figural_single_2_2,1,,0,blue,373.43499998678453,1,single,e_b_13.png,color,blue
134599,,c7fbf674-7151-4b31-9215-b4523cffdc16,1,0Jm2dPzD1617092075729,355,figural_single_2_2,1,,0,green,392.5650000164751,1,single,e_g_14.png,color,green
134599,,c7fbf674-7151-4b31-9215-b4523cffdc16,1,0Jm2dPzD1617092075729,356,figural_single_2_2,1,,0,blue,596.5849999920465,1,single,e_b_07.png,color,blue
134599,,c7fbf674-7151-4b31-9215-b4523cffdc16,1,0Jm2dPzD1617092075729,357,figural_single_2_2,1,,0,blue,374.4099999894388,1,single,e_b_09.png,color,blue
134599,,c7fbf674-7151-4b31-9215-b4523cffdc16,1,0Jm2dPzD1617092075729,358,figural_single_1_2,1,,0,angular,1090.2749999950174,1,single,e_g_11.png,shape,angular
134599,,c7fbf674-7151-4b31-9215-b4523cffdc16,1,0Jm2dPzD1617092075729,359,figural_single_1_2,1,,0,round,607.5999999884516,1,single,r_b_16.png,shape,round
134599,,c7fbf674-7151-4b31-9215-b4523cffdc16,1,0Jm2dPzD1617092075729,360,figural_single_1_2,1,,0,angular,649.8549999960233,1,single,e_b_10.png,shape,angular
134599,,c7fbf674-7151-4b31-9215-b4523cffdc16,1,0Jm2dPzD1617092075729,361,figural_single_1_2,1,,0,round,553.3599999907892,1,single,r_b_02.png,shape,round
134599,,c7fbf674-7151-4b31-9215-b4523cffdc16,1,0Jm2dPzD1617092075729,362,figural_single_1_2,1,,0,round,779.8199999961071,1,single,r_g_08.png,shape,round
134599,,c7fbf674-7151-4b31-9215-b4523cffdc16,1,0Jm2dPzD1617092075729,363,figural_single_1_2,1,,0,angular,447.84000000800006,1,single,e_g_02.png,shape,angular
134599,,c7fbf674-7151-4b31-9215-b4523cffdc16,1,0Jm2dPzD1617092075729,364,figural_single_1_2,1,,0,round,1710.319999983767,1,single,r_g_05.png,shape,round
134599,,c7fbf674-7151-4b31-9215-b4523cffdc16,1,0Jm2dPzD1617092075729,365,figural_single_1_2,1,,0,angular,433.41999998665415,1,single,e_b_15.png,shape,angular
134599,,c7fbf674-7151-4b31-9215-b4523cffdc16,1,0Jm2dPzD1617092075729,366,figural_single_1_2,1,,0,round,576.2500000128057,1,single,r_b_09.png,shape,round
134599,,c7fbf674-7151-4b31-9215-b4523cffdc16,1,0Jm2dPzD1617092075729,367,figural_single_1_2,1,,0,angular,532.9450000135694,1,single,e_b_12.png,shape,angular
134599,,c7fbf674-7151-4b31-9215-b4523cffdc16,1,0Jm2dPzD1617092075729,368,figural_single_1_2,1,,0,angular,630.9450000117067,1,single,e_g_15.png,shape,angular
134599,,c7fbf674-7151-4b31-9215-b4523cffdc16,1,0Jm2dPzD1617092075729,369,figural_single_1_2,1,,0,round,545.029999979306,1,single,r_g_04.png,shape,round
134599,,c7fbf674-7151-4b31-9215-b4523cffdc16,1,0Jm2dPzD1617092075729,370,figural_single_1_2,1,,0,angular,1585.5749999755062,1,single,e_b_14.png,shape,angular
134599,,c7fbf674-7151-4b31-9215-b4523cffdc16,1,0Jm2dPzD1617092075729,371,figural_single_1_2,1,,0,angular,484.3049999908544,1,single,e_b_02.png,shape,angular
134599,,c7fbf674-7151-4b31-9215-b4523cffdc16,1,0Jm2dPzD1617092075729,372,figural_single_1_2,1,,0,round,466.87000000383705,1,single,r_g_15.png,shape,round
134599,,c7fbf674-7151-4b31-9215-b4523cffdc16,1,0Jm2dPzD1617092075729,373,figural_single_1_2,1,,0,angular,428.6100000026636,1,single,e_b_11.png,shape,angular
134599,,c7fbf674-7151-4b31-9215-b4523cffdc16,1,0Jm2dPzD1617092075729,374,figural_single_1_2,1,,0,round,524.5250000152737,1,single,r_b_07.png,shape,round
134599,,c7fbf674-7151-4b31-9215-b4523cffdc16,1,0Jm2dPzD1617092075729,375,figural_single_1_2,1,,0,round,459.8049999913201,1,single,r_g_06.png,shape,round
134599,,c7fbf674-7151-4b31-9215-b4523cffdc16,1,0Jm2dPzD1617092075729,376,figural_single_1_2,1,,0,round,461.3050000043586,1,single,r_g_02.png,shape,round
134599,,c7fbf674-7151-4b31-9215-b4523cffdc16,1,0Jm2dPzD1617092075729,377,figural_single_1_2,1,,0,angular,483.73499998706393,1,single,e_b_09.png,shape,angular
134599,,c7fbf674-7151-4b31-9215-b4523cffdc16,1,0Jm2dPzD1617092075729,378,figural_single_1_2,1,,0,round,513.9649999910034,1,single,r_b_15.png,shape,round
134599,,c7fbf674-7151-4b31-9215-b4523cffdc16,1,0Jm2dPzD1617092075729,379,figural_single_1_2,1,,0,angular,441.1950000212528,1,single,e_g_14.png,shape,angular
134599,,c7fbf674-7151-4b31-9215-b4523cffdc16,1,0Jm2dPzD1617092075729,380,figural_single_1_2,1,,0,round,471.87499998835847,1,single,r_b_04.png,shape,round
134599,,c7fbf674-7151-4b31-9215-b4523cffdc16,1,0Jm2dPzD1617092075729,381,figural_single_1_2,1,,0,round,608.2400000013877,1,single,r_g_09.png,shape,round
134599,,c7fbf674-7151-4b31-9215-b4523cffdc16,1,0Jm2dPzD1617092075729,382,figural_single_1_2,1,,0,angular,557.5100000132807,1,single,e_g_03.png,shape,angular
134599,,c7fbf674-7151-4b31-9215-b4523cffdc16,1,0Jm2dPzD1617092075729,383,figural_single_1_2,1,,0,round,561.9900000165217,1,single,r_b_13.png,shape,round
134599,,c7fbf674-7151-4b31-9215-b4523cffdc16,1,0Jm2dPzD1617092075729,384,figural_single_1_2,1,,0,round,506.5300000132993,1,single,r_b_03.png,shape,round
134599,,c7fbf674-7151-4b31-9215-b4523cffdc16,1,0Jm2dPzD1617092075729,385,figural_single_1_2,1,,0,round,452.4950000050012,1,single,r_g_14.png,shape,round
134599,,c7fbf674-7151-4b31-9215-b4523cffdc16,1,0Jm2dPzD1617092075729,386,figural_single_1_2,1,,0,angular,482.01500001596287,1,single,e_b_05.png,shape,angular
134599,,c7fbf674-7151-4b31-9215-b4523cffdc16,1,0Jm2dPzD1617092075729,387,figural_single_1_2,1,,0,round,455.46999998623505,1,single,r_b_10.png,shape,round
134599,,c7fbf674-7151-4b31-9215-b4523cffdc16,1,0Jm2dPzD1617092075729,388,figural_single_1_2,1,,0,round,424.19999997946434,1,single,r_b_12.png,shape,round
134599,,c7fbf674-7151-4b31-9215-b4523cffdc16,1,0Jm2dPzD1617092075729,389,figural_single_1_2,1,,0,round,344.18499999446794,1,single,r_b_14.png,shape,round
134599,,c7fbf674-7151-4b31-9215-b4523cffdc16,1,0Jm2dPzD1617092075729,390,figural_single_1_2,1,,0,angular,585.0650000211317,1,single,e_g_16.png,shape,angular
134599,,c7fbf674-7151-4b31-9215-b4523cffdc16,1,0Jm2dPzD1617092075729,391,figural_single_1_2,1,,0,round,471.49500000523403,1,single,r_g_12.png,shape,round
134599,,c7fbf674-7151-4b31-9215-b4523cffdc16,1,0Jm2dPzD1617092075729,392,figural_single_1_2,1,,0,round,360.9250000154134,1,single,r_g_11.png,shape,round
134599,,c7fbf674-7151-4b31-9215-b4523cffdc16,1,0Jm2dPzD1617092075729,393,figural_single_1_2,1,,0,angular,388.3899999782443,1,single,e_b_03.png,shape,angular
134599,,c7fbf674-7151-4b31-9215-b4523cffdc16,1,0Jm2dPzD1617092075729,394,figural_single_1_2,1,,0,round,466.83499999926426,0,single,e_b_04.png,shape,angular
134599,,c7fbf674-7151-4b31-9215-b4523cffdc16,1,0Jm2dPzD1617092075729,395,figural_single_1_2,1,,0,round,680.3300000028685,1,single,r_b_11.png,shape,round
134599,,c7fbf674-7151-4b31-9215-b4523cffdc16,1,0Jm2dPzD1617092075729,396,figural_single_1_2,1,,0,angular,480.4350000049453,1,single,e_g_05.png,shape,angular
134599,,c7fbf674-7151-4b31-9215-b4523cffdc16,1,0Jm2dPzD1617092075729,397,figural_single_1_2,1,,0,angular,421.4849999989383,1,single,e_b_16.png,shape,angular
134599,,c7fbf674-7151-4b31-9215-b4523cffdc16,1,0Jm2dPzD1617092075729,398,figural_single_1_2,1,,0,angular,435.5750000104308,1,single,e_g_13.png,shape,angular
134599,,c7fbf674-7151-4b31-9215-b4523cffdc16,1,0Jm2dPzD1617092075729,399,figural_single_1_2,1,,0,round,449.8800000001211,1,single,r_g_01.png,shape,round
134599,,c7fbf674-7151-4b31-9215-b4523cffdc16,1,0Jm2dPzD1617092075729,400,figural_single_1_2,1,,0,round,373.88499997905456,0,single,e_b_08.png,shape,angular
134599,,c7fbf674-7151-4b31-9215-b4523cffdc16,1,0Jm2dPzD1617092075729,401,figural_single_1_2,1,,0,angular,632.9499999992549,1,single,e_g_10.png,shape,angular
134599,,c7fbf674-7151-4b31-9215-b4523cffdc16,1,0Jm2dPzD1617092075729,402,figural_single_1_2,1,,0,round,511.35499999509193,1,single,r_g_13.png,shape,round
134599,,c7fbf674-7151-4b31-9215-b4523cffdc16,1,0Jm2dPzD1617092075729,403,figural_single_1_2,1,,0,angular,611.2800000119023,1,single,e_b_01.png,shape,angular
134599,,c7fbf674-7151-4b31-9215-b4523cffdc16,1,0Jm2dPzD1617092075729,404,figural_single_1_2,1,,0,angular,500.1300000003539,1,single,e_b_06.png,shape,angular
134599,,c7fbf674-7151-4b31-9215-b4523cffdc16,1,0Jm2dPzD1617092075729,405,figural_single_1_2,1,,0,round,965.1249999878928,1,single,r_g_10.png,shape,round
134599,,c7fbf674-7151-4b31-9215-b4523cffdc16,1,0Jm2dPzD1617092075729,406,figural_single_1_2,1,,0,angular,707.2549999866169,1,single,e_g_08.png,shape,angular
134599,,c7fbf674-7151-4b31-9215-b4523cffdc16,1,0Jm2dPzD1617092075729,407,figural_single_1_2,1,,0,angular,676.1249999981374,1,single,e_g_07.png,shape,angular
134599,,c7fbf674-7151-4b31-9215-b4523cffdc16,1,0Jm2dPzD1617092075729,408,figural_single_1_2,1,,0,round,455.92999999644235,1,single,r_b_06.png,shape,round
134599,,c7fbf674-7151-4b31-9215-b4523cffdc16,1,0Jm2dPzD1617092075729,409,figural_single_1_2,1,,0,angular,483.57499999110587,1,single,e_g_09.png,shape,angular
134599,,c7fbf674-7151-4b31-9215-b4523cffdc16,1,0Jm2dPzD1617092075729,410,figural_single_1_2,1,,0,round,538.3000000147149,1,single,r_b_01.png,shape,round
134599,,c7fbf674-7151-4b31-9215-b4523cffdc16,1,0Jm2dPzD1617092075729,411,figural_single_1_2,1,,0,angular,493.08499999460764,1,single,e_b_13.png,shape,angular
134599,,c7fbf674-7151-4b31-9215-b4523cffdc16,1,0Jm2dPzD1617092075729,412,figural_single_1_2,1,,0,angular,520.3599999949802,1,single,e_g_04.png,shape,angular
134599,,c7fbf674-7151-4b31-9215-b4523cffdc16,1,0Jm2dPzD1617092075729,413,figural_single_1_2,1,,0,angular,455.85999998729676,1,single,e_g_12.png,shape,angular
134599,,c7fbf674-7151-4b31-9215-b4523cffdc16,1,0Jm2dPzD1617092075729,414,figural_single_1_2,1,,0,round,532.91999999783,1,single,r_b_08.png,shape,round
134599,,c7fbf674-7151-4b31-9215-b4523cffdc16,1,0Jm2dPzD1617092075729,415,figural_single_1_2,1,,0,round,471.83000002405606,0,single,e_b_07.png,shape,angular
134599,,c7fbf674-7151-4b31-9215-b4523cffdc16,1,0Jm2dPzD1617092075729,416,figural_single_1_2,1,,0,round,893.1850000226405,1,single,r_g_03.png,shape,round
134599,,c7fbf674-7151-4b31-9215-b4523cffdc16,1,0Jm2dPzD1617092075729,417,figural_single_1_2,1,,0,round,526.7000000167172,0,single,e_g_06.png,shape,angular
134599,,c7fbf674-7151-4b31-9215-b4523cffdc16,1,0Jm2dPzD1617092075729,418,figural_single_1_2,1,,0,round,1090.9450000035577,1,single,r_g_16.png,shape,round
134599,,c7fbf674-7151-4b31-9215-b4523cffdc16,1,0Jm2dPzD1617092075729,419,figural_single_1_2,1,,0,round,570.7800000091083,1,single,r_b_05.png,shape,round
134599,,c7fbf674-7151-4b31-9215-b4523cffdc16,1,0Jm2dPzD1617092075729,420,figural_single_1_2,1,,0,angular,479.4099999999162,1,single,e_g_01.png,shape,angular
134599,,c7fbf674-7151-4b31-9215-b4523cffdc16,1,0Jm2dPzD1617092075729,421,figural_single_1_2,1,,0,round,584.6500000043306,1,single,r_g_07.png,shape,round