userCode,extId,moduleId,sessionId,sessionToken,trialId,executableId,session.complete,session.condition,session.forceExit,givenResponse,reactionTime,score,shiftingType,stimulusValue,stimulusType,correctResponse
134569,,c7fbf674-7151-4b31-9215-b4523cffdc16,1,Z06ctLJ01617037998662,1,figural_single_1_practice,1,,0,round,631.9000000000014,1,single,r_b_10.png,shape,round
134569,,c7fbf674-7151-4b31-9215-b4523cffdc16,1,Z06ctLJ01617037998662,2,figural_single_1_practice,1,,0,angular,512.5,1,single,e_b_09.png,shape,angular
134569,,c7fbf674-7151-4b31-9215-b4523cffdc16,1,Z06ctLJ01617037998662,3,figural_single_1_practice,1,,0,round,534.3999999999942,1,single,r_b_11.png,shape,round
134569,,c7fbf674-7151-4b31-9215-b4523cffdc16,1,Z06ctLJ01617037998662,4,figural_single_1_practice,1,,0,angular,318.3999999999942,0,single,r_g_05.png,shape,round
134569,,c7fbf674-7151-4b31-9215-b4523cffdc16,1,Z06ctLJ01617037998662,5,figural_single_1_practice,1,,0,round,1212.2000000000116,0,single,e_b_14.png,shape,angular
134569,,c7fbf674-7151-4b31-9215-b4523cffdc16,1,Z06ctLJ01617037998662,6,figural_single_1_practice,1,,0,angular,715.9000000000087,1,single,e_g_07.png,shape,angular
134569,,c7fbf674-7151-4b31-9215-b4523cffdc16,1,Z06ctLJ01617037998662,7,figural_single_1_practice,1,,0,angular,562.5,1,single,e_g_12.png,shape,angular
134569,,c7fbf674-7151-4b31-9215-b4523cffdc16,1,Z06ctLJ01617037998662,8,figural_single_1_practice,1,,0,round,445.5,1,single,r_b_16.png,shape,round
134569,,c7fbf674-7151-4b31-9215-b4523cffdc16,1,Z06ctLJ01617037998662,9,figural_single_1_practice,1,,0,round,521.3000000000029,1,single,r_g_02.png,shape,round
134569,,c7fbf674-7151-4b31-9215-b4523cffdc16,1,Z06ctLJ01617037998662,10,figural_single_1_practice,1,,0,round,713.6000000000058,0,single,e_b_04.png,shape,angular
134569,,c7fbf674-7151-4b31-9215-b4523cffdc16,1,Z06ctLJ01617037998662,11,figural_single_1_practice,1,,0,angular,507.6999999999971,1,single,e_g_06.png,shape,angular
134569,,c7fbf674-7151-4b31-9215-b4523cffdc16,1,Z06ctLJ01617037998662,12,figural_single_1_practice,1,,0,round,707,1,single,r_g_15.png,shape,round
134569,,c7fbf674-7151-4b31-9215-b4523cffdc16,1,Z06ctLJ01617037998662,13,figural_single_1_1,1,,0,round,581.5,1,single,r_b_01.png,shape,round
134569,,c7fbf674-7151-4b31-9215-b4523cffdc16,1,Z06ctLJ01617037998662,14,figural_single_1_1,1,,0,angular,774.5,1,single,e_g_11.png,shape,angular
134569,,c7fbf674-7151-4b31-9215-b4523cffdc16,1,Z06ctLJ01617037998662,15,figural_single_1_1,1,,0,round,612.8999999999942,1,single,r_b_10.png,shape,round
134569,,c7fbf674-7151-4b31-9215-b4523cffdc16,1,Z06ctLJ01617037998662,16,figural_single_1_1,1,,0,round,571,1,single,r_b_06.png,shape,round
134569,,c7fbf674-7151-4b31-9215-b4523cffdc16,1,Z06ctLJ01617037998662,17,figural_single_1_1,1,,0,angular,572.4000000000087,1,single,e_g_07.png,shape,angular
134569,,c7fbf674-7151-4b31-9215-b4523cffdc16,1,Z06ctLJ01617037998662,18,figural_single_1_1,1,,0,angular,757.2000000000116,1,single,e_g_13.png,shape,angular
134569,,c7fbf674-7151-4b31-9215-b4523cffdc16,1,Z06ctLJ01617037998662,19,figural_single_1_1,1,,0,round,580.6000000000058,1,single,r_g_06.png,shape,round
134569,,c7fbf674-7151-4b31-9215-b4523cffdc16,1,Z06ctLJ01617037998662,20,figural_single_1_1,1,,0,angular,635.3999999999942,1,single,e_g_16.png,shape,angular
134569,,c7fbf674-7151-4b31-9215-b4523cffdc16,1,Z06ctLJ01617037998662,21,figural_single_1_1,1,,0,angular,602.8999999999942,1,single,e_b_09.png,shape,angular
134569,,c7fbf674-7151-4b31-9215-b4523cffdc16,1,Z06ctLJ01617037998662,22,figural_single_1_1,1,,0,round,553,0,single,e_b_08.png,shape,angular
134569,,c7fbf674-7151-4b31-9215-b4523cffdc16,1,Z06ctLJ01617037998662,23,figural_single_1_1,1,,0,round,729.3000000000029,1,single,r_b_12.png,shape,round
134569,,c7fbf674-7151-4b31-9215-b4523cffdc16,1,Z06ctLJ01617037998662,24,figural_single_1_1,1,,0,angular,906.9000000000087,1,single,e_b_10.png,shape,angular
134569,,c7fbf674-7151-4b31-9215-b4523cffdc16,1,Z06ctLJ01617037998662,25,figural_single_1_1,1,,0,round,561.1999999999971,0,single,e_b_05.png,shape,angular
134569,,c7fbf674-7151-4b31-9215-b4523cffdc16,1,Z06ctLJ01617037998662,26,figural_single_1_1,1,,0,round,691.1000000000058,1,single,r_b_13.png,shape,round
134569,,c7fbf674-7151-4b31-9215-b4523cffdc16,1,Z06ctLJ01617037998662,27,figural_single_1_1,1,,0,round,604.6999999999971,1,single,r_g_15.png,shape,round
134569,,c7fbf674-7151-4b31-9215-b4523cffdc16,1,Z06ctLJ01617037998662,28,figural_single_1_1,1,,0,angular,588.6999999999971,1,single,e_g_09.png,shape,angular
134569,,c7fbf674-7151-4b31-9215-b4523cffdc16,1,Z06ctLJ01617037998662,29,figural_single_1_1,1,,0,round,635.6000000000058,1,single,r_g_02.png,shape,round
134569,,c7fbf674-7151-4b31-9215-b4523cffdc16,1,Z06ctLJ01617037998662,30,figural_single_1_1,1,,0,angular,533.6000000000058,0,single,r_b_07.png,shape,round
134569,,c7fbf674-7151-4b31-9215-b4523cffdc16,1,Z06ctLJ01617037998662,31,figural_single_1_1,1,,0,angular,916.6999999999971,1,single,e_b_06.png,shape,angular
134569,,c7fbf674-7151-4b31-9215-b4523cffdc16,1,Z06ctLJ01617037998662,32,figural_single_1_1,1,,0,round,581.8999999999942,1,single,r_b_16.png,shape,round
134569,,c7fbf674-7151-4b31-9215-b4523cffdc16,1,Z06ctLJ01617037998662,33,figural_single_1_1,1,,0,round,1136,1,single,r_b_02.png,shape,round
134569,,c7fbf674-7151-4b31-9215-b4523cffdc16,1,Z06ctLJ01617037998662,34,figural_single_1_1,1,,0,angular,554.1000000000058,1,single,e_g_06.png,shape,angular
134569,,c7fbf674-7151-4b31-9215-b4523cffdc16,1,Z06ctLJ01617037998662,35,figural_single_1_1,1,,0,round,646.1999999999971,1,single,r_g_03.png,shape,round
134569,,c7fbf674-7151-4b31-9215-b4523cffdc16,1,Z06ctLJ01617037998662,36,figural_single_1_1,1,,0,angular,495.6999999999971,1,single,e_g_05.png,shape,angular
134569,,c7fbf674-7151-4b31-9215-b4523cffdc16,1,Z06ctLJ01617037998662,37,figural_single_1_1,1,,0,angular,765.4000000000087,1,single,e_b_13.png,shape,angular
134569,,c7fbf674-7151-4b31-9215-b4523cffdc16,1,Z06ctLJ01617037998662,38,figural_single_1_1,1,,0,angular,724.9000000000087,1,single,e_g_15.png,shape,angular
134569,,c7fbf674-7151-4b31-9215-b4523cffdc16,1,Z06ctLJ01617037998662,39,figural_single_1_1,1,,0,round,539.8000000000029,1,single,r_g_08.png,shape,round
134569,,c7fbf674-7151-4b31-9215-b4523cffdc16,1,Z06ctLJ01617037998662,40,figural_single_1_1,1,,0,angular,629,0,single,r_b_05.png,shape,round
134569,,c7fbf674-7151-4b31-9215-b4523cffdc16,1,Z06ctLJ01617037998662,41,figural_single_1_1,1,,0,angular,675.1000000000058,1,single,e_b_02.png,shape,angular
134569,,c7fbf674-7151-4b31-9215-b4523cffdc16,1,Z06ctLJ01617037998662,42,figural_single_1_1,1,,0,angular,823,1,single,e_g_14.png,shape,angular
134569,,c7fbf674-7151-4b31-9215-b4523cffdc16,1,Z06ctLJ01617037998662,43,figural_single_1_1,1,,0,round,710.5,1,single,r_b_03.png,shape,round
134569,,c7fbf674-7151-4b31-9215-b4523cffdc16,1,Z06ctLJ01617037998662,44,figural_single_1_1,1,,0,angular,663.3000000000029,1,single,e_b_14.png,shape,angular
134569,,c7fbf674-7151-4b31-9215-b4523cffdc16,1,Z06ctLJ01617037998662,45,figural_single_1_1,1,,0,angular,489.29999999998836,1,single,e_b_04.png,shape,angular
134569,,c7fbf674-7151-4b31-9215-b4523cffdc16,1,Z06ctLJ01617037998662,46,figural_single_1_1,1,,0,angular,735.2000000000116,1,single,e_b_03.png,shape,angular
134569,,c7fbf674-7151-4b31-9215-b4523cffdc16,1,Z06ctLJ01617037998662,47,figural_single_1_1,1,,0,round,442.29999999998836,1,single,r_g_16.png,shape,round
134569,,c7fbf674-7151-4b31-9215-b4523cffdc16,1,Z06ctLJ01617037998662,48,figural_single_1_1,1,,0,round,613.0999999999913,1,single,r_g_13.png,shape,round
134569,,c7fbf674-7151-4b31-9215-b4523cffdc16,1,Z06ctLJ01617037998662,49,figural_single_1_1,1,,0,round,497.6000000000058,1,single,r_g_14.png,shape,round
134569,,c7fbf674-7151-4b31-9215-b4523cffdc16,1,Z06ctLJ01617037998662,50,figural_single_1_1,1,,0,angular,576.6999999999971,1,single,e_g_08.png,shape,angular
134569,,c7fbf674-7151-4b31-9215-b4523cffdc16,1,Z06ctLJ01617037998662,51,figural_single_1_1,1,,0,round,624,1,single,r_g_09.png,shape,round
134569,,c7fbf674-7151-4b31-9215-b4523cffdc16,1,Z06ctLJ01617037998662,52,figural_single_1_1,1,,0,angular,756.3999999999942,1,single,e_g_04.png,shape,angular
134569,,c7fbf674-7151-4b31-9215-b4523cffdc16,1,Z06ctLJ01617037998662,53,figural_single_1_1,1,,0,angular,425.29999999998836,1,single,e_b_15.png,shape,angular
134569,,c7fbf674-7151-4b31-9215-b4523cffdc16,1,Z06ctLJ01617037998662,54,figural_single_1_1,1,,0,round,778.3999999999942,1,single,r_g_04.png,shape,round
134569,,c7fbf674-7151-4b31-9215-b4523cffdc16,1,Z06ctLJ01617037998662,55,figural_single_1_1,1,,0,angular,440.1000000000058,1,single,e_b_07.png,shape,angular
134569,,c7fbf674-7151-4b31-9215-b4523cffdc16,1,Z06ctLJ01617037998662,56,figural_single_1_1,1,,0,angular,973.1000000000058,1,single,e_b_16.png,shape,angular
134569,,c7fbf674-7151-4b31-9215-b4523cffdc16,1,Z06ctLJ01617037998662,57,figural_single_1_1,1,,0,angular,503.1999999999971,0,single,r_b_08.png,shape,round
134569,,c7fbf674-7151-4b31-9215-b4523cffdc16,1,Z06ctLJ01617037998662,58,figural_single_1_1,1,,0,angular,677.2999999999884,1,single,e_g_12.png,shape,angular
134569,,c7fbf674-7151-4b31-9215-b4523cffdc16,1,Z06ctLJ01617037998662,59,figural_single_1_1,1,,0,round,495,1,single,r_b_14.png,shape,round
134569,,c7fbf674-7151-4b31-9215-b4523cffdc16,1,Z06ctLJ01617037998662,60,figural_single_1_1,1,,0,angular,478.8999999999942,0,single,r_g_05.png,shape,round
134569,,c7fbf674-7151-4b31-9215-b4523cffdc16,1,Z06ctLJ01617037998662,61,figural_single_1_1,1,,0,round,825.1999999999825,1,single,r_g_01.png,shape,round
134569,,c7fbf674-7151-4b31-9215-b4523cffdc16,1,Z06ctLJ01617037998662,62,figural_single_1_1,1,,0,angular,699.3999999999942,1,single,e_g_02.png,shape,angular
134569,,c7fbf674-7151-4b31-9215-b4523cffdc16,1,Z06ctLJ01617037998662,63,figural_single_1_1,1,,0,round,559.3999999999942,1,single,r_g_11.png,shape,round
134569,,c7fbf674-7151-4b31-9215-b4523cffdc16,1,Z06ctLJ01617037998662,64,figural_single_1_1,1,,0,round,668,1,single,r_g_10.png,shape,round
134569,,c7fbf674-7151-4b31-9215-b4523cffdc16,1,Z06ctLJ01617037998662,65,figural_single_1_1,1,,0,round,804.1000000000058,1,single,r_b_04.png,shape,round
134569,,c7fbf674-7151-4b31-9215-b4523cffdc16,1,Z06ctLJ01617037998662,66,figural_single_1_1,1,,0,angular,593.3999999999942,1,single,e_g_01.png,shape,angular
134569,,c7fbf674-7151-4b31-9215-b4523cffdc16,1,Z06ctLJ01617037998662,67,figural_single_1_1,1,,0,round,607,1,single,r_b_09.png,shape,round
134569,,c7fbf674-7151-4b31-9215-b4523cffdc16,1,Z06ctLJ01617037998662,68,figural_single_1_1,1,,0,round,563.2000000000116,1,single,r_b_15.png,shape,round
134569,,c7fbf674-7151-4b31-9215-b4523cffdc16,1,Z06ctLJ01617037998662,69,figural_single_1_1,1,,0,angular,575.5,0,single,r_g_07.png,shape,round
134569,,c7fbf674-7151-4b31-9215-b4523cffdc16,1,Z06ctLJ01617037998662,70,figural_single_1_1,1,,0,angular,697,1,single,e_b_01.png,shape,angular
134569,,c7fbf674-7151-4b31-9215-b4523cffdc16,1,Z06ctLJ01617037998662,71,figural_single_1_1,1,,0,round,541.3999999999942,0,single,e_b_12.png,shape,angular
134569,,c7fbf674-7151-4b31-9215-b4523cffdc16,1,Z06ctLJ01617037998662,72,figural_single_1_1,1,,0,angular,169.89999999999418,0,single,r_b_11.png,shape,round
134569,,c7fbf674-7151-4b31-9215-b4523cffdc16,1,Z06ctLJ01617037998662,73,figural_single_1_1,1,,0,round,1164.1000000000058,1,single,r_g_12.png,shape,round
134569,,c7fbf674-7151-4b31-9215-b4523cffdc16,1,Z06ctLJ01617037998662,74,figural_single_1_1,1,,0,round,721.1999999999825,0,single,e_g_03.png,shape,angular
134569,,c7fbf674-7151-4b31-9215-b4523cffdc16,1,Z06ctLJ01617037998662,75,figural_single_1_1,1,,0,angular,960.8999999999942,1,single,e_g_10.png,shape,angular
134569,,c7fbf674-7151-4b31-9215-b4523cffdc16,1,Z06ctLJ01617037998662,76,figural_single_1_1,1,,0,angular,987.8999999999942,1,single,e_b_11.png,shape,angular
134569,,c7fbf674-7151-4b31-9215-b4523cffdc16,1,Z06ctLJ01617037998662,77,figural_single_2_practice,1,,0,green,1367.7999999999883,0,single,r_b_07.png,color,blue
134569,,c7fbf674-7151-4b31-9215-b4523cffdc16,1,Z06ctLJ01617037998662,78,figural_single_2_practice,1,,0,blue,1206.9000000000232,0,single,r_g_09.png,color,green
134569,,c7fbf674-7151-4b31-9215-b4523cffdc16,1,Z06ctLJ01617037998662,79,figural_single_2_practice,1,,0,green,867.2999999999884,1,single,e_g_04.png,color,green
134569,,c7fbf674-7151-4b31-9215-b4523cffdc16,1,Z06ctLJ01617037998662,80,figural_single_2_practice,1,,0,blue,755.8000000000175,1,single,r_b_14.png,color,blue
134569,,c7fbf674-7151-4b31-9215-b4523cffdc16,1,Z06ctLJ01617037998662,81,figural_single_2_practice,1,,0,green,647.2000000000116,0,single,e_b_06.png,color,blue
134569,,c7fbf674-7151-4b31-9215-b4523cffdc16,1,Z06ctLJ01617037998662,82,figural_single_2_practice,1,,0,blue,796.3999999999942,0,single,e_g_10.png,color,green
134569,,c7fbf674-7151-4b31-9215-b4523cffdc16,1,Z06ctLJ01617037998662,83,figural_single_2_practice,1,,0,blue,1382.2999999999883,1,single,e_b_16.png,color,blue
134569,,c7fbf674-7151-4b31-9215-b4523cffdc16,1,Z06ctLJ01617037998662,84,figural_single_2_practice,1,,0,green,676.8999999999942,1,single,e_g_08.png,color,green
134569,,c7fbf674-7151-4b31-9215-b4523cffdc16,1,Z06ctLJ01617037998662,85,figural_single_2_practice,1,,0,blue,1070.8999999999941,1,single,e_b_02.png,color,blue
134569,,c7fbf674-7151-4b31-9215-b4523cffdc16,1,Z06ctLJ01617037998662,86,figural_single_2_practice,1,,0,blue,588.6000000000058,0,single,r_g_03.png,color,green
134569,,c7fbf674-7151-4b31-9215-b4523cffdc16,1,Z06ctLJ01617037998662,87,figural_single_2_practice,1,,0,green,950.7999999999884,0,single,r_b_13.png,color,blue
134569,,c7fbf674-7151-4b31-9215-b4523cffdc16,1,Z06ctLJ01617037998662,88,figural_single_2_practice,1,,0,blue,722.2000000000116,0,single,r_g_01.png,color,green
134569,,c7fbf674-7151-4b31-9215-b4523cffdc16,1,Z06ctLJ01617037998662,89,figural_single_2_1,1,,0,green,1216.2999999999883,1,single,r_g_07.png,color,green
134569,,c7fbf674-7151-4b31-9215-b4523cffdc16,1,Z06ctLJ01617037998662,90,figural_single_2_1,1,,0,blue,654.9000000000233,1,single,r_b_03.png,color,blue
134569,,c7fbf674-7151-4b31-9215-b4523cffdc16,1,Z06ctLJ01617037998662,91,figural_single_2_1,1,,0,green,1109.6000000000058,1,single,r_g_08.png,color,green
134569,,c7fbf674-7151-4b31-9215-b4523cffdc16,1,Z06ctLJ01617037998662,92,figural_single_2_1,1,,0,blue,673,0,single,e_g_01.png,color,green
134569,,c7fbf674-7151-4b31-9215-b4523cffdc16,1,Z06ctLJ01617037998662,93,figural_single_2_1,1,,0,green,1577.7000000000116,1,single,e_g_09.png,color,green
134569,,c7fbf674-7151-4b31-9215-b4523cffdc16,1,Z06ctLJ01617037998662,94,figural_single_2_1,1,,0,green,827.6000000000058,0,single,r_b_08.png,color,blue
134569,,c7fbf674-7151-4b31-9215-b4523cffdc16,1,Z06ctLJ01617037998662,95,figural_single_2_1,1,,0,blue,1028.7999999999883,1,single,e_b_03.png,color,blue
134569,,c7fbf674-7151-4b31-9215-b4523cffdc16,1,Z06ctLJ01617037998662,96,figural_single_2_1,1,,0,green,597,1,single,e_g_07.png,color,green
134569,,c7fbf674-7151-4b31-9215-b4523cffdc16,1,Z06ctLJ01617037998662,97,figural_single_2_1,1,,0,blue,662.8000000000175,1,single,e_b_02.png,color,blue
134569,,c7fbf674-7151-4b31-9215-b4523cffdc16,1,Z06ctLJ01617037998662,98,figural_single_2_1,1,,0,green,772.7000000000116,1,single,e_g_04.png,color,green
134569,,c7fbf674-7151-4b31-9215-b4523cffdc16,1,Z06ctLJ01617037998662,99,figural_single_2_1,1,,0,blue,749.6000000000058,0,single,r_g_06.png,color,green
134569,,c7fbf674-7151-4b31-9215-b4523cffdc16,1,Z06ctLJ01617037998662,100,figural_single_2_1,1,,0,green,652.5999999999767,0,single,e_b_08.png,color,blue
134569,,c7fbf674-7151-4b31-9215-b4523cffdc16,1,Z06ctLJ01617037998662,101,figural_single_2_1,1,,0,blue,575.8000000000175,0,single,e_g_16.png,color,green
134569,,c7fbf674-7151-4b31-9215-b4523cffdc16,1,Z06ctLJ01617037998662,102,figural_single_2_1,1,,0,green,618.3000000000175,0,single,e_b_06.png,color,blue
134569,,c7fbf674-7151-4b31-9215-b4523cffdc16,1,Z06ctLJ01617037998662,103,figural_single_2_1,1,,0,green,524.7000000000116,0,single,e_b_04.png,color,blue
134569,,c7fbf674-7151-4b31-9215-b4523cffdc16,1,Z06ctLJ01617037998662,104,figural_single_2_1,1,,0,blue,491.4000000000233,0,single,r_g_10.png,color,green
134569,,c7fbf674-7151-4b31-9215-b4523cffdc16,1,Z06ctLJ01617037998662,105,figural_single_2_1,1,,0,green,476.3999999999942,0,single,e_b_12.png,color,blue
134569,,c7fbf674-7151-4b31-9215-b4523cffdc16,1,Z06ctLJ01617037998662,106,figural_single_2_1,1,,0,green,653.6999999999825,0,single,r_b_09.png,color,blue
134569,,c7fbf674-7151-4b31-9215-b4523cffdc16,1,Z06ctLJ01617037998662,107,figural_single_2_1,1,,0,blue,315.8999999999942,0,single,r_g_15.png,color,green
134569,,c7fbf674-7151-4b31-9215-b4523cffdc16,1,Z06ctLJ01617037998662,108,figural_single_2_1,1,,0,blue,577.6999999999825,0,single,e_g_08.png,color,green
134569,,c7fbf674-7151-4b31-9215-b4523cffdc16,1,Z06ctLJ01617037998662,109,figural_single_2_1,1,,0,green,634.2000000000116,0,single,e_b_11.png,color,blue
134569,,c7fbf674-7151-4b31-9215-b4523cffdc16,1,Z06ctLJ01617037998662,110,figural_single_2_1,1,,0,blue,606.5,1,single,r_b_13.png,color,blue
134569,,c7fbf674-7151-4b31-9215-b4523cffdc16,1,Z06ctLJ01617037998662,111,figural_single_2_1,1,,0,blue,650.7999999999884,1,single,r_b_12.png,color,blue
134569,,c7fbf674-7151-4b31-9215-b4523cffdc16,1,Z06ctLJ01617037998662,112,figural_single_2_1,1,,0,blue,520.5,1,single,r_b_15.png,color,blue
134569,,c7fbf674-7151-4b31-9215-b4523cffdc16,1,Z06ctLJ01617037998662,113,figural_single_2_1,1,,0,green,451.4000000000233,1,single,e_g_05.png,color,green
134569,,c7fbf674-7151-4b31-9215-b4523cffdc16,1,Z06ctLJ01617037998662,114,figural_single_2_1,1,,0,blue,518,0,single,r_g_12.png,color,green
134569,,c7fbf674-7151-4b31-9215-b4523cffdc16,1,Z06ctLJ01617037998662,115,figural_single_2_1,1,,0,green,476.19999999998253,0,single,r_b_02.png,color,blue
134569,,c7fbf674-7151-4b31-9215-b4523cffdc16,1,Z06ctLJ01617037998662,116,figural_single_2_1,1,,0,blue,420,1,single,r_b_01.png,color,blue
134569,,c7fbf674-7151-4b31-9215-b4523cffdc16,1,Z06ctLJ01617037998662,117,figural_single_2_1,1,,0,blue,730.5999999999767,1,single,r_b_07.png,color,blue
134569,,c7fbf674-7151-4b31-9215-b4523cffdc16,1,Z06ctLJ01617037998662,118,figural_single_2_1,1,,0,green,427.79999999998836,1,single,e_g_15.png,color,green
134569,,c7fbf674-7151-4b31-9215-b4523cffdc16,1,Z06ctLJ01617037998662,119,figural_single_2_1,1,,0,blue,470.6000000000058,0,single,e_g_11.png,color,green
134569,,c7fbf674-7151-4b31-9215-b4523cffdc16,1,Z06ctLJ01617037998662,120,figural_single_2_1,1,,0,green,471.80000000001746,0,single,e_b_07.png,color,blue
134569,,c7fbf674-7151-4b31-9215-b4523cffdc16,1,Z06ctLJ01617037998662,121,figural_single_2_1,1,,0,blue,641.2999999999884,0,single,r_g_04.png,color,green
134569,,c7fbf674-7151-4b31-9215-b4523cffdc16,1,Z06ctLJ01617037998662,122,figural_single_2_1,1,,0,green,414.3999999999942,1,single,e_g_02.png,color,green
134569,,c7fbf674-7151-4b31-9215-b4523cffdc16,1,Z06ctLJ01617037998662,123,figural_single_2_1,1,,0,blue,1368.5,1,single,e_b_01.png,color,blue
134569,,c7fbf674-7151-4b31-9215-b4523cffdc16,1,Z06ctLJ01617037998662,124,figural_single_2_1,1,,0,blue,505.1000000000058,1,single,r_b_05.png,color,blue
134569,,c7fbf674-7151-4b31-9215-b4523cffdc16,1,Z06ctLJ01617037998662,125,figural_single_2_1,1,,0,green,569.1000000000058,1,single,e_g_03.png,color,green
134569,,c7fbf674-7151-4b31-9215-b4523cffdc16,1,Z06ctLJ01617037998662,126,figural_single_2_1,1,,0,blue,546.5,1,single,r_b_04.png,color,blue
134569,,c7fbf674-7151-4b31-9215-b4523cffdc16,1,Z06ctLJ01617037998662,127,figural_single_2_1,1,,0,green,475.6000000000058,1,single,e_g_06.png,color,green
134569,,c7fbf674-7151-4b31-9215-b4523cffdc16,1,Z06ctLJ01617037998662,128,figural_single_2_1,1,,0,blue,426.69999999998253,0,single,e_g_12.png,color,green
134569,,c7fbf674-7151-4b31-9215-b4523cffdc16,1,Z06ctLJ01617037998662,129,figural_single_2_1,1,,0,green,500.1000000000058,1,single,r_g_14.png,color,green
134569,,c7fbf674-7151-4b31-9215-b4523cffdc16,1,Z06ctLJ01617037998662,130,figural_single_2_1,1,,0,green,316.9000000000233,0,single,e_b_09.png,color,blue
134569,,c7fbf674-7151-4b31-9215-b4523cffdc16,1,Z06ctLJ01617037998662,131,figural_single_2_1,1,,0,blue,272.19999999998253,1,single,e_b_16.png,color,blue
134569,,c7fbf674-7151-4b31-9215-b4523cffdc16,1,Z06ctLJ01617037998662,132,figural_single_2_1,1,,0,green,777.5,1,single,r_g_01.png,color,green
134569,,c7fbf674-7151-4b31-9215-b4523cffdc16,1,Z06ctLJ01617037998662,133,figural_single_2_1,1,,0,green,951.8000000000175,1,single,r_g_09.png,color,green
134569,,c7fbf674-7151-4b31-9215-b4523cffdc16,1,Z06ctLJ01617037998662,134,figural_single_2_1,1,,0,green,476.20000000001164,1,single,e_g_13.png,color,green
134569,,c7fbf674-7151-4b31-9215-b4523cffdc16,1,Z06ctLJ01617037998662,135,figural_single_2_1,1,,0,blue,594.7999999999884,1,single,r_b_06.png,color,blue
134569,,c7fbf674-7151-4b31-9215-b4523cffdc16,1,Z06ctLJ01617037998662,136,figural_single_2_1,1,,0,green,1232.3999999999941,0,single,r_b_14.png,color,blue
134569,,c7fbf674-7151-4b31-9215-b4523cffdc16,1,Z06ctLJ01617037998662,137,figural_single_2_1,1,,0,green,1034.7000000000116,1,single,r_g_05.png,color,green
134569,,c7fbf674-7151-4b31-9215-b4523cffdc16,1,Z06ctLJ01617037998662,138,figural_single_2_1,1,,0,blue,544.5,0,single,e_g_10.png,color,green
134569,,c7fbf674-7151-4b31-9215-b4523cffdc16,1,Z06ctLJ01617037998662,139,figural_single_2_1,1,,0,green,1247.1000000000058,1,single,r_g_02.png,color,green
134569,,c7fbf674-7151-4b31-9215-b4523cffdc16,1,Z06ctLJ01617037998662,140,figural_single_2_1,1,,0,blue,752,1,single,e_b_10.png,color,blue
134569,,c7fbf674-7151-4b31-9215-b4523cffdc16,1,Z06ctLJ01617037998662,141,figural_single_2_1,1,,0,blue,489,1,single,r_b_16.png,color,blue
134569,,c7fbf674-7151-4b31-9215-b4523cffdc16,1,Z06ctLJ01617037998662,142,figural_single_2_1,1,,0,green,711.6000000000058,1,single,r_g_11.png,color,green
134569,,c7fbf674-7151-4b31-9215-b4523cffdc16,1,Z06ctLJ01617037998662,143,figural_single_2_1,1,,0,green,510.4000000000233,1,single,r_g_03.png,color,green
134569,,c7fbf674-7151-4b31-9215-b4523cffdc16,1,Z06ctLJ01617037998662,144,figural_single_2_1,1,,0,blue,727.1000000000058,1,single,e_b_14.png,color,blue
134569,,c7fbf674-7151-4b31-9215-b4523cffdc16,1,Z06ctLJ01617037998662,145,figural_single_2_1,1,,0,blue,544.2999999999884,1,single,e_b_13.png,color,blue
134569,,c7fbf674-7151-4b31-9215-b4523cffdc16,1,Z06ctLJ01617037998662,146,figural_single_2_1,1,,0,blue,453.3999999999942,1,single,r_b_10.png,color,blue
134569,,c7fbf674-7151-4b31-9215-b4523cffdc16,1,Z06ctLJ01617037998662,147,figural_single_2_1,1,,0,green,498.80000000001746,1,single,e_g_14.png,color,green
134569,,c7fbf674-7151-4b31-9215-b4523cffdc16,1,Z06ctLJ01617037998662,148,figural_single_2_1,1,,0,blue,599.3999999999942,1,single,e_b_15.png,color,blue
134569,,c7fbf674-7151-4b31-9215-b4523cffdc16,1,Z06ctLJ01617037998662,149,figural_single_2_1,1,,0,green,501.1000000000058,0,single,e_b_05.png,color,blue
134569,,c7fbf674-7151-4b31-9215-b4523cffdc16,1,Z06ctLJ01617037998662,150,figural_single_2_1,1,,0,blue,257,1,single,r_b_11.png,color,blue
134569,,c7fbf674-7151-4b31-9215-b4523cffdc16,1,Z06ctLJ01617037998662,151,figural_single_2_1,1,,0,green,662.3999999999942,1,single,r_g_13.png,color,green
134569,,c7fbf674-7151-4b31-9215-b4523cffdc16,1,Z06ctLJ01617037998662,152,figural_single_2_1,1,,0,green,667.5,1,single,r_g_16.png,color,green
134569,,c7fbf674-7151-4b31-9215-b4523cffdc16,1,Z06ctLJ01617037998662,153,figural_mixed_practice,1,,0,angular,614.7999999999884,1,start,e_g_13.png,shape,angular
134569,,c7fbf674-7151-4b31-9215-b4523cffdc16,1,Z06ctLJ01617037998662,154,figural_mixed_practice,1,,0,angular,485.9000000000233,1,repetition,e_g_15.png,shape,angular
134569,,c7fbf674-7151-4b31-9215-b4523cffdc16,1,Z06ctLJ01617037998662,155,figural_mixed_practice,1,,0,blue,374.5,1,switch,r_b_02.png,color,blue
134569,,c7fbf674-7151-4b31-9215-b4523cffdc16,1,Z06ctLJ01617037998662,156,figural_mixed_practice,1,,0,green,504.1000000000349,1,repetition,r_g_10.png,color,green
134569,,c7fbf674-7151-4b31-9215-b4523cffdc16,1,Z06ctLJ01617037998662,157,figural_mixed_practice,1,,0,round,982.2999999999884,1,switch,r_b_03.png,shape,round
134569,,c7fbf674-7151-4b31-9215-b4523cffdc16,1,Z06ctLJ01617037998662,158,figural_mixed_practice,1,,0,green,354.79999999998836,0,switch,e_b_11.png,color,blue
134569,,c7fbf674-7151-4b31-9215-b4523cffdc16,1,Z06ctLJ01617037998662,159,figural_mixed_practice,1,,0,blue,414.3999999999651,0,repetition,r_g_06.png,color,green
134569,,c7fbf674-7151-4b31-9215-b4523cffdc16,1,Z06ctLJ01617037998662,160,figural_mixed_practice,1,,0,round,908.2000000000116,1,switch,r_b_08.png,shape,round
134569,,c7fbf674-7151-4b31-9215-b4523cffdc16,1,Z06ctLJ01617037998662,161,figural_mixed_practice,1,,0,round,554.1000000000349,0,repetition,e_b_12.png,shape,angular
134569,,c7fbf674-7151-4b31-9215-b4523cffdc16,1,Z06ctLJ01617037998662,162,figural_mixed_practice,1,,0,angular,571.0999999999767,0,repetition,r_g_04.png,shape,round
134569,,c7fbf674-7151-4b31-9215-b4523cffdc16,1,Z06ctLJ01617037998662,163,figural_mixed_practice,1,,0,blue,1479.899999999965,1,switch,e_b_01.png,color,blue
134569,,c7fbf674-7151-4b31-9215-b4523cffdc16,1,Z06ctLJ01617037998662,164,figural_mixed_practice,1,,0,green,1105.9000000000232,1,repetition,e_g_05.png,color,green
134569,,c7fbf674-7151-4b31-9215-b4523cffdc16,1,Z06ctLJ01617037998662,165,figural_mixed,1,,0,green,485.0999999999767,1,start,r_g_12.png,color,green
134569,,c7fbf674-7151-4b31-9215-b4523cffdc16,1,Z06ctLJ01617037998662,166,figural_mixed,1,,0,green,521.9000000000233,1,repetition,e_g_16.png,color,green
134569,,c7fbf674-7151-4b31-9215-b4523cffdc16,1,Z06ctLJ01617037998662,167,figural_mixed,1,,0,round,382.20000000001164,1,switch,r_b_01.png,shape,round
134569,,c7fbf674-7151-4b31-9215-b4523cffdc16,1,Z06ctLJ01617037998662,168,figural_mixed,1,,0,blue,571.5,1,switch,e_b_10.png,color,blue
134569,,c7fbf674-7151-4b31-9215-b4523cffdc16,1,Z06ctLJ01617037998662,169,figural_mixed,1,,0,angular,401.79999999998836,0,switch,r_g_07.png,shape,round
134569,,c7fbf674-7151-4b31-9215-b4523cffdc16,1,Z06ctLJ01617037998662,170,figural_mixed,1,,0,round,524.5999999999767,0,repetition,e_g_16.png,shape,angular
134569,,c7fbf674-7151-4b31-9215-b4523cffdc16,1,Z06ctLJ01617037998662,171,figural_mixed,1,,0,angular,527.5,1,repetition,e_b_11.png,shape,angular
134569,,c7fbf674-7151-4b31-9215-b4523cffdc16,1,Z06ctLJ01617037998662,172,figural_mixed,1,,0,blue,382.30000000004656,1,switch,e_b_12.png,color,blue
134569,,c7fbf674-7151-4b31-9215-b4523cffdc16,1,Z06ctLJ01617037998662,173,figural_mixed,1,,0,green,443.3999999999651,0,repetition,r_b_05.png,color,blue
134569,,c7fbf674-7151-4b31-9215-b4523cffdc16,1,Z06ctLJ01617037998662,174,figural_mixed,1,,0,round,355.6000000000349,0,switch,e_b_15.png,shape,angular
134569,,c7fbf674-7151-4b31-9215-b4523cffdc16,1,Z06ctLJ01617037998662,175,figural_mixed,1,,0,angular,440.5,0,repetition,r_g_01.png,shape,round
134569,,c7fbf674-7151-4b31-9215-b4523cffdc16,1,Z06ctLJ01617037998662,176,figural_mixed,1,,0,green,483.30000000004656,1,switch,r_g_11.png,color,green
134569,,c7fbf674-7151-4b31-9215-b4523cffdc16,1,Z06ctLJ01617037998662,177,figural_mixed,1,,0,blue,555.2000000000116,1,repetition,e_b_14.png,color,blue
134569,,c7fbf674-7151-4b31-9215-b4523cffdc16,1,Z06ctLJ01617037998662,178,figural_mixed,1,,0,green,480,1,repetition,r_g_05.png,color,green
134569,,c7fbf674-7151-4b31-9215-b4523cffdc16,1,Z06ctLJ01617037998662,179,figural_mixed,1,,0,round,429.29999999998836,0,switch,e_g_09.png,shape,angular
134569,,c7fbf674-7151-4b31-9215-b4523cffdc16,1,Z06ctLJ01617037998662,180,figural_mixed,1,,0,angular,446.5999999999767,0,repetition,r_b_04.png,shape,round
134569,,c7fbf674-7151-4b31-9215-b4523cffdc16,1,Z06ctLJ01617037998662,181,figural_mixed,1,,0,round,535.4000000000233,1,repetition,r_g_12.png,shape,round
134569,,c7fbf674-7151-4b31-9215-b4523cffdc16,1,Z06ctLJ01617037998662,182,figural_mixed,1,,0,angular,454.29999999998836,0,repetition,r_b_02.png,shape,round
134569,,c7fbf674-7151-4b31-9215-b4523cffdc16,1,Z06ctLJ01617037998662,183,figural_mixed,1,,0,green,903.6000000000349,1,switch,r_g_04.png,color,green
134569,,c7fbf674-7151-4b31-9215-b4523cffdc16,1,Z06ctLJ01617037998662,184,figural_mixed,1,,0,blue,1020.7999999999884,1,repetition,e_b_02.png,color,blue
134569,,c7fbf674-7151-4b31-9215-b4523cffdc16,1,Z06ctLJ01617037998662,185,figural_mixed,1,,0,blue,1012.5,1,repetition,r_b_16.png,color,blue
134569,,c7fbf674-7151-4b31-9215-b4523cffdc16,1,Z06ctLJ01617037998662,186,figural_mixed,1,,0,angular,461.0999999999767,1,switch,e_g_03.png,shape,angular
134569,,c7fbf674-7151-4b31-9215-b4523cffdc16,1,Z06ctLJ01617037998662,187,figural_mixed,1,,0,blue,445.79999999998836,1,switch,r_b_10.png,color,blue
134569,,c7fbf674-7151-4b31-9215-b4523cffdc16,1,Z06ctLJ01617037998662,188,figural_mixed,1,,0,green,480.9000000000233,1,repetition,e_g_03.png,color,green
134569,,c7fbf674-7151-4b31-9215-b4523cffdc16,1,Z06ctLJ01617037998662,189,figural_mixed,1,,0,blue,475.79999999998836,0,repetition,r_g_06.png,color,green
134569,,c7fbf674-7151-4b31-9215-b4523cffdc16,1,Z06ctLJ01617037998662,190,figural_mixed,1,,0,round,1942.7000000000116,1,switch,r_b_09.png,shape,round
134569,,c7fbf674-7151-4b31-9215-b4523cffdc16,1,Z06ctLJ01617037998662,191,figural_mixed,1,,0,blue,714.2000000000116,1,switch,r_b_02.png,color,blue
134569,,c7fbf674-7151-4b31-9215-b4523cffdc16,1,Z06ctLJ01617037998662,192,figural_mixed,1,,0,green,558.2000000000116,1,repetition,r_g_01.png,color,green
134569,,c7fbf674-7151-4b31-9215-b4523cffdc16,1,Z06ctLJ01617037998662,193,figural_mixed,1,,0,angular,596.8999999999651,1,switch,e_g_07.png,shape,angular
134569,,c7fbf674-7151-4b31-9215-b4523cffdc16,1,Z06ctLJ01617037998662,194,figural_mixed,1,,0,blue,949.9000000000233,1,switch,r_b_13.png,color,blue
134569,,c7fbf674-7151-4b31-9215-b4523cffdc16,1,Z06ctLJ01617037998662,195,figural_mixed,1,,0,round,524.4000000000233,0,switch,e_b_14.png,shape,angular
134569,,c7fbf674-7151-4b31-9215-b4523cffdc16,1,Z06ctLJ01617037998662,196,figural_mixed,1,,0,angular,559.2000000000116,0,repetition,r_g_09.png,shape,round
134569,,c7fbf674-7151-4b31-9215-b4523cffdc16,1,Z06ctLJ01617037998662,197,figural_mixed,1,,0,round,473.8999999999651,1,repetition,r_b_11.png,shape,round
134569,,c7fbf674-7151-4b31-9215-b4523cffdc16,1,Z06ctLJ01617037998662,198,figural_mixed,1,,0,green,588.5,1,switch,r_g_07.png,color,green
134569,,c7fbf674-7151-4b31-9215-b4523cffdc16,1,Z06ctLJ01617037998662,199,figural_mixed,1,,0,round,572.1999999999534,0,switch,e_b_04.png,shape,angular
134569,,c7fbf674-7151-4b31-9215-b4523cffdc16,1,Z06ctLJ01617037998662,200,figural_mixed,1,,0,angular,542.5,0,repetition,r_g_14.png,shape,round
134569,,c7fbf674-7151-4b31-9215-b4523cffdc16,1,Z06ctLJ01617037998662,201,figural_mixed,1,,0,green,683.6000000000349,0,switch,e_b_09.png,color,blue
134569,,c7fbf674-7151-4b31-9215-b4523cffdc16,1,Z06ctLJ01617037998662,202,figural_mixed,1,,0,round,673.6999999999534,0,switch,e_g_10.png,shape,angular
134569,,c7fbf674-7151-4b31-9215-b4523cffdc16,1,Z06ctLJ01617037998662,203,figural_mixed,1,,0,green,382.70000000001164,1,switch,r_g_15.png,color,green
134569,,c7fbf674-7151-4b31-9215-b4523cffdc16,1,Z06ctLJ01617037998662,204,figural_mixed,1,,0,blue,467.79999999998836,0,repetition,e_g_14.png,color,green
134569,,c7fbf674-7151-4b31-9215-b4523cffdc16,1,Z06ctLJ01617037998662,205,figural_mixed,1,,0,green,540,0,repetition,r_b_07.png,color,blue
134569,,c7fbf674-7151-4b31-9215-b4523cffdc16,1,Z06ctLJ01617037998662,206,figural_mixed,1,,0,green,750.5999999999767,0,repetition,r_b_09.png,color,blue
134569,,c7fbf674-7151-4b31-9215-b4523cffdc16,1,Z06ctLJ01617037998662,207,figural_mixed,1,,0,round,615.7999999999884,0,switch,e_g_14.png,shape,angular
134569,,c7fbf674-7151-4b31-9215-b4523cffdc16,1,Z06ctLJ01617037998662,208,figural_mixed,1,,0,angular,431.4000000000233,1,repetition,e_g_13.png,shape,angular
134569,,c7fbf674-7151-4b31-9215-b4523cffdc16,1,Z06ctLJ01617037998662,209,figural_mixed,1,,0,green,1319.5,0,switch,e_b_04.png,color,blue
134569,,c7fbf674-7151-4b31-9215-b4523cffdc16,1,Z06ctLJ01617037998662,210,figural_mixed,1,,0,blue,252.59999999997672,0,repetition,e_g_10.png,color,green
134569,,c7fbf674-7151-4b31-9215-b4523cffdc16,1,Z06ctLJ01617037998662,211,figural_mixed,1,,0,green,896.6999999999534,1,repetition,e_g_04.png,color,green
134569,,c7fbf674-7151-4b31-9215-b4523cffdc16,1,Z06ctLJ01617037998662,212,figural_mixed,1,,0,angular,563.9000000000233,1,switch,e_b_07.png,shape,angular
134569,,c7fbf674-7151-4b31-9215-b4523cffdc16,1,Z06ctLJ01617037998662,213,figural_mixed,1,,0,angular,1290.7999999999883,0,repetition,r_g_11.png,shape,round
134569,,c7fbf674-7151-4b31-9215-b4523cffdc16,1,Z06ctLJ01617037998662,214,figural_mixed,1,,0,round,4038.100000000035,1,repetition,r_g_04.png,shape,round
134569,,c7fbf674-7151-4b31-9215-b4523cffdc16,1,Z06ctLJ01617037998662,215,figural_mixed,1,,0,angular,1534.7999999999883,1,repetition,e_g_15.png,shape,angular
134569,,c7fbf674-7151-4b31-9215-b4523cffdc16,1,Z06ctLJ01617037998662,216,figural_mixed,1,,0,blue,1711.0999999999767,0,switch,e_g_11.png,color,green
134569,,c7fbf674-7151-4b31-9215-b4523cffdc16,1,Z06ctLJ01617037998662,217,figural_mixed,1,,0,angular,1431.899999999965,0,switch,r_g_08.png,shape,round
134569,,c7fbf674-7151-4b31-9215-b4523cffdc16,1,Z06ctLJ01617037998662,218,figural_mixed,1,,0,round,1214.2000000000116,1,repetition,r_g_10.png,shape,round
134569,,c7fbf674-7151-4b31-9215-b4523cffdc16,1,Z06ctLJ01617037998662,219,figural_mixed,1,,0,green,2089.9000000000233,1,switch,e_g_15.png,color,green
134569,,c7fbf674-7151-4b31-9215-b4523cffdc16,1,Z06ctLJ01617037998662,220,figural_mixed,1,,0,green,1873.3000000000465,1,repetition,r_g_02.png,color,green
134569,,c7fbf674-7151-4b31-9215-b4523cffdc16,1,Z06ctLJ01617037998662,221,figural_mixed,1,,0,round,917.3999999999651,0,switch,e_b_01.png,shape,angular
134569,,c7fbf674-7151-4b31-9215-b4523cffdc16,1,Z06ctLJ01617037998662,222,figural_mixed,1,,0,blue,1243.2999999999883,1,switch,e_b_15.png,color,blue
134569,,c7fbf674-7151-4b31-9215-b4523cffdc16,1,Z06ctLJ01617037998662,223,figural_mixed,1,,0,blue,695.7000000000116,1,repetition,e_b_03.png,color,blue
134569,,c7fbf674-7151-4b31-9215-b4523cffdc16,1,Z06ctLJ01617037998662,224,figural_mixed,1,,0,blue,527.4000000000233,1,repetition,e_b_01.png,color,blue
134569,,c7fbf674-7151-4b31-9215-b4523cffdc16,1,Z06ctLJ01617037998662,225,figural_mixed,1,,0,angular,1056.4000000000232,0,switch,r_g_02.png,shape,round
134569,,c7fbf674-7151-4b31-9215-b4523cffdc16,1,Z06ctLJ01617037998662,226,figural_mixed,1,,0,green,2723.100000000035,1,switch,e_g_05.png,color,green
134569,,c7fbf674-7151-4b31-9215-b4523cffdc16,1,Z06ctLJ01617037998662,227,figural_mixed,1,,0,angular,442.4000000000233,0,switch,r_b_06.png,shape,round
134569,,c7fbf674-7151-4b31-9215-b4523cffdc16,1,Z06ctLJ01617037998662,228,figural_mixed,1,,0,green,1112.2999999999883,1,switch,e_g_08.png,color,green
134569,,c7fbf674-7151-4b31-9215-b4523cffdc16,1,Z06ctLJ01617037998662,229,figural_mixed,1,,0,green,382.20000000001164,1,repetition,e_g_02.png,color,green
134569,,c7fbf674-7151-4b31-9215-b4523cffdc16,1,Z06ctLJ01617037998662,230,figural_mixed,1,,0,green,362.29999999998836,0,repetition,e_b_06.png,color,blue
134569,,c7fbf674-7151-4b31-9215-b4523cffdc16,1,Z06ctLJ01617037998662,231,figural_mixed,1,,0,angular,555.9000000000233,1,switch,e_b_08.png,shape,angular
134569,,c7fbf674-7151-4b31-9215-b4523cffdc16,1,Z06ctLJ01617037998662,232,figural_mixed,1,,0,blue,691.3999999999651,0,switch,r_g_09.png,color,green
134569,,c7fbf674-7151-4b31-9215-b4523cffdc16,1,Z06ctLJ01617037998662,233,figural_mixed,1,,0,green,417.5999999999767,0,repetition,e_b_13.png,color,blue
134569,,c7fbf674-7151-4b31-9215-b4523cffdc16,1,Z06ctLJ01617037998662,234,figural_mixed,1,,0,round,348.5,1,switch,r_b_10.png,shape,round
134569,,c7fbf674-7151-4b31-9215-b4523cffdc16,1,Z06ctLJ01617037998662,235,figural_mixed,1,,0,round,246.5,1,repetition,r_b_13.png,shape,round
134569,,c7fbf674-7151-4b31-9215-b4523cffdc16,1,Z06ctLJ01617037998662,236,figural_mixed,1,,0,green,32.199999999953434,0,switch,e_b_11.png,color,blue
134569,,c7fbf674-7151-4b31-9215-b4523cffdc16,1,Z06ctLJ01617037998662,237,figural_mixed,1,,0,green,102,1,repetition,r_g_08.png,color,green
134569,,c7fbf674-7151-4b31-9215-b4523cffdc16,1,Z06ctLJ01617037998662,238,figural_mixed,1,,0,round,109.09999999997671,0,switch,e_b_10.png,shape,angular
134569,,c7fbf674-7151-4b31-9215-b4523cffdc16,1,Z06ctLJ01617037998662,239,figural_mixed,1,,0,round,67.40000000002328,0,repetition,e_g_06.png,shape,angular
134569,,c7fbf674-7151-4b31-9215-b4523cffdc16,1,Z06ctLJ01617037998662,240,figural_mixed,1,,0,angular,82.79999999998836,1,repetition,e_g_11.png,shape,angular
134569,,c7fbf674-7151-4b31-9215-b4523cffdc16,1,Z06ctLJ01617037998662,241,figural_mixed,1,,0,round,161.59999999997672,1,repetition,r_b_07.png,shape,round
134569,,c7fbf674-7151-4b31-9215-b4523cffdc16,1,Z06ctLJ01617037998662,242,figural_mixed,1,,0,blue,138.5,1,switch,r_b_06.png,color,blue
134569,,c7fbf674-7151-4b31-9215-b4523cffdc16,1,Z06ctLJ01617037998662,243,figural_mixed,1,,0,blue,116.40000000002328,1,repetition,e_b_07.png,color,blue
134569,,c7fbf674-7151-4b31-9215-b4523cffdc16,1,Z06ctLJ01617037998662,244,figural_mixed,1,,0,blue,241.60000000003492,1,repetition,r_b_14.png,color,blue
134569,,c7fbf674-7151-4b31-9215-b4523cffdc16,1,Z06ctLJ01617037998662,245,figural_mixed,1,,0,blue,855,0,repetition,r_g_16.png,color,green
134569,,c7fbf674-7151-4b31-9215-b4523cffdc16,1,Z06ctLJ01617037998662,246,figural_mixed,1,,0,angular,558.2999999999884,1,switch,e_b_09.png,shape,angular
134569,,c7fbf674-7151-4b31-9215-b4523cffdc16,1,Z06ctLJ01617037998662,247,figural_mixed,1,,0,round,1465.5,1,repetition,r_g_05.png,shape,round
134569,,c7fbf674-7151-4b31-9215-b4523cffdc16,1,Z06ctLJ01617037998662,248,figural_mixed,1,,0,angular,630.6000000000349,1,repetition,e_b_12.png,shape,angular
134569,,c7fbf674-7151-4b31-9215-b4523cffdc16,1,Z06ctLJ01617037998662,249,figural_mixed,1,,0,blue,673.2000000000116,1,switch,e_b_05.png,color,blue
134569,,c7fbf674-7151-4b31-9215-b4523cffdc16,1,Z06ctLJ01617037998662,250,figural_mixed,1,,0,angular,349.29999999998836,0,switch,r_g_06.png,shape,round
134569,,c7fbf674-7151-4b31-9215-b4523cffdc16,1,Z06ctLJ01617037998662,251,figural_mixed,1,,0,green,121.20000000001164,0,switch,e_b_16.png,color,blue
134569,,c7fbf674-7151-4b31-9215-b4523cffdc16,1,Z06ctLJ01617037998662,252,figural_mixed,1,,0,green,142.70000000001164,1,repetition,r_g_13.png,color,green
134569,,c7fbf674-7151-4b31-9215-b4523cffdc16,1,Z06ctLJ01617037998662,253,figural_mixed,1,,0,angular,260.3999999999651,1,switch,e_g_02.png,shape,angular
134569,,c7fbf674-7151-4b31-9215-b4523cffdc16,1,Z06ctLJ01617037998662,254,figural_mixed,1,,0,round,141.5,1,repetition,r_b_03.png,shape,round
134569,,c7fbf674-7151-4b31-9215-b4523cffdc16,1,Z06ctLJ01617037998662,255,figural_mixed,1,,0,round,57.29999999998836,1,repetition,r_b_14.png,shape,round
134569,,c7fbf674-7151-4b31-9215-b4523cffdc16,1,Z06ctLJ01617037998662,256,figural_mixed,1,,0,angular,82.10000000003492,1,repetition,e_g_12.png,shape,angular
134569,,c7fbf674-7151-4b31-9215-b4523cffdc16,1,Z06ctLJ01617037998662,257,figural_mixed,1,,0,green,129.20000000001164,0,switch,r_b_04.png,color,blue
134569,,c7fbf674-7151-4b31-9215-b4523cffdc16,1,Z06ctLJ01617037998662,258,figural_mixed,1,,0,round,107.19999999995343,1,switch,r_g_15.png,shape,round
134569,,c7fbf674-7151-4b31-9215-b4523cffdc16,1,Z06ctLJ01617037998662,259,figural_mixed,1,,0,angular,63.20000000001164,1,repetition,e_g_08.png,shape,angular
134569,,c7fbf674-7151-4b31-9215-b4523cffdc16,1,Z06ctLJ01617037998662,260,figural_mixed,1,,0,round,54.79999999998836,1,repetition,r_b_16.png,shape,round
134569,,c7fbf674-7151-4b31-9215-b4523cffdc16,1,Z06ctLJ01617037998662,261,figural_mixed,1,,0,blue,56,0,switch,r_g_10.png,color,green
134569,,c7fbf674-7151-4b31-9215-b4523cffdc16,1,Z06ctLJ01617037998662,262,figural_mixed,1,,0,green,85.39999999996507,1,repetition,e_g_06.png,color,green
134569,,c7fbf674-7151-4b31-9215-b4523cffdc16,1,Z06ctLJ01617037998662,263,figural_mixed,1,,0,angular,150.89999999996507,0,switch,r_g_13.png,shape,round
134569,,c7fbf674-7151-4b31-9215-b4523cffdc16,1,Z06ctLJ01617037998662,264,figural_mixed,1,,0,green,303.70000000001164,0,switch,r_b_03.png,color,blue
134569,,c7fbf674-7151-4b31-9215-b4523cffdc16,1,Z06ctLJ01617037998662,265,figural_mixed,1,,0,angular,117.19999999995343,1,switch,e_b_02.png,shape,angular
134569,,c7fbf674-7151-4b31-9215-b4523cffdc16,1,Z06ctLJ01617037998662,266,figural_mixed,1,,0,round,28.20000000001164,0,repetition,e_b_03.png,shape,angular
134569,,c7fbf674-7151-4b31-9215-b4523cffdc16,1,Z06ctLJ01617037998662,267,figural_mixed,1,,0,green,25.5,1,switch,e_g_07.png,color,green
134569,,c7fbf674-7151-4b31-9215-b4523cffdc16,1,Z06ctLJ01617037998662,268,figural_mixed,1,,0,green,307.1000000000349,0,repetition,r_b_08.png,color,blue
134569,,c7fbf674-7151-4b31-9215-b4523cffdc16,1,Z06ctLJ01617037998662,269,figural_mixed,1,,0,green,101,0,repetition,r_b_01.png,color,blue
134569,,c7fbf674-7151-4b31-9215-b4523cffdc16,1,Z06ctLJ01617037998662,270,figural_mixed,1,,0,round,86.60000000003492,0,switch,e_b_05.png,shape,angular
134569,,c7fbf674-7151-4b31-9215-b4523cffdc16,1,Z06ctLJ01617037998662,271,figural_mixed,1,,0,blue,21,0,switch,r_g_16.png,color,green
134569,,c7fbf674-7151-4b31-9215-b4523cffdc16,1,Z06ctLJ01617037998662,272,figural_mixed,1,,0,angular,122.90000000002328,1,switch,e_g_04.png,shape,angular
134569,,c7fbf674-7151-4b31-9215-b4523cffdc16,1,Z06ctLJ01617037998662,273,figural_mixed,1,,0,angular,6.400000000023283,0,repetition,r_b_05.png,shape,round
134569,,c7fbf674-7151-4b31-9215-b4523cffdc16,1,Z06ctLJ01617037998662,274,figural_mixed,1,,0,angular,85.79999999998836,0,repetition,r_g_03.png,shape,round
134569,,c7fbf674-7151-4b31-9215-b4523cffdc16,1,Z06ctLJ01617037998662,275,figural_mixed,1,,0,blue,47.29999999998836,1,switch,r_b_15.png,color,blue
134569,,c7fbf674-7151-4b31-9215-b4523cffdc16,1,Z06ctLJ01617037998662,276,figural_mixed,1,,0,green,84.5,1,repetition,r_g_14.png,color,green
134569,,c7fbf674-7151-4b31-9215-b4523cffdc16,1,Z06ctLJ01617037998662,277,figural_mixed,1,,0,round,54.699999999953434,0,switch,e_g_01.png,shape,angular
134569,,c7fbf674-7151-4b31-9215-b4523cffdc16,1,Z06ctLJ01617037998662,278,figural_mixed,1,,0,angular,68.80000000004656,0,repetition,r_b_15.png,shape,round
134569,,c7fbf674-7151-4b31-9215-b4523cffdc16,1,Z06ctLJ01617037998662,279,figural_mixed,1,,0,round,116.89999999996507,1,repetition,r_b_08.png,shape,round
134569,,c7fbf674-7151-4b31-9215-b4523cffdc16,1,Z06ctLJ01617037998662,280,figural_mixed,1,,0,green,4.100000000034925,1,switch,e_g_12.png,color,green
134569,,c7fbf674-7151-4b31-9215-b4523cffdc16,1,Z06ctLJ01617037998662,281,figural_mixed,1,,0,round,148.59999999997672,0,switch,e_b_13.png,shape,angular
134569,,c7fbf674-7151-4b31-9215-b4523cffdc16,1,Z06ctLJ01617037998662,282,figural_mixed,1,,0,green,46.100000000034925,1,switch,r_g_03.png,color,green
134569,,c7fbf674-7151-4b31-9215-b4523cffdc16,1,Z06ctLJ01617037998662,283,figural_mixed,1,,0,blue,83.40000000002328,1,repetition,r_b_12.png,color,blue
134569,,c7fbf674-7151-4b31-9215-b4523cffdc16,1,Z06ctLJ01617037998662,284,figural_mixed,1,,0,round,46.79999999998836,0,switch,e_b_06.png,shape,angular
134569,,c7fbf674-7151-4b31-9215-b4523cffdc16,1,Z06ctLJ01617037998662,285,figural_mixed,1,,0,angular,94.90000000002328,1,repetition,e_g_05.png,shape,angular
134569,,c7fbf674-7151-4b31-9215-b4523cffdc16,1,Z06ctLJ01617037998662,286,figural_mixed,1,,0,blue,79.70000000001164,1,switch,r_b_11.png,color,blue
134569,,c7fbf674-7151-4b31-9215-b4523cffdc16,1,Z06ctLJ01617037998662,287,figural_mixed,1,,0,angular,1.7999999999883584,1,switch,e_b_16.png,shape,angular
134569,,c7fbf674-7151-4b31-9215-b4523cffdc16,1,Z06ctLJ01617037998662,288,figural_mixed,1,,0,blue,88.89999999996507,0,switch,e_g_01.png,color,green
134569,,c7fbf674-7151-4b31-9215-b4523cffdc16,1,Z06ctLJ01617037998662,289,figural_mixed,1,,0,green,153.79999999998836,1,repetition,e_g_13.png,color,green
134569,,c7fbf674-7151-4b31-9215-b4523cffdc16,1,Z06ctLJ01617037998662,290,figural_mixed,1,,0,angular,98.79999999998836,0,switch,r_b_12.png,shape,round
134569,,c7fbf674-7151-4b31-9215-b4523cffdc16,1,Z06ctLJ01617037998662,291,figural_mixed,1,,0,green,208.90000000002328,0,switch,e_b_08.png,color,blue
134569,,c7fbf674-7151-4b31-9215-b4523cffdc16,1,Z06ctLJ01617037998662,292,figural_mixed,1,,0,blue,39.79999999998836,0,repetition,e_g_09.png,color,green
134569,,c7fbf674-7151-4b31-9215-b4523cffdc16,1,Z06ctLJ01617037998662,293,figural_mixed,1,,0,blue,148.59999999997672,0,repetition,r_g_12.png,color,green
134569,,c7fbf674-7151-4b31-9215-b4523cffdc16,1,Z06ctLJ01617037998662,294,figural_single_2_2,1,,0,blue,1746.5999999999767,1,single,e_b_01.png,color,blue
134569,,c7fbf674-7151-4b31-9215-b4523cffdc16,1,Z06ctLJ01617037998662,295,figural_single_2_2,1,,0,blue,642.6999999999534,1,single,r_b_03.png,color,blue
134569,,c7fbf674-7151-4b31-9215-b4523cffdc16,1,Z06ctLJ01617037998662,296,figural_single_2_2,1,,0,green,874,1,single,e_g_01.png,color,green
134569,,c7fbf674-7151-4b31-9215-b4523cffdc16,1,Z06ctLJ01617037998662,297,figural_single_2_2,1,,0,green,1339.600000000035,1,single,e_g_13.png,color,green
134569,,c7fbf674-7151-4b31-9215-b4523cffdc16,1,Z06ctLJ01617037998662,298,figural_single_2_2,1,,0,blue,686.8000000000466,1,single,r_b_16.png,color,blue
134569,,c7fbf674-7151-4b31-9215-b4523cffdc16,1,Z06ctLJ01617037998662,299,figural_single_2_2,1,,0,blue,945,1,single,r_b_07.png,color,blue
134569,,c7fbf674-7151-4b31-9215-b4523cffdc16,1,Z06ctLJ01617037998662,300,figural_single_2_2,1,,0,green,753.0999999999767,1,single,r_g_08.png,color,green
134569,,c7fbf674-7151-4b31-9215-b4523cffdc16,1,Z06ctLJ01617037998662,301,figural_single_2_2,1,,0,blue,786.5999999999767,1,single,r_b_09.png,color,blue
134569,,c7fbf674-7151-4b31-9215-b4523cffdc16,1,Z06ctLJ01617037998662,302,figural_single_2_2,1,,0,green,377.20000000001164,1,single,r_g_02.png,color,green
134569,,c7fbf674-7151-4b31-9215-b4523cffdc16,1,Z06ctLJ01617037998662,303,figural_single_2_2,1,,0,green,463.9000000000233,1,single,r_g_12.png,color,green
134569,,c7fbf674-7151-4b31-9215-b4523cffdc16,1,Z06ctLJ01617037998662,304,figural_single_2_2,1,,0,blue,689.4000000000233,1,single,e_b_08.png,color,blue
134569,,c7fbf674-7151-4b31-9215-b4523cffdc16,1,Z06ctLJ01617037998662,305,figural_single_2_2,1,,0,green,742.7000000000116,1,single,r_g_04.png,color,green
134569,,c7fbf674-7151-4b31-9215-b4523cffdc16,1,Z06ctLJ01617037998662,306,figural_single_2_2,1,,0,blue,677.4000000000233,1,single,e_b_03.png,color,blue
134569,,c7fbf674-7151-4b31-9215-b4523cffdc16,1,Z06ctLJ01617037998662,307,figural_single_2_2,1,,0,green,425.8999999999651,0,single,e_b_11.png,color,blue
134569,,c7fbf674-7151-4b31-9215-b4523cffdc16,1,Z06ctLJ01617037998662,308,figural_single_2_2,1,,0,blue,486.5,1,single,r_b_14.png,color,blue
134569,,c7fbf674-7151-4b31-9215-b4523cffdc16,1,Z06ctLJ01617037998662,309,figural_single_2_2,1,,0,green,742.0999999999767,1,single,e_g_07.png,color,green
134569,,c7fbf674-7151-4b31-9215-b4523cffdc16,1,Z06ctLJ01617037998662,310,figural_single_2_2,1,,0,blue,724.2000000000116,1,single,r_b_13.png,color,blue
134569,,c7fbf674-7151-4b31-9215-b4523cffdc16,1,Z06ctLJ01617037998662,311,figural_single_2_2,1,,0,green,525.0999999999767,1,single,e_g_16.png,color,green
134569,,c7fbf674-7151-4b31-9215-b4523cffdc16,1,Z06ctLJ01617037998662,312,figural_single_2_2,1,,0,blue,730.5,1,single,e_b_14.png,color,blue
134569,,c7fbf674-7151-4b31-9215-b4523cffdc16,1,Z06ctLJ01617037998662,313,figural_single_2_2,1,,0,blue,687.1999999999534,0,single,e_g_12.png,color,green
134569,,c7fbf674-7151-4b31-9215-b4523cffdc16,1,Z06ctLJ01617037998662,314,figural_single_2_2,1,,0,green,731.5,1,single,r_g_07.png,color,green
134569,,c7fbf674-7151-4b31-9215-b4523cffdc16,1,Z06ctLJ01617037998662,315,figural_single_2_2,1,,0,blue,587.9000000000233,1,single,e_b_15.png,color,blue
134569,,c7fbf674-7151-4b31-9215-b4523cffdc16,1,Z06ctLJ01617037998662,316,figural_single_2_2,1,,0,blue,1150.9000000000232,1,single,e_b_05.png,color,blue
134569,,c7fbf674-7151-4b31-9215-b4523cffdc16,1,Z06ctLJ01617037998662,317,figural_single_2_2,1,,0,green,518.5999999999767,1,single,r_g_15.png,color,green
134569,,c7fbf674-7151-4b31-9215-b4523cffdc16,1,Z06ctLJ01617037998662,318,figural_single_2_2,1,,0,blue,529.9000000000233,1,single,r_b_06.png,color,blue
134569,,c7fbf674-7151-4b31-9215-b4523cffdc16,1,Z06ctLJ01617037998662,319,figural_single_2_2,1,,0,green,476.0999999999767,1,single,e_g_02.png,color,green
134569,,c7fbf674-7151-4b31-9215-b4523cffdc16,1,Z06ctLJ01617037998662,320,figural_single_2_2,1,,0,green,705.9000000000233,1,single,r_g_16.png,color,green
134569,,c7fbf674-7151-4b31-9215-b4523cffdc16,1,Z06ctLJ01617037998662,321,figural_single_2_2,1,,0,blue,787.7999999999884,1,single,e_b_10.png,color,blue
134569,,c7fbf674-7151-4b31-9215-b4523cffdc16,1,Z06ctLJ01617037998662,322,figural_single_2_2,1,,0,green,838.1000000000349,1,single,e_g_05.png,color,green
134569,,c7fbf674-7151-4b31-9215-b4523cffdc16,1,Z06ctLJ01617037998662,323,figural_single_2_2,1,,0,blue,1408.9000000000232,0,single,e_g_03.png,color,green
134569,,c7fbf674-7151-4b31-9215-b4523cffdc16,1,Z06ctLJ01617037998662,324,figural_single_2_2,1,,0,green,845.0999999999767,1,single,e_g_11.png,color,green
134569,,c7fbf674-7151-4b31-9215-b4523cffdc16,1,Z06ctLJ01617037998662,325,figural_single_2_2,1,,0,blue,745.0999999999767,1,single,r_b_15.png,color,blue
134569,,c7fbf674-7151-4b31-9215-b4523cffdc16,1,Z06ctLJ01617037998662,326,figural_single_2_2,1,,0,blue,605.7999999999884,1,single,e_b_02.png,color,blue
134569,,c7fbf674-7151-4b31-9215-b4523cffdc16,1,Z06ctLJ01617037998662,327,figural_single_2_2,1,,0,blue,541.4000000000233,1,single,r_b_08.png,color,blue
134569,,c7fbf674-7151-4b31-9215-b4523cffdc16,1,Z06ctLJ01617037998662,328,figural_single_2_2,1,,0,green,667.2999999999884,1,single,e_g_06.png,color,green
134569,,c7fbf674-7151-4b31-9215-b4523cffdc16,1,Z06ctLJ01617037998662,329,figural_single_2_2,1,,0,blue,857.5999999999767,1,single,e_b_16.png,color,blue
134569,,c7fbf674-7151-4b31-9215-b4523cffdc16,1,Z06ctLJ01617037998662,330,figural_single_2_2,1,,0,blue,552.7000000000116,1,single,e_b_06.png,color,blue
134569,,c7fbf674-7151-4b31-9215-b4523cffdc16,1,Z06ctLJ01617037998662,331,figural_single_2_2,1,,0,green,715,1,single,r_g_09.png,color,green
134569,,c7fbf674-7151-4b31-9215-b4523cffdc16,1,Z06ctLJ01617037998662,332,figural_single_2_2,1,,0,green,552.1000000000349,1,single,e_g_10.png,color,green
134569,,c7fbf674-7151-4b31-9215-b4523cffdc16,1,Z06ctLJ01617037998662,333,figural_single_2_2,1,,0,blue,759.3000000000466,1,single,e_b_12.png,color,blue
134569,,c7fbf674-7151-4b31-9215-b4523cffdc16,1,Z06ctLJ01617037998662,334,figural_single_2_2,1,,0,blue,406.70000000001164,0,single,r_g_11.png,color,green
134569,,c7fbf674-7151-4b31-9215-b4523cffdc16,1,Z06ctLJ01617037998662,335,figural_single_2_2,1,,0,green,295.1000000000349,1,single,r_g_06.png,color,green
134569,,c7fbf674-7151-4b31-9215-b4523cffdc16,1,Z06ctLJ01617037998662,336,figural_single_2_2,1,,0,green,62.100000000034925,1,single,e_g_04.png,color,green
134569,,c7fbf674-7151-4b31-9215-b4523cffdc16,1,Z06ctLJ01617037998662,337,figural_single_2_2,1,,0,green,282.20000000001164,0,single,r_b_01.png,color,blue
134569,,c7fbf674-7151-4b31-9215-b4523cffdc16,1,Z06ctLJ01617037998662,338,figural_single_2_2,1,,0,blue,249.19999999995343,0,single,r_g_03.png,color,green
134569,,c7fbf674-7151-4b31-9215-b4523cffdc16,1,Z06ctLJ01617037998662,339,figural_single_2_2,1,,0,green,674,0,single,e_b_04.png,color,blue
134569,,c7fbf674-7151-4b31-9215-b4523cffdc16,1,Z06ctLJ01617037998662,340,figural_single_2_2,1,,0,blue,785.2999999999884,1,single,r_b_12.png,color,blue
134569,,c7fbf674-7151-4b31-9215-b4523cffdc16,1,Z06ctLJ01617037998662,341,figural_single_2_2,1,,0,blue,236.79999999998836,0,single,r_g_13.png,color,green
134569,,c7fbf674-7151-4b31-9215-b4523cffdc16,1,Z06ctLJ01617037998662,342,figural_single_2_2,1,,0,green,383.8999999999651,0,single,r_b_02.png,color,blue
134569,,c7fbf674-7151-4b31-9215-b4523cffdc16,1,Z06ctLJ01617037998662,343,figural_single_2_2,1,,0,green,253.29999999998836,1,single,e_g_09.png,color,green
134569,,c7fbf674-7151-4b31-9215-b4523cffdc16,1,Z06ctLJ01617037998662,344,figural_single_2_2,1,,0,green,158,1,single,e_g_15.png,color,green
134569,,c7fbf674-7151-4b31-9215-b4523cffdc16,1,Z06ctLJ01617037998662,345,figural_single_2_2,1,,0,blue,212.90000000002328,0,single,e_g_08.png,color,green
134569,,c7fbf674-7151-4b31-9215-b4523cffdc16,1,Z06ctLJ01617037998662,346,figural_single_2_2,1,,0,blue,112.59999999997671,1,single,r_b_05.png,color,blue
134569,,c7fbf674-7151-4b31-9215-b4523cffdc16,1,Z06ctLJ01617037998662,347,figural_single_2_2,1,,0,blue,148.20000000001164,0,single,r_g_14.png,color,green
134569,,c7fbf674-7151-4b31-9215-b4523cffdc16,1,Z06ctLJ01617037998662,348,figural_single_2_2,1,,0,green,535.3000000000466,0,single,r_b_04.png,color,blue
134569,,c7fbf674-7151-4b31-9215-b4523cffdc16,1,Z06ctLJ01617037998662,349,figural_single_2_2,1,,0,green,54.09999999997672,1,single,r_g_10.png,color,green
134569,,c7fbf674-7151-4b31-9215-b4523cffdc16,1,Z06ctLJ01617037998662,350,figural_single_2_2,1,,0,green,133,1,single,r_g_01.png,color,green
134569,,c7fbf674-7151-4b31-9215-b4523cffdc16,1,Z06ctLJ01617037998662,351,figural_single_2_2,1,,0,green,99,0,single,r_b_11.png,color,blue
134569,,c7fbf674-7151-4b31-9215-b4523cffdc16,1,Z06ctLJ01617037998662,352,figural_single_2_2,1,,0,green,5.2999999999883585,1,single,r_g_05.png,color,green
134569,,c7fbf674-7151-4b31-9215-b4523cffdc16,1,Z06ctLJ01617037998662,353,figural_single_2_2,1,,0,green,107.10000000003492,0,single,r_b_10.png,color,blue
134569,,c7fbf674-7151-4b31-9215-b4523cffdc16,1,Z06ctLJ01617037998662,354,figural_single_2_2,1,,0,blue,58.59999999997672,1,single,e_b_13.png,color,blue
134569,,c7fbf674-7151-4b31-9215-b4523cffdc16,1,Z06ctLJ01617037998662,355,figural_single_2_2,1,,0,blue,41.70000000001164,0,single,e_g_14.png,color,green
134569,,c7fbf674-7151-4b31-9215-b4523cffdc16,1,Z06ctLJ01617037998662,356,figural_single_2_2,1,,0,blue,67.5,1,single,e_b_07.png,color,blue
134569,,c7fbf674-7151-4b31-9215-b4523cffdc16,1,Z06ctLJ01617037998662,357,figural_single_2_2,1,,0,green,14.299999999988358,0,single,e_b_09.png,color,blue
134569,,c7fbf674-7151-4b31-9215-b4523cffdc16,1,Z06ctLJ01617037998662,358,figural_single_1_2,1,,0,round,79.89999999996507,0,single,e_g_11.png,shape,angular
134569,,c7fbf674-7151-4b31-9215-b4523cffdc16,1,Z06ctLJ01617037998662,359,figural_single_1_2,1,,0,angular,313.70000000001164,0,single,r_b_16.png,shape,round
134569,,c7fbf674-7151-4b31-9215-b4523cffdc16,1,Z06ctLJ01617037998662,360,figural_single_1_2,1,,0,round,257.29999999998836,0,single,e_b_10.png,shape,angular
134569,,c7fbf674-7151-4b31-9215-b4523cffdc16,1,Z06ctLJ01617037998662,361,figural_single_1_2,1,,0,round,6.599999999976717,1,single,r_b_02.png,shape,round
134569,,c7fbf674-7151-4b31-9215-b4523cffdc16,1,Z06ctLJ01617037998662,362,figural_single_1_2,1,,0,round,24,1,single,r_g_08.png,shape,round
134569,,c7fbf674-7151-4b31-9215-b4523cffdc16,1,Z06ctLJ01617037998662,363,figural_single_1_2,1,,0,round,71.90000000002328,0,single,e_g_02.png,shape,angular
134569,,c7fbf674-7151-4b31-9215-b4523cffdc16,1,Z06ctLJ01617037998662,364,figural_single_1_2,1,,0,angular,150,0,single,r_g_05.png,shape,round
134569,,c7fbf674-7151-4b31-9215-b4523cffdc16,1,Z06ctLJ01617037998662,365,figural_single_1_2,1,,0,angular,41.40000000002328,1,single,e_b_15.png,shape,angular
134569,,c7fbf674-7151-4b31-9215-b4523cffdc16,1,Z06ctLJ01617037998662,366,figural_single_1_2,1,,0,round,1190,1,single,r_b_09.png,shape,round
134569,,c7fbf674-7151-4b31-9215-b4523cffdc16,1,Z06ctLJ01617037998662,367,figural_single_1_2,1,,0,angular,1746.7000000000116,1,single,e_b_12.png,shape,angular
134569,,c7fbf674-7151-4b31-9215-b4523cffdc16,1,Z06ctLJ01617037998662,368,figural_single_1_2,1,,0,angular,826.2999999999884,1,single,e_g_15.png,shape,angular
134569,,c7fbf674-7151-4b31-9215-b4523cffdc16,1,Z06ctLJ01617037998662,369,figural_single_1_2,1,,0,round,727.9000000000233,1,single,r_g_04.png,shape,round
134569,,c7fbf674-7151-4b31-9215-b4523cffdc16,1,Z06ctLJ01617037998662,370,figural_single_1_2,1,,0,angular,576.3000000000466,1,single,e_b_14.png,shape,angular
134569,,c7fbf674-7151-4b31-9215-b4523cffdc16,1,Z06ctLJ01617037998662,371,figural_single_1_2,1,,0,angular,1140.2000000000116,1,single,e_b_02.png,shape,angular
134569,,c7fbf674-7151-4b31-9215-b4523cffdc16,1,Z06ctLJ01617037998662,372,figural_single_1_2,1,,0,round,901.5999999999767,1,single,r_g_15.png,shape,round
134569,,c7fbf674-7151-4b31-9215-b4523cffdc16,1,Z06ctLJ01617037998662,373,figural_single_1_2,1,,0,angular,1053.2000000000116,1,single,e_b_11.png,shape,angular
134569,,c7fbf674-7151-4b31-9215-b4523cffdc16,1,Z06ctLJ01617037998662,374,figural_single_1_2,1,,0,round,773.7999999999884,1,single,r_b_07.png,shape,round
134569,,c7fbf674-7151-4b31-9215-b4523cffdc16,1,Z06ctLJ01617037998662,375,figural_single_1_2,1,,0,angular,809,0,single,r_g_06.png,shape,round
134569,,c7fbf674-7151-4b31-9215-b4523cffdc16,1,Z06ctLJ01617037998662,376,figural_single_1_2,1,,0,round,548.2000000000116,1,single,r_g_02.png,shape,round
134569,,c7fbf674-7151-4b31-9215-b4523cffdc16,1,Z06ctLJ01617037998662,377,figural_single_1_2,1,,0,angular,786.2000000000116,1,single,e_b_09.png,shape,angular
134569,,c7fbf674-7151-4b31-9215-b4523cffdc16,1,Z06ctLJ01617037998662,378,figural_single_1_2,1,,0,round,1708.7999999999883,1,single,r_b_15.png,shape,round
134569,,c7fbf674-7151-4b31-9215-b4523cffdc16,1,Z06ctLJ01617037998662,379,figural_single_1_2,1,,0,angular,1386.2999999999883,1,single,e_g_14.png,shape,angular
134569,,c7fbf674-7151-4b31-9215-b4523cffdc16,1,Z06ctLJ01617037998662,380,figural_single_1_2,1,,0,round,719.5,1,single,r_b_04.png,shape,round
134569,,c7fbf674-7151-4b31-9215-b4523cffdc16,1,Z06ctLJ01617037998662,381,figural_single_1_2,1,,0,angular,781.4000000000233,0,single,r_g_09.png,shape,round
134569,,c7fbf674-7151-4b31-9215-b4523cffdc16,1,Z06ctLJ01617037998662,382,figural_single_1_2,1,,0,angular,746.9000000000233,1,single,e_g_03.png,shape,angular
134569,,c7fbf674-7151-4b31-9215-b4523cffdc16,1,Z06ctLJ01617037998662,383,figural_single_1_2,1,,0,round,691.3999999999651,1,single,r_b_13.png,shape,round
134569,,c7fbf674-7151-4b31-9215-b4523cffdc16,1,Z06ctLJ01617037998662,384,figural_single_1_2,1,,0,angular,713.2000000000116,0,single,r_b_03.png,shape,round
134569,,c7fbf674-7151-4b31-9215-b4523cffdc16,1,Z06ctLJ01617037998662,385,figural_single_1_2,1,,0,round,648.2999999999884,1,single,r_g_14.png,shape,round
134569,,c7fbf674-7151-4b31-9215-b4523cffdc16,1,Z06ctLJ01617037998662,386,figural_single_1_2,1,,0,angular,1339.7000000000116,1,single,e_b_05.png,shape,angular
134569,,c7fbf674-7151-4b31-9215-b4523cffdc16,1,Z06ctLJ01617037998662,387,figural_single_1_2,1,,0,round,922.7000000000116,1,single,r_b_10.png,shape,round
134569,,c7fbf674-7151-4b31-9215-b4523cffdc16,1,Z06ctLJ01617037998662,388,figural_single_1_2,1,,0,round,1259.6999999999534,1,single,r_b_12.png,shape,round
134569,,c7fbf674-7151-4b31-9215-b4523cffdc16,1,Z06ctLJ01617037998662,389,figural_single_1_2,1,,0,round,1084.2999999999883,1,single,r_b_14.png,shape,round
134569,,c7fbf674-7151-4b31-9215-b4523cffdc16,1,Z06ctLJ01617037998662,390,figural_single_1_2,1,,0,angular,2733.6999999999534,1,single,e_g_16.png,shape,angular
134569,,c7fbf674-7151-4b31-9215-b4523cffdc16,1,Z06ctLJ01617037998662,391,figural_single_1_2,1,,0,round,2009.2000000000116,1,single,r_g_12.png,shape,round
134569,,c7fbf674-7151-4b31-9215-b4523cffdc16,1,Z06ctLJ01617037998662,392,figural_single_1_2,1,,0,round,1027.9000000000232,1,single,r_g_11.png,shape,round
134569,,c7fbf674-7151-4b31-9215-b4523cffdc16,1,Z06ctLJ01617037998662,393,figural_single_1_2,1,,0,round,919.8999999999651,0,single,e_b_03.png,shape,angular
134569,,c7fbf674-7151-4b31-9215-b4523cffdc16,1,Z06ctLJ01617037998662,394,figural_single_1_2,1,,0,angular,189.20000000001164,1,single,e_b_04.png,shape,angular
134569,,c7fbf674-7151-4b31-9215-b4523cffdc16,1,Z06ctLJ01617037998662,395,figural_single_1_2,1,,0,angular,87.40000000002328,0,single,r_b_11.png,shape,round
134569,,c7fbf674-7151-4b31-9215-b4523cffdc16,1,Z06ctLJ01617037998662,396,figural_single_1_2,1,,0,angular,260.1000000000349,1,single,e_g_05.png,shape,angular
134569,,c7fbf674-7151-4b31-9215-b4523cffdc16,1,Z06ctLJ01617037998662,397,figural_single_1_2,1,,0,angular,53.20000000001164,1,single,e_b_16.png,shape,angular
134569,,c7fbf674-7151-4b31-9215-b4523cffdc16,1,Z06ctLJ01617037998662,398,figural_single_1_2,1,,0,angular,230.20000000001164,1,single,e_g_13.png,shape,angular
134569,,c7fbf674-7151-4b31-9215-b4523cffdc16,1,Z06ctLJ01617037998662,399,figural_single_1_2,1,,0,round,141.70000000001164,1,single,r_g_01.png,shape,round
134569,,c7fbf674-7151-4b31-9215-b4523cffdc16,1,Z06ctLJ01617037998662,400,figural_single_1_2,1,,0,angular,119.79999999998836,1,single,e_b_08.png,shape,angular
134569,,c7fbf674-7151-4b31-9215-b4523cffdc16,1,Z06ctLJ01617037998662,401,figural_single_1_2,1,,0,angular,251.40000000002328,1,single,e_g_10.png,shape,angular
134569,,c7fbf674-7151-4b31-9215-b4523cffdc16,1,Z06ctLJ01617037998662,402,figural_single_1_2,1,,0,angular,328.4000000000233,0,single,r_g_13.png,shape,round
134569,,c7fbf674-7151-4b31-9215-b4523cffdc16,1,Z06ctLJ01617037998662,403,figural_single_1_2,1,,0,angular,209.89999999996507,1,single,e_b_01.png,shape,angular
134569,,c7fbf674-7151-4b31-9215-b4523cffdc16,1,Z06ctLJ01617037998662,404,figural_single_1_2,1,,0,angular,48.5,1,single,e_b_06.png,shape,angular
134569,,c7fbf674-7151-4b31-9215-b4523cffdc16,1,Z06ctLJ01617037998662,405,figural_single_1_2,1,,0,angular,20.900000000023283,0,single,r_g_10.png,shape,round
134569,,c7fbf674-7151-4b31-9215-b4523cffdc16,1,Z06ctLJ01617037998662,406,figural_single_1_2,1,,0,angular,85.79999999998836,1,single,e_g_08.png,shape,angular
134569,,c7fbf674-7151-4b31-9215-b4523cffdc16,1,Z06ctLJ01617037998662,407,figural_single_1_2,1,,0,angular,1092.5,1,single,e_g_07.png,shape,angular
134569,,c7fbf674-7151-4b31-9215-b4523cffdc16,1,Z06ctLJ01617037998662,408,figural_single_1_2,1,,0,round,548.9000000000233,1,single,r_b_06.png,shape,round
134569,,c7fbf674-7151-4b31-9215-b4523cffdc16,1,Z06ctLJ01617037998662,409,figural_single_1_2,1,,0,angular,593.0999999999767,1,single,e_g_09.png,shape,angular
134569,,c7fbf674-7151-4b31-9215-b4523cffdc16,1,Z06ctLJ01617037998662,410,figural_single_1_2,1,,0,round,498.5,1,single,r_b_01.png,shape,round
134569,,c7fbf674-7151-4b31-9215-b4523cffdc16,1,Z06ctLJ01617037998662,411,figural_single_1_2,1,,0,angular,417.9000000000233,1,single,e_b_13.png,shape,angular
134569,,c7fbf674-7151-4b31-9215-b4523cffdc16,1,Z06ctLJ01617037998662,412,figural_single_1_2,1,,0,angular,1267.2999999999883,1,single,e_g_04.png,shape,angular
134569,,c7fbf674-7151-4b31-9215-b4523cffdc16,1,Z06ctLJ01617037998662,413,figural_single_1_2,1,,0,angular,695.5,1,single,e_g_12.png,shape,angular
134569,,c7fbf674-7151-4b31-9215-b4523cffdc16,1,Z06ctLJ01617037998662,414,figural_single_1_2,1,,0,round,656.0999999999767,1,single,r_b_08.png,shape,round
134569,,c7fbf674-7151-4b31-9215-b4523cffdc16,1,Z06ctLJ01617037998662,415,figural_single_1_2,1,,0,angular,390.1000000000349,1,single,e_b_07.png,shape,angular
134569,,c7fbf674-7151-4b31-9215-b4523cffdc16,1,Z06ctLJ01617037998662,416,figural_single_1_2,1,,0,round,259.29999999998836,1,single,r_g_03.png,shape,round
134569,,c7fbf674-7151-4b31-9215-b4523cffdc16,1,Z06ctLJ01617037998662,417,figural_single_1_2,1,,0,round,87.90000000002328,0,single,e_g_06.png,shape,angular
134569,,c7fbf674-7151-4b31-9215-b4523cffdc16,1,Z06ctLJ01617037998662,418,figural_single_1_2,1,,0,angular,132.39999999996507,0,single,r_g_16.png,shape,round
134569,,c7fbf674-7151-4b31-9215-b4523cffdc16,1,Z06ctLJ01617037998662,419,figural_single_1_2,1,,0,angular,191.39999999996507,0,single,r_b_05.png,shape,round
134569,,c7fbf674-7151-4b31-9215-b4523cffdc16,1,Z06ctLJ01617037998662,420,figural_single_1_2,1,,0,angular,132.79999999998836,1,single,e_g_01.png,shape,angular
134569,,c7fbf674-7151-4b31-9215-b4523cffdc16,1,Z06ctLJ01617037998662,421,figural_single_1_2,1,,0,round,312.5,1,single,r_g_07.png,shape,round