userCode,extId,moduleId,sessionId,sessionToken,trialId,executableId,session.complete,session.condition,session.forceExit,givenResponse,reactionTime,score,shiftingType,stimulusValue,stimulusType,correctResponse
134644,,c7fbf674-7151-4b31-9215-b4523cffdc16,1,PrAT9Bfu1617150981953,1,figural_single_1_practice,1,,0,round,1435.2599999401718,1,single,r_b_10.png,shape,round
134644,,c7fbf674-7151-4b31-9215-b4523cffdc16,1,PrAT9Bfu1617150981953,2,figural_single_1_practice,1,,0,angular,482.5900001451373,1,single,e_b_09.png,shape,angular
134644,,c7fbf674-7151-4b31-9215-b4523cffdc16,1,PrAT9Bfu1617150981953,3,figural_single_1_practice,1,,0,round,418.45500003546476,1,single,r_b_11.png,shape,round
134644,,c7fbf674-7151-4b31-9215-b4523cffdc16,1,PrAT9Bfu1617150981953,4,figural_single_1_practice,1,,0,round,429.3199998792261,1,single,r_g_05.png,shape,round
134644,,c7fbf674-7151-4b31-9215-b4523cffdc16,1,PrAT9Bfu1617150981953,5,figural_single_1_practice,1,,0,angular,440.2550000231713,1,single,e_b_14.png,shape,angular
134644,,c7fbf674-7151-4b31-9215-b4523cffdc16,1,PrAT9Bfu1617150981953,6,figural_single_1_practice,1,,0,angular,359.48999994434416,1,single,e_g_07.png,shape,angular
134644,,c7fbf674-7151-4b31-9215-b4523cffdc16,1,PrAT9Bfu1617150981953,7,figural_single_1_practice,1,,0,angular,366.4750000461936,1,single,e_g_12.png,shape,angular
134644,,c7fbf674-7151-4b31-9215-b4523cffdc16,1,PrAT9Bfu1617150981953,8,figural_single_1_practice,1,,0,round,354.36499980278313,1,single,r_b_16.png,shape,round
134644,,c7fbf674-7151-4b31-9215-b4523cffdc16,1,PrAT9Bfu1617150981953,9,figural_single_1_practice,1,,0,round,399.42999999038875,1,single,r_g_02.png,shape,round
134644,,c7fbf674-7151-4b31-9215-b4523cffdc16,1,PrAT9Bfu1617150981953,10,figural_single_1_practice,1,,0,angular,444.1899999510497,1,single,e_b_04.png,shape,angular
134644,,c7fbf674-7151-4b31-9215-b4523cffdc16,1,PrAT9Bfu1617150981953,11,figural_single_1_practice,1,,0,round,390.82999993115664,0,single,e_g_06.png,shape,angular
134644,,c7fbf674-7151-4b31-9215-b4523cffdc16,1,PrAT9Bfu1617150981953,12,figural_single_1_practice,1,,0,round,560.3200001642108,1,single,r_g_15.png,shape,round
134644,,c7fbf674-7151-4b31-9215-b4523cffdc16,1,PrAT9Bfu1617150981953,13,figural_single_1_1,1,,0,round,1007.1549999993294,1,single,r_b_01.png,shape,round
134644,,c7fbf674-7151-4b31-9215-b4523cffdc16,1,PrAT9Bfu1617150981953,14,figural_single_1_1,1,,0,angular,509.52499988488853,1,single,e_g_11.png,shape,angular
134644,,c7fbf674-7151-4b31-9215-b4523cffdc16,1,PrAT9Bfu1617150981953,15,figural_single_1_1,1,,0,round,502.0449999719858,1,single,r_b_10.png,shape,round
134644,,c7fbf674-7151-4b31-9215-b4523cffdc16,1,PrAT9Bfu1617150981953,16,figural_single_1_1,1,,0,round,499.1800000425428,1,single,r_b_06.png,shape,round
134644,,c7fbf674-7151-4b31-9215-b4523cffdc16,1,PrAT9Bfu1617150981953,17,figural_single_1_1,1,,0,angular,467.99499983899295,1,single,e_g_07.png,shape,angular
134644,,c7fbf674-7151-4b31-9215-b4523cffdc16,1,PrAT9Bfu1617150981953,18,figural_single_1_1,1,,0,angular,462.6850001513958,1,single,e_g_13.png,shape,angular
134644,,c7fbf674-7151-4b31-9215-b4523cffdc16,1,PrAT9Bfu1617150981953,19,figural_single_1_1,1,,0,round,525.0450000166893,1,single,r_g_06.png,shape,round
134644,,c7fbf674-7151-4b31-9215-b4523cffdc16,1,PrAT9Bfu1617150981953,20,figural_single_1_1,1,,0,angular,449.03500005602837,1,single,e_g_16.png,shape,angular
134644,,c7fbf674-7151-4b31-9215-b4523cffdc16,1,PrAT9Bfu1617150981953,21,figural_single_1_1,1,,0,angular,489.8650001268834,1,single,e_b_09.png,shape,angular
134644,,c7fbf674-7151-4b31-9215-b4523cffdc16,1,PrAT9Bfu1617150981953,22,figural_single_1_1,1,,0,angular,603.9350000210106,1,single,e_b_08.png,shape,angular
134644,,c7fbf674-7151-4b31-9215-b4523cffdc16,1,PrAT9Bfu1617150981953,23,figural_single_1_1,1,,0,round,377.03000009059906,1,single,r_b_12.png,shape,round
134644,,c7fbf674-7151-4b31-9215-b4523cffdc16,1,PrAT9Bfu1617150981953,24,figural_single_1_1,1,,0,angular,412.00500004924834,1,single,e_b_10.png,shape,angular
134644,,c7fbf674-7151-4b31-9215-b4523cffdc16,1,PrAT9Bfu1617150981953,25,figural_single_1_1,1,,0,angular,471.55000013299286,1,single,e_b_05.png,shape,angular
134644,,c7fbf674-7151-4b31-9215-b4523cffdc16,1,PrAT9Bfu1617150981953,26,figural_single_1_1,1,,0,round,430.03499996848404,1,single,r_b_13.png,shape,round
134644,,c7fbf674-7151-4b31-9215-b4523cffdc16,1,PrAT9Bfu1617150981953,27,figural_single_1_1,1,,0,round,485.9249999281019,1,single,r_g_15.png,shape,round
134644,,c7fbf674-7151-4b31-9215-b4523cffdc16,1,PrAT9Bfu1617150981953,28,figural_single_1_1,1,,0,angular,378.75499995425344,1,single,e_g_09.png,shape,angular
134644,,c7fbf674-7151-4b31-9215-b4523cffdc16,1,PrAT9Bfu1617150981953,29,figural_single_1_1,1,,0,round,472.82499982975423,1,single,r_g_02.png,shape,round
134644,,c7fbf674-7151-4b31-9215-b4523cffdc16,1,PrAT9Bfu1617150981953,30,figural_single_1_1,1,,0,round,482.68500017002225,1,single,r_b_07.png,shape,round
134644,,c7fbf674-7151-4b31-9215-b4523cffdc16,1,PrAT9Bfu1617150981953,31,figural_single_1_1,1,,0,angular,410.3299998678267,1,single,e_b_06.png,shape,angular
134644,,c7fbf674-7151-4b31-9215-b4523cffdc16,1,PrAT9Bfu1617150981953,32,figural_single_1_1,1,,0,round,460.4799998924136,1,single,r_b_16.png,shape,round
134644,,c7fbf674-7151-4b31-9215-b4523cffdc16,1,PrAT9Bfu1617150981953,33,figural_single_1_1,1,,0,round,510.28500008396804,1,single,r_b_02.png,shape,round
134644,,c7fbf674-7151-4b31-9215-b4523cffdc16,1,PrAT9Bfu1617150981953,34,figural_single_1_1,1,,0,angular,468.4550000820309,1,single,e_g_06.png,shape,angular
134644,,c7fbf674-7151-4b31-9215-b4523cffdc16,1,PrAT9Bfu1617150981953,35,figural_single_1_1,1,,0,round,454.0399999823421,1,single,r_g_03.png,shape,round
134644,,c7fbf674-7151-4b31-9215-b4523cffdc16,1,PrAT9Bfu1617150981953,36,figural_single_1_1,1,,0,angular,459.76499980315566,1,single,e_g_05.png,shape,angular
134644,,c7fbf674-7151-4b31-9215-b4523cffdc16,1,PrAT9Bfu1617150981953,37,figural_single_1_1,1,,0,angular,550.3100000787526,1,single,e_b_13.png,shape,angular
134644,,c7fbf674-7151-4b31-9215-b4523cffdc16,1,PrAT9Bfu1617150981953,38,figural_single_1_1,1,,0,angular,439.05000016093254,1,single,e_g_15.png,shape,angular
134644,,c7fbf674-7151-4b31-9215-b4523cffdc16,1,PrAT9Bfu1617150981953,39,figural_single_1_1,1,,0,round,410.70000012405217,1,single,r_g_08.png,shape,round
134644,,c7fbf674-7151-4b31-9215-b4523cffdc16,1,PrAT9Bfu1617150981953,40,figural_single_1_1,1,,0,angular,408.73499982990324,0,single,r_b_05.png,shape,round
134644,,c7fbf674-7151-4b31-9215-b4523cffdc16,1,PrAT9Bfu1617150981953,41,figural_single_1_1,1,,0,angular,1580.3700000979006,1,single,e_b_02.png,shape,angular
134644,,c7fbf674-7151-4b31-9215-b4523cffdc16,1,PrAT9Bfu1617150981953,42,figural_single_1_1,1,,0,angular,773.4149999450892,1,single,e_g_14.png,shape,angular
134644,,c7fbf674-7151-4b31-9215-b4523cffdc16,1,PrAT9Bfu1617150981953,43,figural_single_1_1,1,,0,round,509.92500013671815,1,single,r_b_03.png,shape,round
134644,,c7fbf674-7151-4b31-9215-b4523cffdc16,1,PrAT9Bfu1617150981953,44,figural_single_1_1,1,,0,angular,407.924999948591,1,single,e_b_14.png,shape,angular
134644,,c7fbf674-7151-4b31-9215-b4523cffdc16,1,PrAT9Bfu1617150981953,45,figural_single_1_1,1,,0,angular,474.27999996580184,1,single,e_b_04.png,shape,angular
134644,,c7fbf674-7151-4b31-9215-b4523cffdc16,1,PrAT9Bfu1617150981953,46,figural_single_1_1,1,,0,angular,1300.3650000318885,1,single,e_b_03.png,shape,angular
134644,,c7fbf674-7151-4b31-9215-b4523cffdc16,1,PrAT9Bfu1617150981953,47,figural_single_1_1,1,,0,round,508.57000006362796,1,single,r_g_16.png,shape,round
134644,,c7fbf674-7151-4b31-9215-b4523cffdc16,1,PrAT9Bfu1617150981953,48,figural_single_1_1,1,,0,round,479.24500005319715,1,single,r_g_13.png,shape,round
134644,,c7fbf674-7151-4b31-9215-b4523cffdc16,1,PrAT9Bfu1617150981953,49,figural_single_1_1,1,,0,round,449.48999979533255,1,single,r_g_14.png,shape,round
134644,,c7fbf674-7151-4b31-9215-b4523cffdc16,1,PrAT9Bfu1617150981953,50,figural_single_1_1,1,,0,angular,456.14499994553626,1,single,e_g_08.png,shape,angular
134644,,c7fbf674-7151-4b31-9215-b4523cffdc16,1,PrAT9Bfu1617150981953,51,figural_single_1_1,1,,0,round,431.22499994933605,1,single,r_g_09.png,shape,round
134644,,c7fbf674-7151-4b31-9215-b4523cffdc16,1,PrAT9Bfu1617150981953,52,figural_single_1_1,1,,0,angular,433.2449999637902,1,single,e_g_04.png,shape,angular
134644,,c7fbf674-7151-4b31-9215-b4523cffdc16,1,PrAT9Bfu1617150981953,53,figural_single_1_1,1,,0,angular,350.77999997884035,1,single,e_b_15.png,shape,angular
134644,,c7fbf674-7151-4b31-9215-b4523cffdc16,1,PrAT9Bfu1617150981953,54,figural_single_1_1,1,,0,round,392.82499998807907,1,single,r_g_04.png,shape,round
134644,,c7fbf674-7151-4b31-9215-b4523cffdc16,1,PrAT9Bfu1617150981953,55,figural_single_1_1,1,,0,angular,369.14499988779426,1,single,e_b_07.png,shape,angular
134644,,c7fbf674-7151-4b31-9215-b4523cffdc16,1,PrAT9Bfu1617150981953,56,figural_single_1_1,1,,0,angular,395.8900000434369,1,single,e_b_16.png,shape,angular
134644,,c7fbf674-7151-4b31-9215-b4523cffdc16,1,PrAT9Bfu1617150981953,57,figural_single_1_1,1,,0,round,474.8649999964982,1,single,r_b_08.png,shape,round
134644,,c7fbf674-7151-4b31-9215-b4523cffdc16,1,PrAT9Bfu1617150981953,58,figural_single_1_1,1,,0,angular,618.8250000122935,1,single,e_g_12.png,shape,angular
134644,,c7fbf674-7151-4b31-9215-b4523cffdc16,1,PrAT9Bfu1617150981953,59,figural_single_1_1,1,,0,round,446.84999994933605,1,single,r_b_14.png,shape,round
134644,,c7fbf674-7151-4b31-9215-b4523cffdc16,1,PrAT9Bfu1617150981953,60,figural_single_1_1,1,,0,round,498.3949998859316,1,single,r_g_05.png,shape,round
134644,,c7fbf674-7151-4b31-9215-b4523cffdc16,1,PrAT9Bfu1617150981953,61,figural_single_1_1,1,,0,round,514.9950000923127,1,single,r_g_01.png,shape,round
134644,,c7fbf674-7151-4b31-9215-b4523cffdc16,1,PrAT9Bfu1617150981953,62,figural_single_1_1,1,,0,angular,658.3500001579523,1,single,e_g_02.png,shape,angular
134644,,c7fbf674-7151-4b31-9215-b4523cffdc16,1,PrAT9Bfu1617150981953,63,figural_single_1_1,1,,0,round,479.5600001234561,1,single,r_g_11.png,shape,round
134644,,c7fbf674-7151-4b31-9215-b4523cffdc16,1,PrAT9Bfu1617150981953,64,figural_single_1_1,1,,0,round,462.1549998410046,1,single,r_g_10.png,shape,round
134644,,c7fbf674-7151-4b31-9215-b4523cffdc16,1,PrAT9Bfu1617150981953,65,figural_single_1_1,1,,0,round,1103.5350000020117,1,single,r_b_04.png,shape,round
134644,,c7fbf674-7151-4b31-9215-b4523cffdc16,1,PrAT9Bfu1617150981953,66,figural_single_1_1,1,,0,angular,381.434999871999,1,single,e_g_01.png,shape,angular
134644,,c7fbf674-7151-4b31-9215-b4523cffdc16,1,PrAT9Bfu1617150981953,67,figural_single_1_1,1,,0,round,415.43000005185604,1,single,r_b_09.png,shape,round
134644,,c7fbf674-7151-4b31-9215-b4523cffdc16,1,PrAT9Bfu1617150981953,68,figural_single_1_1,1,,0,round,359.72499987110496,1,single,r_b_15.png,shape,round
134644,,c7fbf674-7151-4b31-9215-b4523cffdc16,1,PrAT9Bfu1617150981953,69,figural_single_1_1,1,,0,round,530.7299999985844,1,single,r_g_07.png,shape,round
134644,,c7fbf674-7151-4b31-9215-b4523cffdc16,1,PrAT9Bfu1617150981953,70,figural_single_1_1,1,,0,angular,343.78999983891845,1,single,e_b_01.png,shape,angular
134644,,c7fbf674-7151-4b31-9215-b4523cffdc16,1,PrAT9Bfu1617150981953,71,figural_single_1_1,1,,0,angular,335.0849999114871,1,single,e_b_12.png,shape,angular
134644,,c7fbf674-7151-4b31-9215-b4523cffdc16,1,PrAT9Bfu1617150981953,72,figural_single_1_1,1,,0,round,403.2949998509139,1,single,r_b_11.png,shape,round
134644,,c7fbf674-7151-4b31-9215-b4523cffdc16,1,PrAT9Bfu1617150981953,73,figural_single_1_1,1,,0,angular,290.22499988786876,0,single,r_g_12.png,shape,round
134644,,c7fbf674-7151-4b31-9215-b4523cffdc16,1,PrAT9Bfu1617150981953,74,figural_single_1_1,1,,0,angular,1588.1800001952797,1,single,e_g_03.png,shape,angular
134644,,c7fbf674-7151-4b31-9215-b4523cffdc16,1,PrAT9Bfu1617150981953,75,figural_single_1_1,1,,0,angular,379.70000016503036,1,single,e_g_10.png,shape,angular
134644,,c7fbf674-7151-4b31-9215-b4523cffdc16,1,PrAT9Bfu1617150981953,76,figural_single_1_1,1,,0,angular,546.4149999897927,1,single,e_b_11.png,shape,angular
134644,,c7fbf674-7151-4b31-9215-b4523cffdc16,1,PrAT9Bfu1617150981953,77,figural_single_2_practice,1,,0,blue,725.7749999407679,1,single,r_b_07.png,color,blue
134644,,c7fbf674-7151-4b31-9215-b4523cffdc16,1,PrAT9Bfu1617150981953,78,figural_single_2_practice,1,,0,green,763.6800000909716,1,single,r_g_09.png,color,green
134644,,c7fbf674-7151-4b31-9215-b4523cffdc16,1,PrAT9Bfu1617150981953,79,figural_single_2_practice,1,,0,green,436.5699999034405,1,single,e_g_04.png,color,green
134644,,c7fbf674-7151-4b31-9215-b4523cffdc16,1,PrAT9Bfu1617150981953,80,figural_single_2_practice,1,,0,blue,478.3199999947101,1,single,r_b_14.png,color,blue
134644,,c7fbf674-7151-4b31-9215-b4523cffdc16,1,PrAT9Bfu1617150981953,81,figural_single_2_practice,1,,0,blue,337.74999994784594,1,single,e_b_06.png,color,blue
134644,,c7fbf674-7151-4b31-9215-b4523cffdc16,1,PrAT9Bfu1617150981953,82,figural_single_2_practice,1,,0,green,364.62999996729195,1,single,e_g_10.png,color,green
134644,,c7fbf674-7151-4b31-9215-b4523cffdc16,1,PrAT9Bfu1617150981953,83,figural_single_2_practice,1,,0,blue,763.9450000133365,1,single,e_b_16.png,color,blue
134644,,c7fbf674-7151-4b31-9215-b4523cffdc16,1,PrAT9Bfu1617150981953,84,figural_single_2_practice,1,,0,green,409.9549998063594,1,single,e_g_08.png,color,green
134644,,c7fbf674-7151-4b31-9215-b4523cffdc16,1,PrAT9Bfu1617150981953,85,figural_single_2_practice,1,,0,blue,366.52000015601516,1,single,e_b_02.png,color,blue
134644,,c7fbf674-7151-4b31-9215-b4523cffdc16,1,PrAT9Bfu1617150981953,86,figural_single_2_practice,1,,0,green,763.5249998420477,1,single,r_g_03.png,color,green
134644,,c7fbf674-7151-4b31-9215-b4523cffdc16,1,PrAT9Bfu1617150981953,87,figural_single_2_practice,1,,0,blue,442.9000001400709,1,single,r_b_13.png,color,blue
134644,,c7fbf674-7151-4b31-9215-b4523cffdc16,1,PrAT9Bfu1617150981953,88,figural_single_2_practice,1,,0,green,1256.6849999129772,1,single,r_g_01.png,color,green
134644,,c7fbf674-7151-4b31-9215-b4523cffdc16,1,PrAT9Bfu1617150981953,89,figural_single_2_1,1,,0,green,828.3150000497699,1,single,r_g_07.png,color,green
134644,,c7fbf674-7151-4b31-9215-b4523cffdc16,1,PrAT9Bfu1617150981953,90,figural_single_2_1,1,,0,blue,430.8849999215454,1,single,r_b_03.png,color,blue
134644,,c7fbf674-7151-4b31-9215-b4523cffdc16,1,PrAT9Bfu1617150981953,91,figural_single_2_1,1,,0,green,452.7149999048561,1,single,r_g_08.png,color,green
134644,,c7fbf674-7151-4b31-9215-b4523cffdc16,1,PrAT9Bfu1617150981953,92,figural_single_2_1,1,,0,green,366.30499991588295,1,single,e_g_01.png,color,green
134644,,c7fbf674-7151-4b31-9215-b4523cffdc16,1,PrAT9Bfu1617150981953,93,figural_single_2_1,1,,0,green,361.9049999397248,1,single,e_g_09.png,color,green
134644,,c7fbf674-7151-4b31-9215-b4523cffdc16,1,PrAT9Bfu1617150981953,94,figural_single_2_1,1,,0,blue,335.30499995686114,1,single,r_b_08.png,color,blue
134644,,c7fbf674-7151-4b31-9215-b4523cffdc16,1,PrAT9Bfu1617150981953,95,figural_single_2_1,1,,0,blue,305.36999995820224,1,single,e_b_03.png,color,blue
134644,,c7fbf674-7151-4b31-9215-b4523cffdc16,1,PrAT9Bfu1617150981953,96,figural_single_2_1,1,,0,green,344.4950000848621,1,single,e_g_07.png,color,green
134644,,c7fbf674-7151-4b31-9215-b4523cffdc16,1,PrAT9Bfu1617150981953,97,figural_single_2_1,1,,0,blue,323.7449999433011,1,single,e_b_02.png,color,blue
134644,,c7fbf674-7151-4b31-9215-b4523cffdc16,1,PrAT9Bfu1617150981953,98,figural_single_2_1,1,,0,green,919.6500000543892,1,single,e_g_04.png,color,green
134644,,c7fbf674-7151-4b31-9215-b4523cffdc16,1,PrAT9Bfu1617150981953,99,figural_single_2_1,1,,0,green,310.61000004410744,1,single,r_g_06.png,color,green
134644,,c7fbf674-7151-4b31-9215-b4523cffdc16,1,PrAT9Bfu1617150981953,100,figural_single_2_1,1,,0,blue,332.0149998180568,1,single,e_b_08.png,color,blue
134644,,c7fbf674-7151-4b31-9215-b4523cffdc16,1,PrAT9Bfu1617150981953,101,figural_single_2_1,1,,0,green,316.93500000983477,1,single,e_g_16.png,color,green
134644,,c7fbf674-7151-4b31-9215-b4523cffdc16,1,PrAT9Bfu1617150981953,102,figural_single_2_1,1,,0,blue,302.3850000463426,1,single,e_b_06.png,color,blue
134644,,c7fbf674-7151-4b31-9215-b4523cffdc16,1,PrAT9Bfu1617150981953,103,figural_single_2_1,1,,0,blue,311.11499993130565,1,single,e_b_04.png,color,blue
134644,,c7fbf674-7151-4b31-9215-b4523cffdc16,1,PrAT9Bfu1617150981953,104,figural_single_2_1,1,,0,green,323.9049999974668,1,single,r_g_10.png,color,green
134644,,c7fbf674-7151-4b31-9215-b4523cffdc16,1,PrAT9Bfu1617150981953,105,figural_single_2_1,1,,0,blue,275.09000012651086,1,single,e_b_12.png,color,blue
134644,,c7fbf674-7151-4b31-9215-b4523cffdc16,1,PrAT9Bfu1617150981953,106,figural_single_2_1,1,,0,blue,307.2999999858439,1,single,r_b_09.png,color,blue
134644,,c7fbf674-7151-4b31-9215-b4523cffdc16,1,PrAT9Bfu1617150981953,107,figural_single_2_1,1,,0,green,333.51499983109534,1,single,r_g_15.png,color,green
134644,,c7fbf674-7151-4b31-9215-b4523cffdc16,1,PrAT9Bfu1617150981953,108,figural_single_2_1,1,,0,blue,329.0350001771003,0,single,e_g_08.png,color,green
134644,,c7fbf674-7151-4b31-9215-b4523cffdc16,1,PrAT9Bfu1617150981953,109,figural_single_2_1,1,,0,blue,787.1299998369068,1,single,e_b_11.png,color,blue
134644,,c7fbf674-7151-4b31-9215-b4523cffdc16,1,PrAT9Bfu1617150981953,110,figural_single_2_1,1,,0,blue,331.38500014320016,1,single,r_b_13.png,color,blue
134644,,c7fbf674-7151-4b31-9215-b4523cffdc16,1,PrAT9Bfu1617150981953,111,figural_single_2_1,1,,0,blue,311.2350001465529,1,single,r_b_12.png,color,blue
134644,,c7fbf674-7151-4b31-9215-b4523cffdc16,1,PrAT9Bfu1617150981953,112,figural_single_2_1,1,,0,blue,364.2749998252839,1,single,r_b_15.png,color,blue
134644,,c7fbf674-7151-4b31-9215-b4523cffdc16,1,PrAT9Bfu1617150981953,113,figural_single_2_1,1,,0,green,369.6250000502914,1,single,e_g_05.png,color,green
134644,,c7fbf674-7151-4b31-9215-b4523cffdc16,1,PrAT9Bfu1617150981953,114,figural_single_2_1,1,,0,green,324.58000001497567,1,single,r_g_12.png,color,green
134644,,c7fbf674-7151-4b31-9215-b4523cffdc16,1,PrAT9Bfu1617150981953,115,figural_single_2_1,1,,0,blue,357.79999988153577,1,single,r_b_02.png,color,blue
134644,,c7fbf674-7151-4b31-9215-b4523cffdc16,1,PrAT9Bfu1617150981953,116,figural_single_2_1,1,,0,green,319.3650001194328,0,single,r_b_01.png,color,blue
134644,,c7fbf674-7151-4b31-9215-b4523cffdc16,1,PrAT9Bfu1617150981953,117,figural_single_2_1,1,,0,green,775.4799998365343,0,single,r_b_07.png,color,blue
134644,,c7fbf674-7151-4b31-9215-b4523cffdc16,1,PrAT9Bfu1617150981953,118,figural_single_2_1,1,,0,green,674.3950000964105,1,single,e_g_15.png,color,green
134644,,c7fbf674-7151-4b31-9215-b4523cffdc16,1,PrAT9Bfu1617150981953,119,figural_single_2_1,1,,0,green,398.5450000036508,1,single,e_g_11.png,color,green
134644,,c7fbf674-7151-4b31-9215-b4523cffdc16,1,PrAT9Bfu1617150981953,120,figural_single_2_1,1,,0,blue,297.41499992087483,1,single,e_b_07.png,color,blue
134644,,c7fbf674-7151-4b31-9215-b4523cffdc16,1,PrAT9Bfu1617150981953,121,figural_single_2_1,1,,0,green,365.9749999642372,1,single,r_g_04.png,color,green
134644,,c7fbf674-7151-4b31-9215-b4523cffdc16,1,PrAT9Bfu1617150981953,122,figural_single_2_1,1,,0,green,710.0299999583513,1,single,e_g_02.png,color,green
134644,,c7fbf674-7151-4b31-9215-b4523cffdc16,1,PrAT9Bfu1617150981953,123,figural_single_2_1,1,,0,blue,348.05999998934567,1,single,e_b_01.png,color,blue
134644,,c7fbf674-7151-4b31-9215-b4523cffdc16,1,PrAT9Bfu1617150981953,124,figural_single_2_1,1,,0,blue,435.5550000909716,1,single,r_b_05.png,color,blue
134644,,c7fbf674-7151-4b31-9215-b4523cffdc16,1,PrAT9Bfu1617150981953,125,figural_single_2_1,1,,0,green,358.5100001655519,1,single,e_g_03.png,color,green
134644,,c7fbf674-7151-4b31-9215-b4523cffdc16,1,PrAT9Bfu1617150981953,126,figural_single_2_1,1,,0,blue,323.0850000400096,1,single,r_b_04.png,color,blue
134644,,c7fbf674-7151-4b31-9215-b4523cffdc16,1,PrAT9Bfu1617150981953,127,figural_single_2_1,1,,0,green,615.3750000521541,1,single,e_g_06.png,color,green
134644,,c7fbf674-7151-4b31-9215-b4523cffdc16,1,PrAT9Bfu1617150981953,128,figural_single_2_1,1,,0,green,396.5149999130517,1,single,e_g_12.png,color,green
134644,,c7fbf674-7151-4b31-9215-b4523cffdc16,1,PrAT9Bfu1617150981953,129,figural_single_2_1,1,,0,green,349.27499992772937,1,single,r_g_14.png,color,green
134644,,c7fbf674-7151-4b31-9215-b4523cffdc16,1,PrAT9Bfu1617150981953,130,figural_single_2_1,1,,0,blue,299.03000011108816,1,single,e_b_09.png,color,blue
134644,,c7fbf674-7151-4b31-9215-b4523cffdc16,1,PrAT9Bfu1617150981953,131,figural_single_2_1,1,,0,blue,271.4299999643117,1,single,e_b_16.png,color,blue
134644,,c7fbf674-7151-4b31-9215-b4523cffdc16,1,PrAT9Bfu1617150981953,132,figural_single_2_1,1,,0,green,321.49000000208616,1,single,r_g_01.png,color,green
134644,,c7fbf674-7151-4b31-9215-b4523cffdc16,1,PrAT9Bfu1617150981953,133,figural_single_2_1,1,,0,green,306.37499992735684,1,single,r_g_09.png,color,green
134644,,c7fbf674-7151-4b31-9215-b4523cffdc16,1,PrAT9Bfu1617150981953,134,figural_single_2_1,1,,0,green,273.4449999406934,1,single,e_g_13.png,color,green
134644,,c7fbf674-7151-4b31-9215-b4523cffdc16,1,PrAT9Bfu1617150981953,135,figural_single_2_1,1,,0,blue,301.4850001782179,1,single,r_b_06.png,color,blue
134644,,c7fbf674-7151-4b31-9215-b4523cffdc16,1,PrAT9Bfu1617150981953,136,figural_single_2_1,1,,0,blue,301.2200000230223,1,single,r_b_14.png,color,blue
134644,,c7fbf674-7151-4b31-9215-b4523cffdc16,1,PrAT9Bfu1617150981953,137,figural_single_2_1,1,,0,green,298.1850001960993,1,single,r_g_05.png,color,green
134644,,c7fbf674-7151-4b31-9215-b4523cffdc16,1,PrAT9Bfu1617150981953,138,figural_single_2_1,1,,0,blue,246.4050000999123,0,single,e_g_10.png,color,green
134644,,c7fbf674-7151-4b31-9215-b4523cffdc16,1,PrAT9Bfu1617150981953,139,figural_single_2_1,1,,0,green,657.5650000013411,1,single,r_g_02.png,color,green
134644,,c7fbf674-7151-4b31-9215-b4523cffdc16,1,PrAT9Bfu1617150981953,140,figural_single_2_1,1,,0,blue,416.05999995954335,1,single,e_b_10.png,color,blue
134644,,c7fbf674-7151-4b31-9215-b4523cffdc16,1,PrAT9Bfu1617150981953,141,figural_single_2_1,1,,0,blue,312.82499991357327,1,single,r_b_16.png,color,blue
134644,,c7fbf674-7151-4b31-9215-b4523cffdc16,1,PrAT9Bfu1617150981953,142,figural_single_2_1,1,,0,green,341.1149999592453,1,single,r_g_11.png,color,green
134644,,c7fbf674-7151-4b31-9215-b4523cffdc16,1,PrAT9Bfu1617150981953,143,figural_single_2_1,1,,0,green,320.49000007100403,1,single,r_g_03.png,color,green
134644,,c7fbf674-7151-4b31-9215-b4523cffdc16,1,PrAT9Bfu1617150981953,144,figural_single_2_1,1,,0,blue,379.0100000333041,1,single,e_b_14.png,color,blue
134644,,c7fbf674-7151-4b31-9215-b4523cffdc16,1,PrAT9Bfu1617150981953,145,figural_single_2_1,1,,0,blue,548.5650000628084,1,single,e_b_13.png,color,blue
134644,,c7fbf674-7151-4b31-9215-b4523cffdc16,1,PrAT9Bfu1617150981953,146,figural_single_2_1,1,,0,blue,304.3799998704344,1,single,r_b_10.png,color,blue
134644,,c7fbf674-7151-4b31-9215-b4523cffdc16,1,PrAT9Bfu1617150981953,147,figural_single_2_1,1,,0,green,339.37499998137355,1,single,e_g_14.png,color,green
134644,,c7fbf674-7151-4b31-9215-b4523cffdc16,1,PrAT9Bfu1617150981953,148,figural_single_2_1,1,,0,blue,382.4199999216944,1,single,e_b_15.png,color,blue
134644,,c7fbf674-7151-4b31-9215-b4523cffdc16,1,PrAT9Bfu1617150981953,149,figural_single_2_1,1,,0,blue,325.0849999021739,1,single,e_b_05.png,color,blue
134644,,c7fbf674-7151-4b31-9215-b4523cffdc16,1,PrAT9Bfu1617150981953,150,figural_single_2_1,1,,0,blue,289.00500014424324,1,single,r_b_11.png,color,blue
134644,,c7fbf674-7151-4b31-9215-b4523cffdc16,1,PrAT9Bfu1617150981953,151,figural_single_2_1,1,,0,green,351.29999998025596,1,single,r_g_13.png,color,green
134644,,c7fbf674-7151-4b31-9215-b4523cffdc16,1,PrAT9Bfu1617150981953,152,figural_single_2_1,1,,0,green,307.8799999784678,1,single,r_g_16.png,color,green
134644,,c7fbf674-7151-4b31-9215-b4523cffdc16,1,PrAT9Bfu1617150981953,153,figural_mixed_practice,1,,0,angular,1526.8599998671561,1,start,e_g_13.png,shape,angular
134644,,c7fbf674-7151-4b31-9215-b4523cffdc16,1,PrAT9Bfu1617150981953,154,figural_mixed_practice,1,,0,angular,1018.6149999499321,1,repetition,e_g_15.png,shape,angular
134644,,c7fbf674-7151-4b31-9215-b4523cffdc16,1,PrAT9Bfu1617150981953,155,figural_mixed_practice,1,,0,blue,1038.1400000769645,1,switch,r_b_02.png,color,blue
134644,,c7fbf674-7151-4b31-9215-b4523cffdc16,1,PrAT9Bfu1617150981953,156,figural_mixed_practice,1,,0,green,764.1799999400973,1,repetition,r_g_10.png,color,green
134644,,c7fbf674-7151-4b31-9215-b4523cffdc16,1,PrAT9Bfu1617150981953,157,figural_mixed_practice,1,,0,round,2463.1399998907,1,switch,r_b_03.png,shape,round
134644,,c7fbf674-7151-4b31-9215-b4523cffdc16,1,PrAT9Bfu1617150981953,158,figural_mixed_practice,1,,0,blue,1716.539999935776,1,switch,e_b_11.png,color,blue
134644,,c7fbf674-7151-4b31-9215-b4523cffdc16,1,PrAT9Bfu1617150981953,159,figural_mixed_practice,1,,0,green,1438.7499999720603,1,repetition,r_g_06.png,color,green
134644,,c7fbf674-7151-4b31-9215-b4523cffdc16,1,PrAT9Bfu1617150981953,160,figural_mixed_practice,1,,0,round,1161.769999889657,1,switch,r_b_08.png,shape,round
134644,,c7fbf674-7151-4b31-9215-b4523cffdc16,1,PrAT9Bfu1617150981953,161,figural_mixed_practice,1,,0,angular,686.0650000162423,1,repetition,e_b_12.png,shape,angular
134644,,c7fbf674-7151-4b31-9215-b4523cffdc16,1,PrAT9Bfu1617150981953,162,figural_mixed_practice,1,,0,round,683.2099999301136,1,repetition,r_g_04.png,shape,round
134644,,c7fbf674-7151-4b31-9215-b4523cffdc16,1,PrAT9Bfu1617150981953,163,figural_mixed_practice,1,,0,blue,1243.0499999318272,1,switch,e_b_01.png,color,blue
134644,,c7fbf674-7151-4b31-9215-b4523cffdc16,1,PrAT9Bfu1617150981953,164,figural_mixed_practice,1,,0,green,894.6850001811981,1,repetition,e_g_05.png,color,green
134644,,c7fbf674-7151-4b31-9215-b4523cffdc16,1,PrAT9Bfu1617150981953,165,figural_mixed,1,,0,green,445.5899999011308,1,start,r_g_12.png,color,green
134644,,c7fbf674-7151-4b31-9215-b4523cffdc16,1,PrAT9Bfu1617150981953,166,figural_mixed,1,,0,green,476.8700001295656,1,repetition,e_g_16.png,color,green
134644,,c7fbf674-7151-4b31-9215-b4523cffdc16,1,PrAT9Bfu1617150981953,167,figural_mixed,1,,0,round,1286.7799999658018,1,switch,r_b_01.png,shape,round
134644,,c7fbf674-7151-4b31-9215-b4523cffdc16,1,PrAT9Bfu1617150981953,168,figural_mixed,1,,0,blue,1330.5849998723716,1,switch,e_b_10.png,color,blue
134644,,c7fbf674-7151-4b31-9215-b4523cffdc16,1,PrAT9Bfu1617150981953,169,figural_mixed,1,,0,round,1207.8550001606345,1,switch,r_g_07.png,shape,round
134644,,c7fbf674-7151-4b31-9215-b4523cffdc16,1,PrAT9Bfu1617150981953,170,figural_mixed,1,,0,angular,712.0299998205155,1,repetition,e_g_16.png,shape,angular
134644,,c7fbf674-7151-4b31-9215-b4523cffdc16,1,PrAT9Bfu1617150981953,171,figural_mixed,1,,0,angular,747.850000159815,1,repetition,e_b_11.png,shape,angular
134644,,c7fbf674-7151-4b31-9215-b4523cffdc16,1,PrAT9Bfu1617150981953,172,figural_mixed,1,,0,blue,1287.639999995008,1,switch,e_b_12.png,color,blue
134644,,c7fbf674-7151-4b31-9215-b4523cffdc16,1,PrAT9Bfu1617150981953,173,figural_mixed,1,,0,blue,724.0649999585003,1,repetition,r_b_05.png,color,blue
134644,,c7fbf674-7151-4b31-9215-b4523cffdc16,1,PrAT9Bfu1617150981953,174,figural_mixed,1,,0,angular,1087.5399999786168,1,switch,e_b_15.png,shape,angular
134644,,c7fbf674-7151-4b31-9215-b4523cffdc16,1,PrAT9Bfu1617150981953,175,figural_mixed,1,,0,round,1095.7999997772276,1,repetition,r_g_01.png,shape,round
134644,,c7fbf674-7151-4b31-9215-b4523cffdc16,1,PrAT9Bfu1617150981953,176,figural_mixed,1,,0,green,880.6849999818951,1,switch,r_g_11.png,color,green
134644,,c7fbf674-7151-4b31-9215-b4523cffdc16,1,PrAT9Bfu1617150981953,177,figural_mixed,1,,0,blue,577.5349999312311,1,repetition,e_b_14.png,color,blue
134644,,c7fbf674-7151-4b31-9215-b4523cffdc16,1,PrAT9Bfu1617150981953,178,figural_mixed,1,,0,green,477.62000001966953,1,repetition,r_g_05.png,color,green
134644,,c7fbf674-7151-4b31-9215-b4523cffdc16,1,PrAT9Bfu1617150981953,179,figural_mixed,1,,0,angular,811.3700000103563,1,switch,e_g_09.png,shape,angular
134644,,c7fbf674-7151-4b31-9215-b4523cffdc16,1,PrAT9Bfu1617150981953,180,figural_mixed,1,,0,round,894.68999998644,1,repetition,r_b_04.png,shape,round
134644,,c7fbf674-7151-4b31-9215-b4523cffdc16,1,PrAT9Bfu1617150981953,181,figural_mixed,1,,0,round,872.7600001730025,1,repetition,r_g_12.png,shape,round
134644,,c7fbf674-7151-4b31-9215-b4523cffdc16,1,PrAT9Bfu1617150981953,182,figural_mixed,1,,0,round,660.9199999365956,1,repetition,r_b_02.png,shape,round
134644,,c7fbf674-7151-4b31-9215-b4523cffdc16,1,PrAT9Bfu1617150981953,183,figural_mixed,1,,0,green,743.5850000474602,1,switch,r_g_04.png,color,green
134644,,c7fbf674-7151-4b31-9215-b4523cffdc16,1,PrAT9Bfu1617150981953,184,figural_mixed,1,,0,blue,568.8449998851866,1,repetition,e_b_02.png,color,blue
134644,,c7fbf674-7151-4b31-9215-b4523cffdc16,1,PrAT9Bfu1617150981953,185,figural_mixed,1,,0,blue,578.5299998242408,1,repetition,r_b_16.png,color,blue
134644,,c7fbf674-7151-4b31-9215-b4523cffdc16,1,PrAT9Bfu1617150981953,186,figural_mixed,1,,0,angular,687.3949998989701,1,switch,e_g_03.png,shape,angular
134644,,c7fbf674-7151-4b31-9215-b4523cffdc16,1,PrAT9Bfu1617150981953,187,figural_mixed,1,,0,blue,1130.4699999745935,1,switch,r_b_10.png,color,blue
134644,,c7fbf674-7151-4b31-9215-b4523cffdc16,1,PrAT9Bfu1617150981953,188,figural_mixed,1,,0,green,848.6100002191961,1,repetition,e_g_03.png,color,green
134644,,c7fbf674-7151-4b31-9215-b4523cffdc16,1,PrAT9Bfu1617150981953,189,figural_mixed,1,,0,green,506.35999999940395,1,repetition,r_g_06.png,color,green
134644,,c7fbf674-7151-4b31-9215-b4523cffdc16,1,PrAT9Bfu1617150981953,190,figural_mixed,1,,0,round,784.4249999616295,1,switch,r_b_09.png,shape,round
134644,,c7fbf674-7151-4b31-9215-b4523cffdc16,1,PrAT9Bfu1617150981953,191,figural_mixed,1,,0,green,1118.7199999112636,0,switch,r_b_02.png,color,blue
134644,,c7fbf674-7151-4b31-9215-b4523cffdc16,1,PrAT9Bfu1617150981953,192,figural_mixed,1,,0,green,1607.350000180304,1,repetition,r_g_01.png,color,green
134644,,c7fbf674-7151-4b31-9215-b4523cffdc16,1,PrAT9Bfu1617150981953,193,figural_mixed,1,,0,angular,1076.5749998390675,1,switch,e_g_07.png,shape,angular
134644,,c7fbf674-7151-4b31-9215-b4523cffdc16,1,PrAT9Bfu1617150981953,194,figural_mixed,1,,0,blue,876.369999954477,1,switch,r_b_13.png,color,blue
134644,,c7fbf674-7151-4b31-9215-b4523cffdc16,1,PrAT9Bfu1617150981953,195,figural_mixed,1,,0,angular,902.8400001116097,1,switch,e_b_14.png,shape,angular
134644,,c7fbf674-7151-4b31-9215-b4523cffdc16,1,PrAT9Bfu1617150981953,196,figural_mixed,1,,0,round,762.5849999021739,1,repetition,r_g_09.png,shape,round
134644,,c7fbf674-7151-4b31-9215-b4523cffdc16,1,PrAT9Bfu1617150981953,197,figural_mixed,1,,0,round,669.5400001481175,1,repetition,r_b_11.png,shape,round
134644,,c7fbf674-7151-4b31-9215-b4523cffdc16,1,PrAT9Bfu1617150981953,198,figural_mixed,1,,0,green,671.6849999502301,1,switch,r_g_07.png,color,green
134644,,c7fbf674-7151-4b31-9215-b4523cffdc16,1,PrAT9Bfu1617150981953,199,figural_mixed,1,,0,angular,1030.4900000337511,1,switch,e_b_04.png,shape,angular
134644,,c7fbf674-7151-4b31-9215-b4523cffdc16,1,PrAT9Bfu1617150981953,200,figural_mixed,1,,0,round,1015.3449999634176,1,repetition,r_g_14.png,shape,round
134644,,c7fbf674-7151-4b31-9215-b4523cffdc16,1,PrAT9Bfu1617150981953,201,figural_mixed,1,,0,blue,1037.1550000272691,1,switch,e_b_09.png,color,blue
134644,,c7fbf674-7151-4b31-9215-b4523cffdc16,1,PrAT9Bfu1617150981953,202,figural_mixed,1,,0,angular,1786.1349999438971,1,switch,e_g_10.png,shape,angular
134644,,c7fbf674-7151-4b31-9215-b4523cffdc16,1,PrAT9Bfu1617150981953,203,figural_mixed,1,,0,green,950.4350000061095,1,switch,r_g_15.png,color,green
134644,,c7fbf674-7151-4b31-9215-b4523cffdc16,1,PrAT9Bfu1617150981953,204,figural_mixed,1,,0,green,513.4550000075251,1,repetition,e_g_14.png,color,green
134644,,c7fbf674-7151-4b31-9215-b4523cffdc16,1,PrAT9Bfu1617150981953,205,figural_mixed,1,,0,blue,571.2099999655038,1,repetition,r_b_07.png,color,blue
134644,,c7fbf674-7151-4b31-9215-b4523cffdc16,1,PrAT9Bfu1617150981953,206,figural_mixed,1,,0,blue,438.8399999588728,1,repetition,r_b_09.png,color,blue
134644,,c7fbf674-7151-4b31-9215-b4523cffdc16,1,PrAT9Bfu1617150981953,207,figural_mixed,1,,0,angular,635.2350001689047,1,switch,e_g_14.png,shape,angular
134644,,c7fbf674-7151-4b31-9215-b4523cffdc16,1,PrAT9Bfu1617150981953,208,figural_mixed,1,,0,angular,489.59500016644597,1,repetition,e_g_13.png,shape,angular
134644,,c7fbf674-7151-4b31-9215-b4523cffdc16,1,PrAT9Bfu1617150981953,209,figural_mixed,1,,0,blue,1158.2249999046326,1,switch,e_b_04.png,color,blue
134644,,c7fbf674-7151-4b31-9215-b4523cffdc16,1,PrAT9Bfu1617150981953,210,figural_mixed,1,,0,green,550.2299999352545,1,repetition,e_g_10.png,color,green
134644,,c7fbf674-7151-4b31-9215-b4523cffdc16,1,PrAT9Bfu1617150981953,211,figural_mixed,1,,0,green,717.424999922514,1,repetition,e_g_04.png,color,green
134644,,c7fbf674-7151-4b31-9215-b4523cffdc16,1,PrAT9Bfu1617150981953,212,figural_mixed,1,,0,round,736.2250001169741,0,switch,e_b_07.png,shape,angular
134644,,c7fbf674-7151-4b31-9215-b4523cffdc16,1,PrAT9Bfu1617150981953,213,figural_mixed,1,,0,round,638.109999941662,1,repetition,r_g_11.png,shape,round
134644,,c7fbf674-7151-4b31-9215-b4523cffdc16,1,PrAT9Bfu1617150981953,214,figural_mixed,1,,0,round,529.4400001876056,1,repetition,r_g_04.png,shape,round
134644,,c7fbf674-7151-4b31-9215-b4523cffdc16,1,PrAT9Bfu1617150981953,215,figural_mixed,1,,0,angular,774.415000109002,1,repetition,e_g_15.png,shape,angular
134644,,c7fbf674-7151-4b31-9215-b4523cffdc16,1,PrAT9Bfu1617150981953,216,figural_mixed,1,,0,green,1361.714999889955,1,switch,e_g_11.png,color,green
134644,,c7fbf674-7151-4b31-9215-b4523cffdc16,1,PrAT9Bfu1617150981953,217,figural_mixed,1,,0,round,976.3299999758601,1,switch,r_g_08.png,shape,round
134644,,c7fbf674-7151-4b31-9215-b4523cffdc16,1,PrAT9Bfu1617150981953,218,figural_mixed,1,,0,round,521.4200001209974,1,repetition,r_g_10.png,shape,round
134644,,c7fbf674-7151-4b31-9215-b4523cffdc16,1,PrAT9Bfu1617150981953,219,figural_mixed,1,,0,green,1260.560000082478,1,switch,e_g_15.png,color,green
134644,,c7fbf674-7151-4b31-9215-b4523cffdc16,1,PrAT9Bfu1617150981953,220,figural_mixed,1,,0,green,442.8449999541044,1,repetition,r_g_02.png,color,green
134644,,c7fbf674-7151-4b31-9215-b4523cffdc16,1,PrAT9Bfu1617150981953,221,figural_mixed,1,,0,angular,1477.2399999201298,1,switch,e_b_01.png,shape,angular
134644,,c7fbf674-7151-4b31-9215-b4523cffdc16,1,PrAT9Bfu1617150981953,222,figural_mixed,1,,0,blue,902.2999999579042,1,switch,e_b_15.png,color,blue
134644,,c7fbf674-7151-4b31-9215-b4523cffdc16,1,PrAT9Bfu1617150981953,223,figural_mixed,1,,0,blue,770.3250001650304,1,repetition,e_b_03.png,color,blue
134644,,c7fbf674-7151-4b31-9215-b4523cffdc16,1,PrAT9Bfu1617150981953,224,figural_mixed,1,,0,blue,596.3200000114739,1,repetition,e_b_01.png,color,blue
134644,,c7fbf674-7151-4b31-9215-b4523cffdc16,1,PrAT9Bfu1617150981953,225,figural_mixed,1,,0,round,1161.1000001430511,1,switch,r_g_02.png,shape,round
134644,,c7fbf674-7151-4b31-9215-b4523cffdc16,1,PrAT9Bfu1617150981953,226,figural_mixed,1,,0,green,877.9299999587238,1,switch,e_g_05.png,color,green
134644,,c7fbf674-7151-4b31-9215-b4523cffdc16,1,PrAT9Bfu1617150981953,227,figural_mixed,1,,0,round,1226.24500002712,1,switch,r_b_06.png,shape,round
134644,,c7fbf674-7151-4b31-9215-b4523cffdc16,1,PrAT9Bfu1617150981953,228,figural_mixed,1,,0,green,807.0449999067932,1,switch,e_g_08.png,color,green
134644,,c7fbf674-7151-4b31-9215-b4523cffdc16,1,PrAT9Bfu1617150981953,229,figural_mixed,1,,0,green,994.1449998877943,1,repetition,e_g_02.png,color,green
134644,,c7fbf674-7151-4b31-9215-b4523cffdc16,1,PrAT9Bfu1617150981953,230,figural_mixed,1,,0,blue,1286.4249998237938,1,repetition,e_b_06.png,color,blue
134644,,c7fbf674-7151-4b31-9215-b4523cffdc16,1,PrAT9Bfu1617150981953,231,figural_mixed,1,,0,angular,827.0149999298155,1,switch,e_b_08.png,shape,angular
134644,,c7fbf674-7151-4b31-9215-b4523cffdc16,1,PrAT9Bfu1617150981953,232,figural_mixed,1,,0,green,957.010000012815,1,switch,r_g_09.png,color,green
134644,,c7fbf674-7151-4b31-9215-b4523cffdc16,1,PrAT9Bfu1617150981953,233,figural_mixed,1,,0,blue,1271.3299999013543,1,repetition,e_b_13.png,color,blue
134644,,c7fbf674-7151-4b31-9215-b4523cffdc16,1,PrAT9Bfu1617150981953,234,figural_mixed,1,,0,round,857.0100001525134,1,switch,r_b_10.png,shape,round
134644,,c7fbf674-7151-4b31-9215-b4523cffdc16,1,PrAT9Bfu1617150981953,235,figural_mixed,1,,0,round,592.8299999795854,1,repetition,r_b_13.png,shape,round
134644,,c7fbf674-7151-4b31-9215-b4523cffdc16,1,PrAT9Bfu1617150981953,236,figural_mixed,1,,0,blue,903.215000173077,1,switch,e_b_11.png,color,blue
134644,,c7fbf674-7151-4b31-9215-b4523cffdc16,1,PrAT9Bfu1617150981953,237,figural_mixed,1,,0,green,688.215000089258,1,repetition,r_g_08.png,color,green
134644,,c7fbf674-7151-4b31-9215-b4523cffdc16,1,PrAT9Bfu1617150981953,238,figural_mixed,1,,0,angular,733.1750001758337,1,switch,e_b_10.png,shape,angular
134644,,c7fbf674-7151-4b31-9215-b4523cffdc16,1,PrAT9Bfu1617150981953,239,figural_mixed,1,,0,angular,767.299999948591,1,repetition,e_g_06.png,shape,angular
134644,,c7fbf674-7151-4b31-9215-b4523cffdc16,1,PrAT9Bfu1617150981953,240,figural_mixed,1,,0,angular,597.8000001050532,1,repetition,e_g_11.png,shape,angular
134644,,c7fbf674-7151-4b31-9215-b4523cffdc16,1,PrAT9Bfu1617150981953,241,figural_mixed,1,,0,round,735.3900000452995,1,repetition,r_b_07.png,shape,round
134644,,c7fbf674-7151-4b31-9215-b4523cffdc16,1,PrAT9Bfu1617150981953,242,figural_mixed,1,,0,blue,903.8100000470877,1,switch,r_b_06.png,color,blue
134644,,c7fbf674-7151-4b31-9215-b4523cffdc16,1,PrAT9Bfu1617150981953,243,figural_mixed,1,,0,green,726.8799999728799,0,repetition,e_b_07.png,color,blue
134644,,c7fbf674-7151-4b31-9215-b4523cffdc16,1,PrAT9Bfu1617150981953,244,figural_mixed,1,,0,blue,1252.9349999967963,1,repetition,r_b_14.png,color,blue
134644,,c7fbf674-7151-4b31-9215-b4523cffdc16,1,PrAT9Bfu1617150981953,245,figural_mixed,1,,0,green,788.0950001999736,1,repetition,r_g_16.png,color,green
134644,,c7fbf674-7151-4b31-9215-b4523cffdc16,1,PrAT9Bfu1617150981953,246,figural_mixed,1,,0,angular,565.1249999646097,1,switch,e_b_09.png,shape,angular
134644,,c7fbf674-7151-4b31-9215-b4523cffdc16,1,PrAT9Bfu1617150981953,247,figural_mixed,1,,0,round,1940.8650000113994,1,repetition,r_g_05.png,shape,round
134644,,c7fbf674-7151-4b31-9215-b4523cffdc16,1,PrAT9Bfu1617150981953,248,figural_mixed,1,,0,angular,505.27999992482364,1,repetition,e_b_12.png,shape,angular
134644,,c7fbf674-7151-4b31-9215-b4523cffdc16,1,PrAT9Bfu1617150981953,249,figural_mixed,1,,0,blue,1563.994999974966,1,switch,e_b_05.png,color,blue
134644,,c7fbf674-7151-4b31-9215-b4523cffdc16,1,PrAT9Bfu1617150981953,250,figural_mixed,1,,0,round,1004.0000001899898,1,switch,r_g_06.png,shape,round
134644,,c7fbf674-7151-4b31-9215-b4523cffdc16,1,PrAT9Bfu1617150981953,251,figural_mixed,1,,0,blue,868.7799999024719,1,switch,e_b_16.png,color,blue
134644,,c7fbf674-7151-4b31-9215-b4523cffdc16,1,PrAT9Bfu1617150981953,252,figural_mixed,1,,0,green,790.0399998761714,1,repetition,r_g_13.png,color,green
134644,,c7fbf674-7151-4b31-9215-b4523cffdc16,1,PrAT9Bfu1617150981953,253,figural_mixed,1,,0,angular,1223.9699999336153,1,switch,e_g_02.png,shape,angular
134644,,c7fbf674-7151-4b31-9215-b4523cffdc16,1,PrAT9Bfu1617150981953,254,figural_mixed,1,,0,round,685.0500002037734,1,repetition,r_b_03.png,shape,round
134644,,c7fbf674-7151-4b31-9215-b4523cffdc16,1,PrAT9Bfu1617150981953,255,figural_mixed,1,,0,round,654.9549999181181,1,repetition,r_b_14.png,shape,round
134644,,c7fbf674-7151-4b31-9215-b4523cffdc16,1,PrAT9Bfu1617150981953,256,figural_mixed,1,,0,angular,630.0850000698119,1,repetition,e_g_12.png,shape,angular
134644,,c7fbf674-7151-4b31-9215-b4523cffdc16,1,PrAT9Bfu1617150981953,257,figural_mixed,1,,0,blue,897.9499998968095,1,switch,r_b_04.png,color,blue
134644,,c7fbf674-7151-4b31-9215-b4523cffdc16,1,PrAT9Bfu1617150981953,258,figural_mixed,1,,0,round,1222.0450001768768,1,switch,r_g_15.png,shape,round
134644,,c7fbf674-7151-4b31-9215-b4523cffdc16,1,PrAT9Bfu1617150981953,259,figural_mixed,1,,0,angular,702.0699998829514,1,repetition,e_g_08.png,shape,angular
134644,,c7fbf674-7151-4b31-9215-b4523cffdc16,1,PrAT9Bfu1617150981953,260,figural_mixed,1,,0,round,1045.549999922514,1,repetition,r_b_16.png,shape,round
134644,,c7fbf674-7151-4b31-9215-b4523cffdc16,1,PrAT9Bfu1617150981953,261,figural_mixed,1,,0,green,831.7299999762326,1,switch,r_g_10.png,color,green
134644,,c7fbf674-7151-4b31-9215-b4523cffdc16,1,PrAT9Bfu1617150981953,262,figural_mixed,1,,0,green,457.9349998384714,1,repetition,e_g_06.png,color,green
134644,,c7fbf674-7151-4b31-9215-b4523cffdc16,1,PrAT9Bfu1617150981953,263,figural_mixed,1,,0,round,1062.8949999809265,1,switch,r_g_13.png,shape,round
134644,,c7fbf674-7151-4b31-9215-b4523cffdc16,1,PrAT9Bfu1617150981953,264,figural_mixed,1,,0,blue,860.480000032112,1,switch,r_b_03.png,color,blue
134644,,c7fbf674-7151-4b31-9215-b4523cffdc16,1,PrAT9Bfu1617150981953,265,figural_mixed,1,,0,angular,625.7249999325722,1,switch,e_b_02.png,shape,angular
134644,,c7fbf674-7151-4b31-9215-b4523cffdc16,1,PrAT9Bfu1617150981953,266,figural_mixed,1,,0,angular,758.244999917224,1,repetition,e_b_03.png,shape,angular
134644,,c7fbf674-7151-4b31-9215-b4523cffdc16,1,PrAT9Bfu1617150981953,267,figural_mixed,1,,0,green,1033.6150000803173,1,switch,e_g_07.png,color,green
134644,,c7fbf674-7151-4b31-9215-b4523cffdc16,1,PrAT9Bfu1617150981953,268,figural_mixed,1,,0,blue,596.5899999719113,1,repetition,r_b_08.png,color,blue
134644,,c7fbf674-7151-4b31-9215-b4523cffdc16,1,PrAT9Bfu1617150981953,269,figural_mixed,1,,0,blue,469.7799999266863,1,repetition,r_b_01.png,color,blue
134644,,c7fbf674-7151-4b31-9215-b4523cffdc16,1,PrAT9Bfu1617150981953,270,figural_mixed,1,,0,angular,794.8050000704825,1,switch,e_b_05.png,shape,angular
134644,,c7fbf674-7151-4b31-9215-b4523cffdc16,1,PrAT9Bfu1617150981953,271,figural_mixed,1,,0,blue,756.1149999964982,0,switch,r_g_16.png,color,green
134644,,c7fbf674-7151-4b31-9215-b4523cffdc16,1,PrAT9Bfu1617150981953,272,figural_mixed,1,,0,angular,660.6399999000132,1,switch,e_g_04.png,shape,angular
134644,,c7fbf674-7151-4b31-9215-b4523cffdc16,1,PrAT9Bfu1617150981953,273,figural_mixed,1,,0,round,1875.010000076145,1,repetition,r_b_05.png,shape,round
134644,,c7fbf674-7151-4b31-9215-b4523cffdc16,1,PrAT9Bfu1617150981953,274,figural_mixed,1,,0,round,492.7300000563264,1,repetition,r_g_03.png,shape,round
134644,,c7fbf674-7151-4b31-9215-b4523cffdc16,1,PrAT9Bfu1617150981953,275,figural_mixed,1,,0,blue,1632.6200000476092,1,switch,r_b_15.png,color,blue
134644,,c7fbf674-7151-4b31-9215-b4523cffdc16,1,PrAT9Bfu1617150981953,276,figural_mixed,1,,0,green,548.4299999661744,1,repetition,r_g_14.png,color,green
134644,,c7fbf674-7151-4b31-9215-b4523cffdc16,1,PrAT9Bfu1617150981953,277,figural_mixed,1,,0,angular,721.580000128597,1,switch,e_g_01.png,shape,angular
134644,,c7fbf674-7151-4b31-9215-b4523cffdc16,1,PrAT9Bfu1617150981953,278,figural_mixed,1,,0,round,1970.9449999500066,1,repetition,r_b_15.png,shape,round
134644,,c7fbf674-7151-4b31-9215-b4523cffdc16,1,PrAT9Bfu1617150981953,279,figural_mixed,1,,0,round,518.5549999587238,1,repetition,r_b_08.png,shape,round
134644,,c7fbf674-7151-4b31-9215-b4523cffdc16,1,PrAT9Bfu1617150981953,280,figural_mixed,1,,0,green,976.9800000358373,1,switch,e_g_12.png,color,green
134644,,c7fbf674-7151-4b31-9215-b4523cffdc16,1,PrAT9Bfu1617150981953,281,figural_mixed,1,,0,angular,1473.1100001372397,1,switch,e_b_13.png,shape,angular
134644,,c7fbf674-7151-4b31-9215-b4523cffdc16,1,PrAT9Bfu1617150981953,282,figural_mixed,1,,0,green,2319.870000006631,1,switch,r_g_03.png,color,green
134644,,c7fbf674-7151-4b31-9215-b4523cffdc16,1,PrAT9Bfu1617150981953,283,figural_mixed,1,,0,blue,574.4850002229214,1,repetition,r_b_12.png,color,blue
134644,,c7fbf674-7151-4b31-9215-b4523cffdc16,1,PrAT9Bfu1617150981953,284,figural_mixed,1,,0,angular,733.8549999985844,1,switch,e_b_06.png,shape,angular
134644,,c7fbf674-7151-4b31-9215-b4523cffdc16,1,PrAT9Bfu1617150981953,285,figural_mixed,1,,0,angular,648.3249999582767,1,repetition,e_g_05.png,shape,angular
134644,,c7fbf674-7151-4b31-9215-b4523cffdc16,1,PrAT9Bfu1617150981953,286,figural_mixed,1,,0,blue,1051.5699998941272,1,switch,r_b_11.png,color,blue
134644,,c7fbf674-7151-4b31-9215-b4523cffdc16,1,PrAT9Bfu1617150981953,287,figural_mixed,1,,0,angular,808.6200000252575,1,switch,e_b_16.png,shape,angular
134644,,c7fbf674-7151-4b31-9215-b4523cffdc16,1,PrAT9Bfu1617150981953,288,figural_mixed,1,,0,green,853.279999922961,1,switch,e_g_01.png,color,green
134644,,c7fbf674-7151-4b31-9215-b4523cffdc16,1,PrAT9Bfu1617150981953,289,figural_mixed,1,,0,green,1030.5699999444187,1,repetition,e_g_13.png,color,green
134644,,c7fbf674-7151-4b31-9215-b4523cffdc16,1,PrAT9Bfu1617150981953,290,figural_mixed,1,,0,round,1333.189999917522,1,switch,r_b_12.png,shape,round
134644,,c7fbf674-7151-4b31-9215-b4523cffdc16,1,PrAT9Bfu1617150981953,291,figural_mixed,1,,0,blue,1032.3850000277162,1,switch,e_b_08.png,color,blue
134644,,c7fbf674-7151-4b31-9215-b4523cffdc16,1,PrAT9Bfu1617150981953,292,figural_mixed,1,,0,green,1225.5200000945479,1,repetition,e_g_09.png,color,green
134644,,c7fbf674-7151-4b31-9215-b4523cffdc16,1,PrAT9Bfu1617150981953,293,figural_mixed,1,,0,green,602.4400000460446,1,repetition,r_g_12.png,color,green
134644,,c7fbf674-7151-4b31-9215-b4523cffdc16,1,PrAT9Bfu1617150981953,294,figural_single_2_2,1,,0,blue,836.4450000226498,1,single,e_b_01.png,color,blue
134644,,c7fbf674-7151-4b31-9215-b4523cffdc16,1,PrAT9Bfu1617150981953,295,figural_single_2_2,1,,0,blue,384.24000004306436,1,single,r_b_03.png,color,blue
134644,,c7fbf674-7151-4b31-9215-b4523cffdc16,1,PrAT9Bfu1617150981953,296,figural_single_2_2,1,,0,green,1061.0449998639524,1,single,e_g_01.png,color,green
134644,,c7fbf674-7151-4b31-9215-b4523cffdc16,1,PrAT9Bfu1617150981953,297,figural_single_2_2,1,,0,green,897.5249999202788,1,single,e_g_13.png,color,green
134644,,c7fbf674-7151-4b31-9215-b4523cffdc16,1,PrAT9Bfu1617150981953,298,figural_single_2_2,1,,0,blue,554.1399999056011,1,single,r_b_16.png,color,blue
134644,,c7fbf674-7151-4b31-9215-b4523cffdc16,1,PrAT9Bfu1617150981953,299,figural_single_2_2,1,,0,blue,377.33000004664063,1,single,r_b_07.png,color,blue
134644,,c7fbf674-7151-4b31-9215-b4523cffdc16,1,PrAT9Bfu1617150981953,300,figural_single_2_2,1,,0,green,445.22499991580844,1,single,r_g_08.png,color,green
134644,,c7fbf674-7151-4b31-9215-b4523cffdc16,1,PrAT9Bfu1617150981953,301,figural_single_2_2,1,,0,blue,439.28500008769333,1,single,r_b_09.png,color,blue
134644,,c7fbf674-7151-4b31-9215-b4523cffdc16,1,PrAT9Bfu1617150981953,302,figural_single_2_2,1,,0,green,443.48999997600913,1,single,r_g_02.png,color,green
134644,,c7fbf674-7151-4b31-9215-b4523cffdc16,1,PrAT9Bfu1617150981953,303,figural_single_2_2,1,,0,green,422.13000007905066,1,single,r_g_12.png,color,green
134644,,c7fbf674-7151-4b31-9215-b4523cffdc16,1,PrAT9Bfu1617150981953,304,figural_single_2_2,1,,0,blue,344.29999999701977,1,single,e_b_08.png,color,blue
134644,,c7fbf674-7151-4b31-9215-b4523cffdc16,1,PrAT9Bfu1617150981953,305,figural_single_2_2,1,,0,blue,440.330000128597,0,single,r_g_04.png,color,green
134644,,c7fbf674-7151-4b31-9215-b4523cffdc16,1,PrAT9Bfu1617150981953,306,figural_single_2_2,1,,0,green,509.1049999464303,0,single,e_b_03.png,color,blue
134644,,c7fbf674-7151-4b31-9215-b4523cffdc16,1,PrAT9Bfu1617150981953,307,figural_single_2_2,1,,0,blue,826.1599999386817,1,single,e_b_11.png,color,blue
134644,,c7fbf674-7151-4b31-9215-b4523cffdc16,1,PrAT9Bfu1617150981953,308,figural_single_2_2,1,,0,blue,417.1450000721961,1,single,r_b_14.png,color,blue
134644,,c7fbf674-7151-4b31-9215-b4523cffdc16,1,PrAT9Bfu1617150981953,309,figural_single_2_2,1,,0,green,404.21999990940094,1,single,e_g_07.png,color,green
134644,,c7fbf674-7151-4b31-9215-b4523cffdc16,1,PrAT9Bfu1617150981953,310,figural_single_2_2,1,,0,blue,436.29000009968877,1,single,r_b_13.png,color,blue
134644,,c7fbf674-7151-4b31-9215-b4523cffdc16,1,PrAT9Bfu1617150981953,311,figural_single_2_2,1,,0,green,346.20000002905726,1,single,e_g_16.png,color,green
134644,,c7fbf674-7151-4b31-9215-b4523cffdc16,1,PrAT9Bfu1617150981953,312,figural_single_2_2,1,,0,blue,453.1099998857826,1,single,e_b_14.png,color,blue
134644,,c7fbf674-7151-4b31-9215-b4523cffdc16,1,PrAT9Bfu1617150981953,313,figural_single_2_2,1,,0,green,368.69999999180436,1,single,e_g_12.png,color,green
134644,,c7fbf674-7151-4b31-9215-b4523cffdc16,1,PrAT9Bfu1617150981953,314,figural_single_2_2,1,,0,green,398.25999992899597,1,single,r_g_07.png,color,green
134644,,c7fbf674-7151-4b31-9215-b4523cffdc16,1,PrAT9Bfu1617150981953,315,figural_single_2_2,1,,0,blue,354.0300000458956,1,single,e_b_15.png,color,blue
134644,,c7fbf674-7151-4b31-9215-b4523cffdc16,1,PrAT9Bfu1617150981953,316,figural_single_2_2,1,,0,blue,357.08500002510846,1,single,e_b_05.png,color,blue
134644,,c7fbf674-7151-4b31-9215-b4523cffdc16,1,PrAT9Bfu1617150981953,317,figural_single_2_2,1,,0,green,340.10499995201826,1,single,r_g_15.png,color,green
134644,,c7fbf674-7151-4b31-9215-b4523cffdc16,1,PrAT9Bfu1617150981953,318,figural_single_2_2,1,,0,blue,367.13499994948506,1,single,r_b_06.png,color,blue
134644,,c7fbf674-7151-4b31-9215-b4523cffdc16,1,PrAT9Bfu1617150981953,319,figural_single_2_2,1,,0,green,319.1050000023097,1,single,e_g_02.png,color,green
134644,,c7fbf674-7151-4b31-9215-b4523cffdc16,1,PrAT9Bfu1617150981953,320,figural_single_2_2,1,,0,green,437.0849998667836,1,single,r_g_16.png,color,green
134644,,c7fbf674-7151-4b31-9215-b4523cffdc16,1,PrAT9Bfu1617150981953,321,figural_single_2_2,1,,0,blue,400.9000000078231,1,single,e_b_10.png,color,blue
134644,,c7fbf674-7151-4b31-9215-b4523cffdc16,1,PrAT9Bfu1617150981953,322,figural_single_2_2,1,,0,green,449.33500001206994,1,single,e_g_05.png,color,green
134644,,c7fbf674-7151-4b31-9215-b4523cffdc16,1,PrAT9Bfu1617150981953,323,figural_single_2_2,1,,0,green,345.2349998988211,1,single,e_g_03.png,color,green
134644,,c7fbf674-7151-4b31-9215-b4523cffdc16,1,PrAT9Bfu1617150981953,324,figural_single_2_2,1,,0,green,402.1900000516325,1,single,e_g_11.png,color,green
134644,,c7fbf674-7151-4b31-9215-b4523cffdc16,1,PrAT9Bfu1617150981953,325,figural_single_2_2,1,,0,blue,335.6549998279661,1,single,r_b_15.png,color,blue
134644,,c7fbf674-7151-4b31-9215-b4523cffdc16,1,PrAT9Bfu1617150981953,326,figural_single_2_2,1,,0,blue,339.55999999307096,1,single,e_b_02.png,color,blue
134644,,c7fbf674-7151-4b31-9215-b4523cffdc16,1,PrAT9Bfu1617150981953,327,figural_single_2_2,1,,0,blue,333.73999991454184,1,single,r_b_08.png,color,blue
134644,,c7fbf674-7151-4b31-9215-b4523cffdc16,1,PrAT9Bfu1617150981953,328,figural_single_2_2,1,,0,green,364.15000003762543,1,single,e_g_06.png,color,green
134644,,c7fbf674-7151-4b31-9215-b4523cffdc16,1,PrAT9Bfu1617150981953,329,figural_single_2_2,1,,0,blue,312.1150000952184,1,single,e_b_16.png,color,blue
134644,,c7fbf674-7151-4b31-9215-b4523cffdc16,1,PrAT9Bfu1617150981953,330,figural_single_2_2,1,,0,blue,329.14000004529953,1,single,e_b_06.png,color,blue
134644,,c7fbf674-7151-4b31-9215-b4523cffdc16,1,PrAT9Bfu1617150981953,331,figural_single_2_2,1,,0,green,321.89999986439943,1,single,r_g_09.png,color,green
134644,,c7fbf674-7151-4b31-9215-b4523cffdc16,1,PrAT9Bfu1617150981953,332,figural_single_2_2,1,,0,green,303.10999997891486,1,single,e_g_10.png,color,green
134644,,c7fbf674-7151-4b31-9215-b4523cffdc16,1,PrAT9Bfu1617150981953,333,figural_single_2_2,1,,0,blue,294.98500004410744,1,single,e_b_12.png,color,blue
134644,,c7fbf674-7151-4b31-9215-b4523cffdc16,1,PrAT9Bfu1617150981953,334,figural_single_2_2,1,,0,green,277.0299999974668,1,single,r_g_11.png,color,green
134644,,c7fbf674-7151-4b31-9215-b4523cffdc16,1,PrAT9Bfu1617150981953,335,figural_single_2_2,1,,0,green,324.7150001116097,1,single,r_g_06.png,color,green
134644,,c7fbf674-7151-4b31-9215-b4523cffdc16,1,PrAT9Bfu1617150981953,336,figural_single_2_2,1,,0,green,304.075000109151,1,single,e_g_04.png,color,green
134644,,c7fbf674-7151-4b31-9215-b4523cffdc16,1,PrAT9Bfu1617150981953,337,figural_single_2_2,1,,0,blue,263.8349998742342,1,single,r_b_01.png,color,blue
134644,,c7fbf674-7151-4b31-9215-b4523cffdc16,1,PrAT9Bfu1617150981953,338,figural_single_2_2,1,,0,green,259.9200000986457,1,single,r_g_03.png,color,green
134644,,c7fbf674-7151-4b31-9215-b4523cffdc16,1,PrAT9Bfu1617150981953,339,figural_single_2_2,1,,0,blue,379.0949999820441,1,single,e_b_04.png,color,blue
134644,,c7fbf674-7151-4b31-9215-b4523cffdc16,1,PrAT9Bfu1617150981953,340,figural_single_2_2,1,,0,blue,427.0399999804795,1,single,r_b_12.png,color,blue
134644,,c7fbf674-7151-4b31-9215-b4523cffdc16,1,PrAT9Bfu1617150981953,341,figural_single_2_2,1,,0,green,338.8150001410395,1,single,r_g_13.png,color,green
134644,,c7fbf674-7151-4b31-9215-b4523cffdc16,1,PrAT9Bfu1617150981953,342,figural_single_2_2,1,,0,blue,369.10000001080334,1,single,r_b_02.png,color,blue
134644,,c7fbf674-7151-4b31-9215-b4523cffdc16,1,PrAT9Bfu1617150981953,343,figural_single_2_2,1,,0,green,266.05999981984496,1,single,e_g_09.png,color,green
134644,,c7fbf674-7151-4b31-9215-b4523cffdc16,1,PrAT9Bfu1617150981953,344,figural_single_2_2,1,,0,green,300.929999910295,1,single,e_g_15.png,color,green
134644,,c7fbf674-7151-4b31-9215-b4523cffdc16,1,PrAT9Bfu1617150981953,345,figural_single_2_2,1,,0,green,300.95999990589917,1,single,e_g_08.png,color,green
134644,,c7fbf674-7151-4b31-9215-b4523cffdc16,1,PrAT9Bfu1617150981953,346,figural_single_2_2,1,,0,blue,290.00500007532537,1,single,r_b_05.png,color,blue
134644,,c7fbf674-7151-4b31-9215-b4523cffdc16,1,PrAT9Bfu1617150981953,347,figural_single_2_2,1,,0,green,297.97499999403954,1,single,r_g_14.png,color,green
134644,,c7fbf674-7151-4b31-9215-b4523cffdc16,1,PrAT9Bfu1617150981953,348,figural_single_2_2,1,,0,blue,347.9100000113249,1,single,r_b_04.png,color,blue
134644,,c7fbf674-7151-4b31-9215-b4523cffdc16,1,PrAT9Bfu1617150981953,349,figural_single_2_2,1,,0,green,384.8700001835823,1,single,r_g_10.png,color,green
134644,,c7fbf674-7151-4b31-9215-b4523cffdc16,1,PrAT9Bfu1617150981953,350,figural_single_2_2,1,,0,green,308.93999990075827,1,single,r_g_01.png,color,green
134644,,c7fbf674-7151-4b31-9215-b4523cffdc16,1,PrAT9Bfu1617150981953,351,figural_single_2_2,1,,0,blue,357.49500012025237,1,single,r_b_11.png,color,blue
134644,,c7fbf674-7151-4b31-9215-b4523cffdc16,1,PrAT9Bfu1617150981953,352,figural_single_2_2,1,,0,green,310.9999999869615,1,single,r_g_05.png,color,green
134644,,c7fbf674-7151-4b31-9215-b4523cffdc16,1,PrAT9Bfu1617150981953,353,figural_single_2_2,1,,0,blue,265.00999997369945,1,single,r_b_10.png,color,blue
134644,,c7fbf674-7151-4b31-9215-b4523cffdc16,1,PrAT9Bfu1617150981953,354,figural_single_2_2,1,,0,blue,377.76500009931624,1,single,e_b_13.png,color,blue
134644,,c7fbf674-7151-4b31-9215-b4523cffdc16,1,PrAT9Bfu1617150981953,355,figural_single_2_2,1,,0,green,383.1249999348074,1,single,e_g_14.png,color,green
134644,,c7fbf674-7151-4b31-9215-b4523cffdc16,1,PrAT9Bfu1617150981953,356,figural_single_2_2,1,,0,blue,393.8649999909103,1,single,e_b_07.png,color,blue
134644,,c7fbf674-7151-4b31-9215-b4523cffdc16,1,PrAT9Bfu1617150981953,357,figural_single_2_2,1,,0,blue,306.6700000781566,1,single,e_b_09.png,color,blue
134644,,c7fbf674-7151-4b31-9215-b4523cffdc16,1,PrAT9Bfu1617150981953,358,figural_single_1_2,1,,0,angular,770.954999839887,1,single,e_g_11.png,shape,angular
134644,,c7fbf674-7151-4b31-9215-b4523cffdc16,1,PrAT9Bfu1617150981953,359,figural_single_1_2,1,,0,round,528.8800001144409,1,single,r_b_16.png,shape,round
134644,,c7fbf674-7151-4b31-9215-b4523cffdc16,1,PrAT9Bfu1617150981953,360,figural_single_1_2,1,,0,angular,721.7649999074638,1,single,e_b_10.png,shape,angular
134644,,c7fbf674-7151-4b31-9215-b4523cffdc16,1,PrAT9Bfu1617150981953,361,figural_single_1_2,1,,0,round,848.5499999951571,1,single,r_b_02.png,shape,round
134644,,c7fbf674-7151-4b31-9215-b4523cffdc16,1,PrAT9Bfu1617150981953,362,figural_single_1_2,1,,0,round,467.81500009819865,1,single,r_g_08.png,shape,round
134644,,c7fbf674-7151-4b31-9215-b4523cffdc16,1,PrAT9Bfu1617150981953,363,figural_single_1_2,1,,0,angular,739.8250000551343,1,single,e_g_02.png,shape,angular
134644,,c7fbf674-7151-4b31-9215-b4523cffdc16,1,PrAT9Bfu1617150981953,364,figural_single_1_2,1,,0,round,578.8399998564273,1,single,r_g_05.png,shape,round
134644,,c7fbf674-7151-4b31-9215-b4523cffdc16,1,PrAT9Bfu1617150981953,365,figural_single_1_2,1,,0,angular,606.7399999592453,1,single,e_b_15.png,shape,angular
134644,,c7fbf674-7151-4b31-9215-b4523cffdc16,1,PrAT9Bfu1617150981953,366,figural_single_1_2,1,,0,round,430.87499984540045,1,single,r_b_09.png,shape,round
134644,,c7fbf674-7151-4b31-9215-b4523cffdc16,1,PrAT9Bfu1617150981953,367,figural_single_1_2,1,,0,angular,443.629999877885,1,single,e_b_12.png,shape,angular
134644,,c7fbf674-7151-4b31-9215-b4523cffdc16,1,PrAT9Bfu1617150981953,368,figural_single_1_2,1,,0,angular,664.640000090003,1,single,e_g_15.png,shape,angular
134644,,c7fbf674-7151-4b31-9215-b4523cffdc16,1,PrAT9Bfu1617150981953,369,figural_single_1_2,1,,0,round,452.86000007763505,1,single,r_g_04.png,shape,round
134644,,c7fbf674-7151-4b31-9215-b4523cffdc16,1,PrAT9Bfu1617150981953,370,figural_single_1_2,1,,0,angular,432.73000000044703,1,single,e_b_14.png,shape,angular
134644,,c7fbf674-7151-4b31-9215-b4523cffdc16,1,PrAT9Bfu1617150981953,371,figural_single_1_2,1,,0,angular,389.63499991223216,1,single,e_b_02.png,shape,angular
134644,,c7fbf674-7151-4b31-9215-b4523cffdc16,1,PrAT9Bfu1617150981953,372,figural_single_1_2,1,,0,round,413.45499991439283,1,single,r_g_15.png,shape,round
134644,,c7fbf674-7151-4b31-9215-b4523cffdc16,1,PrAT9Bfu1617150981953,373,figural_single_1_2,1,,0,angular,738.6699998751283,1,single,e_b_11.png,shape,angular
134644,,c7fbf674-7151-4b31-9215-b4523cffdc16,1,PrAT9Bfu1617150981953,374,figural_single_1_2,1,,0,round,528.7699999753386,1,single,r_b_07.png,shape,round
134644,,c7fbf674-7151-4b31-9215-b4523cffdc16,1,PrAT9Bfu1617150981953,375,figural_single_1_2,1,,0,round,476.7899999860674,1,single,r_g_06.png,shape,round
134644,,c7fbf674-7151-4b31-9215-b4523cffdc16,1,PrAT9Bfu1617150981953,376,figural_single_1_2,1,,0,round,402.8249999973923,1,single,r_g_02.png,shape,round
134644,,c7fbf674-7151-4b31-9215-b4523cffdc16,1,PrAT9Bfu1617150981953,377,figural_single_1_2,1,,0,angular,400.72000003419816,1,single,e_b_09.png,shape,angular
134644,,c7fbf674-7151-4b31-9215-b4523cffdc16,1,PrAT9Bfu1617150981953,378,figural_single_1_2,1,,0,round,463.41999992728233,1,single,r_b_15.png,shape,round
134644,,c7fbf674-7151-4b31-9215-b4523cffdc16,1,PrAT9Bfu1617150981953,379,figural_single_1_2,1,,0,angular,523.1249998323619,1,single,e_g_14.png,shape,angular
134644,,c7fbf674-7151-4b31-9215-b4523cffdc16,1,PrAT9Bfu1617150981953,380,figural_single_1_2,1,,0,round,450.44999988749623,1,single,r_b_04.png,shape,round
134644,,c7fbf674-7151-4b31-9215-b4523cffdc16,1,PrAT9Bfu1617150981953,381,figural_single_1_2,1,,0,round,492.4200000241399,1,single,r_g_09.png,shape,round
134644,,c7fbf674-7151-4b31-9215-b4523cffdc16,1,PrAT9Bfu1617150981953,382,figural_single_1_2,1,,0,angular,448.08000000193715,1,single,e_g_03.png,shape,angular
134644,,c7fbf674-7151-4b31-9215-b4523cffdc16,1,PrAT9Bfu1617150981953,383,figural_single_1_2,1,,0,round,1150.6199999712408,1,single,r_b_13.png,shape,round
134644,,c7fbf674-7151-4b31-9215-b4523cffdc16,1,PrAT9Bfu1617150981953,384,figural_single_1_2,1,,0,round,395.1799999922514,1,single,r_b_03.png,shape,round
134644,,c7fbf674-7151-4b31-9215-b4523cffdc16,1,PrAT9Bfu1617150981953,385,figural_single_1_2,1,,0,round,574.7700000647455,1,single,r_g_14.png,shape,round
134644,,c7fbf674-7151-4b31-9215-b4523cffdc16,1,PrAT9Bfu1617150981953,386,figural_single_1_2,1,,0,angular,465.68999998271465,1,single,e_b_05.png,shape,angular
134644,,c7fbf674-7151-4b31-9215-b4523cffdc16,1,PrAT9Bfu1617150981953,387,figural_single_1_2,1,,0,round,438.97000001743436,1,single,r_b_10.png,shape,round
134644,,c7fbf674-7151-4b31-9215-b4523cffdc16,1,PrAT9Bfu1617150981953,388,figural_single_1_2,1,,0,round,358.83500007912517,1,single,r_b_12.png,shape,round
134644,,c7fbf674-7151-4b31-9215-b4523cffdc16,1,PrAT9Bfu1617150981953,389,figural_single_1_2,1,,0,round,400.51500010304153,1,single,r_b_14.png,shape,round
134644,,c7fbf674-7151-4b31-9215-b4523cffdc16,1,PrAT9Bfu1617150981953,390,figural_single_1_2,1,,0,angular,518.5099998489022,1,single,e_g_16.png,shape,angular
134644,,c7fbf674-7151-4b31-9215-b4523cffdc16,1,PrAT9Bfu1617150981953,391,figural_single_1_2,1,,0,round,415.9049999434501,1,single,r_g_12.png,shape,round
134644,,c7fbf674-7151-4b31-9215-b4523cffdc16,1,PrAT9Bfu1617150981953,392,figural_single_1_2,1,,0,round,359.88000012002885,1,single,r_g_11.png,shape,round
134644,,c7fbf674-7151-4b31-9215-b4523cffdc16,1,PrAT9Bfu1617150981953,393,figural_single_1_2,1,,0,angular,427.5549999438226,1,single,e_b_03.png,shape,angular
134644,,c7fbf674-7151-4b31-9215-b4523cffdc16,1,PrAT9Bfu1617150981953,394,figural_single_1_2,1,,0,angular,460.579999955371,1,single,e_b_04.png,shape,angular
134644,,c7fbf674-7151-4b31-9215-b4523cffdc16,1,PrAT9Bfu1617150981953,395,figural_single_1_2,1,,0,round,355.68500007502735,1,single,r_b_11.png,shape,round
134644,,c7fbf674-7151-4b31-9215-b4523cffdc16,1,PrAT9Bfu1617150981953,396,figural_single_1_2,1,,0,angular,398.49000005051494,1,single,e_g_05.png,shape,angular
134644,,c7fbf674-7151-4b31-9215-b4523cffdc16,1,PrAT9Bfu1617150981953,397,figural_single_1_2,1,,0,angular,461.5650000050664,1,single,e_b_16.png,shape,angular
134644,,c7fbf674-7151-4b31-9215-b4523cffdc16,1,PrAT9Bfu1617150981953,398,figural_single_1_2,1,,0,angular,525.5450000986457,1,single,e_g_13.png,shape,angular
134644,,c7fbf674-7151-4b31-9215-b4523cffdc16,1,PrAT9Bfu1617150981953,399,figural_single_1_2,1,,0,round,391.6650000028312,1,single,r_g_01.png,shape,round
134644,,c7fbf674-7151-4b31-9215-b4523cffdc16,1,PrAT9Bfu1617150981953,400,figural_single_1_2,1,,0,angular,382.4750001076609,1,single,e_b_08.png,shape,angular
134644,,c7fbf674-7151-4b31-9215-b4523cffdc16,1,PrAT9Bfu1617150981953,401,figural_single_1_2,1,,0,round,323.5899999272078,0,single,e_g_10.png,shape,angular
134644,,c7fbf674-7151-4b31-9215-b4523cffdc16,1,PrAT9Bfu1617150981953,402,figural_single_1_2,1,,0,round,791.620000032708,1,single,r_g_13.png,shape,round
134644,,c7fbf674-7151-4b31-9215-b4523cffdc16,1,PrAT9Bfu1617150981953,403,figural_single_1_2,1,,0,angular,447.0899999141693,1,single,e_b_01.png,shape,angular
134644,,c7fbf674-7151-4b31-9215-b4523cffdc16,1,PrAT9Bfu1617150981953,404,figural_single_1_2,1,,0,angular,375.8549999911338,1,single,e_b_06.png,shape,angular
134644,,c7fbf674-7151-4b31-9215-b4523cffdc16,1,PrAT9Bfu1617150981953,405,figural_single_1_2,1,,0,round,423.53000002913177,1,single,r_g_10.png,shape,round
134644,,c7fbf674-7151-4b31-9215-b4523cffdc16,1,PrAT9Bfu1617150981953,406,figural_single_1_2,1,,0,angular,407.4999999720603,1,single,e_g_08.png,shape,angular
134644,,c7fbf674-7151-4b31-9215-b4523cffdc16,1,PrAT9Bfu1617150981953,407,figural_single_1_2,1,,0,angular,409.39000016078353,1,single,e_g_07.png,shape,angular
134644,,c7fbf674-7151-4b31-9215-b4523cffdc16,1,PrAT9Bfu1617150981953,408,figural_single_1_2,1,,0,round,364.47500018402934,1,single,r_b_06.png,shape,round
134644,,c7fbf674-7151-4b31-9215-b4523cffdc16,1,PrAT9Bfu1617150981953,409,figural_single_1_2,1,,0,angular,407.1949999779463,1,single,e_g_09.png,shape,angular
134644,,c7fbf674-7151-4b31-9215-b4523cffdc16,1,PrAT9Bfu1617150981953,410,figural_single_1_2,1,,0,round,379.0250001475215,1,single,r_b_01.png,shape,round
134644,,c7fbf674-7151-4b31-9215-b4523cffdc16,1,PrAT9Bfu1617150981953,411,figural_single_1_2,1,,0,angular,418.6199998948723,1,single,e_b_13.png,shape,angular
134644,,c7fbf674-7151-4b31-9215-b4523cffdc16,1,PrAT9Bfu1617150981953,412,figural_single_1_2,1,,0,round,458.52499990724027,0,single,e_g_04.png,shape,angular
134644,,c7fbf674-7151-4b31-9215-b4523cffdc16,1,PrAT9Bfu1617150981953,413,figural_single_1_2,1,,0,angular,583.4800000302494,1,single,e_g_12.png,shape,angular
134644,,c7fbf674-7151-4b31-9215-b4523cffdc16,1,PrAT9Bfu1617150981953,414,figural_single_1_2,1,,0,round,531.3999999780208,1,single,r_b_08.png,shape,round
134644,,c7fbf674-7151-4b31-9215-b4523cffdc16,1,PrAT9Bfu1617150981953,415,figural_single_1_2,1,,0,angular,357.5399999972433,1,single,e_b_07.png,shape,angular
134644,,c7fbf674-7151-4b31-9215-b4523cffdc16,1,PrAT9Bfu1617150981953,416,figural_single_1_2,1,,0,round,897.2049998119473,1,single,r_g_03.png,shape,round
134644,,c7fbf674-7151-4b31-9215-b4523cffdc16,1,PrAT9Bfu1617150981953,417,figural_single_1_2,1,,0,angular,458.3449999336153,1,single,e_g_06.png,shape,angular
134644,,c7fbf674-7151-4b31-9215-b4523cffdc16,1,PrAT9Bfu1617150981953,418,figural_single_1_2,1,,0,round,476.4549999963492,1,single,r_g_16.png,shape,round
134644,,c7fbf674-7151-4b31-9215-b4523cffdc16,1,PrAT9Bfu1617150981953,419,figural_single_1_2,1,,0,round,548.064999980852,1,single,r_b_05.png,shape,round
134644,,c7fbf674-7151-4b31-9215-b4523cffdc16,1,PrAT9Bfu1617150981953,420,figural_single_1_2,1,,0,angular,384.3300000298768,1,single,e_g_01.png,shape,angular
134644,,c7fbf674-7151-4b31-9215-b4523cffdc16,1,PrAT9Bfu1617150981953,421,figural_single_1_2,1,,0,round,424.4649999309331,1,single,r_g_07.png,shape,round