userCode,extId,moduleId,sessionId,sessionToken,trialId,executableId,session.complete,session.condition,session.forceExit,givenResponse,reactionTime,score,shiftingType,stimulusValue,stimulusType,correctResponse
134668,,c7fbf674-7151-4b31-9215-b4523cffdc16,1,ioc7hEG01617205174726,1,figural_single_1_practice,1,,0,round,516.3549999706447,1,single,r_b_10.png,shape,round
134668,,c7fbf674-7151-4b31-9215-b4523cffdc16,1,ioc7hEG01617205174726,2,figural_single_1_practice,1,,0,angular,447.47000001370907,1,single,e_b_09.png,shape,angular
134668,,c7fbf674-7151-4b31-9215-b4523cffdc16,1,ioc7hEG01617205174726,3,figural_single_1_practice,1,,0,round,483.65000006742775,1,single,r_b_11.png,shape,round
134668,,c7fbf674-7151-4b31-9215-b4523cffdc16,1,ioc7hEG01617205174726,4,figural_single_1_practice,1,,0,round,548.8049999112263,1,single,r_g_05.png,shape,round
134668,,c7fbf674-7151-4b31-9215-b4523cffdc16,1,ioc7hEG01617205174726,5,figural_single_1_practice,1,,0,angular,521.9250000081956,1,single,e_b_14.png,shape,angular
134668,,c7fbf674-7151-4b31-9215-b4523cffdc16,1,ioc7hEG01617205174726,6,figural_single_1_practice,1,,0,angular,456.0249999631196,1,single,e_g_07.png,shape,angular
134668,,c7fbf674-7151-4b31-9215-b4523cffdc16,1,ioc7hEG01617205174726,7,figural_single_1_practice,1,,0,angular,449.3400000501424,1,single,e_g_12.png,shape,angular
134668,,c7fbf674-7151-4b31-9215-b4523cffdc16,1,ioc7hEG01617205174726,8,figural_single_1_practice,1,,0,round,577.324999962002,1,single,r_b_16.png,shape,round
134668,,c7fbf674-7151-4b31-9215-b4523cffdc16,1,ioc7hEG01617205174726,9,figural_single_1_practice,1,,0,round,495.3299999469891,1,single,r_g_02.png,shape,round
134668,,c7fbf674-7151-4b31-9215-b4523cffdc16,1,ioc7hEG01617205174726,10,figural_single_1_practice,1,,0,angular,1000.5449999589473,1,single,e_b_04.png,shape,angular
134668,,c7fbf674-7151-4b31-9215-b4523cffdc16,1,ioc7hEG01617205174726,11,figural_single_1_practice,1,,0,angular,471.129999961704,1,single,e_g_06.png,shape,angular
134668,,c7fbf674-7151-4b31-9215-b4523cffdc16,1,ioc7hEG01617205174726,12,figural_single_1_practice,1,,0,round,581.2849999638274,1,single,r_g_15.png,shape,round
134668,,c7fbf674-7151-4b31-9215-b4523cffdc16,1,ioc7hEG01617205174726,13,figural_single_1_1,1,,0,round,483.59999991953373,1,single,r_b_01.png,shape,round
134668,,c7fbf674-7151-4b31-9215-b4523cffdc16,1,ioc7hEG01617205174726,14,figural_single_1_1,1,,0,angular,432.02000006567687,1,single,e_g_11.png,shape,angular
134668,,c7fbf674-7151-4b31-9215-b4523cffdc16,1,ioc7hEG01617205174726,15,figural_single_1_1,1,,0,round,420.99999997299165,1,single,r_b_10.png,shape,round
134668,,c7fbf674-7151-4b31-9215-b4523cffdc16,1,ioc7hEG01617205174726,16,figural_single_1_1,1,,0,round,772.4249999737367,1,single,r_b_06.png,shape,round
134668,,c7fbf674-7151-4b31-9215-b4523cffdc16,1,ioc7hEG01617205174726,17,figural_single_1_1,1,,0,angular,436.5550000220537,1,single,e_g_07.png,shape,angular
134668,,c7fbf674-7151-4b31-9215-b4523cffdc16,1,ioc7hEG01617205174726,18,figural_single_1_1,1,,0,angular,406.11999994143844,1,single,e_g_13.png,shape,angular
134668,,c7fbf674-7151-4b31-9215-b4523cffdc16,1,ioc7hEG01617205174726,19,figural_single_1_1,1,,0,round,447.3200000356883,1,single,r_g_06.png,shape,round
134668,,c7fbf674-7151-4b31-9215-b4523cffdc16,1,ioc7hEG01617205174726,20,figural_single_1_1,1,,0,angular,491.01999995764345,1,single,e_g_16.png,shape,angular
134668,,c7fbf674-7151-4b31-9215-b4523cffdc16,1,ioc7hEG01617205174726,21,figural_single_1_1,1,,0,angular,565.47499995213,1,single,e_b_09.png,shape,angular
134668,,c7fbf674-7151-4b31-9215-b4523cffdc16,1,ioc7hEG01617205174726,22,figural_single_1_1,1,,0,angular,490.639999974519,1,single,e_b_08.png,shape,angular
134668,,c7fbf674-7151-4b31-9215-b4523cffdc16,1,ioc7hEG01617205174726,23,figural_single_1_1,1,,0,round,513.9900000067428,1,single,r_b_12.png,shape,round
134668,,c7fbf674-7151-4b31-9215-b4523cffdc16,1,ioc7hEG01617205174726,24,figural_single_1_1,1,,0,angular,416.4500000188127,1,single,e_b_10.png,shape,angular
134668,,c7fbf674-7151-4b31-9215-b4523cffdc16,1,ioc7hEG01617205174726,25,figural_single_1_1,1,,0,angular,384.85999999102205,1,single,e_b_05.png,shape,angular
134668,,c7fbf674-7151-4b31-9215-b4523cffdc16,1,ioc7hEG01617205174726,26,figural_single_1_1,1,,0,round,489.15999999735504,1,single,r_b_13.png,shape,round
134668,,c7fbf674-7151-4b31-9215-b4523cffdc16,1,ioc7hEG01617205174726,27,figural_single_1_1,1,,0,round,520.9099999628961,1,single,r_g_15.png,shape,round
134668,,c7fbf674-7151-4b31-9215-b4523cffdc16,1,ioc7hEG01617205174726,28,figural_single_1_1,1,,0,angular,435.0550000090152,1,single,e_g_09.png,shape,angular
134668,,c7fbf674-7151-4b31-9215-b4523cffdc16,1,ioc7hEG01617205174726,29,figural_single_1_1,1,,0,round,420.4700000118464,1,single,r_g_02.png,shape,round
134668,,c7fbf674-7151-4b31-9215-b4523cffdc16,1,ioc7hEG01617205174726,30,figural_single_1_1,1,,0,round,559.8250000039116,1,single,r_b_07.png,shape,round
134668,,c7fbf674-7151-4b31-9215-b4523cffdc16,1,ioc7hEG01617205174726,31,figural_single_1_1,1,,0,angular,435.35000004339963,1,single,e_b_06.png,shape,angular
134668,,c7fbf674-7151-4b31-9215-b4523cffdc16,1,ioc7hEG01617205174726,32,figural_single_1_1,1,,0,round,489.73999998997897,1,single,r_b_16.png,shape,round
134668,,c7fbf674-7151-4b31-9215-b4523cffdc16,1,ioc7hEG01617205174726,33,figural_single_1_1,1,,0,angular,379.14999993517995,0,single,r_b_02.png,shape,round
134668,,c7fbf674-7151-4b31-9215-b4523cffdc16,1,ioc7hEG01617205174726,34,figural_single_1_1,1,,0,angular,684.5600000815466,1,single,e_g_06.png,shape,angular
134668,,c7fbf674-7151-4b31-9215-b4523cffdc16,1,ioc7hEG01617205174726,35,figural_single_1_1,1,,0,round,609.8500000080094,1,single,r_g_03.png,shape,round
134668,,c7fbf674-7151-4b31-9215-b4523cffdc16,1,ioc7hEG01617205174726,36,figural_single_1_1,1,,0,angular,444.1799999913201,1,single,e_g_05.png,shape,angular
134668,,c7fbf674-7151-4b31-9215-b4523cffdc16,1,ioc7hEG01617205174726,37,figural_single_1_1,1,,0,angular,547.7950000204146,1,single,e_b_13.png,shape,angular
134668,,c7fbf674-7151-4b31-9215-b4523cffdc16,1,ioc7hEG01617205174726,38,figural_single_1_1,1,,0,angular,478.8649999536574,1,single,e_g_15.png,shape,angular
134668,,c7fbf674-7151-4b31-9215-b4523cffdc16,1,ioc7hEG01617205174726,39,figural_single_1_1,1,,0,round,587.2199999867007,1,single,r_g_08.png,shape,round
134668,,c7fbf674-7151-4b31-9215-b4523cffdc16,1,ioc7hEG01617205174726,40,figural_single_1_1,1,,0,round,604.5500000473112,1,single,r_b_05.png,shape,round
134668,,c7fbf674-7151-4b31-9215-b4523cffdc16,1,ioc7hEG01617205174726,41,figural_single_1_1,1,,0,angular,449.78999998420477,1,single,e_b_02.png,shape,angular
134668,,c7fbf674-7151-4b31-9215-b4523cffdc16,1,ioc7hEG01617205174726,42,figural_single_1_1,1,,0,angular,461.2300000153482,1,single,e_g_14.png,shape,angular
134668,,c7fbf674-7151-4b31-9215-b4523cffdc16,1,ioc7hEG01617205174726,43,figural_single_1_1,1,,0,round,483.80000004544854,1,single,r_b_03.png,shape,round
134668,,c7fbf674-7151-4b31-9215-b4523cffdc16,1,ioc7hEG01617205174726,44,figural_single_1_1,1,,0,angular,380.95000002067536,1,single,e_b_14.png,shape,angular
134668,,c7fbf674-7151-4b31-9215-b4523cffdc16,1,ioc7hEG01617205174726,45,figural_single_1_1,1,,0,angular,456.4900000113994,1,single,e_b_04.png,shape,angular
134668,,c7fbf674-7151-4b31-9215-b4523cffdc16,1,ioc7hEG01617205174726,46,figural_single_1_1,1,,0,angular,779.949999996461,1,single,e_b_03.png,shape,angular
134668,,c7fbf674-7151-4b31-9215-b4523cffdc16,1,ioc7hEG01617205174726,47,figural_single_1_1,1,,0,round,540.125000057742,1,single,r_g_16.png,shape,round
134668,,c7fbf674-7151-4b31-9215-b4523cffdc16,1,ioc7hEG01617205174726,48,figural_single_1_1,1,,0,round,451.4750000089407,1,single,r_g_13.png,shape,round
134668,,c7fbf674-7151-4b31-9215-b4523cffdc16,1,ioc7hEG01617205174726,49,figural_single_1_1,1,,0,round,417.4049999564886,1,single,r_g_14.png,shape,round
134668,,c7fbf674-7151-4b31-9215-b4523cffdc16,1,ioc7hEG01617205174726,50,figural_single_1_1,1,,0,angular,406.4750000834465,1,single,e_g_08.png,shape,angular
134668,,c7fbf674-7151-4b31-9215-b4523cffdc16,1,ioc7hEG01617205174726,51,figural_single_1_1,1,,0,round,814.6549999946728,1,single,r_g_09.png,shape,round
134668,,c7fbf674-7151-4b31-9215-b4523cffdc16,1,ioc7hEG01617205174726,52,figural_single_1_1,1,,0,angular,557.0300000254065,1,single,e_g_04.png,shape,angular
134668,,c7fbf674-7151-4b31-9215-b4523cffdc16,1,ioc7hEG01617205174726,53,figural_single_1_1,1,,0,angular,439.089999999851,1,single,e_b_15.png,shape,angular
134668,,c7fbf674-7151-4b31-9215-b4523cffdc16,1,ioc7hEG01617205174726,54,figural_single_1_1,1,,0,round,503.59500001650304,1,single,r_g_04.png,shape,round
134668,,c7fbf674-7151-4b31-9215-b4523cffdc16,1,ioc7hEG01617205174726,55,figural_single_1_1,1,,0,angular,439.06999996397644,1,single,e_b_07.png,shape,angular
134668,,c7fbf674-7151-4b31-9215-b4523cffdc16,1,ioc7hEG01617205174726,56,figural_single_1_1,1,,0,angular,553.319999948144,1,single,e_b_16.png,shape,angular
134668,,c7fbf674-7151-4b31-9215-b4523cffdc16,1,ioc7hEG01617205174726,57,figural_single_1_1,1,,0,round,525.7899999851361,1,single,r_b_08.png,shape,round
134668,,c7fbf674-7151-4b31-9215-b4523cffdc16,1,ioc7hEG01617205174726,58,figural_single_1_1,1,,0,angular,421.0100000491366,1,single,e_g_12.png,shape,angular
134668,,c7fbf674-7151-4b31-9215-b4523cffdc16,1,ioc7hEG01617205174726,59,figural_single_1_1,1,,0,round,478.44999993685633,1,single,r_b_14.png,shape,round
134668,,c7fbf674-7151-4b31-9215-b4523cffdc16,1,ioc7hEG01617205174726,60,figural_single_1_1,1,,0,round,523.8600000739098,1,single,r_g_05.png,shape,round
134668,,c7fbf674-7151-4b31-9215-b4523cffdc16,1,ioc7hEG01617205174726,61,figural_single_1_1,1,,0,round,494.30000002030283,1,single,r_g_01.png,shape,round
134668,,c7fbf674-7151-4b31-9215-b4523cffdc16,1,ioc7hEG01617205174726,62,figural_single_1_1,1,,0,angular,506.7249999847263,1,single,e_g_02.png,shape,angular
134668,,c7fbf674-7151-4b31-9215-b4523cffdc16,1,ioc7hEG01617205174726,63,figural_single_1_1,1,,0,round,461.00999996997416,1,single,r_g_11.png,shape,round
134668,,c7fbf674-7151-4b31-9215-b4523cffdc16,1,ioc7hEG01617205174726,64,figural_single_1_1,1,,0,angular,363.344999961555,0,single,r_g_10.png,shape,round
134668,,c7fbf674-7151-4b31-9215-b4523cffdc16,1,ioc7hEG01617205174726,65,figural_single_1_1,1,,0,round,630.7750000851229,1,single,r_b_04.png,shape,round
134668,,c7fbf674-7151-4b31-9215-b4523cffdc16,1,ioc7hEG01617205174726,66,figural_single_1_1,1,,0,angular,497.1049999585375,1,single,e_g_01.png,shape,angular
134668,,c7fbf674-7151-4b31-9215-b4523cffdc16,1,ioc7hEG01617205174726,67,figural_single_1_1,1,,0,round,464.5050000399351,1,single,r_b_09.png,shape,round
134668,,c7fbf674-7151-4b31-9215-b4523cffdc16,1,ioc7hEG01617205174726,68,figural_single_1_1,1,,0,round,427.0949999336153,1,single,r_b_15.png,shape,round
134668,,c7fbf674-7151-4b31-9215-b4523cffdc16,1,ioc7hEG01617205174726,69,figural_single_1_1,1,,0,angular,407.34499995596707,0,single,r_g_07.png,shape,round
134668,,c7fbf674-7151-4b31-9215-b4523cffdc16,1,ioc7hEG01617205174726,70,figural_single_1_1,1,,0,angular,638.7950000353158,1,single,e_b_01.png,shape,angular
134668,,c7fbf674-7151-4b31-9215-b4523cffdc16,1,ioc7hEG01617205174726,71,figural_single_1_1,1,,0,angular,500.0500000314787,1,single,e_b_12.png,shape,angular
134668,,c7fbf674-7151-4b31-9215-b4523cffdc16,1,ioc7hEG01617205174726,72,figural_single_1_1,1,,0,round,472.3999999696389,1,single,r_b_11.png,shape,round
134668,,c7fbf674-7151-4b31-9215-b4523cffdc16,1,ioc7hEG01617205174726,73,figural_single_1_1,1,,0,round,487.07499995362014,1,single,r_g_12.png,shape,round
134668,,c7fbf674-7151-4b31-9215-b4523cffdc16,1,ioc7hEG01617205174726,74,figural_single_1_1,1,,0,angular,432.99000000115484,1,single,e_g_03.png,shape,angular
134668,,c7fbf674-7151-4b31-9215-b4523cffdc16,1,ioc7hEG01617205174726,75,figural_single_1_1,1,,0,angular,386.714999913238,1,single,e_g_10.png,shape,angular
134668,,c7fbf674-7151-4b31-9215-b4523cffdc16,1,ioc7hEG01617205174726,76,figural_single_1_1,1,,0,angular,456.17500005755574,1,single,e_b_11.png,shape,angular
134668,,c7fbf674-7151-4b31-9215-b4523cffdc16,1,ioc7hEG01617205174726,77,figural_single_2_practice,1,,0,blue,413.20499998982996,1,single,r_b_07.png,color,blue
134668,,c7fbf674-7151-4b31-9215-b4523cffdc16,1,ioc7hEG01617205174726,78,figural_single_2_practice,1,,0,green,774.4449999881908,1,single,r_g_09.png,color,green
134668,,c7fbf674-7151-4b31-9215-b4523cffdc16,1,ioc7hEG01617205174726,79,figural_single_2_practice,1,,0,green,613.2050000596792,1,single,e_g_04.png,color,green
134668,,c7fbf674-7151-4b31-9215-b4523cffdc16,1,ioc7hEG01617205174726,80,figural_single_2_practice,1,,0,blue,449.30000009480864,1,single,r_b_14.png,color,blue
134668,,c7fbf674-7151-4b31-9215-b4523cffdc16,1,ioc7hEG01617205174726,81,figural_single_2_practice,1,,0,blue,489.41999999806285,1,single,e_b_06.png,color,blue
134668,,c7fbf674-7151-4b31-9215-b4523cffdc16,1,ioc7hEG01617205174726,82,figural_single_2_practice,1,,0,green,433.7150000501424,1,single,e_g_10.png,color,green
134668,,c7fbf674-7151-4b31-9215-b4523cffdc16,1,ioc7hEG01617205174726,83,figural_single_2_practice,1,,0,blue,439.8899999214336,1,single,e_b_16.png,color,blue
134668,,c7fbf674-7151-4b31-9215-b4523cffdc16,1,ioc7hEG01617205174726,84,figural_single_2_practice,1,,0,green,420.1699999393895,1,single,e_g_08.png,color,green
134668,,c7fbf674-7151-4b31-9215-b4523cffdc16,1,ioc7hEG01617205174726,85,figural_single_2_practice,1,,0,blue,515.1599999517202,1,single,e_b_02.png,color,blue
134668,,c7fbf674-7151-4b31-9215-b4523cffdc16,1,ioc7hEG01617205174726,86,figural_single_2_practice,1,,0,green,446.3349999859929,1,single,r_g_03.png,color,green
134668,,c7fbf674-7151-4b31-9215-b4523cffdc16,1,ioc7hEG01617205174726,87,figural_single_2_practice,1,,0,blue,496.49499997030944,1,single,r_b_13.png,color,blue
134668,,c7fbf674-7151-4b31-9215-b4523cffdc16,1,ioc7hEG01617205174726,88,figural_single_2_practice,1,,0,green,366.6850000154227,1,single,r_g_01.png,color,green
134668,,c7fbf674-7151-4b31-9215-b4523cffdc16,1,ioc7hEG01617205174726,89,figural_single_2_1,1,,0,green,307.7950000297278,1,single,r_g_07.png,color,green
134668,,c7fbf674-7151-4b31-9215-b4523cffdc16,1,ioc7hEG01617205174726,90,figural_single_2_1,1,,0,blue,360.3600000496954,1,single,r_b_03.png,color,blue
134668,,c7fbf674-7151-4b31-9215-b4523cffdc16,1,ioc7hEG01617205174726,91,figural_single_2_1,1,,0,green,542.4999999813735,1,single,r_g_08.png,color,green
134668,,c7fbf674-7151-4b31-9215-b4523cffdc16,1,ioc7hEG01617205174726,92,figural_single_2_1,1,,0,green,422.8300000540912,1,single,e_g_01.png,color,green
134668,,c7fbf674-7151-4b31-9215-b4523cffdc16,1,ioc7hEG01617205174726,93,figural_single_2_1,1,,0,green,356.3449999783188,1,single,e_g_09.png,color,green
134668,,c7fbf674-7151-4b31-9215-b4523cffdc16,1,ioc7hEG01617205174726,94,figural_single_2_1,1,,0,blue,366.87499994877726,1,single,r_b_08.png,color,blue
134668,,c7fbf674-7151-4b31-9215-b4523cffdc16,1,ioc7hEG01617205174726,95,figural_single_2_1,1,,0,blue,335.37000010255724,1,single,e_b_03.png,color,blue
134668,,c7fbf674-7151-4b31-9215-b4523cffdc16,1,ioc7hEG01617205174726,96,figural_single_2_1,1,,0,green,379.8749999841675,1,single,e_g_07.png,color,green
134668,,c7fbf674-7151-4b31-9215-b4523cffdc16,1,ioc7hEG01617205174726,97,figural_single_2_1,1,,0,blue,386.40999991912395,1,single,e_b_02.png,color,blue
134668,,c7fbf674-7151-4b31-9215-b4523cffdc16,1,ioc7hEG01617205174726,98,figural_single_2_1,1,,0,green,393.9000000245869,1,single,e_g_04.png,color,green
134668,,c7fbf674-7151-4b31-9215-b4523cffdc16,1,ioc7hEG01617205174726,99,figural_single_2_1,1,,0,green,373.26999998185784,1,single,r_g_06.png,color,green
134668,,c7fbf674-7151-4b31-9215-b4523cffdc16,1,ioc7hEG01617205174726,100,figural_single_2_1,1,,0,blue,377.73499998729676,1,single,e_b_08.png,color,blue
134668,,c7fbf674-7151-4b31-9215-b4523cffdc16,1,ioc7hEG01617205174726,101,figural_single_2_1,1,,0,green,440.195000031963,1,single,e_g_16.png,color,green
134668,,c7fbf674-7151-4b31-9215-b4523cffdc16,1,ioc7hEG01617205174726,102,figural_single_2_1,1,,0,blue,475.87999992538244,1,single,e_b_06.png,color,blue
134668,,c7fbf674-7151-4b31-9215-b4523cffdc16,1,ioc7hEG01617205174726,103,figural_single_2_1,1,,0,blue,435.0149999372661,1,single,e_b_04.png,color,blue
134668,,c7fbf674-7151-4b31-9215-b4523cffdc16,1,ioc7hEG01617205174726,104,figural_single_2_1,1,,0,green,437.5149999978021,1,single,r_g_10.png,color,green
134668,,c7fbf674-7151-4b31-9215-b4523cffdc16,1,ioc7hEG01617205174726,105,figural_single_2_1,1,,0,blue,456.88999991398305,1,single,e_b_12.png,color,blue
134668,,c7fbf674-7151-4b31-9215-b4523cffdc16,1,ioc7hEG01617205174726,106,figural_single_2_1,1,,0,blue,332.38499995786697,1,single,r_b_09.png,color,blue
134668,,c7fbf674-7151-4b31-9215-b4523cffdc16,1,ioc7hEG01617205174726,107,figural_single_2_1,1,,0,green,402.2399999666959,1,single,r_g_15.png,color,green
134668,,c7fbf674-7151-4b31-9215-b4523cffdc16,1,ioc7hEG01617205174726,108,figural_single_2_1,1,,0,green,313.29999992158264,1,single,e_g_08.png,color,green
134668,,c7fbf674-7151-4b31-9215-b4523cffdc16,1,ioc7hEG01617205174726,109,figural_single_2_1,1,,0,blue,364.8950000060722,1,single,e_b_11.png,color,blue
134668,,c7fbf674-7151-4b31-9215-b4523cffdc16,1,ioc7hEG01617205174726,110,figural_single_2_1,1,,0,blue,289.3700000131503,1,single,r_b_13.png,color,blue
134668,,c7fbf674-7151-4b31-9215-b4523cffdc16,1,ioc7hEG01617205174726,111,figural_single_2_1,1,,0,blue,367.0799999963492,1,single,r_b_12.png,color,blue
134668,,c7fbf674-7151-4b31-9215-b4523cffdc16,1,ioc7hEG01617205174726,112,figural_single_2_1,1,,0,blue,298.4899999573827,1,single,r_b_15.png,color,blue
134668,,c7fbf674-7151-4b31-9215-b4523cffdc16,1,ioc7hEG01617205174726,113,figural_single_2_1,1,,0,green,386.9649999542162,1,single,e_g_05.png,color,green
134668,,c7fbf674-7151-4b31-9215-b4523cffdc16,1,ioc7hEG01617205174726,114,figural_single_2_1,1,,0,green,286.53000004123896,1,single,r_g_12.png,color,green
134668,,c7fbf674-7151-4b31-9215-b4523cffdc16,1,ioc7hEG01617205174726,115,figural_single_2_1,1,,0,blue,641.194999916479,1,single,r_b_02.png,color,blue
134668,,c7fbf674-7151-4b31-9215-b4523cffdc16,1,ioc7hEG01617205174726,116,figural_single_2_1,1,,0,blue,408.2500000949949,1,single,r_b_01.png,color,blue
134668,,c7fbf674-7151-4b31-9215-b4523cffdc16,1,ioc7hEG01617205174726,117,figural_single_2_1,1,,0,blue,336.85500000137836,1,single,r_b_07.png,color,blue
134668,,c7fbf674-7151-4b31-9215-b4523cffdc16,1,ioc7hEG01617205174726,118,figural_single_2_1,1,,0,green,414.35999993700534,1,single,e_g_15.png,color,green
134668,,c7fbf674-7151-4b31-9215-b4523cffdc16,1,ioc7hEG01617205174726,119,figural_single_2_1,1,,0,green,342.7849999861792,1,single,e_g_11.png,color,green
134668,,c7fbf674-7151-4b31-9215-b4523cffdc16,1,ioc7hEG01617205174726,120,figural_single_2_1,1,,0,blue,356.34999989997596,1,single,e_b_07.png,color,blue
134668,,c7fbf674-7151-4b31-9215-b4523cffdc16,1,ioc7hEG01617205174726,121,figural_single_2_1,1,,0,green,553.8950000191107,1,single,r_g_04.png,color,green
134668,,c7fbf674-7151-4b31-9215-b4523cffdc16,1,ioc7hEG01617205174726,122,figural_single_2_1,1,,0,green,380.1499999826774,1,single,e_g_02.png,color,green
134668,,c7fbf674-7151-4b31-9215-b4523cffdc16,1,ioc7hEG01617205174726,123,figural_single_2_1,1,,0,blue,393.6399999074638,1,single,e_b_01.png,color,blue
134668,,c7fbf674-7151-4b31-9215-b4523cffdc16,1,ioc7hEG01617205174726,124,figural_single_2_1,1,,0,blue,433.02500003483146,1,single,r_b_05.png,color,blue
134668,,c7fbf674-7151-4b31-9215-b4523cffdc16,1,ioc7hEG01617205174726,125,figural_single_2_1,1,,0,green,393.75000004656613,1,single,e_g_03.png,color,green
134668,,c7fbf674-7151-4b31-9215-b4523cffdc16,1,ioc7hEG01617205174726,126,figural_single_2_1,1,,0,blue,442.08499998785555,1,single,r_b_04.png,color,blue
134668,,c7fbf674-7151-4b31-9215-b4523cffdc16,1,ioc7hEG01617205174726,127,figural_single_2_1,1,,0,green,410.5200000340119,1,single,e_g_06.png,color,green
134668,,c7fbf674-7151-4b31-9215-b4523cffdc16,1,ioc7hEG01617205174726,128,figural_single_2_1,1,,0,green,343.11000001616776,1,single,e_g_12.png,color,green
134668,,c7fbf674-7151-4b31-9215-b4523cffdc16,1,ioc7hEG01617205174726,129,figural_single_2_1,1,,0,green,292.42499999236315,1,single,r_g_14.png,color,green
134668,,c7fbf674-7151-4b31-9215-b4523cffdc16,1,ioc7hEG01617205174726,130,figural_single_2_1,1,,0,blue,410.9999999636784,1,single,e_b_09.png,color,blue
134668,,c7fbf674-7151-4b31-9215-b4523cffdc16,1,ioc7hEG01617205174726,131,figural_single_2_1,1,,0,green,379.37499990221113,0,single,e_b_16.png,color,blue
134668,,c7fbf674-7151-4b31-9215-b4523cffdc16,1,ioc7hEG01617205174726,132,figural_single_2_1,1,,0,green,401.9799999659881,1,single,r_g_01.png,color,green
134668,,c7fbf674-7151-4b31-9215-b4523cffdc16,1,ioc7hEG01617205174726,133,figural_single_2_1,1,,0,green,361.5799999097362,1,single,r_g_09.png,color,green
134668,,c7fbf674-7151-4b31-9215-b4523cffdc16,1,ioc7hEG01617205174726,134,figural_single_2_1,1,,0,green,453.00500001758337,1,single,e_g_13.png,color,green
134668,,c7fbf674-7151-4b31-9215-b4523cffdc16,1,ioc7hEG01617205174726,135,figural_single_2_1,1,,0,blue,493.37000004015863,1,single,r_b_06.png,color,blue
134668,,c7fbf674-7151-4b31-9215-b4523cffdc16,1,ioc7hEG01617205174726,136,figural_single_2_1,1,,0,blue,439.69999998807907,1,single,r_b_14.png,color,blue
134668,,c7fbf674-7151-4b31-9215-b4523cffdc16,1,ioc7hEG01617205174726,137,figural_single_2_1,1,,0,green,427.4999999906868,1,single,r_g_05.png,color,green
134668,,c7fbf674-7151-4b31-9215-b4523cffdc16,1,ioc7hEG01617205174726,138,figural_single_2_1,1,,0,green,310.7249999884516,1,single,e_g_10.png,color,green
134668,,c7fbf674-7151-4b31-9215-b4523cffdc16,1,ioc7hEG01617205174726,139,figural_single_2_1,1,,0,green,294.19000004418194,1,single,r_g_02.png,color,green
134668,,c7fbf674-7151-4b31-9215-b4523cffdc16,1,ioc7hEG01617205174726,140,figural_single_2_1,1,,0,blue,399.7600000584498,1,single,e_b_10.png,color,blue
134668,,c7fbf674-7151-4b31-9215-b4523cffdc16,1,ioc7hEG01617205174726,141,figural_single_2_1,1,,0,blue,323.0850000400096,1,single,r_b_16.png,color,blue
134668,,c7fbf674-7151-4b31-9215-b4523cffdc16,1,ioc7hEG01617205174726,142,figural_single_2_1,1,,0,green,420.78000004403293,1,single,r_g_11.png,color,green
134668,,c7fbf674-7151-4b31-9215-b4523cffdc16,1,ioc7hEG01617205174726,143,figural_single_2_1,1,,0,green,347.28999994695187,1,single,r_g_03.png,color,green
134668,,c7fbf674-7151-4b31-9215-b4523cffdc16,1,ioc7hEG01617205174726,144,figural_single_2_1,1,,0,blue,385.7600000919774,1,single,e_b_14.png,color,blue
134668,,c7fbf674-7151-4b31-9215-b4523cffdc16,1,ioc7hEG01617205174726,145,figural_single_2_1,1,,0,blue,336.22500009369105,1,single,e_b_13.png,color,blue
134668,,c7fbf674-7151-4b31-9215-b4523cffdc16,1,ioc7hEG01617205174726,146,figural_single_2_1,1,,0,blue,431.73499999102205,1,single,r_b_10.png,color,blue
134668,,c7fbf674-7151-4b31-9215-b4523cffdc16,1,ioc7hEG01617205174726,147,figural_single_2_1,1,,0,green,406.17000008933246,1,single,e_g_14.png,color,green
134668,,c7fbf674-7151-4b31-9215-b4523cffdc16,1,ioc7hEG01617205174726,148,figural_single_2_1,1,,0,blue,407.6049999566749,1,single,e_b_15.png,color,blue
134668,,c7fbf674-7151-4b31-9215-b4523cffdc16,1,ioc7hEG01617205174726,149,figural_single_2_1,1,,0,blue,405.0950000528246,1,single,e_b_05.png,color,blue
134668,,c7fbf674-7151-4b31-9215-b4523cffdc16,1,ioc7hEG01617205174726,150,figural_single_2_1,1,,0,blue,325.54999995045364,1,single,r_b_11.png,color,blue
134668,,c7fbf674-7151-4b31-9215-b4523cffdc16,1,ioc7hEG01617205174726,151,figural_single_2_1,1,,0,green,373.12000000383705,1,single,r_g_13.png,color,green
134668,,c7fbf674-7151-4b31-9215-b4523cffdc16,1,ioc7hEG01617205174726,152,figural_single_2_1,1,,0,green,347.72499999962747,1,single,r_g_16.png,color,green
134668,,c7fbf674-7151-4b31-9215-b4523cffdc16,1,ioc7hEG01617205174726,153,figural_mixed_practice,1,,0,angular,911.2599999643862,1,start,e_g_13.png,shape,angular
134668,,c7fbf674-7151-4b31-9215-b4523cffdc16,1,ioc7hEG01617205174726,154,figural_mixed_practice,1,,0,angular,517.8750000195578,1,repetition,e_g_15.png,shape,angular
134668,,c7fbf674-7151-4b31-9215-b4523cffdc16,1,ioc7hEG01617205174726,155,figural_mixed_practice,1,,0,blue,1048.2100000372157,1,switch,r_b_02.png,color,blue
134668,,c7fbf674-7151-4b31-9215-b4523cffdc16,1,ioc7hEG01617205174726,156,figural_mixed_practice,1,,0,green,608.8699999963865,1,repetition,r_g_10.png,color,green
134668,,c7fbf674-7151-4b31-9215-b4523cffdc16,1,ioc7hEG01617205174726,157,figural_mixed_practice,1,,0,round,1998.9800000330433,1,switch,r_b_03.png,shape,round
134668,,c7fbf674-7151-4b31-9215-b4523cffdc16,1,ioc7hEG01617205174726,158,figural_mixed_practice,1,,0,green,962.4299999559298,0,switch,e_b_11.png,color,blue
134668,,c7fbf674-7151-4b31-9215-b4523cffdc16,1,ioc7hEG01617205174726,159,figural_mixed_practice,1,,0,green,2231.345000094734,1,repetition,r_g_06.png,color,green
134668,,c7fbf674-7151-4b31-9215-b4523cffdc16,1,ioc7hEG01617205174726,160,figural_mixed_practice,1,,0,round,1053.8149999920279,1,switch,r_b_08.png,shape,round
134668,,c7fbf674-7151-4b31-9215-b4523cffdc16,1,ioc7hEG01617205174726,161,figural_mixed_practice,1,,0,round,1545.5100000835955,0,repetition,e_b_12.png,shape,angular
134668,,c7fbf674-7151-4b31-9215-b4523cffdc16,1,ioc7hEG01617205174726,162,figural_mixed_practice,1,,0,round,3145.8950000815094,1,repetition,r_g_04.png,shape,round
134668,,c7fbf674-7151-4b31-9215-b4523cffdc16,1,ioc7hEG01617205174726,163,figural_mixed_practice,1,,0,blue,2047.2500000614673,1,switch,e_b_01.png,color,blue
134668,,c7fbf674-7151-4b31-9215-b4523cffdc16,1,ioc7hEG01617205174726,164,figural_mixed_practice,1,,0,green,644.109999993816,1,repetition,e_g_05.png,color,green
134668,,c7fbf674-7151-4b31-9215-b4523cffdc16,1,ioc7hEG01617205174726,165,figural_mixed,1,,0,green,1750.3400000277907,1,start,r_g_12.png,color,green
134668,,c7fbf674-7151-4b31-9215-b4523cffdc16,1,ioc7hEG01617205174726,166,figural_mixed,1,,0,green,675.6049999967217,1,repetition,e_g_16.png,color,green
134668,,c7fbf674-7151-4b31-9215-b4523cffdc16,1,ioc7hEG01617205174726,167,figural_mixed,1,,0,round,1517.7550000371411,1,switch,r_b_01.png,shape,round
134668,,c7fbf674-7151-4b31-9215-b4523cffdc16,1,ioc7hEG01617205174726,168,figural_mixed,1,,0,blue,1658.3499999251217,1,switch,e_b_10.png,color,blue
134668,,c7fbf674-7151-4b31-9215-b4523cffdc16,1,ioc7hEG01617205174726,169,figural_mixed,1,,0,round,3438.4050000226125,1,switch,r_g_07.png,shape,round
134668,,c7fbf674-7151-4b31-9215-b4523cffdc16,1,ioc7hEG01617205174726,170,figural_mixed,1,,0,angular,1429.1850000154227,1,repetition,e_g_16.png,shape,angular
134668,,c7fbf674-7151-4b31-9215-b4523cffdc16,1,ioc7hEG01617205174726,171,figural_mixed,1,,0,angular,1209.7949999151751,1,repetition,e_b_11.png,shape,angular
134668,,c7fbf674-7151-4b31-9215-b4523cffdc16,1,ioc7hEG01617205174726,172,figural_mixed,1,,0,blue,936.2749999854714,1,switch,e_b_12.png,color,blue
134668,,c7fbf674-7151-4b31-9215-b4523cffdc16,1,ioc7hEG01617205174726,173,figural_mixed,1,,0,blue,432.314999983646,1,repetition,r_b_05.png,color,blue
134668,,c7fbf674-7151-4b31-9215-b4523cffdc16,1,ioc7hEG01617205174726,174,figural_mixed,1,,0,angular,1435.8500000089407,1,switch,e_b_15.png,shape,angular
134668,,c7fbf674-7151-4b31-9215-b4523cffdc16,1,ioc7hEG01617205174726,175,figural_mixed,1,,0,round,1762.3400000156835,1,repetition,r_g_01.png,shape,round
134668,,c7fbf674-7151-4b31-9215-b4523cffdc16,1,ioc7hEG01617205174726,176,figural_mixed,1,,0,green,2222.4500000011176,1,switch,r_g_11.png,color,green
134668,,c7fbf674-7151-4b31-9215-b4523cffdc16,1,ioc7hEG01617205174726,177,figural_mixed,1,,0,blue,989.2199999885634,1,repetition,e_b_14.png,color,blue
134668,,c7fbf674-7151-4b31-9215-b4523cffdc16,1,ioc7hEG01617205174726,178,figural_mixed,1,,0,green,1767.1099998988211,1,repetition,r_g_05.png,color,green
134668,,c7fbf674-7151-4b31-9215-b4523cffdc16,1,ioc7hEG01617205174726,179,figural_mixed,1,,0,angular,1195.295000099577,1,switch,e_g_09.png,shape,angular
134668,,c7fbf674-7151-4b31-9215-b4523cffdc16,1,ioc7hEG01617205174726,180,figural_mixed,1,,0,round,731.2049999600276,1,repetition,r_b_04.png,shape,round
134668,,c7fbf674-7151-4b31-9215-b4523cffdc16,1,ioc7hEG01617205174726,181,figural_mixed,1,,0,round,1480.2650000201538,1,repetition,r_g_12.png,shape,round
134668,,c7fbf674-7151-4b31-9215-b4523cffdc16,1,ioc7hEG01617205174726,182,figural_mixed,1,,0,round,897.8900000220165,1,repetition,r_b_02.png,shape,round
134668,,c7fbf674-7151-4b31-9215-b4523cffdc16,1,ioc7hEG01617205174726,183,figural_mixed,1,,0,green,2083.63000000827,1,switch,r_g_04.png,color,green
134668,,c7fbf674-7151-4b31-9215-b4523cffdc16,1,ioc7hEG01617205174726,184,figural_mixed,1,,0,blue,1582.6699999161065,1,repetition,e_b_02.png,color,blue
134668,,c7fbf674-7151-4b31-9215-b4523cffdc16,1,ioc7hEG01617205174726,185,figural_mixed,1,,0,blue,760.0300000049174,1,repetition,r_b_16.png,color,blue
134668,,c7fbf674-7151-4b31-9215-b4523cffdc16,1,ioc7hEG01617205174726,186,figural_mixed,1,,0,angular,839.5299999974668,1,switch,e_g_03.png,shape,angular
134668,,c7fbf674-7151-4b31-9215-b4523cffdc16,1,ioc7hEG01617205174726,187,figural_mixed,1,,0,blue,978.2699999632314,1,switch,r_b_10.png,color,blue
134668,,c7fbf674-7151-4b31-9215-b4523cffdc16,1,ioc7hEG01617205174726,188,figural_mixed,1,,0,green,1180.114999995567,1,repetition,e_g_03.png,color,green
134668,,c7fbf674-7151-4b31-9215-b4523cffdc16,1,ioc7hEG01617205174726,189,figural_mixed,1,,0,green,1392.9550000466406,1,repetition,r_g_06.png,color,green
134668,,c7fbf674-7151-4b31-9215-b4523cffdc16,1,ioc7hEG01617205174726,190,figural_mixed,1,,0,round,2788.384999963455,1,switch,r_b_09.png,shape,round
134668,,c7fbf674-7151-4b31-9215-b4523cffdc16,1,ioc7hEG01617205174726,191,figural_mixed,1,,0,blue,1251.5999999595806,1,switch,r_b_02.png,color,blue
134668,,c7fbf674-7151-4b31-9215-b4523cffdc16,1,ioc7hEG01617205174726,192,figural_mixed,1,,0,green,937.3149999883026,1,repetition,r_g_01.png,color,green
134668,,c7fbf674-7151-4b31-9215-b4523cffdc16,1,ioc7hEG01617205174726,193,figural_mixed,1,,0,angular,915.4750000452623,1,switch,e_g_07.png,shape,angular
134668,,c7fbf674-7151-4b31-9215-b4523cffdc16,1,ioc7hEG01617205174726,194,figural_mixed,1,,0,blue,2824.1200000047684,1,switch,r_b_13.png,color,blue
134668,,c7fbf674-7151-4b31-9215-b4523cffdc16,1,ioc7hEG01617205174726,195,figural_mixed,1,,0,angular,932.5399999506772,1,switch,e_b_14.png,shape,angular
134668,,c7fbf674-7151-4b31-9215-b4523cffdc16,1,ioc7hEG01617205174726,196,figural_mixed,1,,0,round,1079.5399999478832,1,repetition,r_g_09.png,shape,round
134668,,c7fbf674-7151-4b31-9215-b4523cffdc16,1,ioc7hEG01617205174726,197,figural_mixed,1,,0,round,1095.3600000357255,1,repetition,r_b_11.png,shape,round
134668,,c7fbf674-7151-4b31-9215-b4523cffdc16,1,ioc7hEG01617205174726,198,figural_mixed,1,,0,green,1197.165000019595,1,switch,r_g_07.png,color,green
134668,,c7fbf674-7151-4b31-9215-b4523cffdc16,1,ioc7hEG01617205174726,199,figural_mixed,1,,0,angular,2770.254999981262,1,switch,e_b_04.png,shape,angular
134668,,c7fbf674-7151-4b31-9215-b4523cffdc16,1,ioc7hEG01617205174726,200,figural_mixed,1,,0,angular,1434.2700000852346,0,repetition,r_g_14.png,shape,round
134668,,c7fbf674-7151-4b31-9215-b4523cffdc16,1,ioc7hEG01617205174726,201,figural_mixed,1,,0,blue,3172.6900000358,1,switch,e_b_09.png,color,blue
134668,,c7fbf674-7151-4b31-9215-b4523cffdc16,1,ioc7hEG01617205174726,202,figural_mixed,1,,0,angular,1222.5499999476597,1,switch,e_g_10.png,shape,angular
134668,,c7fbf674-7151-4b31-9215-b4523cffdc16,1,ioc7hEG01617205174726,203,figural_mixed,1,,0,green,1135.3349999990314,1,switch,r_g_15.png,color,green
134668,,c7fbf674-7151-4b31-9215-b4523cffdc16,1,ioc7hEG01617205174726,204,figural_mixed,1,,0,green,867.7850000094622,1,repetition,e_g_14.png,color,green
134668,,c7fbf674-7151-4b31-9215-b4523cffdc16,1,ioc7hEG01617205174726,205,figural_mixed,1,,0,blue,2403.184999944642,1,repetition,r_b_07.png,color,blue
134668,,c7fbf674-7151-4b31-9215-b4523cffdc16,1,ioc7hEG01617205174726,206,figural_mixed,1,,0,blue,862.7350000897422,1,repetition,r_b_09.png,color,blue
134668,,c7fbf674-7151-4b31-9215-b4523cffdc16,1,ioc7hEG01617205174726,207,figural_mixed,1,,0,angular,894.7750000515953,1,switch,e_g_14.png,shape,angular
134668,,c7fbf674-7151-4b31-9215-b4523cffdc16,1,ioc7hEG01617205174726,208,figural_mixed,1,,0,angular,571.860000025481,1,repetition,e_g_13.png,shape,angular
134668,,c7fbf674-7151-4b31-9215-b4523cffdc16,1,ioc7hEG01617205174726,209,figural_mixed,1,,0,blue,1157.1000000694767,1,switch,e_b_04.png,color,blue
134668,,c7fbf674-7151-4b31-9215-b4523cffdc16,1,ioc7hEG01617205174726,210,figural_mixed,1,,0,green,480.8600000105798,1,repetition,e_g_10.png,color,green
134668,,c7fbf674-7151-4b31-9215-b4523cffdc16,1,ioc7hEG01617205174726,211,figural_mixed,1,,0,green,871.3449999922886,1,repetition,e_g_04.png,color,green
134668,,c7fbf674-7151-4b31-9215-b4523cffdc16,1,ioc7hEG01617205174726,212,figural_mixed,1,,0,round,712.195000029169,0,switch,e_b_07.png,shape,angular
134668,,c7fbf674-7151-4b31-9215-b4523cffdc16,1,ioc7hEG01617205174726,213,figural_mixed,1,,0,angular,2050.4349999828264,0,repetition,r_g_11.png,shape,round
134668,,c7fbf674-7151-4b31-9215-b4523cffdc16,1,ioc7hEG01617205174726,214,figural_mixed,1,,0,round,2733.420000062324,1,repetition,r_g_04.png,shape,round
134668,,c7fbf674-7151-4b31-9215-b4523cffdc16,1,ioc7hEG01617205174726,215,figural_mixed,1,,0,angular,891.6350000072271,1,repetition,e_g_15.png,shape,angular
134668,,c7fbf674-7151-4b31-9215-b4523cffdc16,1,ioc7hEG01617205174726,216,figural_mixed,1,,0,green,1461.754999938421,1,switch,e_g_11.png,color,green
134668,,c7fbf674-7151-4b31-9215-b4523cffdc16,1,ioc7hEG01617205174726,217,figural_mixed,1,,0,round,1831.084999954328,1,switch,r_g_08.png,shape,round
134668,,c7fbf674-7151-4b31-9215-b4523cffdc16,1,ioc7hEG01617205174726,218,figural_mixed,1,,0,round,2005.3599999519065,1,repetition,r_g_10.png,shape,round
134668,,c7fbf674-7151-4b31-9215-b4523cffdc16,1,ioc7hEG01617205174726,219,figural_mixed,1,,0,green,1138.3100000675768,1,switch,e_g_15.png,color,green
134668,,c7fbf674-7151-4b31-9215-b4523cffdc16,1,ioc7hEG01617205174726,220,figural_mixed,1,,0,green,921.1600000271574,1,repetition,r_g_02.png,color,green
134668,,c7fbf674-7151-4b31-9215-b4523cffdc16,1,ioc7hEG01617205174726,221,figural_mixed,1,,0,angular,1478.1000000657514,1,switch,e_b_01.png,shape,angular
134668,,c7fbf674-7151-4b31-9215-b4523cffdc16,1,ioc7hEG01617205174726,222,figural_mixed,1,,0,blue,1098.740000044927,1,switch,e_b_15.png,color,blue
134668,,c7fbf674-7151-4b31-9215-b4523cffdc16,1,ioc7hEG01617205174726,223,figural_mixed,1,,0,green,1210.5549999978393,0,repetition,e_b_03.png,color,blue
134668,,c7fbf674-7151-4b31-9215-b4523cffdc16,1,ioc7hEG01617205174726,224,figural_mixed,1,,0,blue,2134.014999959618,1,repetition,e_b_01.png,color,blue
134668,,c7fbf674-7151-4b31-9215-b4523cffdc16,1,ioc7hEG01617205174726,225,figural_mixed,1,,0,round,2608.8199999649078,1,switch,r_g_02.png,shape,round
134668,,c7fbf674-7151-4b31-9215-b4523cffdc16,1,ioc7hEG01617205174726,226,figural_mixed,1,,0,green,2780.35000001546,1,switch,e_g_05.png,color,green
134668,,c7fbf674-7151-4b31-9215-b4523cffdc16,1,ioc7hEG01617205174726,227,figural_mixed,1,,0,round,3841.545000090264,1,switch,r_b_06.png,shape,round
134668,,c7fbf674-7151-4b31-9215-b4523cffdc16,1,ioc7hEG01617205174726,228,figural_mixed,1,,0,green,935.8950000023469,1,switch,e_g_08.png,color,green
134668,,c7fbf674-7151-4b31-9215-b4523cffdc16,1,ioc7hEG01617205174726,229,figural_mixed,1,,0,green,1425.844999961555,1,repetition,e_g_02.png,color,green
134668,,c7fbf674-7151-4b31-9215-b4523cffdc16,1,ioc7hEG01617205174726,230,figural_mixed,1,,0,blue,770.3350000083447,1,repetition,e_b_06.png,color,blue
134668,,c7fbf674-7151-4b31-9215-b4523cffdc16,1,ioc7hEG01617205174726,231,figural_mixed,1,,0,angular,1697.4049999844283,1,switch,e_b_08.png,shape,angular
134668,,c7fbf674-7151-4b31-9215-b4523cffdc16,1,ioc7hEG01617205174726,232,figural_mixed,1,,0,green,1672.9899999918416,1,switch,r_g_09.png,color,green
134668,,c7fbf674-7151-4b31-9215-b4523cffdc16,1,ioc7hEG01617205174726,233,figural_mixed,1,,0,blue,1240.1049999753013,1,repetition,e_b_13.png,color,blue
134668,,c7fbf674-7151-4b31-9215-b4523cffdc16,1,ioc7hEG01617205174726,234,figural_mixed,1,,0,round,2551.854999968782,1,switch,r_b_10.png,shape,round
134668,,c7fbf674-7151-4b31-9215-b4523cffdc16,1,ioc7hEG01617205174726,235,figural_mixed,1,,0,round,670.1700000558048,1,repetition,r_b_13.png,shape,round
134668,,c7fbf674-7151-4b31-9215-b4523cffdc16,1,ioc7hEG01617205174726,236,figural_mixed,1,,0,blue,1427.3050000192598,1,switch,e_b_11.png,color,blue
134668,,c7fbf674-7151-4b31-9215-b4523cffdc16,1,ioc7hEG01617205174726,237,figural_mixed,1,,0,green,1122.9349999921396,1,repetition,r_g_08.png,color,green
134668,,c7fbf674-7151-4b31-9215-b4523cffdc16,1,ioc7hEG01617205174726,238,figural_mixed,1,,0,angular,2606.855000020005,1,switch,e_b_10.png,shape,angular
134668,,c7fbf674-7151-4b31-9215-b4523cffdc16,1,ioc7hEG01617205174726,239,figural_mixed,1,,0,angular,535.135000012815,1,repetition,e_g_06.png,shape,angular
134668,,c7fbf674-7151-4b31-9215-b4523cffdc16,1,ioc7hEG01617205174726,240,figural_mixed,1,,0,angular,486.53499991633,1,repetition,e_g_11.png,shape,angular
134668,,c7fbf674-7151-4b31-9215-b4523cffdc16,1,ioc7hEG01617205174726,241,figural_mixed,1,,0,angular,458.04499997757375,0,repetition,r_b_07.png,shape,round
134668,,c7fbf674-7151-4b31-9215-b4523cffdc16,1,ioc7hEG01617205174726,242,figural_mixed,1,,0,blue,1825.330000021495,1,switch,r_b_06.png,color,blue
134668,,c7fbf674-7151-4b31-9215-b4523cffdc16,1,ioc7hEG01617205174726,243,figural_mixed,1,,0,green,600.4850000608712,0,repetition,e_b_07.png,color,blue
134668,,c7fbf674-7151-4b31-9215-b4523cffdc16,1,ioc7hEG01617205174726,244,figural_mixed,1,,0,blue,1801.7599999438971,1,repetition,r_b_14.png,color,blue
134668,,c7fbf674-7151-4b31-9215-b4523cffdc16,1,ioc7hEG01617205174726,245,figural_mixed,1,,0,green,857.8899999847636,1,repetition,r_g_16.png,color,green
134668,,c7fbf674-7151-4b31-9215-b4523cffdc16,1,ioc7hEG01617205174726,246,figural_mixed,1,,0,angular,1329.1800000006333,1,switch,e_b_09.png,shape,angular
134668,,c7fbf674-7151-4b31-9215-b4523cffdc16,1,ioc7hEG01617205174726,247,figural_mixed,1,,0,round,3720.589999924414,1,repetition,r_g_05.png,shape,round
134668,,c7fbf674-7151-4b31-9215-b4523cffdc16,1,ioc7hEG01617205174726,248,figural_mixed,1,,0,angular,3347.010000026785,1,repetition,e_b_12.png,shape,angular
134668,,c7fbf674-7151-4b31-9215-b4523cffdc16,1,ioc7hEG01617205174726,249,figural_mixed,1,,0,blue,1237.6449999865144,1,switch,e_b_05.png,color,blue
134668,,c7fbf674-7151-4b31-9215-b4523cffdc16,1,ioc7hEG01617205174726,250,figural_mixed,1,,0,round,1103.3799999859184,1,switch,r_g_06.png,shape,round
134668,,c7fbf674-7151-4b31-9215-b4523cffdc16,1,ioc7hEG01617205174726,251,figural_mixed,1,,0,blue,1336.1650001024827,1,switch,e_b_16.png,color,blue
134668,,c7fbf674-7151-4b31-9215-b4523cffdc16,1,ioc7hEG01617205174726,252,figural_mixed,1,,0,green,749.7650000732392,1,repetition,r_g_13.png,color,green
134668,,c7fbf674-7151-4b31-9215-b4523cffdc16,1,ioc7hEG01617205174726,253,figural_mixed,1,,0,angular,2319.149999995716,1,switch,e_g_02.png,shape,angular
134668,,c7fbf674-7151-4b31-9215-b4523cffdc16,1,ioc7hEG01617205174726,254,figural_mixed,1,,0,round,1637.5700000207871,1,repetition,r_b_03.png,shape,round
134668,,c7fbf674-7151-4b31-9215-b4523cffdc16,1,ioc7hEG01617205174726,255,figural_mixed,1,,0,round,1256.9900000235066,1,repetition,r_b_14.png,shape,round
134668,,c7fbf674-7151-4b31-9215-b4523cffdc16,1,ioc7hEG01617205174726,256,figural_mixed,1,,0,angular,923.6550000496209,1,repetition,e_g_12.png,shape,angular
134668,,c7fbf674-7151-4b31-9215-b4523cffdc16,1,ioc7hEG01617205174726,257,figural_mixed,1,,0,blue,1102.614999981597,1,switch,r_b_04.png,color,blue
134668,,c7fbf674-7151-4b31-9215-b4523cffdc16,1,ioc7hEG01617205174726,258,figural_mixed,1,,0,round,1268.3800000231713,1,switch,r_g_15.png,shape,round
134668,,c7fbf674-7151-4b31-9215-b4523cffdc16,1,ioc7hEG01617205174726,259,figural_mixed,1,,0,angular,583.4399999585003,1,repetition,e_g_08.png,shape,angular
134668,,c7fbf674-7151-4b31-9215-b4523cffdc16,1,ioc7hEG01617205174726,260,figural_mixed,1,,0,round,2565.5799999367446,1,repetition,r_b_16.png,shape,round
134668,,c7fbf674-7151-4b31-9215-b4523cffdc16,1,ioc7hEG01617205174726,261,figural_mixed,1,,0,green,2382.6849999604747,1,switch,r_g_10.png,color,green
134668,,c7fbf674-7151-4b31-9215-b4523cffdc16,1,ioc7hEG01617205174726,262,figural_mixed,1,,0,green,885.4300000239164,1,repetition,e_g_06.png,color,green
134668,,c7fbf674-7151-4b31-9215-b4523cffdc16,1,ioc7hEG01617205174726,263,figural_mixed,1,,0,round,1231.510000070557,1,switch,r_g_13.png,shape,round
134668,,c7fbf674-7151-4b31-9215-b4523cffdc16,1,ioc7hEG01617205174726,264,figural_mixed,1,,0,blue,2105.1250000018626,1,switch,r_b_03.png,color,blue
134668,,c7fbf674-7151-4b31-9215-b4523cffdc16,1,ioc7hEG01617205174726,265,figural_mixed,1,,0,angular,982.0299999555573,1,switch,e_b_02.png,shape,angular
134668,,c7fbf674-7151-4b31-9215-b4523cffdc16,1,ioc7hEG01617205174726,266,figural_mixed,1,,0,angular,1096.9800000311807,1,repetition,e_b_03.png,shape,angular
134668,,c7fbf674-7151-4b31-9215-b4523cffdc16,1,ioc7hEG01617205174726,267,figural_mixed,1,,0,green,2778.9949999423698,1,switch,e_g_07.png,color,green
134668,,c7fbf674-7151-4b31-9215-b4523cffdc16,1,ioc7hEG01617205174726,268,figural_mixed,1,,0,blue,802.0999999716878,1,repetition,r_b_08.png,color,blue
134668,,c7fbf674-7151-4b31-9215-b4523cffdc16,1,ioc7hEG01617205174726,269,figural_mixed,1,,0,blue,955.1350000547245,1,repetition,r_b_01.png,color,blue
134668,,c7fbf674-7151-4b31-9215-b4523cffdc16,1,ioc7hEG01617205174726,270,figural_mixed,1,,0,angular,1075.1850000815466,1,switch,e_b_05.png,shape,angular
134668,,c7fbf674-7151-4b31-9215-b4523cffdc16,1,ioc7hEG01617205174726,271,figural_mixed,1,,0,green,964.2750000348315,1,switch,r_g_16.png,color,green
134668,,c7fbf674-7151-4b31-9215-b4523cffdc16,1,ioc7hEG01617205174726,272,figural_mixed,1,,0,angular,1722.9349999688566,1,switch,e_g_04.png,shape,angular
134668,,c7fbf674-7151-4b31-9215-b4523cffdc16,1,ioc7hEG01617205174726,273,figural_mixed,1,,0,round,2079.189999960363,1,repetition,r_b_05.png,shape,round
134668,,c7fbf674-7151-4b31-9215-b4523cffdc16,1,ioc7hEG01617205174726,274,figural_mixed,1,,0,round,1118.0750000057742,1,repetition,r_g_03.png,shape,round
134668,,c7fbf674-7151-4b31-9215-b4523cffdc16,1,ioc7hEG01617205174726,275,figural_mixed,1,,0,blue,851.0349999414757,1,switch,r_b_15.png,color,blue
134668,,c7fbf674-7151-4b31-9215-b4523cffdc16,1,ioc7hEG01617205174726,276,figural_mixed,1,,0,green,623.0349999386817,1,repetition,r_g_14.png,color,green
134668,,c7fbf674-7151-4b31-9215-b4523cffdc16,1,ioc7hEG01617205174726,277,figural_mixed,1,,0,angular,955.1499999361113,1,switch,e_g_01.png,shape,angular
134668,,c7fbf674-7151-4b31-9215-b4523cffdc16,1,ioc7hEG01617205174726,278,figural_mixed,1,,0,round,1163.2449999451637,1,repetition,r_b_15.png,shape,round
134668,,c7fbf674-7151-4b31-9215-b4523cffdc16,1,ioc7hEG01617205174726,279,figural_mixed,1,,0,round,4176.905000000261,1,repetition,r_b_08.png,shape,round
134668,,c7fbf674-7151-4b31-9215-b4523cffdc16,1,ioc7hEG01617205174726,280,figural_mixed,1,,0,green,1388.014999916777,1,switch,e_g_12.png,color,green
134668,,c7fbf674-7151-4b31-9215-b4523cffdc16,1,ioc7hEG01617205174726,281,figural_mixed,1,,0,angular,2391.4349999977276,1,switch,e_b_13.png,shape,angular
134668,,c7fbf674-7151-4b31-9215-b4523cffdc16,1,ioc7hEG01617205174726,282,figural_mixed,1,,0,green,1114.9999999906868,1,switch,r_g_03.png,color,green
134668,,c7fbf674-7151-4b31-9215-b4523cffdc16,1,ioc7hEG01617205174726,283,figural_mixed,1,,0,blue,603.7700000451878,1,repetition,r_b_12.png,color,blue
134668,,c7fbf674-7151-4b31-9215-b4523cffdc16,1,ioc7hEG01617205174726,284,figural_mixed,1,,0,angular,695.0850000139326,1,switch,e_b_06.png,shape,angular
134668,,c7fbf674-7151-4b31-9215-b4523cffdc16,1,ioc7hEG01617205174726,285,figural_mixed,1,,0,angular,991.2200000835583,1,repetition,e_g_05.png,shape,angular
134668,,c7fbf674-7151-4b31-9215-b4523cffdc16,1,ioc7hEG01617205174726,286,figural_mixed,1,,0,blue,1210.259999963455,1,switch,r_b_11.png,color,blue
134668,,c7fbf674-7151-4b31-9215-b4523cffdc16,1,ioc7hEG01617205174726,287,figural_mixed,1,,0,angular,958.0700000515208,1,switch,e_b_16.png,shape,angular
134668,,c7fbf674-7151-4b31-9215-b4523cffdc16,1,ioc7hEG01617205174726,288,figural_mixed,1,,0,green,988.3450000779703,1,switch,e_g_01.png,color,green
134668,,c7fbf674-7151-4b31-9215-b4523cffdc16,1,ioc7hEG01617205174726,289,figural_mixed,1,,0,green,746.9200000632554,1,repetition,e_g_13.png,color,green
134668,,c7fbf674-7151-4b31-9215-b4523cffdc16,1,ioc7hEG01617205174726,290,figural_mixed,1,,0,round,1951.0999999474734,1,switch,r_b_12.png,shape,round
134668,,c7fbf674-7151-4b31-9215-b4523cffdc16,1,ioc7hEG01617205174726,291,figural_mixed,1,,0,blue,6759.899999946356,1,switch,e_b_08.png,color,blue
134668,,c7fbf674-7151-4b31-9215-b4523cffdc16,1,ioc7hEG01617205174726,292,figural_mixed,1,,0,green,1366.6049999883398,1,repetition,e_g_09.png,color,green
134668,,c7fbf674-7151-4b31-9215-b4523cffdc16,1,ioc7hEG01617205174726,293,figural_mixed,1,,0,green,1343.155000009574,1,repetition,r_g_12.png,color,green
134668,,c7fbf674-7151-4b31-9215-b4523cffdc16,1,ioc7hEG01617205174726,294,figural_single_2_2,1,,0,blue,2087.914999923669,1,single,e_b_01.png,color,blue
134668,,c7fbf674-7151-4b31-9215-b4523cffdc16,1,ioc7hEG01617205174726,295,figural_single_2_2,1,,0,blue,643.9500000560656,1,single,r_b_03.png,color,blue
134668,,c7fbf674-7151-4b31-9215-b4523cffdc16,1,ioc7hEG01617205174726,296,figural_single_2_2,1,,0,green,917.879999964498,1,single,e_g_01.png,color,green
134668,,c7fbf674-7151-4b31-9215-b4523cffdc16,1,ioc7hEG01617205174726,297,figural_single_2_2,1,,0,green,341.92000003531575,1,single,e_g_13.png,color,green
134668,,c7fbf674-7151-4b31-9215-b4523cffdc16,1,ioc7hEG01617205174726,298,figural_single_2_2,1,,0,blue,652.500000083819,1,single,r_b_16.png,color,blue
134668,,c7fbf674-7151-4b31-9215-b4523cffdc16,1,ioc7hEG01617205174726,299,figural_single_2_2,1,,0,blue,401.7049999674782,1,single,r_b_07.png,color,blue
134668,,c7fbf674-7151-4b31-9215-b4523cffdc16,1,ioc7hEG01617205174726,300,figural_single_2_2,1,,0,green,442.1050000237301,1,single,r_g_08.png,color,green
134668,,c7fbf674-7151-4b31-9215-b4523cffdc16,1,ioc7hEG01617205174726,301,figural_single_2_2,1,,0,blue,485.880000051111,1,single,r_b_09.png,color,blue
134668,,c7fbf674-7151-4b31-9215-b4523cffdc16,1,ioc7hEG01617205174726,302,figural_single_2_2,1,,0,green,515.0200000498444,1,single,r_g_02.png,color,green
134668,,c7fbf674-7151-4b31-9215-b4523cffdc16,1,ioc7hEG01617205174726,303,figural_single_2_2,1,,0,green,389.30499996058643,1,single,r_g_12.png,color,green
134668,,c7fbf674-7151-4b31-9215-b4523cffdc16,1,ioc7hEG01617205174726,304,figural_single_2_2,1,,0,blue,346.8900000443682,1,single,e_b_08.png,color,blue
134668,,c7fbf674-7151-4b31-9215-b4523cffdc16,1,ioc7hEG01617205174726,305,figural_single_2_2,1,,0,green,358.36499999277294,1,single,r_g_04.png,color,green
134668,,c7fbf674-7151-4b31-9215-b4523cffdc16,1,ioc7hEG01617205174726,306,figural_single_2_2,1,,0,blue,414.90500001236796,1,single,e_b_03.png,color,blue
134668,,c7fbf674-7151-4b31-9215-b4523cffdc16,1,ioc7hEG01617205174726,307,figural_single_2_2,1,,0,blue,402.41999994032085,1,single,e_b_11.png,color,blue
134668,,c7fbf674-7151-4b31-9215-b4523cffdc16,1,ioc7hEG01617205174726,308,figural_single_2_2,1,,0,blue,365.98500004038215,1,single,r_b_14.png,color,blue
134668,,c7fbf674-7151-4b31-9215-b4523cffdc16,1,ioc7hEG01617205174726,309,figural_single_2_2,1,,0,green,377.3199999704957,1,single,e_g_07.png,color,green
134668,,c7fbf674-7151-4b31-9215-b4523cffdc16,1,ioc7hEG01617205174726,310,figural_single_2_2,1,,0,blue,360.99499999545515,1,single,r_b_13.png,color,blue
134668,,c7fbf674-7151-4b31-9215-b4523cffdc16,1,ioc7hEG01617205174726,311,figural_single_2_2,1,,0,green,396.24500006902963,1,single,e_g_16.png,color,green
134668,,c7fbf674-7151-4b31-9215-b4523cffdc16,1,ioc7hEG01617205174726,312,figural_single_2_2,1,,0,blue,481.79999995045364,1,single,e_b_14.png,color,blue
134668,,c7fbf674-7151-4b31-9215-b4523cffdc16,1,ioc7hEG01617205174726,313,figural_single_2_2,1,,0,green,427.19499999657273,1,single,e_g_12.png,color,green
134668,,c7fbf674-7151-4b31-9215-b4523cffdc16,1,ioc7hEG01617205174726,314,figural_single_2_2,1,,0,green,297.6100000087172,1,single,r_g_07.png,color,green
134668,,c7fbf674-7151-4b31-9215-b4523cffdc16,1,ioc7hEG01617205174726,315,figural_single_2_2,1,,0,blue,353.22499996982515,1,single,e_b_15.png,color,blue
134668,,c7fbf674-7151-4b31-9215-b4523cffdc16,1,ioc7hEG01617205174726,316,figural_single_2_2,1,,0,blue,350.7699999026954,1,single,e_b_05.png,color,blue
134668,,c7fbf674-7151-4b31-9215-b4523cffdc16,1,ioc7hEG01617205174726,317,figural_single_2_2,1,,0,green,670.2349999686703,1,single,r_g_15.png,color,green
134668,,c7fbf674-7151-4b31-9215-b4523cffdc16,1,ioc7hEG01617205174726,318,figural_single_2_2,1,,0,blue,595.4100000672042,1,single,r_b_06.png,color,blue
134668,,c7fbf674-7151-4b31-9215-b4523cffdc16,1,ioc7hEG01617205174726,319,figural_single_2_2,1,,0,green,367.7750000497326,1,single,e_g_02.png,color,green
134668,,c7fbf674-7151-4b31-9215-b4523cffdc16,1,ioc7hEG01617205174726,320,figural_single_2_2,1,,0,green,350.24499997962266,1,single,r_g_16.png,color,green
134668,,c7fbf674-7151-4b31-9215-b4523cffdc16,1,ioc7hEG01617205174726,321,figural_single_2_2,1,,0,blue,464.8049999959767,1,single,e_b_10.png,color,blue
134668,,c7fbf674-7151-4b31-9215-b4523cffdc16,1,ioc7hEG01617205174726,322,figural_single_2_2,1,,0,green,354.3150000041351,1,single,e_g_05.png,color,green
134668,,c7fbf674-7151-4b31-9215-b4523cffdc16,1,ioc7hEG01617205174726,323,figural_single_2_2,1,,0,green,301.6749999951571,1,single,e_g_03.png,color,green
134668,,c7fbf674-7151-4b31-9215-b4523cffdc16,1,ioc7hEG01617205174726,324,figural_single_2_2,1,,0,green,379.19999996665865,1,single,e_g_11.png,color,green
134668,,c7fbf674-7151-4b31-9215-b4523cffdc16,1,ioc7hEG01617205174726,325,figural_single_2_2,1,,0,blue,352.735000080429,1,single,r_b_15.png,color,blue
134668,,c7fbf674-7151-4b31-9215-b4523cffdc16,1,ioc7hEG01617205174726,326,figural_single_2_2,1,,0,blue,304.27000008057803,1,single,e_b_02.png,color,blue
134668,,c7fbf674-7151-4b31-9215-b4523cffdc16,1,ioc7hEG01617205174726,327,figural_single_2_2,1,,0,blue,278.75999989919364,1,single,r_b_08.png,color,blue
134668,,c7fbf674-7151-4b31-9215-b4523cffdc16,1,ioc7hEG01617205174726,328,figural_single_2_2,1,,0,green,410.65000009257346,1,single,e_g_06.png,color,green
134668,,c7fbf674-7151-4b31-9215-b4523cffdc16,1,ioc7hEG01617205174726,329,figural_single_2_2,1,,0,green,268.9900000113994,0,single,e_b_16.png,color,blue
134668,,c7fbf674-7151-4b31-9215-b4523cffdc16,1,ioc7hEG01617205174726,330,figural_single_2_2,1,,0,blue,650.4100000020117,1,single,e_b_06.png,color,blue
134668,,c7fbf674-7151-4b31-9215-b4523cffdc16,1,ioc7hEG01617205174726,331,figural_single_2_2,1,,0,green,849.625000031665,1,single,r_g_09.png,color,green
134668,,c7fbf674-7151-4b31-9215-b4523cffdc16,1,ioc7hEG01617205174726,332,figural_single_2_2,1,,0,green,373.72999999206513,1,single,e_g_10.png,color,green
134668,,c7fbf674-7151-4b31-9215-b4523cffdc16,1,ioc7hEG01617205174726,333,figural_single_2_2,1,,0,blue,379.19000000692904,1,single,e_b_12.png,color,blue
134668,,c7fbf674-7151-4b31-9215-b4523cffdc16,1,ioc7hEG01617205174726,334,figural_single_2_2,1,,0,green,400.73500003200024,1,single,r_g_11.png,color,green
134668,,c7fbf674-7151-4b31-9215-b4523cffdc16,1,ioc7hEG01617205174726,335,figural_single_2_2,1,,0,green,394.1150000318885,1,single,r_g_06.png,color,green
134668,,c7fbf674-7151-4b31-9215-b4523cffdc16,1,ioc7hEG01617205174726,336,figural_single_2_2,1,,0,green,301.76000006031245,1,single,e_g_04.png,color,green
134668,,c7fbf674-7151-4b31-9215-b4523cffdc16,1,ioc7hEG01617205174726,337,figural_single_2_2,1,,0,blue,417.3599999630824,1,single,r_b_01.png,color,blue
134668,,c7fbf674-7151-4b31-9215-b4523cffdc16,1,ioc7hEG01617205174726,338,figural_single_2_2,1,,0,green,617.6699999487028,1,single,r_g_03.png,color,green
134668,,c7fbf674-7151-4b31-9215-b4523cffdc16,1,ioc7hEG01617205174726,339,figural_single_2_2,1,,0,blue,625.9749999735504,1,single,e_b_04.png,color,blue
134668,,c7fbf674-7151-4b31-9215-b4523cffdc16,1,ioc7hEG01617205174726,340,figural_single_2_2,1,,0,blue,397.29500003159046,1,single,r_b_12.png,color,blue
134668,,c7fbf674-7151-4b31-9215-b4523cffdc16,1,ioc7hEG01617205174726,341,figural_single_2_2,1,,0,green,401.8100000685081,1,single,r_g_13.png,color,green
134668,,c7fbf674-7151-4b31-9215-b4523cffdc16,1,ioc7hEG01617205174726,342,figural_single_2_2,1,,0,blue,427.0399999804795,1,single,r_b_02.png,color,blue
134668,,c7fbf674-7151-4b31-9215-b4523cffdc16,1,ioc7hEG01617205174726,343,figural_single_2_2,1,,0,green,370.69999997038394,1,single,e_g_09.png,color,green
134668,,c7fbf674-7151-4b31-9215-b4523cffdc16,1,ioc7hEG01617205174726,344,figural_single_2_2,1,,0,green,316.069999942556,1,single,e_g_15.png,color,green
134668,,c7fbf674-7151-4b31-9215-b4523cffdc16,1,ioc7hEG01617205174726,345,figural_single_2_2,1,,0,green,279.91499996278435,1,single,e_g_08.png,color,green
134668,,c7fbf674-7151-4b31-9215-b4523cffdc16,1,ioc7hEG01617205174726,346,figural_single_2_2,1,,0,blue,385.3400000371039,1,single,r_b_05.png,color,blue
134668,,c7fbf674-7151-4b31-9215-b4523cffdc16,1,ioc7hEG01617205174726,347,figural_single_2_2,1,,0,green,413.8350000139326,1,single,r_g_14.png,color,green
134668,,c7fbf674-7151-4b31-9215-b4523cffdc16,1,ioc7hEG01617205174726,348,figural_single_2_2,1,,0,blue,399.2149999830872,1,single,r_b_04.png,color,blue
134668,,c7fbf674-7151-4b31-9215-b4523cffdc16,1,ioc7hEG01617205174726,349,figural_single_2_2,1,,0,green,328.81500001531094,1,single,r_g_10.png,color,green
134668,,c7fbf674-7151-4b31-9215-b4523cffdc16,1,ioc7hEG01617205174726,350,figural_single_2_2,1,,0,green,643.4449999360368,1,single,r_g_01.png,color,green
134668,,c7fbf674-7151-4b31-9215-b4523cffdc16,1,ioc7hEG01617205174726,351,figural_single_2_2,1,,0,blue,1037.5800000037998,1,single,r_b_11.png,color,blue
134668,,c7fbf674-7151-4b31-9215-b4523cffdc16,1,ioc7hEG01617205174726,352,figural_single_2_2,1,,0,green,370.2500000363216,1,single,r_g_05.png,color,green
134668,,c7fbf674-7151-4b31-9215-b4523cffdc16,1,ioc7hEG01617205174726,353,figural_single_2_2,1,,0,blue,384.82500007376075,1,single,r_b_10.png,color,blue
134668,,c7fbf674-7151-4b31-9215-b4523cffdc16,1,ioc7hEG01617205174726,354,figural_single_2_2,1,,0,blue,383.3899999735877,1,single,e_b_13.png,color,blue
134668,,c7fbf674-7151-4b31-9215-b4523cffdc16,1,ioc7hEG01617205174726,355,figural_single_2_2,1,,0,green,384.8149999976158,1,single,e_g_14.png,color,green
134668,,c7fbf674-7151-4b31-9215-b4523cffdc16,1,ioc7hEG01617205174726,356,figural_single_2_2,1,,0,blue,418.2649999856949,1,single,e_b_07.png,color,blue
134668,,c7fbf674-7151-4b31-9215-b4523cffdc16,1,ioc7hEG01617205174726,357,figural_single_2_2,1,,0,blue,534.7150000743568,1,single,e_b_09.png,color,blue
134668,,c7fbf674-7151-4b31-9215-b4523cffdc16,1,ioc7hEG01617205174726,358,figural_single_1_2,1,,0,angular,582.1849999483675,1,single,e_g_11.png,shape,angular
134668,,c7fbf674-7151-4b31-9215-b4523cffdc16,1,ioc7hEG01617205174726,359,figural_single_1_2,1,,0,round,473.4649999300018,1,single,r_b_16.png,shape,round
134668,,c7fbf674-7151-4b31-9215-b4523cffdc16,1,ioc7hEG01617205174726,360,figural_single_1_2,1,,0,angular,605.7899999432266,1,single,e_b_10.png,shape,angular
134668,,c7fbf674-7151-4b31-9215-b4523cffdc16,1,ioc7hEG01617205174726,361,figural_single_1_2,1,,0,round,547.1400000387803,1,single,r_b_02.png,shape,round
134668,,c7fbf674-7151-4b31-9215-b4523cffdc16,1,ioc7hEG01617205174726,362,figural_single_1_2,1,,0,round,1305.3349999245256,1,single,r_g_08.png,shape,round
134668,,c7fbf674-7151-4b31-9215-b4523cffdc16,1,ioc7hEG01617205174726,363,figural_single_1_2,1,,0,angular,483.0350000411272,1,single,e_g_02.png,shape,angular
134668,,c7fbf674-7151-4b31-9215-b4523cffdc16,1,ioc7hEG01617205174726,364,figural_single_1_2,1,,0,round,552.3149999789894,1,single,r_g_05.png,shape,round
134668,,c7fbf674-7151-4b31-9215-b4523cffdc16,1,ioc7hEG01617205174726,365,figural_single_1_2,1,,0,round,907.9700000584126,0,single,e_b_15.png,shape,angular
134668,,c7fbf674-7151-4b31-9215-b4523cffdc16,1,ioc7hEG01617205174726,366,figural_single_1_2,1,,0,round,1221.7800000216812,1,single,r_b_09.png,shape,round
134668,,c7fbf674-7151-4b31-9215-b4523cffdc16,1,ioc7hEG01617205174726,367,figural_single_1_2,1,,0,angular,387.4599999981001,1,single,e_b_12.png,shape,angular
134668,,c7fbf674-7151-4b31-9215-b4523cffdc16,1,ioc7hEG01617205174726,368,figural_single_1_2,1,,0,angular,446.0749999852851,1,single,e_g_15.png,shape,angular
134668,,c7fbf674-7151-4b31-9215-b4523cffdc16,1,ioc7hEG01617205174726,369,figural_single_1_2,1,,0,round,563.4199999039993,1,single,r_g_04.png,shape,round
134668,,c7fbf674-7151-4b31-9215-b4523cffdc16,1,ioc7hEG01617205174726,370,figural_single_1_2,1,,0,angular,431.80499994196,1,single,e_b_14.png,shape,angular
134668,,c7fbf674-7151-4b31-9215-b4523cffdc16,1,ioc7hEG01617205174726,371,figural_single_1_2,1,,0,angular,522.2249999642372,1,single,e_b_02.png,shape,angular
134668,,c7fbf674-7151-4b31-9215-b4523cffdc16,1,ioc7hEG01617205174726,372,figural_single_1_2,1,,0,round,483.55999996419996,1,single,r_g_15.png,shape,round
134668,,c7fbf674-7151-4b31-9215-b4523cffdc16,1,ioc7hEG01617205174726,373,figural_single_1_2,1,,0,angular,410.95999989192933,1,single,e_b_11.png,shape,angular
134668,,c7fbf674-7151-4b31-9215-b4523cffdc16,1,ioc7hEG01617205174726,374,figural_single_1_2,1,,0,round,508.35999997798353,1,single,r_b_07.png,shape,round
134668,,c7fbf674-7151-4b31-9215-b4523cffdc16,1,ioc7hEG01617205174726,375,figural_single_1_2,1,,0,round,512.7599999541417,1,single,r_g_06.png,shape,round
134668,,c7fbf674-7151-4b31-9215-b4523cffdc16,1,ioc7hEG01617205174726,376,figural_single_1_2,1,,0,round,374.2199999978766,1,single,r_g_02.png,shape,round
134668,,c7fbf674-7151-4b31-9215-b4523cffdc16,1,ioc7hEG01617205174726,377,figural_single_1_2,1,,0,angular,365.6950000440702,1,single,e_b_09.png,shape,angular
134668,,c7fbf674-7151-4b31-9215-b4523cffdc16,1,ioc7hEG01617205174726,378,figural_single_1_2,1,,0,round,386.1699999542907,1,single,r_b_15.png,shape,round
134668,,c7fbf674-7151-4b31-9215-b4523cffdc16,1,ioc7hEG01617205174726,379,figural_single_1_2,1,,0,angular,336.6399999940768,1,single,e_g_14.png,shape,angular
134668,,c7fbf674-7151-4b31-9215-b4523cffdc16,1,ioc7hEG01617205174726,380,figural_single_1_2,1,,0,round,680.3200000431389,1,single,r_b_04.png,shape,round
134668,,c7fbf674-7151-4b31-9215-b4523cffdc16,1,ioc7hEG01617205174726,381,figural_single_1_2,1,,0,round,530.3050000220537,1,single,r_g_09.png,shape,round
134668,,c7fbf674-7151-4b31-9215-b4523cffdc16,1,ioc7hEG01617205174726,382,figural_single_1_2,1,,0,angular,369.6500000078231,1,single,e_g_03.png,shape,angular
134668,,c7fbf674-7151-4b31-9215-b4523cffdc16,1,ioc7hEG01617205174726,383,figural_single_1_2,1,,0,round,345.2650000108406,1,single,r_b_13.png,shape,round
134668,,c7fbf674-7151-4b31-9215-b4523cffdc16,1,ioc7hEG01617205174726,384,figural_single_1_2,1,,0,angular,312.88999994285405,0,single,r_b_03.png,shape,round
134668,,c7fbf674-7151-4b31-9215-b4523cffdc16,1,ioc7hEG01617205174726,385,figural_single_1_2,1,,0,round,576.245000003837,1,single,r_g_14.png,shape,round
134668,,c7fbf674-7151-4b31-9215-b4523cffdc16,1,ioc7hEG01617205174726,386,figural_single_1_2,1,,0,angular,468.46000000368804,1,single,e_b_05.png,shape,angular
134668,,c7fbf674-7151-4b31-9215-b4523cffdc16,1,ioc7hEG01617205174726,387,figural_single_1_2,1,,0,round,513.9799999305978,1,single,r_b_10.png,shape,round
134668,,c7fbf674-7151-4b31-9215-b4523cffdc16,1,ioc7hEG01617205174726,388,figural_single_1_2,1,,0,round,430.4649999830872,1,single,r_b_12.png,shape,round
134668,,c7fbf674-7151-4b31-9215-b4523cffdc16,1,ioc7hEG01617205174726,389,figural_single_1_2,1,,0,round,371.74500001128763,1,single,r_b_14.png,shape,round
134668,,c7fbf674-7151-4b31-9215-b4523cffdc16,1,ioc7hEG01617205174726,390,figural_single_1_2,1,,0,angular,573.2800000114366,1,single,e_g_16.png,shape,angular
134668,,c7fbf674-7151-4b31-9215-b4523cffdc16,1,ioc7hEG01617205174726,391,figural_single_1_2,1,,0,round,398.59499991871417,1,single,r_g_12.png,shape,round
134668,,c7fbf674-7151-4b31-9215-b4523cffdc16,1,ioc7hEG01617205174726,392,figural_single_1_2,1,,0,round,868.9700000686571,1,single,r_g_11.png,shape,round
134668,,c7fbf674-7151-4b31-9215-b4523cffdc16,1,ioc7hEG01617205174726,393,figural_single_1_2,1,,0,angular,402.0699999528006,1,single,e_b_03.png,shape,angular
134668,,c7fbf674-7151-4b31-9215-b4523cffdc16,1,ioc7hEG01617205174726,394,figural_single_1_2,1,,0,angular,474.6349999913946,1,single,e_b_04.png,shape,angular
134668,,c7fbf674-7151-4b31-9215-b4523cffdc16,1,ioc7hEG01617205174726,395,figural_single_1_2,1,,0,round,454.95499996468425,1,single,r_b_11.png,shape,round
134668,,c7fbf674-7151-4b31-9215-b4523cffdc16,1,ioc7hEG01617205174726,396,figural_single_1_2,1,,0,angular,374.5300000300631,1,single,e_g_05.png,shape,angular
134668,,c7fbf674-7151-4b31-9215-b4523cffdc16,1,ioc7hEG01617205174726,397,figural_single_1_2,1,,0,round,425.9199999505654,0,single,e_b_16.png,shape,angular
134668,,c7fbf674-7151-4b31-9215-b4523cffdc16,1,ioc7hEG01617205174726,398,figural_single_1_2,1,,0,angular,512.309999903664,1,single,e_g_13.png,shape,angular
134668,,c7fbf674-7151-4b31-9215-b4523cffdc16,1,ioc7hEG01617205174726,399,figural_single_1_2,1,,0,round,495.75000000186265,1,single,r_g_01.png,shape,round
134668,,c7fbf674-7151-4b31-9215-b4523cffdc16,1,ioc7hEG01617205174726,400,figural_single_1_2,1,,0,angular,373.01999994087964,1,single,e_b_08.png,shape,angular
134668,,c7fbf674-7151-4b31-9215-b4523cffdc16,1,ioc7hEG01617205174726,401,figural_single_1_2,1,,0,angular,745.5599999520928,1,single,e_g_10.png,shape,angular
134668,,c7fbf674-7151-4b31-9215-b4523cffdc16,1,ioc7hEG01617205174726,402,figural_single_1_2,1,,0,round,523.5500000417233,1,single,r_g_13.png,shape,round
134668,,c7fbf674-7151-4b31-9215-b4523cffdc16,1,ioc7hEG01617205174726,403,figural_single_1_2,1,,0,angular,469.9950000504032,1,single,e_b_01.png,shape,angular
134668,,c7fbf674-7151-4b31-9215-b4523cffdc16,1,ioc7hEG01617205174726,404,figural_single_1_2,1,,0,angular,433.45000001136214,1,single,e_b_06.png,shape,angular
134668,,c7fbf674-7151-4b31-9215-b4523cffdc16,1,ioc7hEG01617205174726,405,figural_single_1_2,1,,0,round,411.93999990355223,1,single,r_g_10.png,shape,round
134668,,c7fbf674-7151-4b31-9215-b4523cffdc16,1,ioc7hEG01617205174726,406,figural_single_1_2,1,,0,angular,549.3699999060482,1,single,e_g_08.png,shape,angular
134668,,c7fbf674-7151-4b31-9215-b4523cffdc16,1,ioc7hEG01617205174726,407,figural_single_1_2,1,,0,round,407.6150000328198,0,single,e_g_07.png,shape,angular
134668,,c7fbf674-7151-4b31-9215-b4523cffdc16,1,ioc7hEG01617205174726,408,figural_single_1_2,1,,0,round,2644.250000012107,1,single,r_b_06.png,shape,round
134668,,c7fbf674-7151-4b31-9215-b4523cffdc16,1,ioc7hEG01617205174726,409,figural_single_1_2,1,,0,angular,437.63000005856156,1,single,e_g_09.png,shape,angular
134668,,c7fbf674-7151-4b31-9215-b4523cffdc16,1,ioc7hEG01617205174726,410,figural_single_1_2,1,,0,round,382.92499992530793,1,single,r_b_01.png,shape,round
134668,,c7fbf674-7151-4b31-9215-b4523cffdc16,1,ioc7hEG01617205174726,411,figural_single_1_2,1,,0,angular,645.3999999212101,1,single,e_b_13.png,shape,angular
134668,,c7fbf674-7151-4b31-9215-b4523cffdc16,1,ioc7hEG01617205174726,412,figural_single_1_2,1,,0,round,404.7749999444932,0,single,e_g_04.png,shape,angular
134668,,c7fbf674-7151-4b31-9215-b4523cffdc16,1,ioc7hEG01617205174726,413,figural_single_1_2,1,,0,angular,395.33500000834465,1,single,e_g_12.png,shape,angular
134668,,c7fbf674-7151-4b31-9215-b4523cffdc16,1,ioc7hEG01617205174726,414,figural_single_1_2,1,,0,angular,338.5400000261143,0,single,r_b_08.png,shape,round
134668,,c7fbf674-7151-4b31-9215-b4523cffdc16,1,ioc7hEG01617205174726,415,figural_single_1_2,1,,0,round,412.14000002946705,0,single,e_b_07.png,shape,angular
134668,,c7fbf674-7151-4b31-9215-b4523cffdc16,1,ioc7hEG01617205174726,416,figural_single_1_2,1,,0,round,2656.5999999875203,1,single,r_g_03.png,shape,round
134668,,c7fbf674-7151-4b31-9215-b4523cffdc16,1,ioc7hEG01617205174726,417,figural_single_1_2,1,,0,angular,434.9449999863282,1,single,e_g_06.png,shape,angular
134668,,c7fbf674-7151-4b31-9215-b4523cffdc16,1,ioc7hEG01617205174726,418,figural_single_1_2,1,,0,round,385.439999983646,1,single,r_g_16.png,shape,round
134668,,c7fbf674-7151-4b31-9215-b4523cffdc16,1,ioc7hEG01617205174726,419,figural_single_1_2,1,,0,round,1876.9849999807775,1,single,r_b_05.png,shape,round
134668,,c7fbf674-7151-4b31-9215-b4523cffdc16,1,ioc7hEG01617205174726,420,figural_single_1_2,1,,0,angular,423.03499998524785,1,single,e_g_01.png,shape,angular
134668,,c7fbf674-7151-4b31-9215-b4523cffdc16,1,ioc7hEG01617205174726,421,figural_single_1_2,1,,0,round,554.4849999714643,1,single,r_g_07.png,shape,round