userCode,extId,moduleId,sessionId,sessionToken,trialId,executableId,session.complete,session.condition,session.forceExit,givenResponse,reactionTime,score,shiftingType,stimulusValue,stimulusType,correctResponse
134717,,c7fbf674-7151-4b31-9215-b4523cffdc16,1,zTLlofzu1617308262647,1,figural_single_1_practice,1,,0,round,562.9450000014913,1,single,r_b_10.png,shape,round
134717,,c7fbf674-7151-4b31-9215-b4523cffdc16,1,zTLlofzu1617308262647,2,figural_single_1_practice,1,,0,angular,474.435000000085,1,single,e_b_09.png,shape,angular
134717,,c7fbf674-7151-4b31-9215-b4523cffdc16,1,zTLlofzu1617308262647,3,figural_single_1_practice,1,,0,round,541.9700000002194,1,single,r_b_11.png,shape,round
134717,,c7fbf674-7151-4b31-9215-b4523cffdc16,1,zTLlofzu1617308262647,4,figural_single_1_practice,1,,0,round,533.8950000004843,1,single,r_g_05.png,shape,round
134717,,c7fbf674-7151-4b31-9215-b4523cffdc16,1,zTLlofzu1617308262647,5,figural_single_1_practice,1,,0,angular,586.6449999994074,1,single,e_b_14.png,shape,angular
134717,,c7fbf674-7151-4b31-9215-b4523cffdc16,1,zTLlofzu1617308262647,6,figural_single_1_practice,1,,0,angular,852.165000000241,1,single,e_g_07.png,shape,angular
134717,,c7fbf674-7151-4b31-9215-b4523cffdc16,1,zTLlofzu1617308262647,7,figural_single_1_practice,1,,0,angular,615.8099999993283,1,single,e_g_12.png,shape,angular
134717,,c7fbf674-7151-4b31-9215-b4523cffdc16,1,zTLlofzu1617308262647,8,figural_single_1_practice,1,,0,round,545.4900000004272,1,single,r_b_16.png,shape,round
134717,,c7fbf674-7151-4b31-9215-b4523cffdc16,1,zTLlofzu1617308262647,9,figural_single_1_practice,1,,0,round,691.5250000001834,1,single,r_g_02.png,shape,round
134717,,c7fbf674-7151-4b31-9215-b4523cffdc16,1,zTLlofzu1617308262647,10,figural_single_1_practice,1,,0,angular,603.7350000005972,1,single,e_b_04.png,shape,angular
134717,,c7fbf674-7151-4b31-9215-b4523cffdc16,1,zTLlofzu1617308262647,11,figural_single_1_practice,1,,0,round,564.0349999994214,0,single,e_g_06.png,shape,angular
134717,,c7fbf674-7151-4b31-9215-b4523cffdc16,1,zTLlofzu1617308262647,12,figural_single_1_practice,1,,0,round,655.7599999996455,1,single,r_g_15.png,shape,round
134717,,c7fbf674-7151-4b31-9215-b4523cffdc16,1,zTLlofzu1617308262647,13,figural_single_1_1,1,,0,round,452.44500000080734,1,single,r_b_01.png,shape,round
134717,,c7fbf674-7151-4b31-9215-b4523cffdc16,1,zTLlofzu1617308262647,14,figural_single_1_1,1,,0,angular,831.4599999994243,1,single,e_g_11.png,shape,angular
134717,,c7fbf674-7151-4b31-9215-b4523cffdc16,1,zTLlofzu1617308262647,15,figural_single_1_1,1,,0,round,594.134999999369,1,single,r_b_10.png,shape,round
134717,,c7fbf674-7151-4b31-9215-b4523cffdc16,1,zTLlofzu1617308262647,16,figural_single_1_1,1,,0,round,591.6900000011083,1,single,r_b_06.png,shape,round
134717,,c7fbf674-7151-4b31-9215-b4523cffdc16,1,zTLlofzu1617308262647,17,figural_single_1_1,1,,0,angular,522.2150000008696,1,single,e_g_07.png,shape,angular
134717,,c7fbf674-7151-4b31-9215-b4523cffdc16,1,zTLlofzu1617308262647,18,figural_single_1_1,1,,0,angular,501.7200000002049,1,single,e_g_13.png,shape,angular
134717,,c7fbf674-7151-4b31-9215-b4523cffdc16,1,zTLlofzu1617308262647,19,figural_single_1_1,1,,0,round,572.6850000010018,1,single,r_g_06.png,shape,round
134717,,c7fbf674-7151-4b31-9215-b4523cffdc16,1,zTLlofzu1617308262647,20,figural_single_1_1,1,,0,angular,621.3299999999435,1,single,e_g_16.png,shape,angular
134717,,c7fbf674-7151-4b31-9215-b4523cffdc16,1,zTLlofzu1617308262647,21,figural_single_1_1,1,,0,angular,661.7000000005646,1,single,e_b_09.png,shape,angular
134717,,c7fbf674-7151-4b31-9215-b4523cffdc16,1,zTLlofzu1617308262647,22,figural_single_1_1,1,,0,angular,582.9250000006141,1,single,e_b_08.png,shape,angular
134717,,c7fbf674-7151-4b31-9215-b4523cffdc16,1,zTLlofzu1617308262647,23,figural_single_1_1,1,,0,round,491.8550000002142,1,single,r_b_12.png,shape,round
134717,,c7fbf674-7151-4b31-9215-b4523cffdc16,1,zTLlofzu1617308262647,24,figural_single_1_1,1,,0,round,585.239999998521,0,single,e_b_10.png,shape,angular
134717,,c7fbf674-7151-4b31-9215-b4523cffdc16,1,zTLlofzu1617308262647,25,figural_single_1_1,1,,0,angular,700.1499999987573,1,single,e_b_05.png,shape,angular
134717,,c7fbf674-7151-4b31-9215-b4523cffdc16,1,zTLlofzu1617308262647,26,figural_single_1_1,1,,0,round,577.289999999266,1,single,r_b_13.png,shape,round
134717,,c7fbf674-7151-4b31-9215-b4523cffdc16,1,zTLlofzu1617308262647,27,figural_single_1_1,1,,0,round,586.0850000008213,1,single,r_g_15.png,shape,round
134717,,c7fbf674-7151-4b31-9215-b4523cffdc16,1,zTLlofzu1617308262647,28,figural_single_1_1,1,,0,angular,506.04999999995925,1,single,e_g_09.png,shape,angular
134717,,c7fbf674-7151-4b31-9215-b4523cffdc16,1,zTLlofzu1617308262647,29,figural_single_1_1,1,,0,round,523.7550000001647,1,single,r_g_02.png,shape,round
134717,,c7fbf674-7151-4b31-9215-b4523cffdc16,1,zTLlofzu1617308262647,30,figural_single_1_1,1,,0,angular,515.6349999997474,0,single,r_b_07.png,shape,round
134717,,c7fbf674-7151-4b31-9215-b4523cffdc16,1,zTLlofzu1617308262647,31,figural_single_1_1,1,,0,angular,622.6200000000972,1,single,e_b_06.png,shape,angular
134717,,c7fbf674-7151-4b31-9215-b4523cffdc16,1,zTLlofzu1617308262647,32,figural_single_1_1,1,,0,round,602.7049999993324,1,single,r_b_16.png,shape,round
134717,,c7fbf674-7151-4b31-9215-b4523cffdc16,1,zTLlofzu1617308262647,33,figural_single_1_1,1,,0,round,512.1900000012829,1,single,r_b_02.png,shape,round
134717,,c7fbf674-7151-4b31-9215-b4523cffdc16,1,zTLlofzu1617308262647,34,figural_single_1_1,1,,0,angular,608.5450000009587,1,single,e_g_06.png,shape,angular
134717,,c7fbf674-7151-4b31-9215-b4523cffdc16,1,zTLlofzu1617308262647,35,figural_single_1_1,1,,0,round,669.9700000008306,1,single,r_g_03.png,shape,round
134717,,c7fbf674-7151-4b31-9215-b4523cffdc16,1,zTLlofzu1617308262647,36,figural_single_1_1,1,,0,angular,536.7800000003626,1,single,e_g_05.png,shape,angular
134717,,c7fbf674-7151-4b31-9215-b4523cffdc16,1,zTLlofzu1617308262647,37,figural_single_1_1,1,,0,angular,611.9400000006863,1,single,e_b_13.png,shape,angular
134717,,c7fbf674-7151-4b31-9215-b4523cffdc16,1,zTLlofzu1617308262647,38,figural_single_1_1,1,,0,angular,660.6699999992998,1,single,e_g_15.png,shape,angular
134717,,c7fbf674-7151-4b31-9215-b4523cffdc16,1,zTLlofzu1617308262647,39,figural_single_1_1,1,,0,angular,496.89500000022235,0,single,r_g_08.png,shape,round
134717,,c7fbf674-7151-4b31-9215-b4523cffdc16,1,zTLlofzu1617308262647,40,figural_single_1_1,1,,0,round,730.8050000010553,1,single,r_b_05.png,shape,round
134717,,c7fbf674-7151-4b31-9215-b4523cffdc16,1,zTLlofzu1617308262647,41,figural_single_1_1,1,,0,angular,590.2150000001711,1,single,e_b_02.png,shape,angular
134717,,c7fbf674-7151-4b31-9215-b4523cffdc16,1,zTLlofzu1617308262647,42,figural_single_1_1,1,,0,angular,804.5099999999366,1,single,e_g_14.png,shape,angular
134717,,c7fbf674-7151-4b31-9215-b4523cffdc16,1,zTLlofzu1617308262647,43,figural_single_1_1,1,,0,round,505.92500000129803,1,single,r_b_03.png,shape,round
134717,,c7fbf674-7151-4b31-9215-b4523cffdc16,1,zTLlofzu1617308262647,44,figural_single_1_1,1,,0,angular,519.3950000011682,1,single,e_b_14.png,shape,angular
134717,,c7fbf674-7151-4b31-9215-b4523cffdc16,1,zTLlofzu1617308262647,45,figural_single_1_1,1,,0,angular,672.8450000009616,1,single,e_b_04.png,shape,angular
134717,,c7fbf674-7151-4b31-9215-b4523cffdc16,1,zTLlofzu1617308262647,46,figural_single_1_1,1,,0,angular,601.8850000000384,1,single,e_b_03.png,shape,angular
134717,,c7fbf674-7151-4b31-9215-b4523cffdc16,1,zTLlofzu1617308262647,47,figural_single_1_1,1,,0,round,523.364999999103,1,single,r_g_16.png,shape,round
134717,,c7fbf674-7151-4b31-9215-b4523cffdc16,1,zTLlofzu1617308262647,48,figural_single_1_1,1,,0,round,574.4899999990594,1,single,r_g_13.png,shape,round
134717,,c7fbf674-7151-4b31-9215-b4523cffdc16,1,zTLlofzu1617308262647,49,figural_single_1_1,1,,0,round,561.6549999995186,1,single,r_g_14.png,shape,round
134717,,c7fbf674-7151-4b31-9215-b4523cffdc16,1,zTLlofzu1617308262647,50,figural_single_1_1,1,,0,angular,649.3949999985489,1,single,e_g_08.png,shape,angular
134717,,c7fbf674-7151-4b31-9215-b4523cffdc16,1,zTLlofzu1617308262647,51,figural_single_1_1,1,,0,round,697.3450000004959,1,single,r_g_09.png,shape,round
134717,,c7fbf674-7151-4b31-9215-b4523cffdc16,1,zTLlofzu1617308262647,52,figural_single_1_1,1,,0,angular,565.5650000007881,1,single,e_g_04.png,shape,angular
134717,,c7fbf674-7151-4b31-9215-b4523cffdc16,1,zTLlofzu1617308262647,53,figural_single_1_1,1,,0,round,581.0849999998027,0,single,e_b_15.png,shape,angular
134717,,c7fbf674-7151-4b31-9215-b4523cffdc16,1,zTLlofzu1617308262647,54,figural_single_1_1,1,,0,round,684.9000000001979,1,single,r_g_04.png,shape,round
134717,,c7fbf674-7151-4b31-9215-b4523cffdc16,1,zTLlofzu1617308262647,55,figural_single_1_1,1,,0,angular,835.3600000009465,1,single,e_b_07.png,shape,angular
134717,,c7fbf674-7151-4b31-9215-b4523cffdc16,1,zTLlofzu1617308262647,56,figural_single_1_1,1,,0,angular,702.3150000004534,1,single,e_b_16.png,shape,angular
134717,,c7fbf674-7151-4b31-9215-b4523cffdc16,1,zTLlofzu1617308262647,57,figural_single_1_1,1,,0,round,610.8000000003813,1,single,r_b_08.png,shape,round
134717,,c7fbf674-7151-4b31-9215-b4523cffdc16,1,zTLlofzu1617308262647,58,figural_single_1_1,1,,0,angular,636.0949999998411,1,single,e_g_12.png,shape,angular
134717,,c7fbf674-7151-4b31-9215-b4523cffdc16,1,zTLlofzu1617308262647,59,figural_single_1_1,1,,0,round,570.8400000003166,1,single,r_b_14.png,shape,round
134717,,c7fbf674-7151-4b31-9215-b4523cffdc16,1,zTLlofzu1617308262647,60,figural_single_1_1,1,,0,angular,542.2549999984767,0,single,r_g_05.png,shape,round
134717,,c7fbf674-7151-4b31-9215-b4523cffdc16,1,zTLlofzu1617308262647,61,figural_single_1_1,1,,0,round,702.2200000010344,1,single,r_g_01.png,shape,round
134717,,c7fbf674-7151-4b31-9215-b4523cffdc16,1,zTLlofzu1617308262647,62,figural_single_1_1,1,,0,angular,574.9550000000454,1,single,e_g_02.png,shape,angular
134717,,c7fbf674-7151-4b31-9215-b4523cffdc16,1,zTLlofzu1617308262647,63,figural_single_1_1,1,,0,round,551.3850000006641,1,single,r_g_11.png,shape,round
134717,,c7fbf674-7151-4b31-9215-b4523cffdc16,1,zTLlofzu1617308262647,64,figural_single_1_1,1,,0,round,610.1500000004307,1,single,r_g_10.png,shape,round
134717,,c7fbf674-7151-4b31-9215-b4523cffdc16,1,zTLlofzu1617308262647,65,figural_single_1_1,1,,0,round,565.8149999999296,1,single,r_b_04.png,shape,round
134717,,c7fbf674-7151-4b31-9215-b4523cffdc16,1,zTLlofzu1617308262647,66,figural_single_1_1,1,,0,angular,563.9400000000023,1,single,e_g_01.png,shape,angular
134717,,c7fbf674-7151-4b31-9215-b4523cffdc16,1,zTLlofzu1617308262647,67,figural_single_1_1,1,,0,round,551.8900000006397,1,single,r_b_09.png,shape,round
134717,,c7fbf674-7151-4b31-9215-b4523cffdc16,1,zTLlofzu1617308262647,68,figural_single_1_1,1,,0,round,603.1550000006973,1,single,r_b_15.png,shape,round
134717,,c7fbf674-7151-4b31-9215-b4523cffdc16,1,zTLlofzu1617308262647,69,figural_single_1_1,1,,0,round,578.7850000015169,1,single,r_g_07.png,shape,round
134717,,c7fbf674-7151-4b31-9215-b4523cffdc16,1,zTLlofzu1617308262647,70,figural_single_1_1,1,,0,angular,485.40999999931955,1,single,e_b_01.png,shape,angular
134717,,c7fbf674-7151-4b31-9215-b4523cffdc16,1,zTLlofzu1617308262647,71,figural_single_1_1,1,,0,angular,606.3699999995151,1,single,e_b_12.png,shape,angular
134717,,c7fbf674-7151-4b31-9215-b4523cffdc16,1,zTLlofzu1617308262647,72,figural_single_1_1,1,,0,round,501.5499999990425,1,single,r_b_11.png,shape,round
134717,,c7fbf674-7151-4b31-9215-b4523cffdc16,1,zTLlofzu1617308262647,73,figural_single_1_1,1,,0,round,582.1299999988696,1,single,r_g_12.png,shape,round
134717,,c7fbf674-7151-4b31-9215-b4523cffdc16,1,zTLlofzu1617308262647,74,figural_single_1_1,1,,0,angular,606.870000001436,1,single,e_g_03.png,shape,angular
134717,,c7fbf674-7151-4b31-9215-b4523cffdc16,1,zTLlofzu1617308262647,75,figural_single_1_1,1,,0,round,525.0150000010763,0,single,e_g_10.png,shape,angular
134717,,c7fbf674-7151-4b31-9215-b4523cffdc16,1,zTLlofzu1617308262647,76,figural_single_1_1,1,,0,angular,689.8650000002817,1,single,e_b_11.png,shape,angular
134717,,c7fbf674-7151-4b31-9215-b4523cffdc16,1,zTLlofzu1617308262647,77,figural_single_2_practice,1,,0,blue,444.829999998532,1,single,r_b_07.png,color,blue
134717,,c7fbf674-7151-4b31-9215-b4523cffdc16,1,zTLlofzu1617308262647,78,figural_single_2_practice,1,,0,green,493.51499999829684,1,single,r_g_09.png,color,green
134717,,c7fbf674-7151-4b31-9215-b4523cffdc16,1,zTLlofzu1617308262647,79,figural_single_2_practice,1,,0,green,590.9000000010419,1,single,e_g_04.png,color,green
134717,,c7fbf674-7151-4b31-9215-b4523cffdc16,1,zTLlofzu1617308262647,80,figural_single_2_practice,1,,0,blue,460.7149999992398,1,single,r_b_14.png,color,blue
134717,,c7fbf674-7151-4b31-9215-b4523cffdc16,1,zTLlofzu1617308262647,81,figural_single_2_practice,1,,0,blue,464.9250000002212,1,single,e_b_06.png,color,blue
134717,,c7fbf674-7151-4b31-9215-b4523cffdc16,1,zTLlofzu1617308262647,82,figural_single_2_practice,1,,0,green,426.2349999989965,1,single,e_g_10.png,color,green
134717,,c7fbf674-7151-4b31-9215-b4523cffdc16,1,zTLlofzu1617308262647,83,figural_single_2_practice,1,,0,blue,491.6049999992538,1,single,e_b_16.png,color,blue
134717,,c7fbf674-7151-4b31-9215-b4523cffdc16,1,zTLlofzu1617308262647,84,figural_single_2_practice,1,,0,green,433.5950000004086,1,single,e_g_08.png,color,green
134717,,c7fbf674-7151-4b31-9215-b4523cffdc16,1,zTLlofzu1617308262647,85,figural_single_2_practice,1,,0,blue,476.3999999995576,1,single,e_b_02.png,color,blue
134717,,c7fbf674-7151-4b31-9215-b4523cffdc16,1,zTLlofzu1617308262647,86,figural_single_2_practice,1,,0,green,503.6300000010815,1,single,r_g_03.png,color,green
134717,,c7fbf674-7151-4b31-9215-b4523cffdc16,1,zTLlofzu1617308262647,87,figural_single_2_practice,1,,0,blue,503.71000000089407,1,single,r_b_13.png,color,blue
134717,,c7fbf674-7151-4b31-9215-b4523cffdc16,1,zTLlofzu1617308262647,88,figural_single_2_practice,1,,0,green,451.26999999955297,1,single,r_g_01.png,color,green
134717,,c7fbf674-7151-4b31-9215-b4523cffdc16,1,zTLlofzu1617308262647,89,figural_single_2_1,1,,0,green,700.4449999985809,1,single,r_g_07.png,color,green
134717,,c7fbf674-7151-4b31-9215-b4523cffdc16,1,zTLlofzu1617308262647,90,figural_single_2_1,1,,0,blue,651.7149999999674,1,single,r_b_03.png,color,blue
134717,,c7fbf674-7151-4b31-9215-b4523cffdc16,1,zTLlofzu1617308262647,91,figural_single_2_1,1,,0,green,539.9099999995087,1,single,r_g_08.png,color,green
134717,,c7fbf674-7151-4b31-9215-b4523cffdc16,1,zTLlofzu1617308262647,92,figural_single_2_1,1,,0,green,525.4500000010012,1,single,e_g_01.png,color,green
134717,,c7fbf674-7151-4b31-9215-b4523cffdc16,1,zTLlofzu1617308262647,93,figural_single_2_1,1,,0,green,510.05000000074506,1,single,e_g_09.png,color,green
134717,,c7fbf674-7151-4b31-9215-b4523cffdc16,1,zTLlofzu1617308262647,94,figural_single_2_1,1,,0,blue,524.3950000003679,1,single,r_b_08.png,color,blue
134717,,c7fbf674-7151-4b31-9215-b4523cffdc16,1,zTLlofzu1617308262647,95,figural_single_2_1,1,,0,blue,514.6949999998324,1,single,e_b_03.png,color,blue
134717,,c7fbf674-7151-4b31-9215-b4523cffdc16,1,zTLlofzu1617308262647,96,figural_single_2_1,1,,0,green,858.7750000006054,1,single,e_g_07.png,color,green
134717,,c7fbf674-7151-4b31-9215-b4523cffdc16,1,zTLlofzu1617308262647,97,figural_single_2_1,1,,0,blue,573.1900000009919,1,single,e_b_02.png,color,blue
134717,,c7fbf674-7151-4b31-9215-b4523cffdc16,1,zTLlofzu1617308262647,98,figural_single_2_1,1,,0,green,541.0249999986263,1,single,e_g_04.png,color,green
134717,,c7fbf674-7151-4b31-9215-b4523cffdc16,1,zTLlofzu1617308262647,99,figural_single_2_1,1,,0,green,493.4599999997008,1,single,r_g_06.png,color,green
134717,,c7fbf674-7151-4b31-9215-b4523cffdc16,1,zTLlofzu1617308262647,100,figural_single_2_1,1,,0,blue,500.82499999919673,1,single,e_b_08.png,color,blue
134717,,c7fbf674-7151-4b31-9215-b4523cffdc16,1,zTLlofzu1617308262647,101,figural_single_2_1,1,,0,green,449.2300000001851,1,single,e_g_16.png,color,green
134717,,c7fbf674-7151-4b31-9215-b4523cffdc16,1,zTLlofzu1617308262647,102,figural_single_2_1,1,,0,blue,517.8350000005448,1,single,e_b_06.png,color,blue
134717,,c7fbf674-7151-4b31-9215-b4523cffdc16,1,zTLlofzu1617308262647,103,figural_single_2_1,1,,0,blue,528.0449999991106,1,single,e_b_04.png,color,blue
134717,,c7fbf674-7151-4b31-9215-b4523cffdc16,1,zTLlofzu1617308262647,104,figural_single_2_1,1,,0,green,516.115000000369,1,single,r_g_10.png,color,green
134717,,c7fbf674-7151-4b31-9215-b4523cffdc16,1,zTLlofzu1617308262647,105,figural_single_2_1,1,,0,blue,501.62499999898137,1,single,e_b_12.png,color,blue
134717,,c7fbf674-7151-4b31-9215-b4523cffdc16,1,zTLlofzu1617308262647,106,figural_single_2_1,1,,0,blue,541.8699999991222,1,single,r_b_09.png,color,blue
134717,,c7fbf674-7151-4b31-9215-b4523cffdc16,1,zTLlofzu1617308262647,107,figural_single_2_1,1,,0,green,580.9599999993225,1,single,r_g_15.png,color,green
134717,,c7fbf674-7151-4b31-9215-b4523cffdc16,1,zTLlofzu1617308262647,108,figural_single_2_1,1,,0,green,529.394999999553,1,single,e_g_08.png,color,green
134717,,c7fbf674-7151-4b31-9215-b4523cffdc16,1,zTLlofzu1617308262647,109,figural_single_2_1,1,,0,blue,460.0200000004552,1,single,e_b_11.png,color,blue
134717,,c7fbf674-7151-4b31-9215-b4523cffdc16,1,zTLlofzu1617308262647,110,figural_single_2_1,1,,0,blue,526.4700000007288,1,single,r_b_13.png,color,blue
134717,,c7fbf674-7151-4b31-9215-b4523cffdc16,1,zTLlofzu1617308262647,111,figural_single_2_1,1,,0,blue,481.2050000000745,1,single,r_b_12.png,color,blue
134717,,c7fbf674-7151-4b31-9215-b4523cffdc16,1,zTLlofzu1617308262647,112,figural_single_2_1,1,,0,blue,432.47499999962747,1,single,r_b_15.png,color,blue
134717,,c7fbf674-7151-4b31-9215-b4523cffdc16,1,zTLlofzu1617308262647,113,figural_single_2_1,1,,0,green,408.01000000099884,1,single,e_g_05.png,color,green
134717,,c7fbf674-7151-4b31-9215-b4523cffdc16,1,zTLlofzu1617308262647,114,figural_single_2_1,1,,0,green,424.5900000005495,1,single,r_g_12.png,color,green
134717,,c7fbf674-7151-4b31-9215-b4523cffdc16,1,zTLlofzu1617308262647,115,figural_single_2_1,1,,0,blue,425.9399999991583,1,single,r_b_02.png,color,blue
134717,,c7fbf674-7151-4b31-9215-b4523cffdc16,1,zTLlofzu1617308262647,116,figural_single_2_1,1,,0,blue,496.41999999948894,1,single,r_b_01.png,color,blue
134717,,c7fbf674-7151-4b31-9215-b4523cffdc16,1,zTLlofzu1617308262647,117,figural_single_2_1,1,,0,blue,462.3400000000547,1,single,r_b_07.png,color,blue
134717,,c7fbf674-7151-4b31-9215-b4523cffdc16,1,zTLlofzu1617308262647,118,figural_single_2_1,1,,0,green,453.7650000001886,1,single,e_g_15.png,color,green
134717,,c7fbf674-7151-4b31-9215-b4523cffdc16,1,zTLlofzu1617308262647,119,figural_single_2_1,1,,0,green,528.2649999989953,1,single,e_g_11.png,color,green
134717,,c7fbf674-7151-4b31-9215-b4523cffdc16,1,zTLlofzu1617308262647,120,figural_single_2_1,1,,0,blue,483.0000000001746,1,single,e_b_07.png,color,blue
134717,,c7fbf674-7151-4b31-9215-b4523cffdc16,1,zTLlofzu1617308262647,121,figural_single_2_1,1,,0,green,593.2850000008184,1,single,r_g_04.png,color,green
134717,,c7fbf674-7151-4b31-9215-b4523cffdc16,1,zTLlofzu1617308262647,122,figural_single_2_1,1,,0,green,519.3300000009767,1,single,e_g_02.png,color,green
134717,,c7fbf674-7151-4b31-9215-b4523cffdc16,1,zTLlofzu1617308262647,123,figural_single_2_1,1,,0,blue,447.9400000000023,1,single,e_b_01.png,color,blue
134717,,c7fbf674-7151-4b31-9215-b4523cffdc16,1,zTLlofzu1617308262647,124,figural_single_2_1,1,,0,green,481.4849999984144,0,single,r_b_05.png,color,blue
134717,,c7fbf674-7151-4b31-9215-b4523cffdc16,1,zTLlofzu1617308262647,125,figural_single_2_1,1,,0,green,536.0299999993003,1,single,e_g_03.png,color,green
134717,,c7fbf674-7151-4b31-9215-b4523cffdc16,1,zTLlofzu1617308262647,126,figural_single_2_1,1,,0,blue,490.5049999997427,1,single,r_b_04.png,color,blue
134717,,c7fbf674-7151-4b31-9215-b4523cffdc16,1,zTLlofzu1617308262647,127,figural_single_2_1,1,,0,green,705.8649999998743,1,single,e_g_06.png,color,green
134717,,c7fbf674-7151-4b31-9215-b4523cffdc16,1,zTLlofzu1617308262647,128,figural_single_2_1,1,,0,green,507.7199999996228,1,single,e_g_12.png,color,green
134717,,c7fbf674-7151-4b31-9215-b4523cffdc16,1,zTLlofzu1617308262647,129,figural_single_2_1,1,,0,green,492.6399999985588,1,single,r_g_14.png,color,green
134717,,c7fbf674-7151-4b31-9215-b4523cffdc16,1,zTLlofzu1617308262647,130,figural_single_2_1,1,,0,blue,529.4300000004878,1,single,e_b_09.png,color,blue
134717,,c7fbf674-7151-4b31-9215-b4523cffdc16,1,zTLlofzu1617308262647,131,figural_single_2_1,1,,0,blue,487.58500000077765,1,single,e_b_16.png,color,blue
134717,,c7fbf674-7151-4b31-9215-b4523cffdc16,1,zTLlofzu1617308262647,132,figural_single_2_1,1,,0,green,604.7049999997544,1,single,r_g_01.png,color,green
134717,,c7fbf674-7151-4b31-9215-b4523cffdc16,1,zTLlofzu1617308262647,133,figural_single_2_1,1,,0,green,546.2350000016158,1,single,r_g_09.png,color,green
134717,,c7fbf674-7151-4b31-9215-b4523cffdc16,1,zTLlofzu1617308262647,134,figural_single_2_1,1,,0,green,513.3150000001187,1,single,e_g_13.png,color,green
134717,,c7fbf674-7151-4b31-9215-b4523cffdc16,1,zTLlofzu1617308262647,135,figural_single_2_1,1,,0,blue,483.84999999872525,1,single,r_b_06.png,color,blue
134717,,c7fbf674-7151-4b31-9215-b4523cffdc16,1,zTLlofzu1617308262647,136,figural_single_2_1,1,,0,blue,594.7649999998393,1,single,r_b_14.png,color,blue
134717,,c7fbf674-7151-4b31-9215-b4523cffdc16,1,zTLlofzu1617308262647,137,figural_single_2_1,1,,0,green,464.17000000111875,1,single,r_g_05.png,color,green
134717,,c7fbf674-7151-4b31-9215-b4523cffdc16,1,zTLlofzu1617308262647,138,figural_single_2_1,1,,0,green,508.78999999986263,1,single,e_g_10.png,color,green
134717,,c7fbf674-7151-4b31-9215-b4523cffdc16,1,zTLlofzu1617308262647,139,figural_single_2_1,1,,0,green,468.69999999945867,1,single,r_g_02.png,color,green
134717,,c7fbf674-7151-4b31-9215-b4523cffdc16,1,zTLlofzu1617308262647,140,figural_single_2_1,1,,0,blue,444.2499999986612,1,single,e_b_10.png,color,blue
134717,,c7fbf674-7151-4b31-9215-b4523cffdc16,1,zTLlofzu1617308262647,141,figural_single_2_1,1,,0,blue,447.95499999960884,1,single,r_b_16.png,color,blue
134717,,c7fbf674-7151-4b31-9215-b4523cffdc16,1,zTLlofzu1617308262647,142,figural_single_2_1,1,,0,green,481.79499999969266,1,single,r_g_11.png,color,green
134717,,c7fbf674-7151-4b31-9215-b4523cffdc16,1,zTLlofzu1617308262647,143,figural_single_2_1,1,,0,green,461.84499999979744,1,single,r_g_03.png,color,green
134717,,c7fbf674-7151-4b31-9215-b4523cffdc16,1,zTLlofzu1617308262647,144,figural_single_2_1,1,,0,blue,492.5449999991397,1,single,e_b_14.png,color,blue
134717,,c7fbf674-7151-4b31-9215-b4523cffdc16,1,zTLlofzu1617308262647,145,figural_single_2_1,1,,0,blue,501.8400000008114,1,single,e_b_13.png,color,blue
134717,,c7fbf674-7151-4b31-9215-b4523cffdc16,1,zTLlofzu1617308262647,146,figural_single_2_1,1,,0,blue,421.8500000006461,1,single,r_b_10.png,color,blue
134717,,c7fbf674-7151-4b31-9215-b4523cffdc16,1,zTLlofzu1617308262647,147,figural_single_2_1,1,,0,green,440.44000000032247,1,single,e_g_14.png,color,green
134717,,c7fbf674-7151-4b31-9215-b4523cffdc16,1,zTLlofzu1617308262647,148,figural_single_2_1,1,,0,blue,551.7899999995134,1,single,e_b_15.png,color,blue
134717,,c7fbf674-7151-4b31-9215-b4523cffdc16,1,zTLlofzu1617308262647,149,figural_single_2_1,1,,0,blue,566.8500000010536,1,single,e_b_05.png,color,blue
134717,,c7fbf674-7151-4b31-9215-b4523cffdc16,1,zTLlofzu1617308262647,150,figural_single_2_1,1,,0,blue,498.7500000006694,1,single,r_b_11.png,color,blue
134717,,c7fbf674-7151-4b31-9215-b4523cffdc16,1,zTLlofzu1617308262647,151,figural_single_2_1,1,,0,green,442.88500000038766,1,single,r_g_13.png,color,green
134717,,c7fbf674-7151-4b31-9215-b4523cffdc16,1,zTLlofzu1617308262647,152,figural_single_2_1,1,,0,green,429.084999999759,1,single,r_g_16.png,color,green
134717,,c7fbf674-7151-4b31-9215-b4523cffdc16,1,zTLlofzu1617308262647,153,figural_mixed_practice,1,,0,angular,1647.5100000007078,1,start,e_g_13.png,shape,angular
134717,,c7fbf674-7151-4b31-9215-b4523cffdc16,1,zTLlofzu1617308262647,154,figural_mixed_practice,1,,0,angular,778.2499999994179,1,repetition,e_g_15.png,shape,angular
134717,,c7fbf674-7151-4b31-9215-b4523cffdc16,1,zTLlofzu1617308262647,155,figural_mixed_practice,1,,0,blue,630.4149999996298,1,switch,r_b_02.png,color,blue
134717,,c7fbf674-7151-4b31-9215-b4523cffdc16,1,zTLlofzu1617308262647,156,figural_mixed_practice,1,,0,green,654.6550000002608,1,repetition,r_g_10.png,color,green
134717,,c7fbf674-7151-4b31-9215-b4523cffdc16,1,zTLlofzu1617308262647,157,figural_mixed_practice,1,,0,round,606.2000000001863,1,switch,r_b_03.png,shape,round
134717,,c7fbf674-7151-4b31-9215-b4523cffdc16,1,zTLlofzu1617308262647,158,figural_mixed_practice,1,,0,blue,491.35999999998603,1,switch,e_b_11.png,color,blue
134717,,c7fbf674-7151-4b31-9215-b4523cffdc16,1,zTLlofzu1617308262647,159,figural_mixed_practice,1,,0,green,477.69500000140397,1,repetition,r_g_06.png,color,green
134717,,c7fbf674-7151-4b31-9215-b4523cffdc16,1,zTLlofzu1617308262647,160,figural_mixed_practice,1,,0,round,488.04999999993015,1,switch,r_b_08.png,shape,round
134717,,c7fbf674-7151-4b31-9215-b4523cffdc16,1,zTLlofzu1617308262647,161,figural_mixed_practice,1,,0,round,471.3000000010943,0,repetition,e_b_12.png,shape,angular
134717,,c7fbf674-7151-4b31-9215-b4523cffdc16,1,zTLlofzu1617308262647,162,figural_mixed_practice,1,,0,angular,2181.2200000003795,0,repetition,r_g_04.png,shape,round
134717,,c7fbf674-7151-4b31-9215-b4523cffdc16,1,zTLlofzu1617308262647,163,figural_mixed_practice,1,,0,blue,2624.5249999992666,1,switch,e_b_01.png,color,blue
134717,,c7fbf674-7151-4b31-9215-b4523cffdc16,1,zTLlofzu1617308262647,164,figural_mixed_practice,1,,0,green,1178.9399999997695,1,repetition,e_g_05.png,color,green
134717,,c7fbf674-7151-4b31-9215-b4523cffdc16,1,zTLlofzu1617308262647,165,figural_mixed,1,,0,green,762.9500000002445,1,start,r_g_12.png,color,green
134717,,c7fbf674-7151-4b31-9215-b4523cffdc16,1,zTLlofzu1617308262647,166,figural_mixed,1,,0,green,945.305000001099,1,repetition,e_g_16.png,color,green
134717,,c7fbf674-7151-4b31-9215-b4523cffdc16,1,zTLlofzu1617308262647,167,figural_mixed,1,,0,angular,1786.1499999999069,0,switch,r_b_01.png,shape,round
134717,,c7fbf674-7151-4b31-9215-b4523cffdc16,1,zTLlofzu1617308262647,168,figural_mixed,1,,0,green,1829.7000000002445,0,switch,e_b_10.png,color,blue
134717,,c7fbf674-7151-4b31-9215-b4523cffdc16,1,zTLlofzu1617308262647,169,figural_mixed,1,,0,round,3498.729999999341,1,switch,r_g_07.png,shape,round
134717,,c7fbf674-7151-4b31-9215-b4523cffdc16,1,zTLlofzu1617308262647,170,figural_mixed,1,,0,angular,1187.9000000008382,1,repetition,e_g_16.png,shape,angular
134717,,c7fbf674-7151-4b31-9215-b4523cffdc16,1,zTLlofzu1617308262647,171,figural_mixed,1,,0,angular,1158.1950000018114,1,repetition,e_b_11.png,shape,angular
134717,,c7fbf674-7151-4b31-9215-b4523cffdc16,1,zTLlofzu1617308262647,172,figural_mixed,1,,0,blue,1048.860000000801,1,switch,e_b_12.png,color,blue
134717,,c7fbf674-7151-4b31-9215-b4523cffdc16,1,zTLlofzu1617308262647,173,figural_mixed,1,,0,blue,912.6200000009849,1,repetition,r_b_05.png,color,blue
134717,,c7fbf674-7151-4b31-9215-b4523cffdc16,1,zTLlofzu1617308262647,174,figural_mixed,1,,0,angular,1587.745000000752,1,switch,e_b_15.png,shape,angular
134717,,c7fbf674-7151-4b31-9215-b4523cffdc16,1,zTLlofzu1617308262647,175,figural_mixed,1,,0,round,1257.1799999987124,1,repetition,r_g_01.png,shape,round
134717,,c7fbf674-7151-4b31-9215-b4523cffdc16,1,zTLlofzu1617308262647,176,figural_mixed,1,,0,green,1044.50499999983,1,switch,r_g_11.png,color,green
134717,,c7fbf674-7151-4b31-9215-b4523cffdc16,1,zTLlofzu1617308262647,177,figural_mixed,1,,0,blue,937.6049999991665,1,repetition,e_b_14.png,color,blue
134717,,c7fbf674-7151-4b31-9215-b4523cffdc16,1,zTLlofzu1617308262647,178,figural_mixed,1,,0,green,931.3949999996112,1,repetition,r_g_05.png,color,green
134717,,c7fbf674-7151-4b31-9215-b4523cffdc16,1,zTLlofzu1617308262647,179,figural_mixed,1,,0,angular,1112.835000001709,1,switch,e_g_09.png,shape,angular
134717,,c7fbf674-7151-4b31-9215-b4523cffdc16,1,zTLlofzu1617308262647,180,figural_mixed,1,,0,round,1010.0050000000629,1,repetition,r_b_04.png,shape,round
134717,,c7fbf674-7151-4b31-9215-b4523cffdc16,1,zTLlofzu1617308262647,181,figural_mixed,1,,0,round,898.6800000002258,1,repetition,r_g_12.png,shape,round
134717,,c7fbf674-7151-4b31-9215-b4523cffdc16,1,zTLlofzu1617308262647,182,figural_mixed,1,,0,round,949.3949999996112,1,repetition,r_b_02.png,shape,round
134717,,c7fbf674-7151-4b31-9215-b4523cffdc16,1,zTLlofzu1617308262647,183,figural_mixed,1,,0,green,1253.8899999999558,1,switch,r_g_04.png,color,green
134717,,c7fbf674-7151-4b31-9215-b4523cffdc16,1,zTLlofzu1617308262647,184,figural_mixed,1,,0,blue,970.250000000291,1,repetition,e_b_02.png,color,blue
134717,,c7fbf674-7151-4b31-9215-b4523cffdc16,1,zTLlofzu1617308262647,185,figural_mixed,1,,0,blue,855.3449999999721,1,repetition,r_b_16.png,color,blue
134717,,c7fbf674-7151-4b31-9215-b4523cffdc16,1,zTLlofzu1617308262647,186,figural_mixed,1,,0,angular,945.9599999990896,1,switch,e_g_03.png,shape,angular
134717,,c7fbf674-7151-4b31-9215-b4523cffdc16,1,zTLlofzu1617308262647,187,figural_mixed,1,,0,blue,814.0550000007497,1,switch,r_b_10.png,color,blue
134717,,c7fbf674-7151-4b31-9215-b4523cffdc16,1,zTLlofzu1617308262647,188,figural_mixed,1,,0,green,1194.9650000006077,1,repetition,e_g_03.png,color,green
134717,,c7fbf674-7151-4b31-9215-b4523cffdc16,1,zTLlofzu1617308262647,189,figural_mixed,1,,0,green,997.6700000006822,1,repetition,r_g_06.png,color,green
134717,,c7fbf674-7151-4b31-9215-b4523cffdc16,1,zTLlofzu1617308262647,190,figural_mixed,1,,0,angular,1513.0850000004866,0,switch,r_b_09.png,shape,round
134717,,c7fbf674-7151-4b31-9215-b4523cffdc16,1,zTLlofzu1617308262647,191,figural_mixed,1,,0,blue,1516.1300000000047,1,switch,r_b_02.png,color,blue
134717,,c7fbf674-7151-4b31-9215-b4523cffdc16,1,zTLlofzu1617308262647,192,figural_mixed,1,,0,green,862.6000000003842,1,repetition,r_g_01.png,color,green
134717,,c7fbf674-7151-4b31-9215-b4523cffdc16,1,zTLlofzu1617308262647,193,figural_mixed,1,,0,angular,1321.9700000009034,1,switch,e_g_07.png,shape,angular
134717,,c7fbf674-7151-4b31-9215-b4523cffdc16,1,zTLlofzu1617308262647,194,figural_mixed,1,,0,blue,908.9199999998091,1,switch,r_b_13.png,color,blue
134717,,c7fbf674-7151-4b31-9215-b4523cffdc16,1,zTLlofzu1617308262647,195,figural_mixed,1,,0,angular,1170.4499999996042,1,switch,e_b_14.png,shape,angular
134717,,c7fbf674-7151-4b31-9215-b4523cffdc16,1,zTLlofzu1617308262647,196,figural_mixed,1,,0,round,1160.1150000005728,1,repetition,r_g_09.png,shape,round
134717,,c7fbf674-7151-4b31-9215-b4523cffdc16,1,zTLlofzu1617308262647,197,figural_mixed,1,,0,angular,1359.7750000008382,0,repetition,r_b_11.png,shape,round
134717,,c7fbf674-7151-4b31-9215-b4523cffdc16,1,zTLlofzu1617308262647,198,figural_mixed,1,,0,green,1778.814999999653,1,switch,r_g_07.png,color,green
134717,,c7fbf674-7151-4b31-9215-b4523cffdc16,1,zTLlofzu1617308262647,199,figural_mixed,1,,0,angular,1194.664999999106,1,switch,e_b_04.png,shape,angular
134717,,c7fbf674-7151-4b31-9215-b4523cffdc16,1,zTLlofzu1617308262647,200,figural_mixed,1,,0,round,1102.8900000001304,1,repetition,r_g_14.png,shape,round
134717,,c7fbf674-7151-4b31-9215-b4523cffdc16,1,zTLlofzu1617308262647,201,figural_mixed,1,,0,blue,1114.2000000000116,1,switch,e_b_09.png,color,blue
134717,,c7fbf674-7151-4b31-9215-b4523cffdc16,1,zTLlofzu1617308262647,202,figural_mixed,1,,0,angular,2178.945000001462,1,switch,e_g_10.png,shape,angular
134717,,c7fbf674-7151-4b31-9215-b4523cffdc16,1,zTLlofzu1617308262647,203,figural_mixed,1,,0,blue,775.1149999985355,0,switch,r_g_15.png,color,green
134717,,c7fbf674-7151-4b31-9215-b4523cffdc16,1,zTLlofzu1617308262647,204,figural_mixed,1,,0,green,1296.96999999939,1,repetition,e_g_14.png,color,green
134717,,c7fbf674-7151-4b31-9215-b4523cffdc16,1,zTLlofzu1617308262647,205,figural_mixed,1,,0,blue,815.3249999996042,1,repetition,r_b_07.png,color,blue
134717,,c7fbf674-7151-4b31-9215-b4523cffdc16,1,zTLlofzu1617308262647,206,figural_mixed,1,,0,blue,769.7599999991944,1,repetition,r_b_09.png,color,blue
134717,,c7fbf674-7151-4b31-9215-b4523cffdc16,1,zTLlofzu1617308262647,207,figural_mixed,1,,0,angular,2315.880000000121,1,switch,e_g_14.png,shape,angular
134717,,c7fbf674-7151-4b31-9215-b4523cffdc16,1,zTLlofzu1617308262647,208,figural_mixed,1,,0,angular,2221.2400000007474,1,repetition,e_g_13.png,shape,angular
134717,,c7fbf674-7151-4b31-9215-b4523cffdc16,1,zTLlofzu1617308262647,209,figural_mixed,1,,0,blue,807.7899999989313,1,switch,e_b_04.png,color,blue
134717,,c7fbf674-7151-4b31-9215-b4523cffdc16,1,zTLlofzu1617308262647,210,figural_mixed,1,,0,green,1087.3449999998556,1,repetition,e_g_10.png,color,green
134717,,c7fbf674-7151-4b31-9215-b4523cffdc16,1,zTLlofzu1617308262647,211,figural_mixed,1,,0,green,892.2550000006449,1,repetition,e_g_04.png,color,green
134717,,c7fbf674-7151-4b31-9215-b4523cffdc16,1,zTLlofzu1617308262647,212,figural_mixed,1,,0,round,1555.0449999991106,0,switch,e_b_07.png,shape,angular
134717,,c7fbf674-7151-4b31-9215-b4523cffdc16,1,zTLlofzu1617308262647,213,figural_mixed,1,,0,round,1174.049999999639,1,repetition,r_g_11.png,shape,round
134717,,c7fbf674-7151-4b31-9215-b4523cffdc16,1,zTLlofzu1617308262647,214,figural_mixed,1,,0,round,767.7899999998626,1,repetition,r_g_04.png,shape,round
134717,,c7fbf674-7151-4b31-9215-b4523cffdc16,1,zTLlofzu1617308262647,215,figural_mixed,1,,0,angular,805.7300000000396,1,repetition,e_g_15.png,shape,angular
134717,,c7fbf674-7151-4b31-9215-b4523cffdc16,1,zTLlofzu1617308262647,216,figural_mixed,1,,0,green,1164.7250000005588,1,switch,e_g_11.png,color,green
134717,,c7fbf674-7151-4b31-9215-b4523cffdc16,1,zTLlofzu1617308262647,217,figural_mixed,1,,0,round,1486.2400000001653,1,switch,r_g_08.png,shape,round
134717,,c7fbf674-7151-4b31-9215-b4523cffdc16,1,zTLlofzu1617308262647,218,figural_mixed,1,,0,round,801.9749999985215,1,repetition,r_g_10.png,shape,round
134717,,c7fbf674-7151-4b31-9215-b4523cffdc16,1,zTLlofzu1617308262647,219,figural_mixed,1,,0,green,749.8499999983469,1,switch,e_g_15.png,color,green
134717,,c7fbf674-7151-4b31-9215-b4523cffdc16,1,zTLlofzu1617308262647,220,figural_mixed,1,,0,green,858.4250000003376,1,repetition,r_g_02.png,color,green
134717,,c7fbf674-7151-4b31-9215-b4523cffdc16,1,zTLlofzu1617308262647,221,figural_mixed,1,,0,round,981.2300000012619,0,switch,e_b_01.png,shape,angular
134717,,c7fbf674-7151-4b31-9215-b4523cffdc16,1,zTLlofzu1617308262647,222,figural_mixed,1,,0,blue,953.550000000163,1,switch,e_b_15.png,color,blue
134717,,c7fbf674-7151-4b31-9215-b4523cffdc16,1,zTLlofzu1617308262647,223,figural_mixed,1,,0,blue,838.6499999997322,1,repetition,e_b_03.png,color,blue
134717,,c7fbf674-7151-4b31-9215-b4523cffdc16,1,zTLlofzu1617308262647,224,figural_mixed,1,,0,blue,837.3750000009895,1,repetition,e_b_01.png,color,blue
134717,,c7fbf674-7151-4b31-9215-b4523cffdc16,1,zTLlofzu1617308262647,225,figural_mixed,1,,0,round,1294.9649999991525,1,switch,r_g_02.png,shape,round
134717,,c7fbf674-7151-4b31-9215-b4523cffdc16,1,zTLlofzu1617308262647,226,figural_mixed,1,,0,green,1028.4249999985914,1,switch,e_g_05.png,color,green
134717,,c7fbf674-7151-4b31-9215-b4523cffdc16,1,zTLlofzu1617308262647,227,figural_mixed,1,,0,round,824.6550000003772,1,switch,r_b_06.png,shape,round
134717,,c7fbf674-7151-4b31-9215-b4523cffdc16,1,zTLlofzu1617308262647,228,figural_mixed,1,,0,green,831.215000000142,1,switch,e_g_08.png,color,green
134717,,c7fbf674-7151-4b31-9215-b4523cffdc16,1,zTLlofzu1617308262647,229,figural_mixed,1,,0,green,1257.634999999893,1,repetition,e_g_02.png,color,green
134717,,c7fbf674-7151-4b31-9215-b4523cffdc16,1,zTLlofzu1617308262647,230,figural_mixed,1,,0,blue,788.7100000007194,1,repetition,e_b_06.png,color,blue
134717,,c7fbf674-7151-4b31-9215-b4523cffdc16,1,zTLlofzu1617308262647,231,figural_mixed,1,,0,angular,1248.965000000724,1,switch,e_b_08.png,shape,angular
134717,,c7fbf674-7151-4b31-9215-b4523cffdc16,1,zTLlofzu1617308262647,232,figural_mixed,1,,0,green,916.9799999999814,1,switch,r_g_09.png,color,green
134717,,c7fbf674-7151-4b31-9215-b4523cffdc16,1,zTLlofzu1617308262647,233,figural_mixed,1,,0,blue,809.3399999997928,1,repetition,e_b_13.png,color,blue
134717,,c7fbf674-7151-4b31-9215-b4523cffdc16,1,zTLlofzu1617308262647,234,figural_mixed,1,,0,round,1602.8499999993364,1,switch,r_b_10.png,shape,round
134717,,c7fbf674-7151-4b31-9215-b4523cffdc16,1,zTLlofzu1617308262647,235,figural_mixed,1,,0,round,754.9049999997951,1,repetition,r_b_13.png,shape,round
134717,,c7fbf674-7151-4b31-9215-b4523cffdc16,1,zTLlofzu1617308262647,236,figural_mixed,1,,0,blue,771.464999999851,1,switch,e_b_11.png,color,blue
134717,,c7fbf674-7151-4b31-9215-b4523cffdc16,1,zTLlofzu1617308262647,237,figural_mixed,1,,0,green,797.245000001567,1,repetition,r_g_08.png,color,green
134717,,c7fbf674-7151-4b31-9215-b4523cffdc16,1,zTLlofzu1617308262647,238,figural_mixed,1,,0,angular,837.864999999525,1,switch,e_b_10.png,shape,angular
134717,,c7fbf674-7151-4b31-9215-b4523cffdc16,1,zTLlofzu1617308262647,239,figural_mixed,1,,0,angular,1120.864999998943,1,repetition,e_g_06.png,shape,angular
134717,,c7fbf674-7151-4b31-9215-b4523cffdc16,1,zTLlofzu1617308262647,240,figural_mixed,1,,0,angular,1021.5250000001397,1,repetition,e_g_11.png,shape,angular
134717,,c7fbf674-7151-4b31-9215-b4523cffdc16,1,zTLlofzu1617308262647,241,figural_mixed,1,,0,round,899.8649999994086,1,repetition,r_b_07.png,shape,round
134717,,c7fbf674-7151-4b31-9215-b4523cffdc16,1,zTLlofzu1617308262647,242,figural_mixed,1,,0,blue,977.2199999988661,1,switch,r_b_06.png,color,blue
134717,,c7fbf674-7151-4b31-9215-b4523cffdc16,1,zTLlofzu1617308262647,243,figural_mixed,1,,0,blue,801.2349999989965,1,repetition,e_b_07.png,color,blue
134717,,c7fbf674-7151-4b31-9215-b4523cffdc16,1,zTLlofzu1617308262647,244,figural_mixed,1,,0,blue,812.4599999991478,1,repetition,r_b_14.png,color,blue
134717,,c7fbf674-7151-4b31-9215-b4523cffdc16,1,zTLlofzu1617308262647,245,figural_mixed,1,,0,green,880.2450000003446,1,repetition,r_g_16.png,color,green
134717,,c7fbf674-7151-4b31-9215-b4523cffdc16,1,zTLlofzu1617308262647,246,figural_mixed,1,,0,angular,1840.1850000008708,1,switch,e_b_09.png,shape,angular
134717,,c7fbf674-7151-4b31-9215-b4523cffdc16,1,zTLlofzu1617308262647,247,figural_mixed,1,,0,round,1049.6400000010617,1,repetition,r_g_05.png,shape,round
134717,,c7fbf674-7151-4b31-9215-b4523cffdc16,1,zTLlofzu1617308262647,248,figural_mixed,1,,0,angular,3477.544999999751,1,repetition,e_b_12.png,shape,angular
134717,,c7fbf674-7151-4b31-9215-b4523cffdc16,1,zTLlofzu1617308262647,249,figural_mixed,1,,0,blue,835.039999999979,1,switch,e_b_05.png,color,blue
134717,,c7fbf674-7151-4b31-9215-b4523cffdc16,1,zTLlofzu1617308262647,250,figural_mixed,1,,0,round,822.4649999992689,1,switch,r_g_06.png,shape,round
134717,,c7fbf674-7151-4b31-9215-b4523cffdc16,1,zTLlofzu1617308262647,251,figural_mixed,1,,0,blue,906.9550000003655,1,switch,e_b_16.png,color,blue
134717,,c7fbf674-7151-4b31-9215-b4523cffdc16,1,zTLlofzu1617308262647,252,figural_mixed,1,,0,green,889.1249999996508,1,repetition,r_g_13.png,color,green
134717,,c7fbf674-7151-4b31-9215-b4523cffdc16,1,zTLlofzu1617308262647,253,figural_mixed,1,,0,angular,968.3349999996135,1,switch,e_g_02.png,shape,angular
134717,,c7fbf674-7151-4b31-9215-b4523cffdc16,1,zTLlofzu1617308262647,254,figural_mixed,1,,0,round,1028.625000000815,1,repetition,r_b_03.png,shape,round
134717,,c7fbf674-7151-4b31-9215-b4523cffdc16,1,zTLlofzu1617308262647,255,figural_mixed,1,,0,round,784.1549999993877,1,repetition,r_b_14.png,shape,round
134717,,c7fbf674-7151-4b31-9215-b4523cffdc16,1,zTLlofzu1617308262647,256,figural_mixed,1,,0,angular,771.474999999511,1,repetition,e_g_12.png,shape,angular
134717,,c7fbf674-7151-4b31-9215-b4523cffdc16,1,zTLlofzu1617308262647,257,figural_mixed,1,,0,blue,832.6300000008196,1,switch,r_b_04.png,color,blue
134717,,c7fbf674-7151-4b31-9215-b4523cffdc16,1,zTLlofzu1617308262647,258,figural_mixed,1,,0,round,1050.349999999511,1,switch,r_g_15.png,shape,round
134717,,c7fbf674-7151-4b31-9215-b4523cffdc16,1,zTLlofzu1617308262647,259,figural_mixed,1,,0,round,759.1549999997369,0,repetition,e_g_08.png,shape,angular
134717,,c7fbf674-7151-4b31-9215-b4523cffdc16,1,zTLlofzu1617308262647,260,figural_mixed,1,,0,round,989.5399999986403,1,repetition,r_b_16.png,shape,round
134717,,c7fbf674-7151-4b31-9215-b4523cffdc16,1,zTLlofzu1617308262647,261,figural_mixed,1,,0,green,1231.2400000010384,1,switch,r_g_10.png,color,green
134717,,c7fbf674-7151-4b31-9215-b4523cffdc16,1,zTLlofzu1617308262647,262,figural_mixed,1,,0,green,1029.2399999998743,1,repetition,e_g_06.png,color,green
134717,,c7fbf674-7151-4b31-9215-b4523cffdc16,1,zTLlofzu1617308262647,263,figural_mixed,1,,0,round,2953.8650000013295,1,switch,r_g_13.png,shape,round
134717,,c7fbf674-7151-4b31-9215-b4523cffdc16,1,zTLlofzu1617308262647,264,figural_mixed,1,,0,blue,857.4300000000512,1,switch,r_b_03.png,color,blue
134717,,c7fbf674-7151-4b31-9215-b4523cffdc16,1,zTLlofzu1617308262647,265,figural_mixed,1,,0,angular,1581.190000000759,1,switch,e_b_02.png,shape,angular
134717,,c7fbf674-7151-4b31-9215-b4523cffdc16,1,zTLlofzu1617308262647,266,figural_mixed,1,,0,angular,909.1049999988172,1,repetition,e_b_03.png,shape,angular
134717,,c7fbf674-7151-4b31-9215-b4523cffdc16,1,zTLlofzu1617308262647,267,figural_mixed,1,,0,green,1045.350000000326,1,switch,e_g_07.png,color,green
134717,,c7fbf674-7151-4b31-9215-b4523cffdc16,1,zTLlofzu1617308262647,268,figural_mixed,1,,0,blue,680.6300000007031,1,repetition,r_b_08.png,color,blue
134717,,c7fbf674-7151-4b31-9215-b4523cffdc16,1,zTLlofzu1617308262647,269,figural_mixed,1,,0,blue,785.7600000006496,1,repetition,r_b_01.png,color,blue
134717,,c7fbf674-7151-4b31-9215-b4523cffdc16,1,zTLlofzu1617308262647,270,figural_mixed,1,,0,angular,1159.9100000003236,1,switch,e_b_05.png,shape,angular
134717,,c7fbf674-7151-4b31-9215-b4523cffdc16,1,zTLlofzu1617308262647,271,figural_mixed,1,,0,green,1224.9350000001723,1,switch,r_g_16.png,color,green
134717,,c7fbf674-7151-4b31-9215-b4523cffdc16,1,zTLlofzu1617308262647,272,figural_mixed,1,,0,angular,1102.864999998943,1,switch,e_g_04.png,shape,angular
134717,,c7fbf674-7151-4b31-9215-b4523cffdc16,1,zTLlofzu1617308262647,273,figural_mixed,1,,0,round,1297.630000000936,1,repetition,r_b_05.png,shape,round
134717,,c7fbf674-7151-4b31-9215-b4523cffdc16,1,zTLlofzu1617308262647,274,figural_mixed,1,,0,round,1080.9549999994342,1,repetition,r_g_03.png,shape,round
134717,,c7fbf674-7151-4b31-9215-b4523cffdc16,1,zTLlofzu1617308262647,275,figural_mixed,1,,0,blue,1061.8900000008289,1,switch,r_b_15.png,color,blue
134717,,c7fbf674-7151-4b31-9215-b4523cffdc16,1,zTLlofzu1617308262647,276,figural_mixed,1,,0,green,1420.6849999991246,1,repetition,r_g_14.png,color,green
134717,,c7fbf674-7151-4b31-9215-b4523cffdc16,1,zTLlofzu1617308262647,277,figural_mixed,1,,0,angular,3520.754999999539,1,switch,e_g_01.png,shape,angular
134717,,c7fbf674-7151-4b31-9215-b4523cffdc16,1,zTLlofzu1617308262647,278,figural_mixed,1,,0,round,821.6100000008591,1,repetition,r_b_15.png,shape,round
134717,,c7fbf674-7151-4b31-9215-b4523cffdc16,1,zTLlofzu1617308262647,279,figural_mixed,1,,0,round,1666.6349999996019,1,repetition,r_b_08.png,shape,round
134717,,c7fbf674-7151-4b31-9215-b4523cffdc16,1,zTLlofzu1617308262647,280,figural_mixed,1,,0,green,1060.7199999994482,1,switch,e_g_12.png,color,green
134717,,c7fbf674-7151-4b31-9215-b4523cffdc16,1,zTLlofzu1617308262647,281,figural_mixed,1,,0,round,747.8499999997439,0,switch,e_b_13.png,shape,angular
134717,,c7fbf674-7151-4b31-9215-b4523cffdc16,1,zTLlofzu1617308262647,282,figural_mixed,1,,0,green,2018.1350000002421,1,switch,r_g_03.png,color,green
134717,,c7fbf674-7151-4b31-9215-b4523cffdc16,1,zTLlofzu1617308262647,283,figural_mixed,1,,0,blue,1292.4349999994156,1,repetition,r_b_12.png,color,blue
134717,,c7fbf674-7151-4b31-9215-b4523cffdc16,1,zTLlofzu1617308262647,284,figural_mixed,1,,0,round,1665.1500000007218,0,switch,e_b_06.png,shape,angular
134717,,c7fbf674-7151-4b31-9215-b4523cffdc16,1,zTLlofzu1617308262647,285,figural_mixed,1,,0,angular,2374.5600000002305,1,repetition,e_g_05.png,shape,angular
134717,,c7fbf674-7151-4b31-9215-b4523cffdc16,1,zTLlofzu1617308262647,286,figural_mixed,1,,0,blue,1100.1050000013201,1,switch,r_b_11.png,color,blue
134717,,c7fbf674-7151-4b31-9215-b4523cffdc16,1,zTLlofzu1617308262647,287,figural_mixed,1,,0,angular,1095.3800000007031,1,switch,e_b_16.png,shape,angular
134717,,c7fbf674-7151-4b31-9215-b4523cffdc16,1,zTLlofzu1617308262647,288,figural_mixed,1,,0,green,1011.6450000004843,1,switch,e_g_01.png,color,green
134717,,c7fbf674-7151-4b31-9215-b4523cffdc16,1,zTLlofzu1617308262647,289,figural_mixed,1,,0,green,922.4350000004051,1,repetition,e_g_13.png,color,green
134717,,c7fbf674-7151-4b31-9215-b4523cffdc16,1,zTLlofzu1617308262647,290,figural_mixed,1,,0,round,932.6000000000931,1,switch,r_b_12.png,shape,round
134717,,c7fbf674-7151-4b31-9215-b4523cffdc16,1,zTLlofzu1617308262647,291,figural_mixed,1,,0,blue,1045.289999999979,1,switch,e_b_08.png,color,blue
134717,,c7fbf674-7151-4b31-9215-b4523cffdc16,1,zTLlofzu1617308262647,292,figural_mixed,1,,0,green,836.6350000014645,1,repetition,e_g_09.png,color,green
134717,,c7fbf674-7151-4b31-9215-b4523cffdc16,1,zTLlofzu1617308262647,293,figural_mixed,1,,0,green,1330.0600000002305,1,repetition,r_g_12.png,color,green
134717,,c7fbf674-7151-4b31-9215-b4523cffdc16,1,zTLlofzu1617308262647,294,figural_single_2_2,1,,0,blue,1075.8999999998487,1,single,e_b_01.png,color,blue
134717,,c7fbf674-7151-4b31-9215-b4523cffdc16,1,zTLlofzu1617308262647,295,figural_single_2_2,1,,0,blue,698.2999999999884,1,single,r_b_03.png,color,blue
134717,,c7fbf674-7151-4b31-9215-b4523cffdc16,1,zTLlofzu1617308262647,296,figural_single_2_2,1,,0,green,502.730000000156,1,single,e_g_01.png,color,green
134717,,c7fbf674-7151-4b31-9215-b4523cffdc16,1,zTLlofzu1617308262647,297,figural_single_2_2,1,,0,green,512.4299999988871,1,single,e_g_13.png,color,green
134717,,c7fbf674-7151-4b31-9215-b4523cffdc16,1,zTLlofzu1617308262647,298,figural_single_2_2,1,,0,blue,412.40999999898486,1,single,r_b_16.png,color,blue
134717,,c7fbf674-7151-4b31-9215-b4523cffdc16,1,zTLlofzu1617308262647,299,figural_single_2_2,1,,0,blue,387.9799999995157,1,single,r_b_07.png,color,blue
134717,,c7fbf674-7151-4b31-9215-b4523cffdc16,1,zTLlofzu1617308262647,300,figural_single_2_2,1,,0,green,490.2650000003632,1,single,r_g_08.png,color,green
134717,,c7fbf674-7151-4b31-9215-b4523cffdc16,1,zTLlofzu1617308262647,301,figural_single_2_2,1,,0,blue,413.7650000011199,1,single,r_b_09.png,color,blue
134717,,c7fbf674-7151-4b31-9215-b4523cffdc16,1,zTLlofzu1617308262647,302,figural_single_2_2,1,,0,green,517.1399999999558,1,single,r_g_02.png,color,green
134717,,c7fbf674-7151-4b31-9215-b4523cffdc16,1,zTLlofzu1617308262647,303,figural_single_2_2,1,,0,green,474.5199999997858,1,single,r_g_12.png,color,green
134717,,c7fbf674-7151-4b31-9215-b4523cffdc16,1,zTLlofzu1617308262647,304,figural_single_2_2,1,,0,blue,421.875,1,single,e_b_08.png,color,blue
134717,,c7fbf674-7151-4b31-9215-b4523cffdc16,1,zTLlofzu1617308262647,305,figural_single_2_2,1,,0,green,512.6449999988545,1,single,r_g_04.png,color,green
134717,,c7fbf674-7151-4b31-9215-b4523cffdc16,1,zTLlofzu1617308262647,306,figural_single_2_2,1,,0,blue,406.25499999988824,1,single,e_b_03.png,color,blue
134717,,c7fbf674-7151-4b31-9215-b4523cffdc16,1,zTLlofzu1617308262647,307,figural_single_2_2,1,,0,blue,523.4949999994715,1,single,e_b_11.png,color,blue
134717,,c7fbf674-7151-4b31-9215-b4523cffdc16,1,zTLlofzu1617308262647,308,figural_single_2_2,1,,0,blue,538.6550000002608,1,single,r_b_14.png,color,blue
134717,,c7fbf674-7151-4b31-9215-b4523cffdc16,1,zTLlofzu1617308262647,309,figural_single_2_2,1,,0,green,423.7299999986426,1,single,e_g_07.png,color,green
134717,,c7fbf674-7151-4b31-9215-b4523cffdc16,1,zTLlofzu1617308262647,310,figural_single_2_2,1,,0,blue,412.70000000076834,1,single,r_b_13.png,color,blue
134717,,c7fbf674-7151-4b31-9215-b4523cffdc16,1,zTLlofzu1617308262647,311,figural_single_2_2,1,,0,green,441.6949999995413,1,single,e_g_16.png,color,green
134717,,c7fbf674-7151-4b31-9215-b4523cffdc16,1,zTLlofzu1617308262647,312,figural_single_2_2,1,,0,blue,394.91999999881955,1,single,e_b_14.png,color,blue
134717,,c7fbf674-7151-4b31-9215-b4523cffdc16,1,zTLlofzu1617308262647,313,figural_single_2_2,1,,0,green,388.225000000617,1,single,e_g_12.png,color,green
134717,,c7fbf674-7151-4b31-9215-b4523cffdc16,1,zTLlofzu1617308262647,314,figural_single_2_2,1,,0,blue,401.62500000040745,0,single,r_g_07.png,color,green
134717,,c7fbf674-7151-4b31-9215-b4523cffdc16,1,zTLlofzu1617308262647,315,figural_single_2_2,1,,0,blue,446.38999999914085,1,single,e_b_15.png,color,blue
134717,,c7fbf674-7151-4b31-9215-b4523cffdc16,1,zTLlofzu1617308262647,316,figural_single_2_2,1,,0,blue,434.13499999948544,1,single,e_b_05.png,color,blue
134717,,c7fbf674-7151-4b31-9215-b4523cffdc16,1,zTLlofzu1617308262647,317,figural_single_2_2,1,,0,green,432.8599999989965,1,single,r_g_15.png,color,green
134717,,c7fbf674-7151-4b31-9215-b4523cffdc16,1,zTLlofzu1617308262647,318,figural_single_2_2,1,,0,blue,366.95999999938067,1,single,r_b_06.png,color,blue
134717,,c7fbf674-7151-4b31-9215-b4523cffdc16,1,zTLlofzu1617308262647,319,figural_single_2_2,1,,0,green,428.0399999988731,1,single,e_g_02.png,color,green
134717,,c7fbf674-7151-4b31-9215-b4523cffdc16,1,zTLlofzu1617308262647,320,figural_single_2_2,1,,0,blue,437.4850000003353,0,single,r_g_16.png,color,green
134717,,c7fbf674-7151-4b31-9215-b4523cffdc16,1,zTLlofzu1617308262647,321,figural_single_2_2,1,,0,blue,438.7700000006589,1,single,e_b_10.png,color,blue
134717,,c7fbf674-7151-4b31-9215-b4523cffdc16,1,zTLlofzu1617308262647,322,figural_single_2_2,1,,0,green,442.865000000922,1,single,e_g_05.png,color,green
134717,,c7fbf674-7151-4b31-9215-b4523cffdc16,1,zTLlofzu1617308262647,323,figural_single_2_2,1,,0,green,522.5549999995856,1,single,e_g_03.png,color,green
134717,,c7fbf674-7151-4b31-9215-b4523cffdc16,1,zTLlofzu1617308262647,324,figural_single_2_2,1,,0,green,472.43000000162283,1,single,e_g_11.png,color,green
134717,,c7fbf674-7151-4b31-9215-b4523cffdc16,1,zTLlofzu1617308262647,325,figural_single_2_2,1,,0,blue,397.89500000007683,1,single,r_b_15.png,color,blue
134717,,c7fbf674-7151-4b31-9215-b4523cffdc16,1,zTLlofzu1617308262647,326,figural_single_2_2,1,,0,blue,474.2700000006007,1,single,e_b_02.png,color,blue
134717,,c7fbf674-7151-4b31-9215-b4523cffdc16,1,zTLlofzu1617308262647,327,figural_single_2_2,1,,0,blue,441.4899999992922,1,single,r_b_08.png,color,blue
134717,,c7fbf674-7151-4b31-9215-b4523cffdc16,1,zTLlofzu1617308262647,328,figural_single_2_2,1,,0,green,447.4550000013551,1,single,e_g_06.png,color,green
134717,,c7fbf674-7151-4b31-9215-b4523cffdc16,1,zTLlofzu1617308262647,329,figural_single_2_2,1,,0,green,418.23500000103377,0,single,e_b_16.png,color,blue
134717,,c7fbf674-7151-4b31-9215-b4523cffdc16,1,zTLlofzu1617308262647,330,figural_single_2_2,1,,0,blue,511.2300000000978,1,single,e_b_06.png,color,blue
134717,,c7fbf674-7151-4b31-9215-b4523cffdc16,1,zTLlofzu1617308262647,331,figural_single_2_2,1,,0,green,470.96000000060303,1,single,r_g_09.png,color,green
134717,,c7fbf674-7151-4b31-9215-b4523cffdc16,1,zTLlofzu1617308262647,332,figural_single_2_2,1,,0,green,471.20499999978347,1,single,e_g_10.png,color,green
134717,,c7fbf674-7151-4b31-9215-b4523cffdc16,1,zTLlofzu1617308262647,333,figural_single_2_2,1,,0,blue,460.68000000010943,1,single,e_b_12.png,color,blue
134717,,c7fbf674-7151-4b31-9215-b4523cffdc16,1,zTLlofzu1617308262647,334,figural_single_2_2,1,,0,green,472.59499999927357,1,single,r_g_11.png,color,green
134717,,c7fbf674-7151-4b31-9215-b4523cffdc16,1,zTLlofzu1617308262647,335,figural_single_2_2,1,,0,green,401.43499999970663,1,single,r_g_06.png,color,green
134717,,c7fbf674-7151-4b31-9215-b4523cffdc16,1,zTLlofzu1617308262647,336,figural_single_2_2,1,,0,green,465.0449999989942,1,single,e_g_04.png,color,green
134717,,c7fbf674-7151-4b31-9215-b4523cffdc16,1,zTLlofzu1617308262647,337,figural_single_2_2,1,,0,blue,465.52499999961583,1,single,r_b_01.png,color,blue
134717,,c7fbf674-7151-4b31-9215-b4523cffdc16,1,zTLlofzu1617308262647,338,figural_single_2_2,1,,0,green,752.8999999994994,1,single,r_g_03.png,color,green
134717,,c7fbf674-7151-4b31-9215-b4523cffdc16,1,zTLlofzu1617308262647,339,figural_single_2_2,1,,0,blue,520.0850000001374,1,single,e_b_04.png,color,blue
134717,,c7fbf674-7151-4b31-9215-b4523cffdc16,1,zTLlofzu1617308262647,340,figural_single_2_2,1,,0,blue,561.7399999991758,1,single,r_b_12.png,color,blue
134717,,c7fbf674-7151-4b31-9215-b4523cffdc16,1,zTLlofzu1617308262647,341,figural_single_2_2,1,,0,green,512.0749999987893,1,single,r_g_13.png,color,green
134717,,c7fbf674-7151-4b31-9215-b4523cffdc16,1,zTLlofzu1617308262647,342,figural_single_2_2,1,,0,blue,496.8299999999581,1,single,r_b_02.png,color,blue
134717,,c7fbf674-7151-4b31-9215-b4523cffdc16,1,zTLlofzu1617308262647,343,figural_single_2_2,1,,0,green,536.0249999994412,1,single,e_g_09.png,color,green
134717,,c7fbf674-7151-4b31-9215-b4523cffdc16,1,zTLlofzu1617308262647,344,figural_single_2_2,1,,0,green,536.4450000015786,1,single,e_g_15.png,color,green
134717,,c7fbf674-7151-4b31-9215-b4523cffdc16,1,zTLlofzu1617308262647,345,figural_single_2_2,1,,0,green,435.23999999882653,1,single,e_g_08.png,color,green
134717,,c7fbf674-7151-4b31-9215-b4523cffdc16,1,zTLlofzu1617308262647,346,figural_single_2_2,1,,0,blue,433.12499999953434,1,single,r_b_05.png,color,blue
134717,,c7fbf674-7151-4b31-9215-b4523cffdc16,1,zTLlofzu1617308262647,347,figural_single_2_2,1,,0,green,424.9500000005355,1,single,r_g_14.png,color,green
134717,,c7fbf674-7151-4b31-9215-b4523cffdc16,1,zTLlofzu1617308262647,348,figural_single_2_2,1,,0,blue,510.1500000000233,1,single,r_b_04.png,color,blue
134717,,c7fbf674-7151-4b31-9215-b4523cffdc16,1,zTLlofzu1617308262647,349,figural_single_2_2,1,,0,green,452.5349999985192,1,single,r_g_10.png,color,green
134717,,c7fbf674-7151-4b31-9215-b4523cffdc16,1,zTLlofzu1617308262647,350,figural_single_2_2,1,,0,green,472.1749999989988,1,single,r_g_01.png,color,green
134717,,c7fbf674-7151-4b31-9215-b4523cffdc16,1,zTLlofzu1617308262647,351,figural_single_2_2,1,,0,blue,415.95500000042375,1,single,r_b_11.png,color,blue
134717,,c7fbf674-7151-4b31-9215-b4523cffdc16,1,zTLlofzu1617308262647,352,figural_single_2_2,1,,0,green,467.0900000000838,1,single,r_g_05.png,color,green
134717,,c7fbf674-7151-4b31-9215-b4523cffdc16,1,zTLlofzu1617308262647,353,figural_single_2_2,1,,0,blue,446.0350000008475,1,single,r_b_10.png,color,blue
134717,,c7fbf674-7151-4b31-9215-b4523cffdc16,1,zTLlofzu1617308262647,354,figural_single_2_2,1,,0,blue,622.9199999996927,1,single,e_b_13.png,color,blue
134717,,c7fbf674-7151-4b31-9215-b4523cffdc16,1,zTLlofzu1617308262647,355,figural_single_2_2,1,,0,green,412.94000000017695,1,single,e_g_14.png,color,green
134717,,c7fbf674-7151-4b31-9215-b4523cffdc16,1,zTLlofzu1617308262647,356,figural_single_2_2,1,,0,blue,542.815000000759,1,single,e_b_07.png,color,blue
134717,,c7fbf674-7151-4b31-9215-b4523cffdc16,1,zTLlofzu1617308262647,357,figural_single_2_2,1,,0,blue,497.04999999993015,1,single,e_b_09.png,color,blue
134717,,c7fbf674-7151-4b31-9215-b4523cffdc16,1,zTLlofzu1617308262647,358,figural_single_1_2,1,,0,angular,958.5299999999115,1,single,e_g_11.png,shape,angular
134717,,c7fbf674-7151-4b31-9215-b4523cffdc16,1,zTLlofzu1617308262647,359,figural_single_1_2,1,,0,round,526.5049999997718,1,single,r_b_16.png,shape,round
134717,,c7fbf674-7151-4b31-9215-b4523cffdc16,1,zTLlofzu1617308262647,360,figural_single_1_2,1,,0,round,461.52500000060536,0,single,e_b_10.png,shape,angular
134717,,c7fbf674-7151-4b31-9215-b4523cffdc16,1,zTLlofzu1617308262647,361,figural_single_1_2,1,,0,round,609.6749999996973,1,single,r_b_02.png,shape,round
134717,,c7fbf674-7151-4b31-9215-b4523cffdc16,1,zTLlofzu1617308262647,362,figural_single_1_2,1,,0,angular,555.8249999993714,0,single,r_g_08.png,shape,round
134717,,c7fbf674-7151-4b31-9215-b4523cffdc16,1,zTLlofzu1617308262647,363,figural_single_1_2,1,,0,angular,913.4000000013039,1,single,e_g_02.png,shape,angular
134717,,c7fbf674-7151-4b31-9215-b4523cffdc16,1,zTLlofzu1617308262647,364,figural_single_1_2,1,,0,round,804.6850000009872,1,single,r_g_05.png,shape,round
134717,,c7fbf674-7151-4b31-9215-b4523cffdc16,1,zTLlofzu1617308262647,365,figural_single_1_2,1,,0,angular,690.5950000000885,1,single,e_b_15.png,shape,angular
134717,,c7fbf674-7151-4b31-9215-b4523cffdc16,1,zTLlofzu1617308262647,366,figural_single_1_2,1,,0,round,678.2599999987287,1,single,r_b_09.png,shape,round
134717,,c7fbf674-7151-4b31-9215-b4523cffdc16,1,zTLlofzu1617308262647,367,figural_single_1_2,1,,0,angular,1205.4399999997113,1,single,e_b_12.png,shape,angular
134717,,c7fbf674-7151-4b31-9215-b4523cffdc16,1,zTLlofzu1617308262647,368,figural_single_1_2,1,,0,angular,593.7049999992596,1,single,e_g_15.png,shape,angular
134717,,c7fbf674-7151-4b31-9215-b4523cffdc16,1,zTLlofzu1617308262647,369,figural_single_1_2,1,,0,round,579.0350000006147,1,single,r_g_04.png,shape,round
134717,,c7fbf674-7151-4b31-9215-b4523cffdc16,1,zTLlofzu1617308262647,370,figural_single_1_2,1,,0,angular,554.2199999999721,1,single,e_b_14.png,shape,angular
134717,,c7fbf674-7151-4b31-9215-b4523cffdc16,1,zTLlofzu1617308262647,371,figural_single_1_2,1,,0,round,492.44000000006054,0,single,e_b_02.png,shape,angular
134717,,c7fbf674-7151-4b31-9215-b4523cffdc16,1,zTLlofzu1617308262647,372,figural_single_1_2,1,,0,round,450.7850000008475,1,single,r_g_15.png,shape,round
134717,,c7fbf674-7151-4b31-9215-b4523cffdc16,1,zTLlofzu1617308262647,373,figural_single_1_2,1,,0,angular,496.11000000010245,1,single,e_b_11.png,shape,angular
134717,,c7fbf674-7151-4b31-9215-b4523cffdc16,1,zTLlofzu1617308262647,374,figural_single_1_2,1,,0,angular,559.6600000007311,0,single,r_b_07.png,shape,round
134717,,c7fbf674-7151-4b31-9215-b4523cffdc16,1,zTLlofzu1617308262647,375,figural_single_1_2,1,,0,round,997.2699999999022,1,single,r_g_06.png,shape,round
134717,,c7fbf674-7151-4b31-9215-b4523cffdc16,1,zTLlofzu1617308262647,376,figural_single_1_2,1,,0,round,672.6250000010477,1,single,r_g_02.png,shape,round
134717,,c7fbf674-7151-4b31-9215-b4523cffdc16,1,zTLlofzu1617308262647,377,figural_single_1_2,1,,0,angular,641.2999999993481,1,single,e_b_09.png,shape,angular
134717,,c7fbf674-7151-4b31-9215-b4523cffdc16,1,zTLlofzu1617308262647,378,figural_single_1_2,1,,0,round,188.5799999999581,1,single,r_b_15.png,shape,round
134717,,c7fbf674-7151-4b31-9215-b4523cffdc16,1,zTLlofzu1617308262647,379,figural_single_1_2,1,,0,angular,80.38999999919906,1,single,e_g_14.png,shape,angular
134717,,c7fbf674-7151-4b31-9215-b4523cffdc16,1,zTLlofzu1617308262647,380,figural_single_1_2,1,,0,angular,7.874999999301508,0,single,r_b_04.png,shape,round
134717,,c7fbf674-7151-4b31-9215-b4523cffdc16,1,zTLlofzu1617308262647,381,figural_single_1_2,1,,0,round,34.879999999306165,1,single,r_g_09.png,shape,round
134717,,c7fbf674-7151-4b31-9215-b4523cffdc16,1,zTLlofzu1617308262647,382,figural_single_1_2,1,,0,angular,119.71000000089407,1,single,e_g_03.png,shape,angular
134717,,c7fbf674-7151-4b31-9215-b4523cffdc16,1,zTLlofzu1617308262647,383,figural_single_1_2,1,,0,round,92.24999999976717,1,single,r_b_13.png,shape,round
134717,,c7fbf674-7151-4b31-9215-b4523cffdc16,1,zTLlofzu1617308262647,384,figural_single_1_2,1,,0,round,84.17999999981839,1,single,r_b_03.png,shape,round
134717,,c7fbf674-7151-4b31-9215-b4523cffdc16,1,zTLlofzu1617308262647,385,figural_single_1_2,1,,0,round,46.68499999935739,1,single,r_g_14.png,shape,round
134717,,c7fbf674-7151-4b31-9215-b4523cffdc16,1,zTLlofzu1617308262647,386,figural_single_1_2,1,,0,round,14.914999999688007,0,single,e_b_05.png,shape,angular
134717,,c7fbf674-7151-4b31-9215-b4523cffdc16,1,zTLlofzu1617308262647,387,figural_single_1_2,1,,0,round,65.20999999891501,1,single,r_b_10.png,shape,round
134717,,c7fbf674-7151-4b31-9215-b4523cffdc16,1,zTLlofzu1617308262647,388,figural_single_1_2,1,,0,angular,115.94499999959953,0,single,r_b_12.png,shape,round
134717,,c7fbf674-7151-4b31-9215-b4523cffdc16,1,zTLlofzu1617308262647,389,figural_single_1_2,1,,0,angular,78.67999999865424,0,single,r_b_14.png,shape,round
134717,,c7fbf674-7151-4b31-9215-b4523cffdc16,1,zTLlofzu1617308262647,390,figural_single_1_2,1,,0,angular,88.12000000034459,1,single,e_g_16.png,shape,angular
134717,,c7fbf674-7151-4b31-9215-b4523cffdc16,1,zTLlofzu1617308262647,391,figural_single_1_2,1,,0,angular,48.95000000030268,0,single,r_g_12.png,shape,round
134717,,c7fbf674-7151-4b31-9215-b4523cffdc16,1,zTLlofzu1617308262647,392,figural_single_1_2,1,,0,angular,89.33000000065658,0,single,r_g_11.png,shape,round
134717,,c7fbf674-7151-4b31-9215-b4523cffdc16,1,zTLlofzu1617308262647,393,figural_single_1_2,1,,0,round,6.550000000046566,0,single,e_b_03.png,shape,angular
134717,,c7fbf674-7151-4b31-9215-b4523cffdc16,1,zTLlofzu1617308262647,394,figural_single_1_2,1,,0,angular,23.810000000637956,1,single,e_b_04.png,shape,angular
134717,,c7fbf674-7151-4b31-9215-b4523cffdc16,1,zTLlofzu1617308262647,395,figural_single_1_2,1,,0,angular,82.77500000083819,0,single,r_b_11.png,shape,round
134717,,c7fbf674-7151-4b31-9215-b4523cffdc16,1,zTLlofzu1617308262647,396,figural_single_1_2,1,,0,angular,69.62500000011642,1,single,e_g_05.png,shape,angular
134717,,c7fbf674-7151-4b31-9215-b4523cffdc16,1,zTLlofzu1617308262647,397,figural_single_1_2,1,,0,angular,79.54500000050757,1,single,e_b_16.png,shape,angular
134717,,c7fbf674-7151-4b31-9215-b4523cffdc16,1,zTLlofzu1617308262647,398,figural_single_1_2,1,,0,angular,68.04999999981374,1,single,e_g_13.png,shape,angular
134717,,c7fbf674-7151-4b31-9215-b4523cffdc16,1,zTLlofzu1617308262647,399,figural_single_1_2,1,,0,angular,64.1149999992922,0,single,r_g_01.png,shape,round
134717,,c7fbf674-7151-4b31-9215-b4523cffdc16,1,zTLlofzu1617308262647,400,figural_single_1_2,1,,0,angular,93.20499999914318,1,single,e_b_08.png,shape,angular
134717,,c7fbf674-7151-4b31-9215-b4523cffdc16,1,zTLlofzu1617308262647,401,figural_single_1_2,1,,0,round,38.82999999949243,0,single,e_g_10.png,shape,angular
134717,,c7fbf674-7151-4b31-9215-b4523cffdc16,1,zTLlofzu1617308262647,402,figural_single_1_2,1,,0,round,116.9499999997206,1,single,r_g_13.png,shape,round
134717,,c7fbf674-7151-4b31-9215-b4523cffdc16,1,zTLlofzu1617308262647,403,figural_single_1_2,1,,0,round,105.36000000138301,0,single,e_b_01.png,shape,angular
134717,,c7fbf674-7151-4b31-9215-b4523cffdc16,1,zTLlofzu1617308262647,404,figural_single_1_2,1,,0,round,92.54999999934807,0,single,e_b_06.png,shape,angular
134717,,c7fbf674-7151-4b31-9215-b4523cffdc16,1,zTLlofzu1617308262647,405,figural_single_1_2,1,,0,round,1.9300000002840534,1,single,r_g_10.png,shape,round
134717,,c7fbf674-7151-4b31-9215-b4523cffdc16,1,zTLlofzu1617308262647,406,figural_single_1_2,1,,0,angular,7.550000000279397,1,single,e_g_08.png,shape,angular
134717,,c7fbf674-7151-4b31-9215-b4523cffdc16,1,zTLlofzu1617308262647,407,figural_single_1_2,1,,0,angular,106.27000000025146,1,single,e_g_07.png,shape,angular
134717,,c7fbf674-7151-4b31-9215-b4523cffdc16,1,zTLlofzu1617308262647,408,figural_single_1_2,1,,0,angular,97.26000000047497,0,single,r_b_06.png,shape,round
134717,,c7fbf674-7151-4b31-9215-b4523cffdc16,1,zTLlofzu1617308262647,409,figural_single_1_2,1,,0,angular,54.70000000053551,1,single,e_g_09.png,shape,angular
134717,,c7fbf674-7151-4b31-9215-b4523cffdc16,1,zTLlofzu1617308262647,410,figural_single_1_2,1,,0,angular,36.97500000090804,0,single,r_b_01.png,shape,round
134717,,c7fbf674-7151-4b31-9215-b4523cffdc16,1,zTLlofzu1617308262647,411,figural_single_1_2,1,,0,angular,24.79999999923166,1,single,e_b_13.png,shape,angular
134717,,c7fbf674-7151-4b31-9215-b4523cffdc16,1,zTLlofzu1617308262647,412,figural_single_1_2,1,,0,angular,34.29000000143424,1,single,e_g_04.png,shape,angular
134717,,c7fbf674-7151-4b31-9215-b4523cffdc16,1,zTLlofzu1617308262647,413,figural_single_1_2,1,,0,angular,43.5749999997206,1,single,e_g_12.png,shape,angular
134717,,c7fbf674-7151-4b31-9215-b4523cffdc16,1,zTLlofzu1617308262647,414,figural_single_1_2,1,,0,angular,30.450000000186265,0,single,r_b_08.png,shape,round
134717,,c7fbf674-7151-4b31-9215-b4523cffdc16,1,zTLlofzu1617308262647,415,figural_single_1_2,1,,0,angular,46.66999999969266,1,single,e_b_07.png,shape,angular
134717,,c7fbf674-7151-4b31-9215-b4523cffdc16,1,zTLlofzu1617308262647,416,figural_single_1_2,1,,0,angular,47.09499999997206,0,single,r_g_03.png,shape,round
134717,,c7fbf674-7151-4b31-9215-b4523cffdc16,1,zTLlofzu1617308262647,417,figural_single_1_2,1,,0,angular,48.97999999963213,1,single,e_g_06.png,shape,angular
134717,,c7fbf674-7151-4b31-9215-b4523cffdc16,1,zTLlofzu1617308262647,418,figural_single_1_2,1,,0,angular,56.3849999998929,0,single,r_g_16.png,shape,round
134717,,c7fbf674-7151-4b31-9215-b4523cffdc16,1,zTLlofzu1617308262647,419,figural_single_1_2,1,,0,angular,49.94500000064727,0,single,r_b_05.png,shape,round
134717,,c7fbf674-7151-4b31-9215-b4523cffdc16,1,zTLlofzu1617308262647,420,figural_single_1_2,1,,0,angular,79.54500000050757,1,single,e_g_01.png,shape,angular
134717,,c7fbf674-7151-4b31-9215-b4523cffdc16,1,zTLlofzu1617308262647,421,figural_single_1_2,1,,0,angular,67.57500000100117,0,single,r_g_07.png,shape,round