userCode,extId,moduleId,sessionId,sessionToken,trialId,executableId,session.complete,session.condition,session.forceExit,givenResponse,reactionTime,score,shiftingType,stimulusValue,stimulusType,correctResponse
134950,,c7fbf674-7151-4b31-9215-b4523cffdc16,1,fwTbe6O31617793464794,1,figural_single_1_practice,1,,0,round,571.2299999995594,1,single,r_b_10.png,shape,round
134950,,c7fbf674-7151-4b31-9215-b4523cffdc16,1,fwTbe6O31617793464794,2,figural_single_1_practice,1,,0,angular,401.30000000044674,1,single,e_b_09.png,shape,angular
134950,,c7fbf674-7151-4b31-9215-b4523cffdc16,1,fwTbe6O31617793464794,3,figural_single_1_practice,1,,0,round,411.9600000003629,1,single,r_b_11.png,shape,round
134950,,c7fbf674-7151-4b31-9215-b4523cffdc16,1,fwTbe6O31617793464794,4,figural_single_1_practice,1,,0,round,559.849999999642,1,single,r_g_05.png,shape,round
134950,,c7fbf674-7151-4b31-9215-b4523cffdc16,1,fwTbe6O31617793464794,5,figural_single_1_practice,1,,0,angular,644.1549999999552,1,single,e_b_14.png,shape,angular
134950,,c7fbf674-7151-4b31-9215-b4523cffdc16,1,fwTbe6O31617793464794,6,figural_single_1_practice,1,,0,angular,610.9699999997247,1,single,e_g_07.png,shape,angular
134950,,c7fbf674-7151-4b31-9215-b4523cffdc16,1,fwTbe6O31617793464794,7,figural_single_1_practice,1,,0,angular,494.090000000142,1,single,e_g_12.png,shape,angular
134950,,c7fbf674-7151-4b31-9215-b4523cffdc16,1,fwTbe6O31617793464794,8,figural_single_1_practice,1,,0,round,389.1750000002503,1,single,r_b_16.png,shape,round
134950,,c7fbf674-7151-4b31-9215-b4523cffdc16,1,fwTbe6O31617793464794,9,figural_single_1_practice,1,,0,round,425.4300000002331,1,single,r_g_02.png,shape,round
134950,,c7fbf674-7151-4b31-9215-b4523cffdc16,1,fwTbe6O31617793464794,10,figural_single_1_practice,1,,0,angular,580.5399999999281,1,single,e_b_04.png,shape,angular
134950,,c7fbf674-7151-4b31-9215-b4523cffdc16,1,fwTbe6O31617793464794,11,figural_single_1_practice,1,,0,angular,544.6900000006281,1,single,e_g_06.png,shape,angular
134950,,c7fbf674-7151-4b31-9215-b4523cffdc16,1,fwTbe6O31617793464794,12,figural_single_1_practice,1,,0,round,476.8800000001647,1,single,r_g_15.png,shape,round
134950,,c7fbf674-7151-4b31-9215-b4523cffdc16,1,fwTbe6O31617793464794,13,figural_single_1_1,1,,0,round,432.4299999998402,1,single,r_b_01.png,shape,round
134950,,c7fbf674-7151-4b31-9215-b4523cffdc16,1,fwTbe6O31617793464794,14,figural_single_1_1,1,,0,angular,484.61500000030355,1,single,e_g_11.png,shape,angular
134950,,c7fbf674-7151-4b31-9215-b4523cffdc16,1,fwTbe6O31617793464794,15,figural_single_1_1,1,,0,round,479.1400000003632,1,single,r_b_10.png,shape,round
134950,,c7fbf674-7151-4b31-9215-b4523cffdc16,1,fwTbe6O31617793464794,16,figural_single_1_1,1,,0,round,460.5949999995646,1,single,r_b_06.png,shape,round
134950,,c7fbf674-7151-4b31-9215-b4523cffdc16,1,fwTbe6O31617793464794,17,figural_single_1_1,1,,0,angular,523.0050000000192,1,single,e_g_07.png,shape,angular
134950,,c7fbf674-7151-4b31-9215-b4523cffdc16,1,fwTbe6O31617793464794,18,figural_single_1_1,1,,0,angular,652.314999999362,1,single,e_g_13.png,shape,angular
134950,,c7fbf674-7151-4b31-9215-b4523cffdc16,1,fwTbe6O31617793464794,19,figural_single_1_1,1,,0,round,544.6050000000541,1,single,r_g_06.png,shape,round
134950,,c7fbf674-7151-4b31-9215-b4523cffdc16,1,fwTbe6O31617793464794,20,figural_single_1_1,1,,0,angular,563.0500000006577,1,single,e_g_16.png,shape,angular
134950,,c7fbf674-7151-4b31-9215-b4523cffdc16,1,fwTbe6O31617793464794,21,figural_single_1_1,1,,0,angular,524.524999999805,1,single,e_b_09.png,shape,angular
134950,,c7fbf674-7151-4b31-9215-b4523cffdc16,1,fwTbe6O31617793464794,22,figural_single_1_1,1,,0,angular,525.6650000001246,1,single,e_b_08.png,shape,angular
134950,,c7fbf674-7151-4b31-9215-b4523cffdc16,1,fwTbe6O31617793464794,23,figural_single_1_1,1,,0,round,432.9649999999674,1,single,r_b_12.png,shape,round
134950,,c7fbf674-7151-4b31-9215-b4523cffdc16,1,fwTbe6O31617793464794,24,figural_single_1_1,1,,0,angular,588.5049999997136,1,single,e_b_10.png,shape,angular
134950,,c7fbf674-7151-4b31-9215-b4523cffdc16,1,fwTbe6O31617793464794,25,figural_single_1_1,1,,0,angular,457.79499999935797,1,single,e_b_05.png,shape,angular
134950,,c7fbf674-7151-4b31-9215-b4523cffdc16,1,fwTbe6O31617793464794,26,figural_single_1_1,1,,0,round,418.2350000000879,1,single,r_b_13.png,shape,round
134950,,c7fbf674-7151-4b31-9215-b4523cffdc16,1,fwTbe6O31617793464794,27,figural_single_1_1,1,,0,round,518.6549999998533,1,single,r_g_15.png,shape,round
134950,,c7fbf674-7151-4b31-9215-b4523cffdc16,1,fwTbe6O31617793464794,28,figural_single_1_1,1,,0,angular,391.0249999998923,1,single,e_g_09.png,shape,angular
134950,,c7fbf674-7151-4b31-9215-b4523cffdc16,1,fwTbe6O31617793464794,29,figural_single_1_1,1,,0,round,575.5650000000896,1,single,r_g_02.png,shape,round
134950,,c7fbf674-7151-4b31-9215-b4523cffdc16,1,fwTbe6O31617793464794,30,figural_single_1_1,1,,0,round,624.9050000005809,1,single,r_b_07.png,shape,round
134950,,c7fbf674-7151-4b31-9215-b4523cffdc16,1,fwTbe6O31617793464794,31,figural_single_1_1,1,,0,angular,382.11000000046624,1,single,e_b_06.png,shape,angular
134950,,c7fbf674-7151-4b31-9215-b4523cffdc16,1,fwTbe6O31617793464794,32,figural_single_1_1,1,,0,round,440.8100000000559,1,single,r_b_16.png,shape,round
134950,,c7fbf674-7151-4b31-9215-b4523cffdc16,1,fwTbe6O31617793464794,33,figural_single_1_1,1,,0,angular,465.1499999999942,0,single,r_b_02.png,shape,round
134950,,c7fbf674-7151-4b31-9215-b4523cffdc16,1,fwTbe6O31617793464794,34,figural_single_1_1,1,,0,angular,710.5250000004307,1,single,e_g_06.png,shape,angular
134950,,c7fbf674-7151-4b31-9215-b4523cffdc16,1,fwTbe6O31617793464794,35,figural_single_1_1,1,,0,round,629.7850000000908,1,single,r_g_03.png,shape,round
134950,,c7fbf674-7151-4b31-9215-b4523cffdc16,1,fwTbe6O31617793464794,36,figural_single_1_1,1,,0,angular,520.4000000003289,1,single,e_g_05.png,shape,angular
134950,,c7fbf674-7151-4b31-9215-b4523cffdc16,1,fwTbe6O31617793464794,37,figural_single_1_1,1,,0,angular,539.3800000001793,1,single,e_b_13.png,shape,angular
134950,,c7fbf674-7151-4b31-9215-b4523cffdc16,1,fwTbe6O31617793464794,38,figural_single_1_1,1,,0,angular,565.8549999998359,1,single,e_g_15.png,shape,angular
134950,,c7fbf674-7151-4b31-9215-b4523cffdc16,1,fwTbe6O31617793464794,39,figural_single_1_1,1,,0,round,447.10000000032596,1,single,r_g_08.png,shape,round
134950,,c7fbf674-7151-4b31-9215-b4523cffdc16,1,fwTbe6O31617793464794,40,figural_single_1_1,1,,0,round,674.5700000001234,1,single,r_b_05.png,shape,round
134950,,c7fbf674-7151-4b31-9215-b4523cffdc16,1,fwTbe6O31617793464794,41,figural_single_1_1,1,,0,angular,436.7999999994936,1,single,e_b_02.png,shape,angular
134950,,c7fbf674-7151-4b31-9215-b4523cffdc16,1,fwTbe6O31617793464794,42,figural_single_1_1,1,,0,angular,558.2750000003289,1,single,e_g_14.png,shape,angular
134950,,c7fbf674-7151-4b31-9215-b4523cffdc16,1,fwTbe6O31617793464794,43,figural_single_1_1,1,,0,round,467.5849999994243,1,single,r_b_03.png,shape,round
134950,,c7fbf674-7151-4b31-9215-b4523cffdc16,1,fwTbe6O31617793464794,44,figural_single_1_1,1,,0,angular,581.1149999999616,1,single,e_b_14.png,shape,angular
134950,,c7fbf674-7151-4b31-9215-b4523cffdc16,1,fwTbe6O31617793464794,45,figural_single_1_1,1,,0,angular,593.3100000002014,1,single,e_b_04.png,shape,angular
134950,,c7fbf674-7151-4b31-9215-b4523cffdc16,1,fwTbe6O31617793464794,46,figural_single_1_1,1,,0,angular,656.6250000005384,1,single,e_b_03.png,shape,angular
134950,,c7fbf674-7151-4b31-9215-b4523cffdc16,1,fwTbe6O31617793464794,47,figural_single_1_1,1,,0,round,406.89500000007683,1,single,r_g_16.png,shape,round
134950,,c7fbf674-7151-4b31-9215-b4523cffdc16,1,fwTbe6O31617793464794,48,figural_single_1_1,1,,0,round,413.4249999997264,1,single,r_g_13.png,shape,round
134950,,c7fbf674-7151-4b31-9215-b4523cffdc16,1,fwTbe6O31617793464794,49,figural_single_1_1,1,,0,round,378.7449999999808,1,single,r_g_14.png,shape,round
134950,,c7fbf674-7151-4b31-9215-b4523cffdc16,1,fwTbe6O31617793464794,50,figural_single_1_1,1,,0,angular,457.3100000006816,1,single,e_g_08.png,shape,angular
134950,,c7fbf674-7151-4b31-9215-b4523cffdc16,1,fwTbe6O31617793464794,51,figural_single_1_1,1,,0,round,487.9600000003993,1,single,r_g_09.png,shape,round
134950,,c7fbf674-7151-4b31-9215-b4523cffdc16,1,fwTbe6O31617793464794,52,figural_single_1_1,1,,0,angular,518.1499999998778,1,single,e_g_04.png,shape,angular
134950,,c7fbf674-7151-4b31-9215-b4523cffdc16,1,fwTbe6O31617793464794,53,figural_single_1_1,1,,0,angular,580.4200000002311,1,single,e_b_15.png,shape,angular
134950,,c7fbf674-7151-4b31-9215-b4523cffdc16,1,fwTbe6O31617793464794,54,figural_single_1_1,1,,0,round,369.8100000001432,1,single,r_g_04.png,shape,round
134950,,c7fbf674-7151-4b31-9215-b4523cffdc16,1,fwTbe6O31617793464794,55,figural_single_1_1,1,,0,angular,407.3350000007922,1,single,e_b_07.png,shape,angular
134950,,c7fbf674-7151-4b31-9215-b4523cffdc16,1,fwTbe6O31617793464794,56,figural_single_1_1,1,,0,angular,368.9249999997701,1,single,e_b_16.png,shape,angular
134950,,c7fbf674-7151-4b31-9215-b4523cffdc16,1,fwTbe6O31617793464794,57,figural_single_1_1,1,,0,round,425.2599999999802,1,single,r_b_08.png,shape,round
134950,,c7fbf674-7151-4b31-9215-b4523cffdc16,1,fwTbe6O31617793464794,58,figural_single_1_1,1,,0,angular,484.80000000017753,1,single,e_g_12.png,shape,angular
134950,,c7fbf674-7151-4b31-9215-b4523cffdc16,1,fwTbe6O31617793464794,59,figural_single_1_1,1,,0,round,411.1899999997986,1,single,r_b_14.png,shape,round
134950,,c7fbf674-7151-4b31-9215-b4523cffdc16,1,fwTbe6O31617793464794,60,figural_single_1_1,1,,0,angular,375.6499999999505,0,single,r_g_05.png,shape,round
134950,,c7fbf674-7151-4b31-9215-b4523cffdc16,1,fwTbe6O31617793464794,61,figural_single_1_1,1,,0,round,698.2000000007101,1,single,r_g_01.png,shape,round
134950,,c7fbf674-7151-4b31-9215-b4523cffdc16,1,fwTbe6O31617793464794,62,figural_single_1_1,1,,0,angular,536.2350000004953,1,single,e_g_02.png,shape,angular
134950,,c7fbf674-7151-4b31-9215-b4523cffdc16,1,fwTbe6O31617793464794,63,figural_single_1_1,1,,0,round,498.5950000000157,1,single,r_g_11.png,shape,round
134950,,c7fbf674-7151-4b31-9215-b4523cffdc16,1,fwTbe6O31617793464794,64,figural_single_1_1,1,,0,round,419.9650000000547,1,single,r_g_10.png,shape,round
134950,,c7fbf674-7151-4b31-9215-b4523cffdc16,1,fwTbe6O31617793464794,65,figural_single_1_1,1,,0,round,525.405000000319,1,single,r_b_04.png,shape,round
134950,,c7fbf674-7151-4b31-9215-b4523cffdc16,1,fwTbe6O31617793464794,66,figural_single_1_1,1,,0,angular,426.7700000000332,1,single,e_g_01.png,shape,angular
134950,,c7fbf674-7151-4b31-9215-b4523cffdc16,1,fwTbe6O31617793464794,67,figural_single_1_1,1,,0,round,472.56500000003143,1,single,r_b_09.png,shape,round
134950,,c7fbf674-7151-4b31-9215-b4523cffdc16,1,fwTbe6O31617793464794,68,figural_single_1_1,1,,0,round,447.6599999998143,1,single,r_b_15.png,shape,round
134950,,c7fbf674-7151-4b31-9215-b4523cffdc16,1,fwTbe6O31617793464794,69,figural_single_1_1,1,,0,round,535.3050000003277,1,single,r_g_07.png,shape,round
134950,,c7fbf674-7151-4b31-9215-b4523cffdc16,1,fwTbe6O31617793464794,70,figural_single_1_1,1,,0,angular,503.65999999940686,1,single,e_b_01.png,shape,angular
134950,,c7fbf674-7151-4b31-9215-b4523cffdc16,1,fwTbe6O31617793464794,71,figural_single_1_1,1,,0,angular,497.88499999976193,1,single,e_b_12.png,shape,angular
134950,,c7fbf674-7151-4b31-9215-b4523cffdc16,1,fwTbe6O31617793464794,72,figural_single_1_1,1,,0,round,402.4549999994633,1,single,r_b_11.png,shape,round
134950,,c7fbf674-7151-4b31-9215-b4523cffdc16,1,fwTbe6O31617793464794,73,figural_single_1_1,1,,0,round,443.9349999993283,1,single,r_g_12.png,shape,round
134950,,c7fbf674-7151-4b31-9215-b4523cffdc16,1,fwTbe6O31617793464794,74,figural_single_1_1,1,,0,angular,540.1600000004692,1,single,e_g_03.png,shape,angular
134950,,c7fbf674-7151-4b31-9215-b4523cffdc16,1,fwTbe6O31617793464794,75,figural_single_1_1,1,,0,round,400.03499999965425,0,single,e_g_10.png,shape,angular
134950,,c7fbf674-7151-4b31-9215-b4523cffdc16,1,fwTbe6O31617793464794,76,figural_single_1_1,1,,0,angular,569.1999999998952,1,single,e_b_11.png,shape,angular
134950,,c7fbf674-7151-4b31-9215-b4523cffdc16,1,fwTbe6O31617793464794,77,figural_single_2_practice,1,,0,blue,479.8949999994802,1,single,r_b_07.png,color,blue
134950,,c7fbf674-7151-4b31-9215-b4523cffdc16,1,fwTbe6O31617793464794,78,figural_single_2_practice,1,,0,green,382.30000000020664,1,single,r_g_09.png,color,green
134950,,c7fbf674-7151-4b31-9215-b4523cffdc16,1,fwTbe6O31617793464794,79,figural_single_2_practice,1,,0,green,383.25499999972817,1,single,e_g_04.png,color,green
134950,,c7fbf674-7151-4b31-9215-b4523cffdc16,1,fwTbe6O31617793464794,80,figural_single_2_practice,1,,0,blue,432.7400000001944,1,single,r_b_14.png,color,blue
134950,,c7fbf674-7151-4b31-9215-b4523cffdc16,1,fwTbe6O31617793464794,81,figural_single_2_practice,1,,0,blue,369.06499999987136,1,single,e_b_06.png,color,blue
134950,,c7fbf674-7151-4b31-9215-b4523cffdc16,1,fwTbe6O31617793464794,82,figural_single_2_practice,1,,0,green,284.1449999996112,1,single,e_g_10.png,color,green
134950,,c7fbf674-7151-4b31-9215-b4523cffdc16,1,fwTbe6O31617793464794,83,figural_single_2_practice,1,,0,blue,374.40500000047905,1,single,e_b_16.png,color,blue
134950,,c7fbf674-7151-4b31-9215-b4523cffdc16,1,fwTbe6O31617793464794,84,figural_single_2_practice,1,,0,green,447.64500000019325,1,single,e_g_08.png,color,green
134950,,c7fbf674-7151-4b31-9215-b4523cffdc16,1,fwTbe6O31617793464794,85,figural_single_2_practice,1,,0,blue,292.92000000078406,1,single,e_b_02.png,color,blue
134950,,c7fbf674-7151-4b31-9215-b4523cffdc16,1,fwTbe6O31617793464794,86,figural_single_2_practice,1,,0,green,380.35500000022876,1,single,r_g_03.png,color,green
134950,,c7fbf674-7151-4b31-9215-b4523cffdc16,1,fwTbe6O31617793464794,87,figural_single_2_practice,1,,0,blue,362.8099999996339,1,single,r_b_13.png,color,blue
134950,,c7fbf674-7151-4b31-9215-b4523cffdc16,1,fwTbe6O31617793464794,88,figural_single_2_practice,1,,0,green,300.8049999998475,1,single,r_g_01.png,color,green
134950,,c7fbf674-7151-4b31-9215-b4523cffdc16,1,fwTbe6O31617793464794,89,figural_single_2_1,1,,0,green,368.05000000004657,1,single,r_g_07.png,color,green
134950,,c7fbf674-7151-4b31-9215-b4523cffdc16,1,fwTbe6O31617793464794,90,figural_single_2_1,1,,0,blue,359.46500000043306,1,single,r_b_03.png,color,blue
134950,,c7fbf674-7151-4b31-9215-b4523cffdc16,1,fwTbe6O31617793464794,91,figural_single_2_1,1,,0,green,457.09999999962747,1,single,r_g_08.png,color,green
134950,,c7fbf674-7151-4b31-9215-b4523cffdc16,1,fwTbe6O31617793464794,92,figural_single_2_1,1,,0,green,387.4550000000454,1,single,e_g_01.png,color,green
134950,,c7fbf674-7151-4b31-9215-b4523cffdc16,1,fwTbe6O31617793464794,93,figural_single_2_1,1,,0,green,383.98000000050524,1,single,e_g_09.png,color,green
134950,,c7fbf674-7151-4b31-9215-b4523cffdc16,1,fwTbe6O31617793464794,94,figural_single_2_1,1,,0,blue,293.24500000075204,1,single,r_b_08.png,color,blue
134950,,c7fbf674-7151-4b31-9215-b4523cffdc16,1,fwTbe6O31617793464794,95,figural_single_2_1,1,,0,blue,386.0299999996787,1,single,e_b_03.png,color,blue
134950,,c7fbf674-7151-4b31-9215-b4523cffdc16,1,fwTbe6O31617793464794,96,figural_single_2_1,1,,0,green,341.4900000006892,1,single,e_g_07.png,color,green
134950,,c7fbf674-7151-4b31-9215-b4523cffdc16,1,fwTbe6O31617793464794,97,figural_single_2_1,1,,0,blue,344.509999999922,1,single,e_b_02.png,color,blue
134950,,c7fbf674-7151-4b31-9215-b4523cffdc16,1,fwTbe6O31617793464794,98,figural_single_2_1,1,,0,green,288.5999999998603,1,single,e_g_04.png,color,green
134950,,c7fbf674-7151-4b31-9215-b4523cffdc16,1,fwTbe6O31617793464794,99,figural_single_2_1,1,,0,blue,371.11000000004424,0,single,r_g_06.png,color,green
134950,,c7fbf674-7151-4b31-9215-b4523cffdc16,1,fwTbe6O31617793464794,100,figural_single_2_1,1,,0,blue,1273.480000000738,1,single,e_b_08.png,color,blue
134950,,c7fbf674-7151-4b31-9215-b4523cffdc16,1,fwTbe6O31617793464794,101,figural_single_2_1,1,,0,green,257.66500000009546,1,single,e_g_16.png,color,green
134950,,c7fbf674-7151-4b31-9215-b4523cffdc16,1,fwTbe6O31617793464794,102,figural_single_2_1,1,,0,blue,546.3550000004179,1,single,e_b_06.png,color,blue
134950,,c7fbf674-7151-4b31-9215-b4523cffdc16,1,fwTbe6O31617793464794,103,figural_single_2_1,1,,0,blue,335.6499999999942,1,single,e_b_04.png,color,blue
134950,,c7fbf674-7151-4b31-9215-b4523cffdc16,1,fwTbe6O31617793464794,104,figural_single_2_1,1,,0,green,337.2099999996717,1,single,r_g_10.png,color,green
134950,,c7fbf674-7151-4b31-9215-b4523cffdc16,1,fwTbe6O31617793464794,105,figural_single_2_1,1,,0,blue,432.79999999961,1,single,e_b_12.png,color,blue
134950,,c7fbf674-7151-4b31-9215-b4523cffdc16,1,fwTbe6O31617793464794,106,figural_single_2_1,1,,0,blue,613.1900000000605,1,single,r_b_09.png,color,blue
134950,,c7fbf674-7151-4b31-9215-b4523cffdc16,1,fwTbe6O31617793464794,107,figural_single_2_1,1,,0,green,381.2849999994796,1,single,r_g_15.png,color,green
134950,,c7fbf674-7151-4b31-9215-b4523cffdc16,1,fwTbe6O31617793464794,108,figural_single_2_1,1,,0,green,334.99500000016997,1,single,e_g_08.png,color,green
134950,,c7fbf674-7151-4b31-9215-b4523cffdc16,1,fwTbe6O31617793464794,109,figural_single_2_1,1,,0,blue,632.5500000002794,1,single,e_b_11.png,color,blue
134950,,c7fbf674-7151-4b31-9215-b4523cffdc16,1,fwTbe6O31617793464794,110,figural_single_2_1,1,,0,blue,562.7949999998382,1,single,r_b_13.png,color,blue
134950,,c7fbf674-7151-4b31-9215-b4523cffdc16,1,fwTbe6O31617793464794,111,figural_single_2_1,1,,0,blue,308.1349999993108,1,single,r_b_12.png,color,blue
134950,,c7fbf674-7151-4b31-9215-b4523cffdc16,1,fwTbe6O31617793464794,112,figural_single_2_1,1,,0,blue,295.70499999955064,1,single,r_b_15.png,color,blue
134950,,c7fbf674-7151-4b31-9215-b4523cffdc16,1,fwTbe6O31617793464794,113,figural_single_2_1,1,,0,green,329.34000000022934,1,single,e_g_05.png,color,green
134950,,c7fbf674-7151-4b31-9215-b4523cffdc16,1,fwTbe6O31617793464794,114,figural_single_2_1,1,,0,green,272.859999999142,1,single,r_g_12.png,color,green
134950,,c7fbf674-7151-4b31-9215-b4523cffdc16,1,fwTbe6O31617793464794,115,figural_single_2_1,1,,0,blue,307.4400000004971,1,single,r_b_02.png,color,blue
134950,,c7fbf674-7151-4b31-9215-b4523cffdc16,1,fwTbe6O31617793464794,116,figural_single_2_1,1,,0,blue,533.0199999998731,1,single,r_b_01.png,color,blue
134950,,c7fbf674-7151-4b31-9215-b4523cffdc16,1,fwTbe6O31617793464794,117,figural_single_2_1,1,,0,blue,421.85500000050524,1,single,r_b_07.png,color,blue
134950,,c7fbf674-7151-4b31-9215-b4523cffdc16,1,fwTbe6O31617793464794,118,figural_single_2_1,1,,0,green,304.0699999992503,1,single,e_g_15.png,color,green
134950,,c7fbf674-7151-4b31-9215-b4523cffdc16,1,fwTbe6O31617793464794,119,figural_single_2_1,1,,0,green,373.3050000000803,1,single,e_g_11.png,color,green
134950,,c7fbf674-7151-4b31-9215-b4523cffdc16,1,fwTbe6O31617793464794,120,figural_single_2_1,1,,0,blue,464.55499999958556,1,single,e_b_07.png,color,blue
134950,,c7fbf674-7151-4b31-9215-b4523cffdc16,1,fwTbe6O31617793464794,121,figural_single_2_1,1,,0,green,418.06999999971595,1,single,r_g_04.png,color,green
134950,,c7fbf674-7151-4b31-9215-b4523cffdc16,1,fwTbe6O31617793464794,122,figural_single_2_1,1,,0,green,347.5499999994936,1,single,e_g_02.png,color,green
134950,,c7fbf674-7151-4b31-9215-b4523cffdc16,1,fwTbe6O31617793464794,123,figural_single_2_1,1,,0,blue,317.04000000082306,1,single,e_b_01.png,color,blue
134950,,c7fbf674-7151-4b31-9215-b4523cffdc16,1,fwTbe6O31617793464794,124,figural_single_2_1,1,,0,green,373.47499999942374,0,single,r_b_05.png,color,blue
134950,,c7fbf674-7151-4b31-9215-b4523cffdc16,1,fwTbe6O31617793464794,125,figural_single_2_1,1,,0,green,736.0849999995553,1,single,e_g_03.png,color,green
134950,,c7fbf674-7151-4b31-9215-b4523cffdc16,1,fwTbe6O31617793464794,126,figural_single_2_1,1,,0,blue,307.2299999994284,1,single,r_b_04.png,color,blue
134950,,c7fbf674-7151-4b31-9215-b4523cffdc16,1,fwTbe6O31617793464794,127,figural_single_2_1,1,,0,green,381.8000000001048,1,single,e_g_06.png,color,green
134950,,c7fbf674-7151-4b31-9215-b4523cffdc16,1,fwTbe6O31617793464794,128,figural_single_2_1,1,,0,green,447.2699999996694,1,single,e_g_12.png,color,green
134950,,c7fbf674-7151-4b31-9215-b4523cffdc16,1,fwTbe6O31617793464794,129,figural_single_2_1,1,,0,green,521.8100000001723,1,single,r_g_14.png,color,green
134950,,c7fbf674-7151-4b31-9215-b4523cffdc16,1,fwTbe6O31617793464794,130,figural_single_2_1,1,,0,blue,316.05999999918276,1,single,e_b_09.png,color,blue
134950,,c7fbf674-7151-4b31-9215-b4523cffdc16,1,fwTbe6O31617793464794,131,figural_single_2_1,1,,0,blue,283.69000000020606,1,single,e_b_16.png,color,blue
134950,,c7fbf674-7151-4b31-9215-b4523cffdc16,1,fwTbe6O31617793464794,132,figural_single_2_1,1,,0,green,381.3049999998766,1,single,r_g_01.png,color,green
134950,,c7fbf674-7151-4b31-9215-b4523cffdc16,1,fwTbe6O31617793464794,133,figural_single_2_1,1,,0,green,390.69999999992433,1,single,r_g_09.png,color,green
134950,,c7fbf674-7151-4b31-9215-b4523cffdc16,1,fwTbe6O31617793464794,134,figural_single_2_1,1,,0,green,449.2150000005495,1,single,e_g_13.png,color,green
134950,,c7fbf674-7151-4b31-9215-b4523cffdc16,1,fwTbe6O31617793464794,135,figural_single_2_1,1,,0,blue,450.3100000001723,1,single,r_b_06.png,color,blue
134950,,c7fbf674-7151-4b31-9215-b4523cffdc16,1,fwTbe6O31617793464794,136,figural_single_2_1,1,,0,blue,292.27500000069267,1,single,r_b_14.png,color,blue
134950,,c7fbf674-7151-4b31-9215-b4523cffdc16,1,fwTbe6O31617793464794,137,figural_single_2_1,1,,0,green,384.12499999956344,1,single,r_g_05.png,color,green
134950,,c7fbf674-7151-4b31-9215-b4523cffdc16,1,fwTbe6O31617793464794,138,figural_single_2_1,1,,0,green,520.7099999997881,1,single,e_g_10.png,color,green
134950,,c7fbf674-7151-4b31-9215-b4523cffdc16,1,fwTbe6O31617793464794,139,figural_single_2_1,1,,0,green,389.2700000005716,1,single,r_g_02.png,color,green
134950,,c7fbf674-7151-4b31-9215-b4523cffdc16,1,fwTbe6O31617793464794,140,figural_single_2_1,1,,0,blue,423.6949999994831,1,single,e_b_10.png,color,blue
134950,,c7fbf674-7151-4b31-9215-b4523cffdc16,1,fwTbe6O31617793464794,141,figural_single_2_1,1,,0,blue,314.045000000071,1,single,r_b_16.png,color,blue
134950,,c7fbf674-7151-4b31-9215-b4523cffdc16,1,fwTbe6O31617793464794,142,figural_single_2_1,1,,0,green,328.5900000000838,1,single,r_g_11.png,color,green
134950,,c7fbf674-7151-4b31-9215-b4523cffdc16,1,fwTbe6O31617793464794,143,figural_single_2_1,1,,0,green,540.0549999994691,1,single,r_g_03.png,color,green
134950,,c7fbf674-7151-4b31-9215-b4523cffdc16,1,fwTbe6O31617793464794,144,figural_single_2_1,1,,0,blue,372.45000000076834,1,single,e_b_14.png,color,blue
134950,,c7fbf674-7151-4b31-9215-b4523cffdc16,1,fwTbe6O31617793464794,145,figural_single_2_1,1,,0,blue,439.9599999997008,1,single,e_b_13.png,color,blue
134950,,c7fbf674-7151-4b31-9215-b4523cffdc16,1,fwTbe6O31617793464794,146,figural_single_2_1,1,,0,green,306.40499999935855,0,single,r_b_10.png,color,blue
134950,,c7fbf674-7151-4b31-9215-b4523cffdc16,1,fwTbe6O31617793464794,147,figural_single_2_1,1,,0,green,542.2250000001513,1,single,e_g_14.png,color,green
134950,,c7fbf674-7151-4b31-9215-b4523cffdc16,1,fwTbe6O31617793464794,148,figural_single_2_1,1,,0,blue,1040.3249999999243,1,single,e_b_15.png,color,blue
134950,,c7fbf674-7151-4b31-9215-b4523cffdc16,1,fwTbe6O31617793464794,149,figural_single_2_1,1,,0,blue,299.21999999988475,1,single,e_b_05.png,color,blue
134950,,c7fbf674-7151-4b31-9215-b4523cffdc16,1,fwTbe6O31617793464794,150,figural_single_2_1,1,,0,blue,249.79999999961,1,single,r_b_11.png,color,blue
134950,,c7fbf674-7151-4b31-9215-b4523cffdc16,1,fwTbe6O31617793464794,151,figural_single_2_1,1,,0,green,348.40000000078,1,single,r_g_13.png,color,green
134950,,c7fbf674-7151-4b31-9215-b4523cffdc16,1,fwTbe6O31617793464794,152,figural_single_2_1,1,,0,green,397.89999999993597,1,single,r_g_16.png,color,green
134950,,c7fbf674-7151-4b31-9215-b4523cffdc16,1,fwTbe6O31617793464794,153,figural_mixed_practice,1,,0,angular,797.7199999995646,1,start,e_g_13.png,shape,angular
134950,,c7fbf674-7151-4b31-9215-b4523cffdc16,1,fwTbe6O31617793464794,154,figural_mixed_practice,1,,0,angular,535.7800000001444,1,repetition,e_g_15.png,shape,angular
134950,,c7fbf674-7151-4b31-9215-b4523cffdc16,1,fwTbe6O31617793464794,155,figural_mixed_practice,1,,0,blue,570.9900000001653,1,switch,r_b_02.png,color,blue
134950,,c7fbf674-7151-4b31-9215-b4523cffdc16,1,fwTbe6O31617793464794,156,figural_mixed_practice,1,,0,green,1764.9649999994144,1,repetition,r_g_10.png,color,green
134950,,c7fbf674-7151-4b31-9215-b4523cffdc16,1,fwTbe6O31617793464794,157,figural_mixed_practice,1,,0,round,1034.9249999999302,1,switch,r_b_03.png,shape,round
134950,,c7fbf674-7151-4b31-9215-b4523cffdc16,1,fwTbe6O31617793464794,158,figural_mixed_practice,1,,0,blue,2222.6399999999558,1,switch,e_b_11.png,color,blue
134950,,c7fbf674-7151-4b31-9215-b4523cffdc16,1,fwTbe6O31617793464794,159,figural_mixed_practice,1,,0,green,1174.130000000354,1,repetition,r_g_06.png,color,green
134950,,c7fbf674-7151-4b31-9215-b4523cffdc16,1,fwTbe6O31617793464794,160,figural_mixed_practice,1,,0,round,997.5299999996496,1,switch,r_b_08.png,shape,round
134950,,c7fbf674-7151-4b31-9215-b4523cffdc16,1,fwTbe6O31617793464794,161,figural_mixed_practice,1,,0,round,3389.0650000002934,0,repetition,e_b_12.png,shape,angular
134950,,c7fbf674-7151-4b31-9215-b4523cffdc16,1,fwTbe6O31617793464794,162,figural_mixed_practice,1,,0,round,3068.5700000003562,1,repetition,r_g_04.png,shape,round
134950,,c7fbf674-7151-4b31-9215-b4523cffdc16,1,fwTbe6O31617793464794,163,figural_mixed_practice,1,,0,blue,3393.180000000022,1,switch,e_b_01.png,color,blue
134950,,c7fbf674-7151-4b31-9215-b4523cffdc16,1,fwTbe6O31617793464794,164,figural_mixed_practice,1,,0,green,1098.9950000002864,1,repetition,e_g_05.png,color,green
134950,,c7fbf674-7151-4b31-9215-b4523cffdc16,1,fwTbe6O31617793464794,165,figural_mixed,1,,0,green,849.390000000305,1,start,r_g_12.png,color,green
134950,,c7fbf674-7151-4b31-9215-b4523cffdc16,1,fwTbe6O31617793464794,166,figural_mixed,1,,0,green,461.3900000003923,1,repetition,e_g_16.png,color,green
134950,,c7fbf674-7151-4b31-9215-b4523cffdc16,1,fwTbe6O31617793464794,167,figural_mixed,1,,0,round,1136.9000000004307,1,switch,r_b_01.png,shape,round
134950,,c7fbf674-7151-4b31-9215-b4523cffdc16,1,fwTbe6O31617793464794,168,figural_mixed,1,,0,blue,1243.9500000000407,1,switch,e_b_10.png,color,blue
134950,,c7fbf674-7151-4b31-9215-b4523cffdc16,1,fwTbe6O31617793464794,169,figural_mixed,1,,0,round,2198.604999999574,1,switch,r_g_07.png,shape,round
134950,,c7fbf674-7151-4b31-9215-b4523cffdc16,1,fwTbe6O31617793464794,170,figural_mixed,1,,0,angular,1450.2099999999627,1,repetition,e_g_16.png,shape,angular
134950,,c7fbf674-7151-4b31-9215-b4523cffdc16,1,fwTbe6O31617793464794,171,figural_mixed,1,,0,angular,848.4499999994878,1,repetition,e_b_11.png,shape,angular
134950,,c7fbf674-7151-4b31-9215-b4523cffdc16,1,fwTbe6O31617793464794,172,figural_mixed,1,,0,blue,1173.7050000001327,1,switch,e_b_12.png,color,blue
134950,,c7fbf674-7151-4b31-9215-b4523cffdc16,1,fwTbe6O31617793464794,173,figural_mixed,1,,0,blue,723.3249999999534,1,repetition,r_b_05.png,color,blue
134950,,c7fbf674-7151-4b31-9215-b4523cffdc16,1,fwTbe6O31617793464794,174,figural_mixed,1,,0,angular,852.570000000007,1,switch,e_b_15.png,shape,angular
134950,,c7fbf674-7151-4b31-9215-b4523cffdc16,1,fwTbe6O31617793464794,175,figural_mixed,1,,0,round,735.6150000005146,1,repetition,r_g_01.png,shape,round
134950,,c7fbf674-7151-4b31-9215-b4523cffdc16,1,fwTbe6O31617793464794,176,figural_mixed,1,,0,green,972.7849999999162,1,switch,r_g_11.png,color,green
134950,,c7fbf674-7151-4b31-9215-b4523cffdc16,1,fwTbe6O31617793464794,177,figural_mixed,1,,0,blue,1102.725000000617,1,repetition,e_b_14.png,color,blue
134950,,c7fbf674-7151-4b31-9215-b4523cffdc16,1,fwTbe6O31617793464794,178,figural_mixed,1,,0,green,881.7600000002421,1,repetition,r_g_05.png,color,green
134950,,c7fbf674-7151-4b31-9215-b4523cffdc16,1,fwTbe6O31617793464794,179,figural_mixed,1,,0,angular,1967.4999999997672,1,switch,e_g_09.png,shape,angular
134950,,c7fbf674-7151-4b31-9215-b4523cffdc16,1,fwTbe6O31617793464794,180,figural_mixed,1,,0,round,817.1349999993108,1,repetition,r_b_04.png,shape,round
134950,,c7fbf674-7151-4b31-9215-b4523cffdc16,1,fwTbe6O31617793464794,181,figural_mixed,1,,0,round,1514.1800000001094,1,repetition,r_g_12.png,shape,round
134950,,c7fbf674-7151-4b31-9215-b4523cffdc16,1,fwTbe6O31617793464794,182,figural_mixed,1,,0,round,556.6250000001455,1,repetition,r_b_02.png,shape,round
134950,,c7fbf674-7151-4b31-9215-b4523cffdc16,1,fwTbe6O31617793464794,183,figural_mixed,1,,0,green,1048.9850000003644,1,switch,r_g_04.png,color,green
134950,,c7fbf674-7151-4b31-9215-b4523cffdc16,1,fwTbe6O31617793464794,184,figural_mixed,1,,0,blue,709.8299999997835,1,repetition,e_b_02.png,color,blue
134950,,c7fbf674-7151-4b31-9215-b4523cffdc16,1,fwTbe6O31617793464794,185,figural_mixed,1,,0,blue,526.0200000002515,1,repetition,r_b_16.png,color,blue
134950,,c7fbf674-7151-4b31-9215-b4523cffdc16,1,fwTbe6O31617793464794,186,figural_mixed,1,,0,angular,1011.3950000004261,1,switch,e_g_03.png,shape,angular
134950,,c7fbf674-7151-4b31-9215-b4523cffdc16,1,fwTbe6O31617793464794,187,figural_mixed,1,,0,blue,1167.6950000000652,1,switch,r_b_10.png,color,blue
134950,,c7fbf674-7151-4b31-9215-b4523cffdc16,1,fwTbe6O31617793464794,188,figural_mixed,1,,0,green,647.184999999823,1,repetition,e_g_03.png,color,green
134950,,c7fbf674-7151-4b31-9215-b4523cffdc16,1,fwTbe6O31617793464794,189,figural_mixed,1,,0,green,639.9849999998114,1,repetition,r_g_06.png,color,green
134950,,c7fbf674-7151-4b31-9215-b4523cffdc16,1,fwTbe6O31617793464794,190,figural_mixed,1,,0,round,1141.2900000004738,1,switch,r_b_09.png,shape,round
134950,,c7fbf674-7151-4b31-9215-b4523cffdc16,1,fwTbe6O31617793464794,191,figural_mixed,1,,0,blue,904.0450000002165,1,switch,r_b_02.png,color,blue
134950,,c7fbf674-7151-4b31-9215-b4523cffdc16,1,fwTbe6O31617793464794,192,figural_mixed,1,,0,green,588.2149999997637,1,repetition,r_g_01.png,color,green
134950,,c7fbf674-7151-4b31-9215-b4523cffdc16,1,fwTbe6O31617793464794,193,figural_mixed,1,,0,angular,1035.3800000002375,1,switch,e_g_07.png,shape,angular
134950,,c7fbf674-7151-4b31-9215-b4523cffdc16,1,fwTbe6O31617793464794,194,figural_mixed,1,,0,blue,1371.3050000006333,1,switch,r_b_13.png,color,blue
134950,,c7fbf674-7151-4b31-9215-b4523cffdc16,1,fwTbe6O31617793464794,195,figural_mixed,1,,0,angular,1055.29000000027,1,switch,e_b_14.png,shape,angular
134950,,c7fbf674-7151-4b31-9215-b4523cffdc16,1,fwTbe6O31617793464794,196,figural_mixed,1,,0,round,645.7350000000442,1,repetition,r_g_09.png,shape,round
134950,,c7fbf674-7151-4b31-9215-b4523cffdc16,1,fwTbe6O31617793464794,197,figural_mixed,1,,0,round,564.3449999997392,1,repetition,r_b_11.png,shape,round
134950,,c7fbf674-7151-4b31-9215-b4523cffdc16,1,fwTbe6O31617793464794,198,figural_mixed,1,,0,green,691.8550000000396,1,switch,r_g_07.png,color,green
134950,,c7fbf674-7151-4b31-9215-b4523cffdc16,1,fwTbe6O31617793464794,199,figural_mixed,1,,0,angular,715.7750000005472,1,switch,e_b_04.png,shape,angular
134950,,c7fbf674-7151-4b31-9215-b4523cffdc16,1,fwTbe6O31617793464794,200,figural_mixed,1,,0,round,1003.7050000000745,1,repetition,r_g_14.png,shape,round
134950,,c7fbf674-7151-4b31-9215-b4523cffdc16,1,fwTbe6O31617793464794,201,figural_mixed,1,,0,blue,2325.8799999994226,1,switch,e_b_09.png,color,blue
134950,,c7fbf674-7151-4b31-9215-b4523cffdc16,1,fwTbe6O31617793464794,202,figural_mixed,1,,0,angular,1533.6250000000582,1,switch,e_g_10.png,shape,angular
134950,,c7fbf674-7151-4b31-9215-b4523cffdc16,1,fwTbe6O31617793464794,203,figural_mixed,1,,0,green,904.2199999994482,1,switch,r_g_15.png,color,green
134950,,c7fbf674-7151-4b31-9215-b4523cffdc16,1,fwTbe6O31617793464794,204,figural_mixed,1,,0,green,611.1350000000675,1,repetition,e_g_14.png,color,green
134950,,c7fbf674-7151-4b31-9215-b4523cffdc16,1,fwTbe6O31617793464794,205,figural_mixed,1,,0,blue,580.3500000001513,1,repetition,r_b_07.png,color,blue
134950,,c7fbf674-7151-4b31-9215-b4523cffdc16,1,fwTbe6O31617793464794,206,figural_mixed,1,,0,blue,496.8999999992084,1,repetition,r_b_09.png,color,blue
134950,,c7fbf674-7151-4b31-9215-b4523cffdc16,1,fwTbe6O31617793464794,207,figural_mixed,1,,0,angular,721.2250000002678,1,switch,e_g_14.png,shape,angular
134950,,c7fbf674-7151-4b31-9215-b4523cffdc16,1,fwTbe6O31617793464794,208,figural_mixed,1,,0,angular,450.24499999999534,1,repetition,e_g_13.png,shape,angular
134950,,c7fbf674-7151-4b31-9215-b4523cffdc16,1,fwTbe6O31617793464794,209,figural_mixed,1,,0,blue,873.7750000000233,1,switch,e_b_04.png,color,blue
134950,,c7fbf674-7151-4b31-9215-b4523cffdc16,1,fwTbe6O31617793464794,210,figural_mixed,1,,0,green,1344.4049999998533,1,repetition,e_g_10.png,color,green
134950,,c7fbf674-7151-4b31-9215-b4523cffdc16,1,fwTbe6O31617793464794,211,figural_mixed,1,,0,green,459.6300000002957,1,repetition,e_g_04.png,color,green
134950,,c7fbf674-7151-4b31-9215-b4523cffdc16,1,fwTbe6O31617793464794,212,figural_mixed,1,,0,angular,874.104999999865,1,switch,e_b_07.png,shape,angular
134950,,c7fbf674-7151-4b31-9215-b4523cffdc16,1,fwTbe6O31617793464794,213,figural_mixed,1,,0,round,927.3050000001676,1,repetition,r_g_11.png,shape,round
134950,,c7fbf674-7151-4b31-9215-b4523cffdc16,1,fwTbe6O31617793464794,214,figural_mixed,1,,0,round,421.14500000025146,1,repetition,r_g_04.png,shape,round
134950,,c7fbf674-7151-4b31-9215-b4523cffdc16,1,fwTbe6O31617793464794,215,figural_mixed,1,,0,angular,580.5799999998417,1,repetition,e_g_15.png,shape,angular
134950,,c7fbf674-7151-4b31-9215-b4523cffdc16,1,fwTbe6O31617793464794,216,figural_mixed,1,,0,green,879.859999999986,1,switch,e_g_11.png,color,green
134950,,c7fbf674-7151-4b31-9215-b4523cffdc16,1,fwTbe6O31617793464794,217,figural_mixed,1,,0,round,907.234999999695,1,switch,r_g_08.png,shape,round
134950,,c7fbf674-7151-4b31-9215-b4523cffdc16,1,fwTbe6O31617793464794,218,figural_mixed,1,,0,round,494.00999999942724,1,repetition,r_g_10.png,shape,round
134950,,c7fbf674-7151-4b31-9215-b4523cffdc16,1,fwTbe6O31617793464794,219,figural_mixed,1,,0,green,937.5300000001444,1,switch,e_g_15.png,color,green
134950,,c7fbf674-7151-4b31-9215-b4523cffdc16,1,fwTbe6O31617793464794,220,figural_mixed,1,,0,green,382.83000000042375,1,repetition,r_g_02.png,color,green
134950,,c7fbf674-7151-4b31-9215-b4523cffdc16,1,fwTbe6O31617793464794,221,figural_mixed,1,,0,angular,1049.3949999999604,1,switch,e_b_01.png,shape,angular
134950,,c7fbf674-7151-4b31-9215-b4523cffdc16,1,fwTbe6O31617793464794,222,figural_mixed,1,,0,blue,828.7399999999325,1,switch,e_b_15.png,color,blue
134950,,c7fbf674-7151-4b31-9215-b4523cffdc16,1,fwTbe6O31617793464794,223,figural_mixed,1,,0,blue,690.8499999999185,1,repetition,e_b_03.png,color,blue
134950,,c7fbf674-7151-4b31-9215-b4523cffdc16,1,fwTbe6O31617793464794,224,figural_mixed,1,,0,blue,365.36499999964144,1,repetition,e_b_01.png,color,blue
134950,,c7fbf674-7151-4b31-9215-b4523cffdc16,1,fwTbe6O31617793464794,225,figural_mixed,1,,0,angular,2992.9799999999814,0,switch,r_g_02.png,shape,round
134950,,c7fbf674-7151-4b31-9215-b4523cffdc16,1,fwTbe6O31617793464794,226,figural_mixed,1,,0,green,886.2499999995925,1,switch,e_g_05.png,color,green
134950,,c7fbf674-7151-4b31-9215-b4523cffdc16,1,fwTbe6O31617793464794,227,figural_mixed,1,,0,round,1019.0599999996484,1,switch,r_b_06.png,shape,round
134950,,c7fbf674-7151-4b31-9215-b4523cffdc16,1,fwTbe6O31617793464794,228,figural_mixed,1,,0,green,1094.0000000000582,1,switch,e_g_08.png,color,green
134950,,c7fbf674-7151-4b31-9215-b4523cffdc16,1,fwTbe6O31617793464794,229,figural_mixed,1,,0,green,450.8799999994226,1,repetition,e_g_02.png,color,green
134950,,c7fbf674-7151-4b31-9215-b4523cffdc16,1,fwTbe6O31617793464794,230,figural_mixed,1,,0,blue,645.2799999997369,1,repetition,e_b_06.png,color,blue
134950,,c7fbf674-7151-4b31-9215-b4523cffdc16,1,fwTbe6O31617793464794,231,figural_mixed,1,,0,round,1089.560000000347,0,switch,e_b_08.png,shape,angular
134950,,c7fbf674-7151-4b31-9215-b4523cffdc16,1,fwTbe6O31617793464794,232,figural_mixed,1,,0,green,2879.969999999972,1,switch,r_g_09.png,color,green
134950,,c7fbf674-7151-4b31-9215-b4523cffdc16,1,fwTbe6O31617793464794,233,figural_mixed,1,,0,blue,1834.6499999997905,1,repetition,e_b_13.png,color,blue
134950,,c7fbf674-7151-4b31-9215-b4523cffdc16,1,fwTbe6O31617793464794,234,figural_mixed,1,,0,round,933.6649999995716,1,switch,r_b_10.png,shape,round
134950,,c7fbf674-7151-4b31-9215-b4523cffdc16,1,fwTbe6O31617793464794,235,figural_mixed,1,,0,round,459.7149999999674,1,repetition,r_b_13.png,shape,round
134950,,c7fbf674-7151-4b31-9215-b4523cffdc16,1,fwTbe6O31617793464794,236,figural_mixed,1,,0,blue,1153.155000000028,1,switch,e_b_11.png,color,blue
134950,,c7fbf674-7151-4b31-9215-b4523cffdc16,1,fwTbe6O31617793464794,237,figural_mixed,1,,0,green,949.8700000003446,1,repetition,r_g_08.png,color,green
134950,,c7fbf674-7151-4b31-9215-b4523cffdc16,1,fwTbe6O31617793464794,238,figural_mixed,1,,0,round,953.8050000000512,0,switch,e_b_10.png,shape,angular
134950,,c7fbf674-7151-4b31-9215-b4523cffdc16,1,fwTbe6O31617793464794,239,figural_mixed,1,,0,angular,1054.039999999979,1,repetition,e_g_06.png,shape,angular
134950,,c7fbf674-7151-4b31-9215-b4523cffdc16,1,fwTbe6O31617793464794,240,figural_mixed,1,,0,angular,419.67000000021653,1,repetition,e_g_11.png,shape,angular
134950,,c7fbf674-7151-4b31-9215-b4523cffdc16,1,fwTbe6O31617793464794,241,figural_mixed,1,,0,round,572.6000000004424,1,repetition,r_b_07.png,shape,round
134950,,c7fbf674-7151-4b31-9215-b4523cffdc16,1,fwTbe6O31617793464794,242,figural_mixed,1,,0,blue,1429.9449999998906,1,switch,r_b_06.png,color,blue
134950,,c7fbf674-7151-4b31-9215-b4523cffdc16,1,fwTbe6O31617793464794,243,figural_mixed,1,,0,blue,1308.829999999958,1,repetition,e_b_07.png,color,blue
134950,,c7fbf674-7151-4b31-9215-b4523cffdc16,1,fwTbe6O31617793464794,244,figural_mixed,1,,0,blue,367.1199999998789,1,repetition,r_b_14.png,color,blue
134950,,c7fbf674-7151-4b31-9215-b4523cffdc16,1,fwTbe6O31617793464794,245,figural_mixed,1,,0,green,505.6900000000023,1,repetition,r_g_16.png,color,green
134950,,c7fbf674-7151-4b31-9215-b4523cffdc16,1,fwTbe6O31617793464794,246,figural_mixed,1,,0,angular,1440.7849999997416,1,switch,e_b_09.png,shape,angular
134950,,c7fbf674-7151-4b31-9215-b4523cffdc16,1,fwTbe6O31617793464794,247,figural_mixed,1,,0,round,603.9199999995762,1,repetition,r_g_05.png,shape,round
134950,,c7fbf674-7151-4b31-9215-b4523cffdc16,1,fwTbe6O31617793464794,248,figural_mixed,1,,0,angular,508.9850000003935,1,repetition,e_b_12.png,shape,angular
134950,,c7fbf674-7151-4b31-9215-b4523cffdc16,1,fwTbe6O31617793464794,249,figural_mixed,1,,0,blue,706.2599999999511,1,switch,e_b_05.png,color,blue
134950,,c7fbf674-7151-4b31-9215-b4523cffdc16,1,fwTbe6O31617793464794,250,figural_mixed,1,,0,round,1458.5050000005285,1,switch,r_g_06.png,shape,round
134950,,c7fbf674-7151-4b31-9215-b4523cffdc16,1,fwTbe6O31617793464794,251,figural_mixed,1,,0,green,2696.4850000003935,0,switch,e_b_16.png,color,blue
134950,,c7fbf674-7151-4b31-9215-b4523cffdc16,1,fwTbe6O31617793464794,252,figural_mixed,1,,0,green,1198.3449999997974,1,repetition,r_g_13.png,color,green
134950,,c7fbf674-7151-4b31-9215-b4523cffdc16,1,fwTbe6O31617793464794,253,figural_mixed,1,,0,round,1499.0900000002584,0,switch,e_g_02.png,shape,angular
134950,,c7fbf674-7151-4b31-9215-b4523cffdc16,1,fwTbe6O31617793464794,254,figural_mixed,1,,0,round,1736.3800000002957,1,repetition,r_b_03.png,shape,round
134950,,c7fbf674-7151-4b31-9215-b4523cffdc16,1,fwTbe6O31617793464794,255,figural_mixed,1,,0,round,1002.5049999994808,1,repetition,r_b_14.png,shape,round
134950,,c7fbf674-7151-4b31-9215-b4523cffdc16,1,fwTbe6O31617793464794,256,figural_mixed,1,,0,angular,596.6149999994668,1,repetition,e_g_12.png,shape,angular
134950,,c7fbf674-7151-4b31-9215-b4523cffdc16,1,fwTbe6O31617793464794,257,figural_mixed,1,,0,blue,1062.9600000001956,1,switch,r_b_04.png,color,blue
134950,,c7fbf674-7151-4b31-9215-b4523cffdc16,1,fwTbe6O31617793464794,258,figural_mixed,1,,0,round,1250.8550000002142,1,switch,r_g_15.png,shape,round
134950,,c7fbf674-7151-4b31-9215-b4523cffdc16,1,fwTbe6O31617793464794,259,figural_mixed,1,,0,angular,581.8650000001071,1,repetition,e_g_08.png,shape,angular
134950,,c7fbf674-7151-4b31-9215-b4523cffdc16,1,fwTbe6O31617793464794,260,figural_mixed,1,,0,round,1417.2900000003283,1,repetition,r_b_16.png,shape,round
134950,,c7fbf674-7151-4b31-9215-b4523cffdc16,1,fwTbe6O31617793464794,261,figural_mixed,1,,0,green,1278.205000000482,1,switch,r_g_10.png,color,green
134950,,c7fbf674-7151-4b31-9215-b4523cffdc16,1,fwTbe6O31617793464794,262,figural_mixed,1,,0,green,2337.799999999348,1,repetition,e_g_06.png,color,green
134950,,c7fbf674-7151-4b31-9215-b4523cffdc16,1,fwTbe6O31617793464794,263,figural_mixed,1,,0,round,1075.6549999996787,1,switch,r_g_13.png,shape,round
134950,,c7fbf674-7151-4b31-9215-b4523cffdc16,1,fwTbe6O31617793464794,264,figural_mixed,1,,0,blue,1069.5349999996251,1,switch,r_b_03.png,color,blue
134950,,c7fbf674-7151-4b31-9215-b4523cffdc16,1,fwTbe6O31617793464794,265,figural_mixed,1,,0,angular,1077.320000000298,1,switch,e_b_02.png,shape,angular
134950,,c7fbf674-7151-4b31-9215-b4523cffdc16,1,fwTbe6O31617793464794,266,figural_mixed,1,,0,angular,663.1750000006286,1,repetition,e_b_03.png,shape,angular
134950,,c7fbf674-7151-4b31-9215-b4523cffdc16,1,fwTbe6O31617793464794,267,figural_mixed,1,,0,green,870.9099999996251,1,switch,e_g_07.png,color,green
134950,,c7fbf674-7151-4b31-9215-b4523cffdc16,1,fwTbe6O31617793464794,268,figural_mixed,1,,0,blue,1157.1349999994854,1,repetition,r_b_08.png,color,blue
134950,,c7fbf674-7151-4b31-9215-b4523cffdc16,1,fwTbe6O31617793464794,269,figural_mixed,1,,0,blue,507.0999999998021,1,repetition,r_b_01.png,color,blue
134950,,c7fbf674-7151-4b31-9215-b4523cffdc16,1,fwTbe6O31617793464794,270,figural_mixed,1,,0,angular,1167.9949999998207,1,switch,e_b_05.png,shape,angular
134950,,c7fbf674-7151-4b31-9215-b4523cffdc16,1,fwTbe6O31617793464794,271,figural_mixed,1,,0,green,1291.749999999418,1,switch,r_g_16.png,color,green
134950,,c7fbf674-7151-4b31-9215-b4523cffdc16,1,fwTbe6O31617793464794,272,figural_mixed,1,,0,angular,1038.6949999992503,1,switch,e_g_04.png,shape,angular
134950,,c7fbf674-7151-4b31-9215-b4523cffdc16,1,fwTbe6O31617793464794,273,figural_mixed,1,,0,round,577.5999999995693,1,repetition,r_b_05.png,shape,round
134950,,c7fbf674-7151-4b31-9215-b4523cffdc16,1,fwTbe6O31617793464794,274,figural_mixed,1,,0,round,504.9500000004773,1,repetition,r_g_03.png,shape,round
134950,,c7fbf674-7151-4b31-9215-b4523cffdc16,1,fwTbe6O31617793464794,275,figural_mixed,1,,0,blue,1096.4400000002934,1,switch,r_b_15.png,color,blue
134950,,c7fbf674-7151-4b31-9215-b4523cffdc16,1,fwTbe6O31617793464794,276,figural_mixed,1,,0,green,560.0850000000792,1,repetition,r_g_14.png,color,green
134950,,c7fbf674-7151-4b31-9215-b4523cffdc16,1,fwTbe6O31617793464794,277,figural_mixed,1,,0,angular,761.3449999999139,1,switch,e_g_01.png,shape,angular
134950,,c7fbf674-7151-4b31-9215-b4523cffdc16,1,fwTbe6O31617793464794,278,figural_mixed,1,,0,round,2385.819999999483,1,repetition,r_b_15.png,shape,round
134950,,c7fbf674-7151-4b31-9215-b4523cffdc16,1,fwTbe6O31617793464794,279,figural_mixed,1,,0,round,545.1349999994272,1,repetition,r_b_08.png,shape,round
134950,,c7fbf674-7151-4b31-9215-b4523cffdc16,1,fwTbe6O31617793464794,280,figural_mixed,1,,0,green,1616.539999999979,1,switch,e_g_12.png,color,green
134950,,c7fbf674-7151-4b31-9215-b4523cffdc16,1,fwTbe6O31617793464794,281,figural_mixed,1,,0,angular,987.1400000001886,1,switch,e_b_13.png,shape,angular
134950,,c7fbf674-7151-4b31-9215-b4523cffdc16,1,fwTbe6O31617793464794,282,figural_mixed,1,,0,blue,606.4399999995367,0,switch,r_g_03.png,color,green
134950,,c7fbf674-7151-4b31-9215-b4523cffdc16,1,fwTbe6O31617793464794,283,figural_mixed,1,,0,blue,825.4550000001327,1,repetition,r_b_12.png,color,blue
134950,,c7fbf674-7151-4b31-9215-b4523cffdc16,1,fwTbe6O31617793464794,284,figural_mixed,1,,0,angular,1068.7100000004866,1,switch,e_b_06.png,shape,angular
134950,,c7fbf674-7151-4b31-9215-b4523cffdc16,1,fwTbe6O31617793464794,285,figural_mixed,1,,0,angular,570.3650000005146,1,repetition,e_g_05.png,shape,angular
134950,,c7fbf674-7151-4b31-9215-b4523cffdc16,1,fwTbe6O31617793464794,286,figural_mixed,1,,0,blue,1101.6600000002654,1,switch,r_b_11.png,color,blue
134950,,c7fbf674-7151-4b31-9215-b4523cffdc16,1,fwTbe6O31617793464794,287,figural_mixed,1,,0,angular,858.5150000008289,1,switch,e_b_16.png,shape,angular
134950,,c7fbf674-7151-4b31-9215-b4523cffdc16,1,fwTbe6O31617793464794,288,figural_mixed,1,,0,green,1420.8300000000163,1,switch,e_g_01.png,color,green
134950,,c7fbf674-7151-4b31-9215-b4523cffdc16,1,fwTbe6O31617793464794,289,figural_mixed,1,,0,green,905.1450000006007,1,repetition,e_g_13.png,color,green
134950,,c7fbf674-7151-4b31-9215-b4523cffdc16,1,fwTbe6O31617793464794,290,figural_mixed,1,,0,round,666.5650000004098,1,switch,r_b_12.png,shape,round
134950,,c7fbf674-7151-4b31-9215-b4523cffdc16,1,fwTbe6O31617793464794,291,figural_mixed,1,,0,blue,1622.2899999993388,1,switch,e_b_08.png,color,blue
134950,,c7fbf674-7151-4b31-9215-b4523cffdc16,1,fwTbe6O31617793464794,292,figural_mixed,1,,0,green,941.0349999997998,1,repetition,e_g_09.png,color,green
134950,,c7fbf674-7151-4b31-9215-b4523cffdc16,1,fwTbe6O31617793464794,293,figural_mixed,1,,0,green,776.9949999992969,1,repetition,r_g_12.png,color,green
134950,,c7fbf674-7151-4b31-9215-b4523cffdc16,1,fwTbe6O31617793464794,294,figural_single_2_2,1,,0,blue,578.4649999996182,1,single,e_b_01.png,color,blue
134950,,c7fbf674-7151-4b31-9215-b4523cffdc16,1,fwTbe6O31617793464794,295,figural_single_2_2,1,,0,blue,408.7650000001304,1,single,r_b_03.png,color,blue
134950,,c7fbf674-7151-4b31-9215-b4523cffdc16,1,fwTbe6O31617793464794,296,figural_single_2_2,1,,0,green,369.3049999992945,1,single,e_g_01.png,color,green
134950,,c7fbf674-7151-4b31-9215-b4523cffdc16,1,fwTbe6O31617793464794,297,figural_single_2_2,1,,0,green,332.3250000003027,1,single,e_g_13.png,color,green
134950,,c7fbf674-7151-4b31-9215-b4523cffdc16,1,fwTbe6O31617793464794,298,figural_single_2_2,1,,0,blue,347.88500000012573,1,single,r_b_16.png,color,blue
134950,,c7fbf674-7151-4b31-9215-b4523cffdc16,1,fwTbe6O31617793464794,299,figural_single_2_2,1,,0,blue,420.9000000000815,1,single,r_b_07.png,color,blue
134950,,c7fbf674-7151-4b31-9215-b4523cffdc16,1,fwTbe6O31617793464794,300,figural_single_2_2,1,,0,green,312.46000000007916,1,single,r_g_08.png,color,green
134950,,c7fbf674-7151-4b31-9215-b4523cffdc16,1,fwTbe6O31617793464794,301,figural_single_2_2,1,,0,blue,521.0150000002468,1,single,r_b_09.png,color,blue
134950,,c7fbf674-7151-4b31-9215-b4523cffdc16,1,fwTbe6O31617793464794,302,figural_single_2_2,1,,0,green,518.3600000000442,1,single,r_g_02.png,color,green
134950,,c7fbf674-7151-4b31-9215-b4523cffdc16,1,fwTbe6O31617793464794,303,figural_single_2_2,1,,0,green,289.25999999954365,1,single,r_g_12.png,color,green
134950,,c7fbf674-7151-4b31-9215-b4523cffdc16,1,fwTbe6O31617793464794,304,figural_single_2_2,1,,0,blue,345.2250000000349,1,single,e_b_08.png,color,blue
134950,,c7fbf674-7151-4b31-9215-b4523cffdc16,1,fwTbe6O31617793464794,305,figural_single_2_2,1,,0,green,371.91999999963446,1,single,r_g_04.png,color,green
134950,,c7fbf674-7151-4b31-9215-b4523cffdc16,1,fwTbe6O31617793464794,306,figural_single_2_2,1,,0,blue,413.5550000000512,1,single,e_b_03.png,color,blue
134950,,c7fbf674-7151-4b31-9215-b4523cffdc16,1,fwTbe6O31617793464794,307,figural_single_2_2,1,,0,blue,449.050000000163,1,single,e_b_11.png,color,blue
134950,,c7fbf674-7151-4b31-9215-b4523cffdc16,1,fwTbe6O31617793464794,308,figural_single_2_2,1,,0,blue,443.36000000021886,1,single,r_b_14.png,color,blue
134950,,c7fbf674-7151-4b31-9215-b4523cffdc16,1,fwTbe6O31617793464794,309,figural_single_2_2,1,,0,green,324.9050000004354,1,single,e_g_07.png,color,green
134950,,c7fbf674-7151-4b31-9215-b4523cffdc16,1,fwTbe6O31617793464794,310,figural_single_2_2,1,,0,blue,397.3950000000186,1,single,r_b_13.png,color,blue
134950,,c7fbf674-7151-4b31-9215-b4523cffdc16,1,fwTbe6O31617793464794,311,figural_single_2_2,1,,0,green,384.7949999999255,1,single,e_g_16.png,color,green
134950,,c7fbf674-7151-4b31-9215-b4523cffdc16,1,fwTbe6O31617793464794,312,figural_single_2_2,1,,0,blue,417.3650000002817,1,single,e_b_14.png,color,blue
134950,,c7fbf674-7151-4b31-9215-b4523cffdc16,1,fwTbe6O31617793464794,313,figural_single_2_2,1,,0,green,436.77000000025146,1,single,e_g_12.png,color,green
134950,,c7fbf674-7151-4b31-9215-b4523cffdc16,1,fwTbe6O31617793464794,314,figural_single_2_2,1,,0,green,327.20499999960884,1,single,r_g_07.png,color,green
134950,,c7fbf674-7151-4b31-9215-b4523cffdc16,1,fwTbe6O31617793464794,315,figural_single_2_2,1,,0,blue,539.5999999991618,1,single,e_b_15.png,color,blue
134950,,c7fbf674-7151-4b31-9215-b4523cffdc16,1,fwTbe6O31617793464794,316,figural_single_2_2,1,,0,blue,310.16999999975087,1,single,e_b_05.png,color,blue
134950,,c7fbf674-7151-4b31-9215-b4523cffdc16,1,fwTbe6O31617793464794,317,figural_single_2_2,1,,0,green,334.82499999995343,1,single,r_g_15.png,color,green
134950,,c7fbf674-7151-4b31-9215-b4523cffdc16,1,fwTbe6O31617793464794,318,figural_single_2_2,1,,0,blue,392.56500000011874,1,single,r_b_06.png,color,blue
134950,,c7fbf674-7151-4b31-9215-b4523cffdc16,1,fwTbe6O31617793464794,319,figural_single_2_2,1,,0,green,299.8899999993155,1,single,e_g_02.png,color,green
134950,,c7fbf674-7151-4b31-9215-b4523cffdc16,1,fwTbe6O31617793464794,320,figural_single_2_2,1,,0,green,421.29999999993015,1,single,r_g_16.png,color,green
134950,,c7fbf674-7151-4b31-9215-b4523cffdc16,1,fwTbe6O31617793464794,321,figural_single_2_2,1,,0,blue,312.82499999995343,1,single,e_b_10.png,color,blue
134950,,c7fbf674-7151-4b31-9215-b4523cffdc16,1,fwTbe6O31617793464794,322,figural_single_2_2,1,,0,green,537.5599999997648,1,single,e_g_05.png,color,green
134950,,c7fbf674-7151-4b31-9215-b4523cffdc16,1,fwTbe6O31617793464794,323,figural_single_2_2,1,,0,green,435.1700000006822,1,single,e_g_03.png,color,green
134950,,c7fbf674-7151-4b31-9215-b4523cffdc16,1,fwTbe6O31617793464794,324,figural_single_2_2,1,,0,green,396.77000000025146,1,single,e_g_11.png,color,green
134950,,c7fbf674-7151-4b31-9215-b4523cffdc16,1,fwTbe6O31617793464794,325,figural_single_2_2,1,,0,blue,337.7799999998533,1,single,r_b_15.png,color,blue
134950,,c7fbf674-7151-4b31-9215-b4523cffdc16,1,fwTbe6O31617793464794,326,figural_single_2_2,1,,0,blue,430.6849999993574,1,single,e_b_02.png,color,blue
134950,,c7fbf674-7151-4b31-9215-b4523cffdc16,1,fwTbe6O31617793464794,327,figural_single_2_2,1,,0,blue,338.17499999987194,1,single,r_b_08.png,color,blue
134950,,c7fbf674-7151-4b31-9215-b4523cffdc16,1,fwTbe6O31617793464794,328,figural_single_2_2,1,,0,green,408.76000000024214,1,single,e_g_06.png,color,green
134950,,c7fbf674-7151-4b31-9215-b4523cffdc16,1,fwTbe6O31617793464794,329,figural_single_2_2,1,,0,green,445.2050000000163,0,single,e_b_16.png,color,blue
134950,,c7fbf674-7151-4b31-9215-b4523cffdc16,1,fwTbe6O31617793464794,330,figural_single_2_2,1,,0,blue,769.6399999995483,1,single,e_b_06.png,color,blue
134950,,c7fbf674-7151-4b31-9215-b4523cffdc16,1,fwTbe6O31617793464794,331,figural_single_2_2,1,,0,green,502.01000000018394,1,single,r_g_09.png,color,green
134950,,c7fbf674-7151-4b31-9215-b4523cffdc16,1,fwTbe6O31617793464794,332,figural_single_2_2,1,,0,green,361.1900000005262,1,single,e_g_10.png,color,green
134950,,c7fbf674-7151-4b31-9215-b4523cffdc16,1,fwTbe6O31617793464794,333,figural_single_2_2,1,,0,blue,306.8499999999767,1,single,e_b_12.png,color,blue
134950,,c7fbf674-7151-4b31-9215-b4523cffdc16,1,fwTbe6O31617793464794,334,figural_single_2_2,1,,0,green,390.3650000002235,1,single,r_g_11.png,color,green
134950,,c7fbf674-7151-4b31-9215-b4523cffdc16,1,fwTbe6O31617793464794,335,figural_single_2_2,1,,0,green,455.74000000033993,1,single,r_g_06.png,color,green
134950,,c7fbf674-7151-4b31-9215-b4523cffdc16,1,fwTbe6O31617793464794,336,figural_single_2_2,1,,0,green,402.40500000072643,1,single,e_g_04.png,color,green
134950,,c7fbf674-7151-4b31-9215-b4523cffdc16,1,fwTbe6O31617793464794,337,figural_single_2_2,1,,0,blue,396.93499999976484,1,single,r_b_01.png,color,blue
134950,,c7fbf674-7151-4b31-9215-b4523cffdc16,1,fwTbe6O31617793464794,338,figural_single_2_2,1,,0,green,399.19000000011874,1,single,r_g_03.png,color,green
134950,,c7fbf674-7151-4b31-9215-b4523cffdc16,1,fwTbe6O31617793464794,339,figural_single_2_2,1,,0,blue,489.79500000039116,1,single,e_b_04.png,color,blue
134950,,c7fbf674-7151-4b31-9215-b4523cffdc16,1,fwTbe6O31617793464794,340,figural_single_2_2,1,,0,blue,434.1549999999115,1,single,r_b_12.png,color,blue
134950,,c7fbf674-7151-4b31-9215-b4523cffdc16,1,fwTbe6O31617793464794,341,figural_single_2_2,1,,0,green,374.98499999946216,1,single,r_g_13.png,color,green
134950,,c7fbf674-7151-4b31-9215-b4523cffdc16,1,fwTbe6O31617793464794,342,figural_single_2_2,1,,0,blue,360.9250000008615,1,single,r_b_02.png,color,blue
134950,,c7fbf674-7151-4b31-9215-b4523cffdc16,1,fwTbe6O31617793464794,343,figural_single_2_2,1,,0,green,530.6499999997322,1,single,e_g_09.png,color,green
134950,,c7fbf674-7151-4b31-9215-b4523cffdc16,1,fwTbe6O31617793464794,344,figural_single_2_2,1,,0,green,303.82499999995343,1,single,e_g_15.png,color,green
134950,,c7fbf674-7151-4b31-9215-b4523cffdc16,1,fwTbe6O31617793464794,345,figural_single_2_2,1,,0,green,384.69499999971595,1,single,e_g_08.png,color,green
134950,,c7fbf674-7151-4b31-9215-b4523cffdc16,1,fwTbe6O31617793464794,346,figural_single_2_2,1,,0,blue,365.4500000002445,1,single,r_b_05.png,color,blue
134950,,c7fbf674-7151-4b31-9215-b4523cffdc16,1,fwTbe6O31617793464794,347,figural_single_2_2,1,,0,green,415.2649999996065,1,single,r_g_14.png,color,green
134950,,c7fbf674-7151-4b31-9215-b4523cffdc16,1,fwTbe6O31617793464794,348,figural_single_2_2,1,,0,blue,234.12999999983003,1,single,r_b_04.png,color,blue
134950,,c7fbf674-7151-4b31-9215-b4523cffdc16,1,fwTbe6O31617793464794,349,figural_single_2_2,1,,0,green,389.2699999996694,1,single,r_g_10.png,color,green
134950,,c7fbf674-7151-4b31-9215-b4523cffdc16,1,fwTbe6O31617793464794,350,figural_single_2_2,1,,0,blue,234.1049999995157,0,single,r_g_01.png,color,green
134950,,c7fbf674-7151-4b31-9215-b4523cffdc16,1,fwTbe6O31617793464794,351,figural_single_2_2,1,,0,blue,626.0949999996228,1,single,r_b_11.png,color,blue
134950,,c7fbf674-7151-4b31-9215-b4523cffdc16,1,fwTbe6O31617793464794,352,figural_single_2_2,1,,0,green,454.45999999996275,1,single,r_g_05.png,color,green
134950,,c7fbf674-7151-4b31-9215-b4523cffdc16,1,fwTbe6O31617793464794,353,figural_single_2_2,1,,0,blue,359.88000000000466,1,single,r_b_10.png,color,blue
134950,,c7fbf674-7151-4b31-9215-b4523cffdc16,1,fwTbe6O31617793464794,354,figural_single_2_2,1,,0,blue,403.71500000037486,1,single,e_b_13.png,color,blue
134950,,c7fbf674-7151-4b31-9215-b4523cffdc16,1,fwTbe6O31617793464794,355,figural_single_2_2,1,,0,green,474.94000000006054,1,single,e_g_14.png,color,green
134950,,c7fbf674-7151-4b31-9215-b4523cffdc16,1,fwTbe6O31617793464794,356,figural_single_2_2,1,,0,blue,406.25499999988824,1,single,e_b_07.png,color,blue
134950,,c7fbf674-7151-4b31-9215-b4523cffdc16,1,fwTbe6O31617793464794,357,figural_single_2_2,1,,0,blue,423.8800000002957,1,single,e_b_09.png,color,blue
134950,,c7fbf674-7151-4b31-9215-b4523cffdc16,1,fwTbe6O31617793464794,358,figural_single_1_2,1,,0,angular,818.0499999998137,1,single,e_g_11.png,shape,angular
134950,,c7fbf674-7151-4b31-9215-b4523cffdc16,1,fwTbe6O31617793464794,359,figural_single_1_2,1,,0,round,451.1150000007474,1,single,r_b_16.png,shape,round
134950,,c7fbf674-7151-4b31-9215-b4523cffdc16,1,fwTbe6O31617793464794,360,figural_single_1_2,1,,0,angular,584.4349999997066,1,single,e_b_10.png,shape,angular
134950,,c7fbf674-7151-4b31-9215-b4523cffdc16,1,fwTbe6O31617793464794,361,figural_single_1_2,1,,0,round,553.7850000000908,1,single,r_b_02.png,shape,round
134950,,c7fbf674-7151-4b31-9215-b4523cffdc16,1,fwTbe6O31617793464794,362,figural_single_1_2,1,,0,round,596.1299999998882,1,single,r_g_08.png,shape,round
134950,,c7fbf674-7151-4b31-9215-b4523cffdc16,1,fwTbe6O31617793464794,363,figural_single_1_2,1,,0,angular,552.4099999993341,1,single,e_g_02.png,shape,angular
134950,,c7fbf674-7151-4b31-9215-b4523cffdc16,1,fwTbe6O31617793464794,364,figural_single_1_2,1,,0,round,540.715000000142,1,single,r_g_05.png,shape,round
134950,,c7fbf674-7151-4b31-9215-b4523cffdc16,1,fwTbe6O31617793464794,365,figural_single_1_2,1,,0,angular,557.0950000001467,1,single,e_b_15.png,shape,angular
134950,,c7fbf674-7151-4b31-9215-b4523cffdc16,1,fwTbe6O31617793464794,366,figural_single_1_2,1,,0,round,607.5699999991921,1,single,r_b_09.png,shape,round
134950,,c7fbf674-7151-4b31-9215-b4523cffdc16,1,fwTbe6O31617793464794,367,figural_single_1_2,1,,0,angular,519.9050000000861,1,single,e_b_12.png,shape,angular
134950,,c7fbf674-7151-4b31-9215-b4523cffdc16,1,fwTbe6O31617793464794,368,figural_single_1_2,1,,0,angular,589.1400000000722,1,single,e_g_15.png,shape,angular
134950,,c7fbf674-7151-4b31-9215-b4523cffdc16,1,fwTbe6O31617793464794,369,figural_single_1_2,1,,0,round,505.95499999966705,1,single,r_g_04.png,shape,round
134950,,c7fbf674-7151-4b31-9215-b4523cffdc16,1,fwTbe6O31617793464794,370,figural_single_1_2,1,,0,angular,486.2000000003027,1,single,e_b_14.png,shape,angular
134950,,c7fbf674-7151-4b31-9215-b4523cffdc16,1,fwTbe6O31617793464794,371,figural_single_1_2,1,,0,angular,462.6149999994668,1,single,e_b_02.png,shape,angular
134950,,c7fbf674-7151-4b31-9215-b4523cffdc16,1,fwTbe6O31617793464794,372,figural_single_1_2,1,,0,round,384.01500000053784,1,single,r_g_15.png,shape,round
134950,,c7fbf674-7151-4b31-9215-b4523cffdc16,1,fwTbe6O31617793464794,373,figural_single_1_2,1,,0,angular,425.73999999969965,1,single,e_b_11.png,shape,angular
134950,,c7fbf674-7151-4b31-9215-b4523cffdc16,1,fwTbe6O31617793464794,374,figural_single_1_2,1,,0,round,483.98999999975786,1,single,r_b_07.png,shape,round
134950,,c7fbf674-7151-4b31-9215-b4523cffdc16,1,fwTbe6O31617793464794,375,figural_single_1_2,1,,0,round,494.38999999983935,1,single,r_g_06.png,shape,round
134950,,c7fbf674-7151-4b31-9215-b4523cffdc16,1,fwTbe6O31617793464794,376,figural_single_1_2,1,,0,round,391.79000000061933,1,single,r_g_02.png,shape,round
134950,,c7fbf674-7151-4b31-9215-b4523cffdc16,1,fwTbe6O31617793464794,377,figural_single_1_2,1,,0,angular,370.2499999999418,1,single,e_b_09.png,shape,angular
134950,,c7fbf674-7151-4b31-9215-b4523cffdc16,1,fwTbe6O31617793464794,378,figural_single_1_2,1,,0,round,473.7000000004773,1,single,r_b_15.png,shape,round
134950,,c7fbf674-7151-4b31-9215-b4523cffdc16,1,fwTbe6O31617793464794,379,figural_single_1_2,1,,0,angular,586.1900000000023,1,single,e_g_14.png,shape,angular
134950,,c7fbf674-7151-4b31-9215-b4523cffdc16,1,fwTbe6O31617793464794,380,figural_single_1_2,1,,0,round,486.50499999983003,1,single,r_b_04.png,shape,round
134950,,c7fbf674-7151-4b31-9215-b4523cffdc16,1,fwTbe6O31617793464794,381,figural_single_1_2,1,,0,round,546.0450000001001,1,single,r_g_09.png,shape,round
134950,,c7fbf674-7151-4b31-9215-b4523cffdc16,1,fwTbe6O31617793464794,382,figural_single_1_2,1,,0,angular,513.2249999996857,1,single,e_g_03.png,shape,angular
134950,,c7fbf674-7151-4b31-9215-b4523cffdc16,1,fwTbe6O31617793464794,383,figural_single_1_2,1,,0,round,765.5950000007288,1,single,r_b_13.png,shape,round
134950,,c7fbf674-7151-4b31-9215-b4523cffdc16,1,fwTbe6O31617793464794,384,figural_single_1_2,1,,0,round,416.04000000003725,1,single,r_b_03.png,shape,round
134950,,c7fbf674-7151-4b31-9215-b4523cffdc16,1,fwTbe6O31617793464794,385,figural_single_1_2,1,,0,angular,547.2749999999069,0,single,r_g_14.png,shape,round
134950,,c7fbf674-7151-4b31-9215-b4523cffdc16,1,fwTbe6O31617793464794,386,figural_single_1_2,1,,0,angular,615.620000000461,1,single,e_b_05.png,shape,angular
134950,,c7fbf674-7151-4b31-9215-b4523cffdc16,1,fwTbe6O31617793464794,387,figural_single_1_2,1,,0,round,631.9050000002026,1,single,r_b_10.png,shape,round
134950,,c7fbf674-7151-4b31-9215-b4523cffdc16,1,fwTbe6O31617793464794,388,figural_single_1_2,1,,0,round,543.5849999994389,1,single,r_b_12.png,shape,round
134950,,c7fbf674-7151-4b31-9215-b4523cffdc16,1,fwTbe6O31617793464794,389,figural_single_1_2,1,,0,round,339.78000000026077,1,single,r_b_14.png,shape,round
134950,,c7fbf674-7151-4b31-9215-b4523cffdc16,1,fwTbe6O31617793464794,390,figural_single_1_2,1,,0,angular,420.2450000002282,1,single,e_g_16.png,shape,angular
134950,,c7fbf674-7151-4b31-9215-b4523cffdc16,1,fwTbe6O31617793464794,391,figural_single_1_2,1,,0,round,613.7349999998696,1,single,r_g_12.png,shape,round
134950,,c7fbf674-7151-4b31-9215-b4523cffdc16,1,fwTbe6O31617793464794,392,figural_single_1_2,1,,0,round,510.0200000006007,1,single,r_g_11.png,shape,round
134950,,c7fbf674-7151-4b31-9215-b4523cffdc16,1,fwTbe6O31617793464794,393,figural_single_1_2,1,,0,angular,485.4200000008568,1,single,e_b_03.png,shape,angular
134950,,c7fbf674-7151-4b31-9215-b4523cffdc16,1,fwTbe6O31617793464794,394,figural_single_1_2,1,,0,angular,561.8100000001723,1,single,e_b_04.png,shape,angular
134950,,c7fbf674-7151-4b31-9215-b4523cffdc16,1,fwTbe6O31617793464794,395,figural_single_1_2,1,,0,round,477.0899999993853,1,single,r_b_11.png,shape,round
134950,,c7fbf674-7151-4b31-9215-b4523cffdc16,1,fwTbe6O31617793464794,396,figural_single_1_2,1,,0,angular,496.5100000008824,1,single,e_g_05.png,shape,angular
134950,,c7fbf674-7151-4b31-9215-b4523cffdc16,1,fwTbe6O31617793464794,397,figural_single_1_2,1,,0,angular,561.9699999997392,1,single,e_b_16.png,shape,angular
134950,,c7fbf674-7151-4b31-9215-b4523cffdc16,1,fwTbe6O31617793464794,398,figural_single_1_2,1,,0,angular,614.4299999996438,1,single,e_g_13.png,shape,angular
134950,,c7fbf674-7151-4b31-9215-b4523cffdc16,1,fwTbe6O31617793464794,399,figural_single_1_2,1,,0,round,500.60000000032596,1,single,r_g_01.png,shape,round
134950,,c7fbf674-7151-4b31-9215-b4523cffdc16,1,fwTbe6O31617793464794,400,figural_single_1_2,1,,0,angular,574.8750000002328,1,single,e_b_08.png,shape,angular
134950,,c7fbf674-7151-4b31-9215-b4523cffdc16,1,fwTbe6O31617793464794,401,figural_single_1_2,1,,0,angular,685.2849999995669,1,single,e_g_10.png,shape,angular
134950,,c7fbf674-7151-4b31-9215-b4523cffdc16,1,fwTbe6O31617793464794,402,figural_single_1_2,1,,0,round,469.4850000005099,1,single,r_g_13.png,shape,round
134950,,c7fbf674-7151-4b31-9215-b4523cffdc16,1,fwTbe6O31617793464794,403,figural_single_1_2,1,,0,angular,443.5450000001001,1,single,e_b_01.png,shape,angular
134950,,c7fbf674-7151-4b31-9215-b4523cffdc16,1,fwTbe6O31617793464794,404,figural_single_1_2,1,,0,angular,382.95999999990454,1,single,e_b_06.png,shape,angular
134950,,c7fbf674-7151-4b31-9215-b4523cffdc16,1,fwTbe6O31617793464794,405,figural_single_1_2,1,,0,round,503.3499999999767,1,single,r_g_10.png,shape,round
134950,,c7fbf674-7151-4b31-9215-b4523cffdc16,1,fwTbe6O31617793464794,406,figural_single_1_2,1,,0,angular,530.5349999999162,1,single,e_g_08.png,shape,angular
134950,,c7fbf674-7151-4b31-9215-b4523cffdc16,1,fwTbe6O31617793464794,407,figural_single_1_2,1,,0,angular,461.00000000023283,1,single,e_g_07.png,shape,angular
134950,,c7fbf674-7151-4b31-9215-b4523cffdc16,1,fwTbe6O31617793464794,408,figural_single_1_2,1,,0,round,599.275000000489,1,single,r_b_06.png,shape,round
134950,,c7fbf674-7151-4b31-9215-b4523cffdc16,1,fwTbe6O31617793464794,409,figural_single_1_2,1,,0,angular,737.7499999993597,1,single,e_g_09.png,shape,angular
134950,,c7fbf674-7151-4b31-9215-b4523cffdc16,1,fwTbe6O31617793464794,410,figural_single_1_2,1,,0,round,737.9099999997998,1,single,r_b_01.png,shape,round
134950,,c7fbf674-7151-4b31-9215-b4523cffdc16,1,fwTbe6O31617793464794,411,figural_single_1_2,1,,0,angular,620.0899999994435,1,single,e_b_13.png,shape,angular
134950,,c7fbf674-7151-4b31-9215-b4523cffdc16,1,fwTbe6O31617793464794,412,figural_single_1_2,1,,0,angular,637.3800000001211,1,single,e_g_04.png,shape,angular
134950,,c7fbf674-7151-4b31-9215-b4523cffdc16,1,fwTbe6O31617793464794,413,figural_single_1_2,1,,0,round,373.60499999980675,0,single,e_g_12.png,shape,angular
134950,,c7fbf674-7151-4b31-9215-b4523cffdc16,1,fwTbe6O31617793464794,414,figural_single_1_2,1,,0,round,569.1399999996065,1,single,r_b_08.png,shape,round
134950,,c7fbf674-7151-4b31-9215-b4523cffdc16,1,fwTbe6O31617793464794,415,figural_single_1_2,1,,0,angular,569.4650000004913,1,single,e_b_07.png,shape,angular
134950,,c7fbf674-7151-4b31-9215-b4523cffdc16,1,fwTbe6O31617793464794,416,figural_single_1_2,1,,0,round,548.7999999995809,1,single,r_g_03.png,shape,round
134950,,c7fbf674-7151-4b31-9215-b4523cffdc16,1,fwTbe6O31617793464794,417,figural_single_1_2,1,,0,angular,523.2999999998137,1,single,e_g_06.png,shape,angular
134950,,c7fbf674-7151-4b31-9215-b4523cffdc16,1,fwTbe6O31617793464794,418,figural_single_1_2,1,,0,round,555.5100000001257,1,single,r_g_16.png,shape,round
134950,,c7fbf674-7151-4b31-9215-b4523cffdc16,1,fwTbe6O31617793464794,419,figural_single_1_2,1,,0,round,659.870000000461,1,single,r_b_05.png,shape,round
134950,,c7fbf674-7151-4b31-9215-b4523cffdc16,1,fwTbe6O31617793464794,420,figural_single_1_2,1,,0,angular,422.0400000003865,1,single,e_g_01.png,shape,angular
134950,,c7fbf674-7151-4b31-9215-b4523cffdc16,1,fwTbe6O31617793464794,421,figural_single_1_2,1,,0,round,413.4949999997625,1,single,r_g_07.png,shape,round