userCode,extId,moduleId,sessionId,sessionToken,trialId,executableId,session.complete,session.condition,session.forceExit,givenResponse,reactionTime,score,shiftingType,stimulusValue,stimulusType,correctResponse
135096,,c7fbf674-7151-4b31-9215-b4523cffdc16,1,WwJBTrw01617994753869,1,figural_single_1_practice,1,,0,round,1507.099999987986,1,single,r_b_10.png,shape,round
135096,,c7fbf674-7151-4b31-9215-b4523cffdc16,1,WwJBTrw01617994753869,2,figural_single_1_practice,1,,0,angular,920.2999999979511,1,single,e_b_09.png,shape,angular
135096,,c7fbf674-7151-4b31-9215-b4523cffdc16,1,WwJBTrw01617994753869,3,figural_single_1_practice,1,,0,round,750.5999999993946,1,single,r_b_11.png,shape,round
135096,,c7fbf674-7151-4b31-9215-b4523cffdc16,1,WwJBTrw01617994753869,4,figural_single_1_practice,1,,0,round,841.100000005099,1,single,r_g_05.png,shape,round
135096,,c7fbf674-7151-4b31-9215-b4523cffdc16,1,WwJBTrw01617994753869,5,figural_single_1_practice,1,,0,angular,810.299999997369,1,single,e_b_14.png,shape,angular
135096,,c7fbf674-7151-4b31-9215-b4523cffdc16,1,WwJBTrw01617994753869,6,figural_single_1_practice,1,,0,round,629.1000000055647,0,single,e_g_07.png,shape,angular
135096,,c7fbf674-7151-4b31-9215-b4523cffdc16,1,WwJBTrw01617994753869,7,figural_single_1_practice,1,,0,angular,1388.5999999911292,1,single,e_g_12.png,shape,angular
135096,,c7fbf674-7151-4b31-9215-b4523cffdc16,1,WwJBTrw01617994753869,8,figural_single_1_practice,1,,0,round,1038.8999999995576,1,single,r_b_16.png,shape,round
135096,,c7fbf674-7151-4b31-9215-b4523cffdc16,1,WwJBTrw01617994753869,9,figural_single_1_practice,1,,0,round,1075.1000000018394,1,single,r_g_02.png,shape,round
135096,,c7fbf674-7151-4b31-9215-b4523cffdc16,1,WwJBTrw01617994753869,10,figural_single_1_practice,1,,0,round,1230.200000005425,0,single,e_b_04.png,shape,angular
135096,,c7fbf674-7151-4b31-9215-b4523cffdc16,1,WwJBTrw01617994753869,11,figural_single_1_practice,1,,0,angular,1208.9999999880092,1,single,e_g_06.png,shape,angular
135096,,c7fbf674-7151-4b31-9215-b4523cffdc16,1,WwJBTrw01617994753869,12,figural_single_1_practice,1,,0,round,969.3999999872176,1,single,r_g_15.png,shape,round
135096,,c7fbf674-7151-4b31-9215-b4523cffdc16,1,WwJBTrw01617994753869,13,figural_single_1_1,1,,0,round,766.4999999979045,1,single,r_b_01.png,shape,round
135096,,c7fbf674-7151-4b31-9215-b4523cffdc16,1,WwJBTrw01617994753869,14,figural_single_1_1,1,,0,angular,891.4000000077067,1,single,e_g_11.png,shape,angular
135096,,c7fbf674-7151-4b31-9215-b4523cffdc16,1,WwJBTrw01617994753869,15,figural_single_1_1,1,,0,round,791.2999999971362,1,single,r_b_10.png,shape,round
135096,,c7fbf674-7151-4b31-9215-b4523cffdc16,1,WwJBTrw01617994753869,16,figural_single_1_1,1,,0,round,782.2000000014668,1,single,r_b_06.png,shape,round
135096,,c7fbf674-7151-4b31-9215-b4523cffdc16,1,WwJBTrw01617994753869,17,figural_single_1_1,1,,0,angular,828.800000002957,1,single,e_g_07.png,shape,angular
135096,,c7fbf674-7151-4b31-9215-b4523cffdc16,1,WwJBTrw01617994753869,18,figural_single_1_1,1,,0,angular,772.3000000114553,1,single,e_g_13.png,shape,angular
135096,,c7fbf674-7151-4b31-9215-b4523cffdc16,1,WwJBTrw01617994753869,19,figural_single_1_1,1,,0,round,743.7999999965541,1,single,r_g_06.png,shape,round
135096,,c7fbf674-7151-4b31-9215-b4523cffdc16,1,WwJBTrw01617994753869,20,figural_single_1_1,1,,0,round,693.0000000138534,0,single,e_g_16.png,shape,angular
135096,,c7fbf674-7151-4b31-9215-b4523cffdc16,1,WwJBTrw01617994753869,21,figural_single_1_1,1,,0,angular,1181.7000000010012,1,single,e_b_09.png,shape,angular
135096,,c7fbf674-7151-4b31-9215-b4523cffdc16,1,WwJBTrw01617994753869,22,figural_single_1_1,1,,0,angular,775.9999999980209,1,single,e_b_08.png,shape,angular
135096,,c7fbf674-7151-4b31-9215-b4523cffdc16,1,WwJBTrw01617994753869,23,figural_single_1_1,1,,0,round,737.0000000082655,1,single,r_b_12.png,shape,round
135096,,c7fbf674-7151-4b31-9215-b4523cffdc16,1,WwJBTrw01617994753869,24,figural_single_1_1,1,,0,angular,838.7999999977183,1,single,e_b_10.png,shape,angular
135096,,c7fbf674-7151-4b31-9215-b4523cffdc16,1,WwJBTrw01617994753869,25,figural_single_1_1,1,,0,angular,810.8999999967637,1,single,e_b_05.png,shape,angular
135096,,c7fbf674-7151-4b31-9215-b4523cffdc16,1,WwJBTrw01617994753869,26,figural_single_1_1,1,,0,round,816.5000000008149,1,single,r_b_13.png,shape,round
135096,,c7fbf674-7151-4b31-9215-b4523cffdc16,1,WwJBTrw01617994753869,27,figural_single_1_1,1,,0,round,760.3999999992084,1,single,r_g_15.png,shape,round
135096,,c7fbf674-7151-4b31-9215-b4523cffdc16,1,WwJBTrw01617994753869,28,figural_single_1_1,1,,0,round,706.7999999999302,0,single,e_g_09.png,shape,angular
135096,,c7fbf674-7151-4b31-9215-b4523cffdc16,1,WwJBTrw01617994753869,29,figural_single_1_1,1,,0,round,1452.7000000089174,1,single,r_g_02.png,shape,round
135096,,c7fbf674-7151-4b31-9215-b4523cffdc16,1,WwJBTrw01617994753869,30,figural_single_1_1,1,,0,round,991.3000000087777,1,single,r_b_07.png,shape,round
135096,,c7fbf674-7151-4b31-9215-b4523cffdc16,1,WwJBTrw01617994753869,31,figural_single_1_1,1,,0,angular,689.1999999934342,1,single,e_b_06.png,shape,angular
135096,,c7fbf674-7151-4b31-9215-b4523cffdc16,1,WwJBTrw01617994753869,32,figural_single_1_1,1,,0,round,851.8000000040047,1,single,r_b_16.png,shape,round
135096,,c7fbf674-7151-4b31-9215-b4523cffdc16,1,WwJBTrw01617994753869,33,figural_single_1_1,1,,0,round,812.0000000053551,1,single,r_b_02.png,shape,round
135096,,c7fbf674-7151-4b31-9215-b4523cffdc16,1,WwJBTrw01617994753869,34,figural_single_1_1,1,,0,angular,709.6000000019558,1,single,e_g_06.png,shape,angular
135096,,c7fbf674-7151-4b31-9215-b4523cffdc16,1,WwJBTrw01617994753869,35,figural_single_1_1,1,,0,round,812.9999999946449,1,single,r_g_03.png,shape,round
135096,,c7fbf674-7151-4b31-9215-b4523cffdc16,1,WwJBTrw01617994753869,36,figural_single_1_1,1,,0,angular,674.8000000079628,1,single,e_g_05.png,shape,angular
135096,,c7fbf674-7151-4b31-9215-b4523cffdc16,1,WwJBTrw01617994753869,37,figural_single_1_1,1,,0,angular,868.4999999968568,1,single,e_b_13.png,shape,angular
135096,,c7fbf674-7151-4b31-9215-b4523cffdc16,1,WwJBTrw01617994753869,38,figural_single_1_1,1,,0,angular,1388.3999999961816,1,single,e_g_15.png,shape,angular
135096,,c7fbf674-7151-4b31-9215-b4523cffdc16,1,WwJBTrw01617994753869,39,figural_single_1_1,1,,0,round,792.6000000006752,1,single,r_g_08.png,shape,round
135096,,c7fbf674-7151-4b31-9215-b4523cffdc16,1,WwJBTrw01617994753869,40,figural_single_1_1,1,,0,round,906.8999999872176,1,single,r_b_05.png,shape,round
135096,,c7fbf674-7151-4b31-9215-b4523cffdc16,1,WwJBTrw01617994753869,41,figural_single_1_1,1,,0,angular,1024.0999999950873,1,single,e_b_02.png,shape,angular
135096,,c7fbf674-7151-4b31-9215-b4523cffdc16,1,WwJBTrw01617994753869,42,figural_single_1_1,1,,0,angular,1008.9000000007218,1,single,e_g_14.png,shape,angular
135096,,c7fbf674-7151-4b31-9215-b4523cffdc16,1,WwJBTrw01617994753869,43,figural_single_1_1,1,,0,round,917.1000000060303,1,single,r_b_03.png,shape,round
135096,,c7fbf674-7151-4b31-9215-b4523cffdc16,1,WwJBTrw01617994753869,44,figural_single_1_1,1,,0,angular,824.8999999923399,1,single,e_b_14.png,shape,angular
135096,,c7fbf674-7151-4b31-9215-b4523cffdc16,1,WwJBTrw01617994753869,45,figural_single_1_1,1,,0,angular,910.4000000079395,1,single,e_b_04.png,shape,angular
135096,,c7fbf674-7151-4b31-9215-b4523cffdc16,1,WwJBTrw01617994753869,46,figural_single_1_1,1,,0,angular,853.1999999977415,1,single,e_b_03.png,shape,angular
135096,,c7fbf674-7151-4b31-9215-b4523cffdc16,1,WwJBTrw01617994753869,47,figural_single_1_1,1,,0,round,770.6000000034692,1,single,r_g_16.png,shape,round
135096,,c7fbf674-7151-4b31-9215-b4523cffdc16,1,WwJBTrw01617994753869,48,figural_single_1_1,1,,0,round,1132.1000000025379,1,single,r_g_13.png,shape,round
135096,,c7fbf674-7151-4b31-9215-b4523cffdc16,1,WwJBTrw01617994753869,49,figural_single_1_1,1,,0,round,1149.9999999941792,1,single,r_g_14.png,shape,round
135096,,c7fbf674-7151-4b31-9215-b4523cffdc16,1,WwJBTrw01617994753869,50,figural_single_1_1,1,,0,angular,892.8999999916414,1,single,e_g_08.png,shape,angular
135096,,c7fbf674-7151-4b31-9215-b4523cffdc16,1,WwJBTrw01617994753869,51,figural_single_1_1,1,,0,round,1178.9999999891734,1,single,r_g_09.png,shape,round
135096,,c7fbf674-7151-4b31-9215-b4523cffdc16,1,WwJBTrw01617994753869,52,figural_single_1_1,1,,0,angular,828.0999999988126,1,single,e_g_04.png,shape,angular
135096,,c7fbf674-7151-4b31-9215-b4523cffdc16,1,WwJBTrw01617994753869,53,figural_single_1_1,1,,0,angular,713.4999999980209,1,single,e_b_15.png,shape,angular
135096,,c7fbf674-7151-4b31-9215-b4523cffdc16,1,WwJBTrw01617994753869,54,figural_single_1_1,1,,0,round,718.5000000026776,1,single,r_g_04.png,shape,round
135096,,c7fbf674-7151-4b31-9215-b4523cffdc16,1,WwJBTrw01617994753869,55,figural_single_1_1,1,,0,angular,691.2000000011176,1,single,e_b_07.png,shape,angular
135096,,c7fbf674-7151-4b31-9215-b4523cffdc16,1,WwJBTrw01617994753869,56,figural_single_1_1,1,,0,angular,607.7999999979511,1,single,e_b_16.png,shape,angular
135096,,c7fbf674-7151-4b31-9215-b4523cffdc16,1,WwJBTrw01617994753869,57,figural_single_1_1,1,,0,round,716.4000000047963,1,single,r_b_08.png,shape,round
135096,,c7fbf674-7151-4b31-9215-b4523cffdc16,1,WwJBTrw01617994753869,58,figural_single_1_1,1,,0,angular,719.19999999227,1,single,e_g_12.png,shape,angular
135096,,c7fbf674-7151-4b31-9215-b4523cffdc16,1,WwJBTrw01617994753869,59,figural_single_1_1,1,,0,round,1041.0000000119908,1,single,r_b_14.png,shape,round
135096,,c7fbf674-7151-4b31-9215-b4523cffdc16,1,WwJBTrw01617994753869,60,figural_single_1_1,1,,0,round,821.2000000057742,1,single,r_g_05.png,shape,round
135096,,c7fbf674-7151-4b31-9215-b4523cffdc16,1,WwJBTrw01617994753869,61,figural_single_1_1,1,,0,round,695.5999999918276,1,single,r_g_01.png,shape,round
135096,,c7fbf674-7151-4b31-9215-b4523cffdc16,1,WwJBTrw01617994753869,62,figural_single_1_1,1,,0,angular,785.4000000079395,1,single,e_g_02.png,shape,angular
135096,,c7fbf674-7151-4b31-9215-b4523cffdc16,1,WwJBTrw01617994753869,63,figural_single_1_1,1,,0,round,935.8000000065658,1,single,r_g_11.png,shape,round
135096,,c7fbf674-7151-4b31-9215-b4523cffdc16,1,WwJBTrw01617994753869,64,figural_single_1_1,1,,0,round,890.2999999991152,1,single,r_g_10.png,shape,round
135096,,c7fbf674-7151-4b31-9215-b4523cffdc16,1,WwJBTrw01617994753869,65,figural_single_1_1,1,,0,round,1081.400000010035,1,single,r_b_04.png,shape,round
135096,,c7fbf674-7151-4b31-9215-b4523cffdc16,1,WwJBTrw01617994753869,66,figural_single_1_1,1,,0,angular,824.1999999881955,1,single,e_g_01.png,shape,angular
135096,,c7fbf674-7151-4b31-9215-b4523cffdc16,1,WwJBTrw01617994753869,67,figural_single_1_1,1,,0,round,1001.9000000029337,1,single,r_b_09.png,shape,round
135096,,c7fbf674-7151-4b31-9215-b4523cffdc16,1,WwJBTrw01617994753869,68,figural_single_1_1,1,,0,round,804.0000000037253,1,single,r_b_15.png,shape,round
135096,,c7fbf674-7151-4b31-9215-b4523cffdc16,1,WwJBTrw01617994753869,69,figural_single_1_1,1,,0,round,686.7000000056578,1,single,r_g_07.png,shape,round
135096,,c7fbf674-7151-4b31-9215-b4523cffdc16,1,WwJBTrw01617994753869,70,figural_single_1_1,1,,0,angular,745.5000000045402,1,single,e_b_01.png,shape,angular
135096,,c7fbf674-7151-4b31-9215-b4523cffdc16,1,WwJBTrw01617994753869,71,figural_single_1_1,1,,0,angular,753.5999999963678,1,single,e_b_12.png,shape,angular
135096,,c7fbf674-7151-4b31-9215-b4523cffdc16,1,WwJBTrw01617994753869,72,figural_single_1_1,1,,0,round,771.2000000028638,1,single,r_b_11.png,shape,round
135096,,c7fbf674-7151-4b31-9215-b4523cffdc16,1,WwJBTrw01617994753869,73,figural_single_1_1,1,,0,round,831.3999999954831,1,single,r_g_12.png,shape,round
135096,,c7fbf674-7151-4b31-9215-b4523cffdc16,1,WwJBTrw01617994753869,74,figural_single_1_1,1,,0,angular,721.1999999999534,1,single,e_g_03.png,shape,angular
135096,,c7fbf674-7151-4b31-9215-b4523cffdc16,1,WwJBTrw01617994753869,75,figural_single_1_1,1,,0,angular,595.1999999961117,1,single,e_g_10.png,shape,angular
135096,,c7fbf674-7151-4b31-9215-b4523cffdc16,1,WwJBTrw01617994753869,76,figural_single_1_1,1,,0,angular,719.7000000014668,1,single,e_b_11.png,shape,angular
135096,,c7fbf674-7151-4b31-9215-b4523cffdc16,1,WwJBTrw01617994753869,77,figural_single_2_practice,1,,0,blue,947.8999999992084,1,single,r_b_07.png,color,blue
135096,,c7fbf674-7151-4b31-9215-b4523cffdc16,1,WwJBTrw01617994753869,78,figural_single_2_practice,1,,0,green,696.6000000102213,1,single,r_g_09.png,color,green
135096,,c7fbf674-7151-4b31-9215-b4523cffdc16,1,WwJBTrw01617994753869,79,figural_single_2_practice,1,,0,green,558.6000000039348,1,single,e_g_04.png,color,green
135096,,c7fbf674-7151-4b31-9215-b4523cffdc16,1,WwJBTrw01617994753869,80,figural_single_2_practice,1,,0,blue,550.7000000070548,1,single,r_b_14.png,color,blue
135096,,c7fbf674-7151-4b31-9215-b4523cffdc16,1,WwJBTrw01617994753869,81,figural_single_2_practice,1,,0,blue,546.699999991688,1,single,e_b_06.png,color,blue
135096,,c7fbf674-7151-4b31-9215-b4523cffdc16,1,WwJBTrw01617994753869,82,figural_single_2_practice,1,,0,blue,915.500000002794,0,single,e_g_10.png,color,green
135096,,c7fbf674-7151-4b31-9215-b4523cffdc16,1,WwJBTrw01617994753869,83,figural_single_2_practice,1,,0,blue,1270.0000000040745,1,single,e_b_16.png,color,blue
135096,,c7fbf674-7151-4b31-9215-b4523cffdc16,1,WwJBTrw01617994753869,84,figural_single_2_practice,1,,0,green,815.600000001723,1,single,e_g_08.png,color,green
135096,,c7fbf674-7151-4b31-9215-b4523cffdc16,1,WwJBTrw01617994753869,85,figural_single_2_practice,1,,0,blue,1233.2000000023982,1,single,e_b_02.png,color,blue
135096,,c7fbf674-7151-4b31-9215-b4523cffdc16,1,WwJBTrw01617994753869,86,figural_single_2_practice,1,,0,green,874.4000000006054,1,single,r_g_03.png,color,green
135096,,c7fbf674-7151-4b31-9215-b4523cffdc16,1,WwJBTrw01617994753869,87,figural_single_2_practice,1,,0,blue,755.6999999942491,1,single,r_b_13.png,color,blue
135096,,c7fbf674-7151-4b31-9215-b4523cffdc16,1,WwJBTrw01617994753869,88,figural_single_2_practice,1,,0,green,761.6000000125496,1,single,r_g_01.png,color,green
135096,,c7fbf674-7151-4b31-9215-b4523cffdc16,1,WwJBTrw01617994753869,89,figural_single_2_1,1,,0,green,1149.9000000039814,1,single,r_g_07.png,color,green
135096,,c7fbf674-7151-4b31-9215-b4523cffdc16,1,WwJBTrw01617994753869,90,figural_single_2_1,1,,0,blue,678.1000000046333,1,single,r_b_03.png,color,blue
135096,,c7fbf674-7151-4b31-9215-b4523cffdc16,1,WwJBTrw01617994753869,91,figural_single_2_1,1,,0,green,710.9000000054948,1,single,r_g_08.png,color,green
135096,,c7fbf674-7151-4b31-9215-b4523cffdc16,1,WwJBTrw01617994753869,92,figural_single_2_1,1,,0,green,913.5999999998603,1,single,e_g_01.png,color,green
135096,,c7fbf674-7151-4b31-9215-b4523cffdc16,1,WwJBTrw01617994753869,93,figural_single_2_1,1,,0,green,674.1000000038184,1,single,e_g_09.png,color,green
135096,,c7fbf674-7151-4b31-9215-b4523cffdc16,1,WwJBTrw01617994753869,94,figural_single_2_1,1,,0,blue,613.5999999969499,1,single,r_b_08.png,color,blue
135096,,c7fbf674-7151-4b31-9215-b4523cffdc16,1,WwJBTrw01617994753869,95,figural_single_2_1,1,,0,blue,698.099999994156,1,single,e_b_03.png,color,blue
135096,,c7fbf674-7151-4b31-9215-b4523cffdc16,1,WwJBTrw01617994753869,96,figural_single_2_1,1,,0,green,600.9999999951106,1,single,e_g_07.png,color,green
135096,,c7fbf674-7151-4b31-9215-b4523cffdc16,1,WwJBTrw01617994753869,97,figural_single_2_1,1,,0,blue,752.6999999972759,1,single,e_b_02.png,color,blue
135096,,c7fbf674-7151-4b31-9215-b4523cffdc16,1,WwJBTrw01617994753869,98,figural_single_2_1,1,,0,green,1009.9999999947613,1,single,e_g_04.png,color,green
135096,,c7fbf674-7151-4b31-9215-b4523cffdc16,1,WwJBTrw01617994753869,99,figural_single_2_1,1,,0,blue,1141.0000000032596,0,single,r_g_06.png,color,green
135096,,c7fbf674-7151-4b31-9215-b4523cffdc16,1,WwJBTrw01617994753869,100,figural_single_2_1,1,,0,blue,1097.5000000034925,1,single,e_b_08.png,color,blue
135096,,c7fbf674-7151-4b31-9215-b4523cffdc16,1,WwJBTrw01617994753869,101,figural_single_2_1,1,,0,green,2003.7999999913154,1,single,e_g_16.png,color,green
135096,,c7fbf674-7151-4b31-9215-b4523cffdc16,1,WwJBTrw01617994753869,102,figural_single_2_1,1,,0,blue,1338.1000000081258,1,single,e_b_06.png,color,blue
135096,,c7fbf674-7151-4b31-9215-b4523cffdc16,1,WwJBTrw01617994753869,103,figural_single_2_1,1,,0,blue,853.4999999974389,1,single,e_b_04.png,color,blue
135096,,c7fbf674-7151-4b31-9215-b4523cffdc16,1,WwJBTrw01617994753869,104,figural_single_2_1,1,,0,green,736.0999999946216,1,single,r_g_10.png,color,green
135096,,c7fbf674-7151-4b31-9215-b4523cffdc16,1,WwJBTrw01617994753869,105,figural_single_2_1,1,,0,blue,720.6000000005588,1,single,e_b_12.png,color,blue
135096,,c7fbf674-7151-4b31-9215-b4523cffdc16,1,WwJBTrw01617994753869,106,figural_single_2_1,1,,0,blue,591.3000000000466,1,single,r_b_09.png,color,blue
135096,,c7fbf674-7151-4b31-9215-b4523cffdc16,1,WwJBTrw01617994753869,107,figural_single_2_1,1,,0,green,574.5000000024447,1,single,r_g_15.png,color,green
135096,,c7fbf674-7151-4b31-9215-b4523cffdc16,1,WwJBTrw01617994753869,108,figural_single_2_1,1,,0,green,1004.400000005262,1,single,e_g_08.png,color,green
135096,,c7fbf674-7151-4b31-9215-b4523cffdc16,1,WwJBTrw01617994753869,109,figural_single_2_1,1,,0,blue,857.0999999938067,1,single,e_b_11.png,color,blue
135096,,c7fbf674-7151-4b31-9215-b4523cffdc16,1,WwJBTrw01617994753869,110,figural_single_2_1,1,,0,blue,667.3000000009779,1,single,r_b_13.png,color,blue
135096,,c7fbf674-7151-4b31-9215-b4523cffdc16,1,WwJBTrw01617994753869,111,figural_single_2_1,1,,0,blue,608.9999999967404,1,single,r_b_12.png,color,blue
135096,,c7fbf674-7151-4b31-9215-b4523cffdc16,1,WwJBTrw01617994753869,112,figural_single_2_1,1,,0,blue,586.4999999903375,1,single,r_b_15.png,color,blue
135096,,c7fbf674-7151-4b31-9215-b4523cffdc16,1,WwJBTrw01617994753869,113,figural_single_2_1,1,,0,blue,522.7999999915482,0,single,e_g_05.png,color,green
135096,,c7fbf674-7151-4b31-9215-b4523cffdc16,1,WwJBTrw01617994753869,114,figural_single_2_1,1,,0,green,864.3000000010943,1,single,r_g_12.png,color,green
135096,,c7fbf674-7151-4b31-9215-b4523cffdc16,1,WwJBTrw01617994753869,115,figural_single_2_1,1,,0,blue,1111.399999994319,1,single,r_b_02.png,color,blue
135096,,c7fbf674-7151-4b31-9215-b4523cffdc16,1,WwJBTrw01617994753869,116,figural_single_2_1,1,,0,blue,556.1999999918044,1,single,r_b_01.png,color,blue
135096,,c7fbf674-7151-4b31-9215-b4523cffdc16,1,WwJBTrw01617994753869,117,figural_single_2_1,1,,0,blue,583.7000000028638,1,single,r_b_07.png,color,blue
135096,,c7fbf674-7151-4b31-9215-b4523cffdc16,1,WwJBTrw01617994753869,118,figural_single_2_1,1,,0,green,705.0000000017462,1,single,e_g_15.png,color,green
135096,,c7fbf674-7151-4b31-9215-b4523cffdc16,1,WwJBTrw01617994753869,119,figural_single_2_1,1,,0,green,589.80000000156,1,single,e_g_11.png,color,green
135096,,c7fbf674-7151-4b31-9215-b4523cffdc16,1,WwJBTrw01617994753869,120,figural_single_2_1,1,,0,blue,811.9999999908032,1,single,e_b_07.png,color,blue
135096,,c7fbf674-7151-4b31-9215-b4523cffdc16,1,WwJBTrw01617994753869,121,figural_single_2_1,1,,0,green,817.6999999996042,1,single,r_g_04.png,color,green
135096,,c7fbf674-7151-4b31-9215-b4523cffdc16,1,WwJBTrw01617994753869,122,figural_single_2_1,1,,0,green,714.80000000156,1,single,e_g_02.png,color,green
135096,,c7fbf674-7151-4b31-9215-b4523cffdc16,1,WwJBTrw01617994753869,123,figural_single_2_1,1,,0,blue,859.199999991688,1,single,e_b_01.png,color,blue
135096,,c7fbf674-7151-4b31-9215-b4523cffdc16,1,WwJBTrw01617994753869,124,figural_single_2_1,1,,0,blue,564.8000000073807,1,single,r_b_05.png,color,blue
135096,,c7fbf674-7151-4b31-9215-b4523cffdc16,1,WwJBTrw01617994753869,125,figural_single_2_1,1,,0,green,683.4999999991851,1,single,e_g_03.png,color,green
135096,,c7fbf674-7151-4b31-9215-b4523cffdc16,1,WwJBTrw01617994753869,126,figural_single_2_1,1,,0,blue,855.5999999953201,1,single,r_b_04.png,color,blue
135096,,c7fbf674-7151-4b31-9215-b4523cffdc16,1,WwJBTrw01617994753869,127,figural_single_2_1,1,,0,green,728.7999999971362,1,single,e_g_06.png,color,green
135096,,c7fbf674-7151-4b31-9215-b4523cffdc16,1,WwJBTrw01617994753869,128,figural_single_2_1,1,,0,green,704.7999999922467,1,single,e_g_12.png,color,green
135096,,c7fbf674-7151-4b31-9215-b4523cffdc16,1,WwJBTrw01617994753869,129,figural_single_2_1,1,,0,blue,804.6000000031199,0,single,r_g_14.png,color,green
135096,,c7fbf674-7151-4b31-9215-b4523cffdc16,1,WwJBTrw01617994753869,130,figural_single_2_1,1,,0,blue,2316.399999996065,1,single,e_b_09.png,color,blue
135096,,c7fbf674-7151-4b31-9215-b4523cffdc16,1,WwJBTrw01617994753869,131,figural_single_2_1,1,,0,blue,977.3999999888474,1,single,e_b_16.png,color,blue
135096,,c7fbf674-7151-4b31-9215-b4523cffdc16,1,WwJBTrw01617994753869,132,figural_single_2_1,1,,0,green,735.7000000047265,1,single,r_g_01.png,color,green
135096,,c7fbf674-7151-4b31-9215-b4523cffdc16,1,WwJBTrw01617994753869,133,figural_single_2_1,1,,0,green,1746.2999999988824,1,single,r_g_09.png,color,green
135096,,c7fbf674-7151-4b31-9215-b4523cffdc16,1,WwJBTrw01617994753869,134,figural_single_2_1,1,,0,green,716.2000000098487,1,single,e_g_13.png,color,green
135096,,c7fbf674-7151-4b31-9215-b4523cffdc16,1,WwJBTrw01617994753869,135,figural_single_2_1,1,,0,blue,795.2000000077533,1,single,r_b_06.png,color,blue
135096,,c7fbf674-7151-4b31-9215-b4523cffdc16,1,WwJBTrw01617994753869,136,figural_single_2_1,1,,0,blue,1147.899999996298,1,single,r_b_14.png,color,blue
135096,,c7fbf674-7151-4b31-9215-b4523cffdc16,1,WwJBTrw01617994753869,137,figural_single_2_1,1,,0,green,1001.4999999984866,1,single,r_g_05.png,color,green
135096,,c7fbf674-7151-4b31-9215-b4523cffdc16,1,WwJBTrw01617994753869,138,figural_single_2_1,1,,0,green,1356.5999999991618,1,single,e_g_10.png,color,green
135096,,c7fbf674-7151-4b31-9215-b4523cffdc16,1,WwJBTrw01617994753869,139,figural_single_2_1,1,,0,green,1608.0999999976484,1,single,r_g_02.png,color,green
135096,,c7fbf674-7151-4b31-9215-b4523cffdc16,1,WwJBTrw01617994753869,140,figural_single_2_1,1,,0,blue,931.799999991199,1,single,e_b_10.png,color,blue
135096,,c7fbf674-7151-4b31-9215-b4523cffdc16,1,WwJBTrw01617994753869,141,figural_single_2_1,1,,0,blue,842.1999999991385,1,single,r_b_16.png,color,blue
135096,,c7fbf674-7151-4b31-9215-b4523cffdc16,1,WwJBTrw01617994753869,142,figural_single_2_1,1,,0,green,1650.0000000087311,1,single,r_g_11.png,color,green
135096,,c7fbf674-7151-4b31-9215-b4523cffdc16,1,WwJBTrw01617994753869,143,figural_single_2_1,1,,0,green,766.6999999928521,1,single,r_g_03.png,color,green
135096,,c7fbf674-7151-4b31-9215-b4523cffdc16,1,WwJBTrw01617994753869,144,figural_single_2_1,1,,0,blue,687.9000000044471,1,single,e_b_14.png,color,blue
135096,,c7fbf674-7151-4b31-9215-b4523cffdc16,1,WwJBTrw01617994753869,145,figural_single_2_1,1,,0,blue,961.699999999837,1,single,e_b_13.png,color,blue
135096,,c7fbf674-7151-4b31-9215-b4523cffdc16,1,WwJBTrw01617994753869,146,figural_single_2_1,1,,0,green,759.0999999956694,0,single,r_b_10.png,color,blue
135096,,c7fbf674-7151-4b31-9215-b4523cffdc16,1,WwJBTrw01617994753869,147,figural_single_2_1,1,,0,green,1666.5999999968335,1,single,e_g_14.png,color,green
135096,,c7fbf674-7151-4b31-9215-b4523cffdc16,1,WwJBTrw01617994753869,148,figural_single_2_1,1,,0,blue,866.4000000135275,1,single,e_b_15.png,color,blue
135096,,c7fbf674-7151-4b31-9215-b4523cffdc16,1,WwJBTrw01617994753869,149,figural_single_2_1,1,,0,blue,687.4000000098022,1,single,e_b_05.png,color,blue
135096,,c7fbf674-7151-4b31-9215-b4523cffdc16,1,WwJBTrw01617994753869,150,figural_single_2_1,1,,0,blue,988.9000000111992,1,single,r_b_11.png,color,blue
135096,,c7fbf674-7151-4b31-9215-b4523cffdc16,1,WwJBTrw01617994753869,151,figural_single_2_1,1,,0,green,1442.3999999999069,1,single,r_g_13.png,color,green
135096,,c7fbf674-7151-4b31-9215-b4523cffdc16,1,WwJBTrw01617994753869,152,figural_single_2_1,1,,0,green,1332.0999999996275,1,single,r_g_16.png,color,green
135096,,c7fbf674-7151-4b31-9215-b4523cffdc16,1,WwJBTrw01617994753869,153,figural_mixed_practice,1,,0,angular,1619.2000000010012,1,start,e_g_13.png,shape,angular
135096,,c7fbf674-7151-4b31-9215-b4523cffdc16,1,WwJBTrw01617994753869,154,figural_mixed_practice,1,,0,angular,1582.9999999987194,1,repetition,e_g_15.png,shape,angular
135096,,c7fbf674-7151-4b31-9215-b4523cffdc16,1,WwJBTrw01617994753869,155,figural_mixed_practice,1,,0,blue,782.8000000008615,1,switch,r_b_02.png,color,blue
135096,,c7fbf674-7151-4b31-9215-b4523cffdc16,1,WwJBTrw01617994753869,156,figural_mixed_practice,1,,0,green,1236.6999999940163,1,repetition,r_g_10.png,color,green
135096,,c7fbf674-7151-4b31-9215-b4523cffdc16,1,WwJBTrw01617994753869,157,figural_mixed_practice,1,,0,round,1550.600000002305,1,switch,r_b_03.png,shape,round
135096,,c7fbf674-7151-4b31-9215-b4523cffdc16,1,WwJBTrw01617994753869,158,figural_mixed_practice,1,,0,blue,833.5000000079162,1,switch,e_b_11.png,color,blue
135096,,c7fbf674-7151-4b31-9215-b4523cffdc16,1,WwJBTrw01617994753869,159,figural_mixed_practice,1,,0,green,846.4999999996508,1,repetition,r_g_06.png,color,green
135096,,c7fbf674-7151-4b31-9215-b4523cffdc16,1,WwJBTrw01617994753869,160,figural_mixed_practice,1,,0,round,1219.1000000020722,1,switch,r_b_08.png,shape,round
135096,,c7fbf674-7151-4b31-9215-b4523cffdc16,1,WwJBTrw01617994753869,161,figural_mixed_practice,1,,0,angular,1420.5999999976484,1,repetition,e_b_12.png,shape,angular
135096,,c7fbf674-7151-4b31-9215-b4523cffdc16,1,WwJBTrw01617994753869,162,figural_mixed_practice,1,,0,round,1266.699999992852,1,repetition,r_g_04.png,shape,round
135096,,c7fbf674-7151-4b31-9215-b4523cffdc16,1,WwJBTrw01617994753869,163,figural_mixed_practice,1,,0,blue,1376.6999999934342,1,switch,e_b_01.png,color,blue
135096,,c7fbf674-7151-4b31-9215-b4523cffdc16,1,WwJBTrw01617994753869,164,figural_mixed_practice,1,,0,green,1048.0999999999767,1,repetition,e_g_05.png,color,green
135096,,c7fbf674-7151-4b31-9215-b4523cffdc16,1,WwJBTrw01617994753869,165,figural_mixed,1,,0,green,1702.7999999991152,1,start,r_g_12.png,color,green
135096,,c7fbf674-7151-4b31-9215-b4523cffdc16,1,WwJBTrw01617994753869,166,figural_mixed,1,,0,green,985.2000000100816,1,repetition,e_g_16.png,color,green
135096,,c7fbf674-7151-4b31-9215-b4523cffdc16,1,WwJBTrw01617994753869,167,figural_mixed,1,,0,round,1118.5999999870546,1,switch,r_b_01.png,shape,round
135096,,c7fbf674-7151-4b31-9215-b4523cffdc16,1,WwJBTrw01617994753869,168,figural_mixed,1,,0,blue,1762.9000000015367,1,switch,e_b_10.png,color,blue
135096,,c7fbf674-7151-4b31-9215-b4523cffdc16,1,WwJBTrw01617994753869,169,figural_mixed,1,,0,round,1686.9000000006054,1,switch,r_g_07.png,shape,round
135096,,c7fbf674-7151-4b31-9215-b4523cffdc16,1,WwJBTrw01617994753869,170,figural_mixed,1,,0,angular,1346.6000000044005,1,repetition,e_g_16.png,shape,angular
135096,,c7fbf674-7151-4b31-9215-b4523cffdc16,1,WwJBTrw01617994753869,171,figural_mixed,1,,0,angular,1600.2000000007683,1,repetition,e_b_11.png,shape,angular
135096,,c7fbf674-7151-4b31-9215-b4523cffdc16,1,WwJBTrw01617994753869,172,figural_mixed,1,,0,blue,1353.7000000069384,1,switch,e_b_12.png,color,blue
135096,,c7fbf674-7151-4b31-9215-b4523cffdc16,1,WwJBTrw01617994753869,173,figural_mixed,1,,0,blue,1056.6000000108033,1,repetition,r_b_05.png,color,blue
135096,,c7fbf674-7151-4b31-9215-b4523cffdc16,1,WwJBTrw01617994753869,174,figural_mixed,1,,0,angular,1226.699999999255,1,switch,e_b_15.png,shape,angular
135096,,c7fbf674-7151-4b31-9215-b4523cffdc16,1,WwJBTrw01617994753869,175,figural_mixed,1,,0,round,1219.599999996717,1,repetition,r_g_01.png,shape,round
135096,,c7fbf674-7151-4b31-9215-b4523cffdc16,1,WwJBTrw01617994753869,176,figural_mixed,1,,0,green,1255.1000000094064,1,switch,r_g_11.png,color,green
135096,,c7fbf674-7151-4b31-9215-b4523cffdc16,1,WwJBTrw01617994753869,177,figural_mixed,1,,0,blue,1054.0000000037253,1,repetition,e_b_14.png,color,blue
135096,,c7fbf674-7151-4b31-9215-b4523cffdc16,1,WwJBTrw01617994753869,178,figural_mixed,1,,0,green,1115.299999990384,1,repetition,r_g_05.png,color,green
135096,,c7fbf674-7151-4b31-9215-b4523cffdc16,1,WwJBTrw01617994753869,179,figural_mixed,1,,0,angular,1119.8000000003958,1,switch,e_g_09.png,shape,angular
135096,,c7fbf674-7151-4b31-9215-b4523cffdc16,1,WwJBTrw01617994753869,180,figural_mixed,1,,0,round,1943.199999994249,1,repetition,r_b_04.png,shape,round
135096,,c7fbf674-7151-4b31-9215-b4523cffdc16,1,WwJBTrw01617994753869,181,figural_mixed,1,,0,round,1732.1999999985565,1,repetition,r_g_12.png,shape,round
135096,,c7fbf674-7151-4b31-9215-b4523cffdc16,1,WwJBTrw01617994753869,182,figural_mixed,1,,0,round,2530.899999997928,1,repetition,r_b_02.png,shape,round
135096,,c7fbf674-7151-4b31-9215-b4523cffdc16,1,WwJBTrw01617994753869,183,figural_mixed,1,,0,green,2079.200000007404,1,switch,r_g_04.png,color,green
135096,,c7fbf674-7151-4b31-9215-b4523cffdc16,1,WwJBTrw01617994753869,184,figural_mixed,1,,0,blue,1271.6000000073109,1,repetition,e_b_02.png,color,blue
135096,,c7fbf674-7151-4b31-9215-b4523cffdc16,1,WwJBTrw01617994753869,185,figural_mixed,1,,0,blue,1148.4999999956926,1,repetition,r_b_16.png,color,blue
135096,,c7fbf674-7151-4b31-9215-b4523cffdc16,1,WwJBTrw01617994753869,186,figural_mixed,1,,0,angular,1432.199999995646,1,switch,e_g_03.png,shape,angular
135096,,c7fbf674-7151-4b31-9215-b4523cffdc16,1,WwJBTrw01617994753869,187,figural_mixed,1,,0,blue,1003.2999999966705,1,switch,r_b_10.png,color,blue
135096,,c7fbf674-7151-4b31-9215-b4523cffdc16,1,WwJBTrw01617994753869,188,figural_mixed,1,,0,green,1441.5999999910127,1,repetition,e_g_03.png,color,green
135096,,c7fbf674-7151-4b31-9215-b4523cffdc16,1,WwJBTrw01617994753869,189,figural_mixed,1,,0,green,1402.1999999968102,1,repetition,r_g_06.png,color,green
135096,,c7fbf674-7151-4b31-9215-b4523cffdc16,1,WwJBTrw01617994753869,190,figural_mixed,1,,0,round,1054.4000000081724,1,switch,r_b_09.png,shape,round
135096,,c7fbf674-7151-4b31-9215-b4523cffdc16,1,WwJBTrw01617994753869,191,figural_mixed,1,,0,blue,1117.2999999980675,1,switch,r_b_02.png,color,blue
135096,,c7fbf674-7151-4b31-9215-b4523cffdc16,1,WwJBTrw01617994753869,192,figural_mixed,1,,0,green,2002.8999999922235,1,repetition,r_g_01.png,color,green
135096,,c7fbf674-7151-4b31-9215-b4523cffdc16,1,WwJBTrw01617994753869,193,figural_mixed,1,,0,angular,1306.2000000063563,1,switch,e_g_07.png,shape,angular
135096,,c7fbf674-7151-4b31-9215-b4523cffdc16,1,WwJBTrw01617994753869,194,figural_mixed,1,,0,blue,1195.8000000013271,1,switch,r_b_13.png,color,blue
135096,,c7fbf674-7151-4b31-9215-b4523cffdc16,1,WwJBTrw01617994753869,195,figural_mixed,1,,0,round,1041.7000000015832,0,switch,e_b_14.png,shape,angular
135096,,c7fbf674-7151-4b31-9215-b4523cffdc16,1,WwJBTrw01617994753869,196,figural_mixed,1,,0,round,2486.000000004424,1,repetition,r_g_09.png,shape,round
135096,,c7fbf674-7151-4b31-9215-b4523cffdc16,1,WwJBTrw01617994753869,197,figural_mixed,1,,0,round,1409.2000000091502,1,repetition,r_b_11.png,shape,round
135096,,c7fbf674-7151-4b31-9215-b4523cffdc16,1,WwJBTrw01617994753869,198,figural_mixed,1,,0,green,1775.999999998021,1,switch,r_g_07.png,color,green
135096,,c7fbf674-7151-4b31-9215-b4523cffdc16,1,WwJBTrw01617994753869,199,figural_mixed,1,,0,angular,1094.4999999919673,1,switch,e_b_04.png,shape,angular
135096,,c7fbf674-7151-4b31-9215-b4523cffdc16,1,WwJBTrw01617994753869,200,figural_mixed,1,,0,round,1577.000000004773,1,repetition,r_g_14.png,shape,round
135096,,c7fbf674-7151-4b31-9215-b4523cffdc16,1,WwJBTrw01617994753869,201,figural_mixed,1,,0,blue,1569.6000000025379,1,switch,e_b_09.png,color,blue
135096,,c7fbf674-7151-4b31-9215-b4523cffdc16,1,WwJBTrw01617994753869,202,figural_mixed,1,,0,angular,1038.300000000163,1,switch,e_g_10.png,shape,angular
135096,,c7fbf674-7151-4b31-9215-b4523cffdc16,1,WwJBTrw01617994753869,203,figural_mixed,1,,0,green,1787.7000000007683,1,switch,r_g_15.png,color,green
135096,,c7fbf674-7151-4b31-9215-b4523cffdc16,1,WwJBTrw01617994753869,204,figural_mixed,1,,0,green,997.5000000122236,1,repetition,e_g_14.png,color,green
135096,,c7fbf674-7151-4b31-9215-b4523cffdc16,1,WwJBTrw01617994753869,205,figural_mixed,1,,0,blue,1152.9000000009546,1,repetition,r_b_07.png,color,blue
135096,,c7fbf674-7151-4b31-9215-b4523cffdc16,1,WwJBTrw01617994753869,206,figural_mixed,1,,0,blue,1291.800000006333,1,repetition,r_b_09.png,color,blue
135096,,c7fbf674-7151-4b31-9215-b4523cffdc16,1,WwJBTrw01617994753869,207,figural_mixed,1,,0,angular,1057.4999999953434,1,switch,e_g_14.png,shape,angular
135096,,c7fbf674-7151-4b31-9215-b4523cffdc16,1,WwJBTrw01617994753869,208,figural_mixed,1,,0,angular,1337.2999999992317,1,repetition,e_g_13.png,shape,angular
135096,,c7fbf674-7151-4b31-9215-b4523cffdc16,1,WwJBTrw01617994753869,209,figural_mixed,1,,0,blue,1159.1000000044005,1,switch,e_b_04.png,color,blue
135096,,c7fbf674-7151-4b31-9215-b4523cffdc16,1,WwJBTrw01617994753869,210,figural_mixed,1,,0,green,1205.6000000011409,1,repetition,e_g_10.png,color,green
135096,,c7fbf674-7151-4b31-9215-b4523cffdc16,1,WwJBTrw01617994753869,211,figural_mixed,1,,0,green,1453.300000008312,1,repetition,e_g_04.png,color,green
135096,,c7fbf674-7151-4b31-9215-b4523cffdc16,1,WwJBTrw01617994753869,212,figural_mixed,1,,0,angular,1304.7000000078697,1,switch,e_b_07.png,shape,angular
135096,,c7fbf674-7151-4b31-9215-b4523cffdc16,1,WwJBTrw01617994753869,213,figural_mixed,1,,0,round,1695.6000000063796,1,repetition,r_g_11.png,shape,round
135096,,c7fbf674-7151-4b31-9215-b4523cffdc16,1,WwJBTrw01617994753869,214,figural_mixed,1,,0,round,1099.900000001071,1,repetition,r_g_04.png,shape,round
135096,,c7fbf674-7151-4b31-9215-b4523cffdc16,1,WwJBTrw01617994753869,215,figural_mixed,1,,0,angular,1189.1000000032363,1,repetition,e_g_15.png,shape,angular
135096,,c7fbf674-7151-4b31-9215-b4523cffdc16,1,WwJBTrw01617994753869,216,figural_mixed,1,,0,green,1651.7999999923632,1,switch,e_g_11.png,color,green
135096,,c7fbf674-7151-4b31-9215-b4523cffdc16,1,WwJBTrw01617994753869,217,figural_mixed,1,,0,round,1478.000000002794,1,switch,r_g_08.png,shape,round
135096,,c7fbf674-7151-4b31-9215-b4523cffdc16,1,WwJBTrw01617994753869,218,figural_mixed,1,,0,round,985.7999999949243,1,repetition,r_g_10.png,shape,round
135096,,c7fbf674-7151-4b31-9215-b4523cffdc16,1,WwJBTrw01617994753869,219,figural_mixed,1,,0,green,1123.6000000062631,1,switch,e_g_15.png,color,green
135096,,c7fbf674-7151-4b31-9215-b4523cffdc16,1,WwJBTrw01617994753869,220,figural_mixed,1,,0,green,1420.1999999932013,1,repetition,r_g_02.png,color,green
135096,,c7fbf674-7151-4b31-9215-b4523cffdc16,1,WwJBTrw01617994753869,221,figural_mixed,1,,0,angular,2292.1000000060303,1,switch,e_b_01.png,shape,angular
135096,,c7fbf674-7151-4b31-9215-b4523cffdc16,1,WwJBTrw01617994753869,222,figural_mixed,1,,0,blue,1283.900000009453,1,switch,e_b_15.png,color,blue
135096,,c7fbf674-7151-4b31-9215-b4523cffdc16,1,WwJBTrw01617994753869,223,figural_mixed,1,,0,blue,1209.3999999924563,1,repetition,e_b_03.png,color,blue
135096,,c7fbf674-7151-4b31-9215-b4523cffdc16,1,WwJBTrw01617994753869,224,figural_mixed,1,,0,blue,674.8000000079628,1,repetition,e_b_01.png,color,blue
135096,,c7fbf674-7151-4b31-9215-b4523cffdc16,1,WwJBTrw01617994753869,225,figural_mixed,1,,0,round,1573.3999999938533,1,switch,r_g_02.png,shape,round
135096,,c7fbf674-7151-4b31-9215-b4523cffdc16,1,WwJBTrw01617994753869,226,figural_mixed,1,,0,green,1334.3999999924563,1,switch,e_g_05.png,color,green
135096,,c7fbf674-7151-4b31-9215-b4523cffdc16,1,WwJBTrw01617994753869,227,figural_mixed,1,,0,round,1165.5999999929918,1,switch,r_b_06.png,shape,round
135096,,c7fbf674-7151-4b31-9215-b4523cffdc16,1,WwJBTrw01617994753869,228,figural_mixed,1,,0,green,1379.39999999071,1,switch,e_g_08.png,color,green
135096,,c7fbf674-7151-4b31-9215-b4523cffdc16,1,WwJBTrw01617994753869,229,figural_mixed,1,,0,green,1164.4999999989523,1,repetition,e_g_02.png,color,green
135096,,c7fbf674-7151-4b31-9215-b4523cffdc16,1,WwJBTrw01617994753869,230,figural_mixed,1,,0,blue,1535.4999999981374,1,repetition,e_b_06.png,color,blue
135096,,c7fbf674-7151-4b31-9215-b4523cffdc16,1,WwJBTrw01617994753869,231,figural_mixed,1,,0,angular,1297.4000000103842,1,switch,e_b_08.png,shape,angular
135096,,c7fbf674-7151-4b31-9215-b4523cffdc16,1,WwJBTrw01617994753869,232,figural_mixed,1,,0,green,1844.2999999970198,1,switch,r_g_09.png,color,green
135096,,c7fbf674-7151-4b31-9215-b4523cffdc16,1,WwJBTrw01617994753869,233,figural_mixed,1,,0,blue,1376.9999999931315,1,repetition,e_b_13.png,color,blue
135096,,c7fbf674-7151-4b31-9215-b4523cffdc16,1,WwJBTrw01617994753869,234,figural_mixed,1,,0,round,1352.8000000078464,1,switch,r_b_10.png,shape,round
135096,,c7fbf674-7151-4b31-9215-b4523cffdc16,1,WwJBTrw01617994753869,235,figural_mixed,1,,0,round,1045.7000000023982,1,repetition,r_b_13.png,shape,round
135096,,c7fbf674-7151-4b31-9215-b4523cffdc16,1,WwJBTrw01617994753869,236,figural_mixed,1,,0,green,863.5999999969499,0,switch,e_b_11.png,color,blue
135096,,c7fbf674-7151-4b31-9215-b4523cffdc16,1,WwJBTrw01617994753869,237,figural_mixed,1,,0,green,2217.1999999991385,1,repetition,r_g_08.png,color,green
135096,,c7fbf674-7151-4b31-9215-b4523cffdc16,1,WwJBTrw01617994753869,238,figural_mixed,1,,0,angular,1367.10000000312,1,switch,e_b_10.png,shape,angular
135096,,c7fbf674-7151-4b31-9215-b4523cffdc16,1,WwJBTrw01617994753869,239,figural_mixed,1,,0,angular,1451.4999999955762,1,repetition,e_g_06.png,shape,angular
135096,,c7fbf674-7151-4b31-9215-b4523cffdc16,1,WwJBTrw01617994753869,240,figural_mixed,1,,0,angular,931.8999999959487,1,repetition,e_g_11.png,shape,angular
135096,,c7fbf674-7151-4b31-9215-b4523cffdc16,1,WwJBTrw01617994753869,241,figural_mixed,1,,0,round,1413.300000000163,1,repetition,r_b_07.png,shape,round
135096,,c7fbf674-7151-4b31-9215-b4523cffdc16,1,WwJBTrw01617994753869,242,figural_mixed,1,,0,blue,1131.999999997788,1,switch,r_b_06.png,color,blue
135096,,c7fbf674-7151-4b31-9215-b4523cffdc16,1,WwJBTrw01617994753869,243,figural_mixed,1,,0,blue,1691.7000000103144,1,repetition,e_b_07.png,color,blue
135096,,c7fbf674-7151-4b31-9215-b4523cffdc16,1,WwJBTrw01617994753869,244,figural_mixed,1,,0,blue,1245.3999999997905,1,repetition,r_b_14.png,color,blue
135096,,c7fbf674-7151-4b31-9215-b4523cffdc16,1,WwJBTrw01617994753869,245,figural_mixed,1,,0,green,1446.700000000419,1,repetition,r_g_16.png,color,green
135096,,c7fbf674-7151-4b31-9215-b4523cffdc16,1,WwJBTrw01617994753869,246,figural_mixed,1,,0,angular,1182.6000000000931,1,switch,e_b_09.png,shape,angular
135096,,c7fbf674-7151-4b31-9215-b4523cffdc16,1,WwJBTrw01617994753869,247,figural_mixed,1,,0,round,1684.9999999976717,1,repetition,r_g_05.png,shape,round
135096,,c7fbf674-7151-4b31-9215-b4523cffdc16,1,WwJBTrw01617994753869,248,figural_mixed,1,,0,angular,998.699999996461,1,repetition,e_b_12.png,shape,angular
135096,,c7fbf674-7151-4b31-9215-b4523cffdc16,1,WwJBTrw01617994753869,249,figural_mixed,1,,0,blue,1623.9999999961583,1,switch,e_b_05.png,color,blue
135096,,c7fbf674-7151-4b31-9215-b4523cffdc16,1,WwJBTrw01617994753869,250,figural_mixed,1,,0,round,1077.1999999997206,1,switch,r_g_06.png,shape,round
135096,,c7fbf674-7151-4b31-9215-b4523cffdc16,1,WwJBTrw01617994753869,251,figural_mixed,1,,0,blue,1126.3999999937369,1,switch,e_b_16.png,color,blue
135096,,c7fbf674-7151-4b31-9215-b4523cffdc16,1,WwJBTrw01617994753869,252,figural_mixed,1,,0,green,1187.5,1,repetition,r_g_13.png,color,green
135096,,c7fbf674-7151-4b31-9215-b4523cffdc16,1,WwJBTrw01617994753869,253,figural_mixed,1,,0,angular,2034.5999999990454,1,switch,e_g_02.png,shape,angular
135096,,c7fbf674-7151-4b31-9215-b4523cffdc16,1,WwJBTrw01617994753869,254,figural_mixed,1,,0,round,1122.4999999976717,1,repetition,r_b_03.png,shape,round
135096,,c7fbf674-7151-4b31-9215-b4523cffdc16,1,WwJBTrw01617994753869,255,figural_mixed,1,,0,round,1304.1999999986729,1,repetition,r_b_14.png,shape,round
135096,,c7fbf674-7151-4b31-9215-b4523cffdc16,1,WwJBTrw01617994753869,256,figural_mixed,1,,0,angular,1033.3000000100583,1,repetition,e_g_12.png,shape,angular
135096,,c7fbf674-7151-4b31-9215-b4523cffdc16,1,WwJBTrw01617994753869,257,figural_mixed,1,,0,blue,886.7000000027474,1,switch,r_b_04.png,color,blue
135096,,c7fbf674-7151-4b31-9215-b4523cffdc16,1,WwJBTrw01617994753869,258,figural_mixed,1,,0,round,1547.2999999910826,1,switch,r_g_15.png,shape,round
135096,,c7fbf674-7151-4b31-9215-b4523cffdc16,1,WwJBTrw01617994753869,259,figural_mixed,1,,0,angular,1004.6000000002095,1,repetition,e_g_08.png,shape,angular
135096,,c7fbf674-7151-4b31-9215-b4523cffdc16,1,WwJBTrw01617994753869,260,figural_mixed,1,,0,round,946.1000000010245,1,repetition,r_b_16.png,shape,round
135096,,c7fbf674-7151-4b31-9215-b4523cffdc16,1,WwJBTrw01617994753869,261,figural_mixed,1,,0,green,1326.0000000009313,1,switch,r_g_10.png,color,green
135096,,c7fbf674-7151-4b31-9215-b4523cffdc16,1,WwJBTrw01617994753869,262,figural_mixed,1,,0,green,1077.000000004773,1,repetition,e_g_06.png,color,green
135096,,c7fbf674-7151-4b31-9215-b4523cffdc16,1,WwJBTrw01617994753869,263,figural_mixed,1,,0,round,1888.2999999914318,1,switch,r_g_13.png,shape,round
135096,,c7fbf674-7151-4b31-9215-b4523cffdc16,1,WwJBTrw01617994753869,264,figural_mixed,1,,0,blue,2261.2999999983003,1,switch,r_b_03.png,color,blue
135096,,c7fbf674-7151-4b31-9215-b4523cffdc16,1,WwJBTrw01617994753869,265,figural_mixed,1,,0,angular,1530.9999999881256,1,switch,e_b_02.png,shape,angular
135096,,c7fbf674-7151-4b31-9215-b4523cffdc16,1,WwJBTrw01617994753869,266,figural_mixed,1,,0,angular,1746.7000000033295,1,repetition,e_b_03.png,shape,angular
135096,,c7fbf674-7151-4b31-9215-b4523cffdc16,1,WwJBTrw01617994753869,267,figural_mixed,1,,0,green,1536.8999999918742,1,switch,e_g_07.png,color,green
135096,,c7fbf674-7151-4b31-9215-b4523cffdc16,1,WwJBTrw01617994753869,268,figural_mixed,1,,0,blue,1133.4000000060769,1,repetition,r_b_08.png,color,blue
135096,,c7fbf674-7151-4b31-9215-b4523cffdc16,1,WwJBTrw01617994753869,269,figural_mixed,1,,0,blue,1447.599999999511,1,repetition,r_b_01.png,color,blue
135096,,c7fbf674-7151-4b31-9215-b4523cffdc16,1,WwJBTrw01617994753869,270,figural_mixed,1,,0,angular,1201.5000000101281,1,switch,e_b_05.png,shape,angular
135096,,c7fbf674-7151-4b31-9215-b4523cffdc16,1,WwJBTrw01617994753869,271,figural_mixed,1,,0,green,1416.2000000069384,1,switch,r_g_16.png,color,green
135096,,c7fbf674-7151-4b31-9215-b4523cffdc16,1,WwJBTrw01617994753869,272,figural_mixed,1,,0,angular,2369.800000000396,1,switch,e_g_04.png,shape,angular
135096,,c7fbf674-7151-4b31-9215-b4523cffdc16,1,WwJBTrw01617994753869,273,figural_mixed,1,,0,round,1469.7000000014668,1,repetition,r_b_05.png,shape,round
135096,,c7fbf674-7151-4b31-9215-b4523cffdc16,1,WwJBTrw01617994753869,274,figural_mixed,1,,0,round,1064.4999999931315,1,repetition,r_g_03.png,shape,round
135096,,c7fbf674-7151-4b31-9215-b4523cffdc16,1,WwJBTrw01617994753869,275,figural_mixed,1,,0,blue,824.8999999923399,1,switch,r_b_15.png,color,blue
135096,,c7fbf674-7151-4b31-9215-b4523cffdc16,1,WwJBTrw01617994753869,276,figural_mixed,1,,0,green,2432.7999999950407,1,repetition,r_g_14.png,color,green
135096,,c7fbf674-7151-4b31-9215-b4523cffdc16,1,WwJBTrw01617994753869,277,figural_mixed,1,,0,angular,1498.9999999961583,1,switch,e_g_01.png,shape,angular
135096,,c7fbf674-7151-4b31-9215-b4523cffdc16,1,WwJBTrw01617994753869,278,figural_mixed,1,,0,round,834.500000011758,1,repetition,r_b_15.png,shape,round
135096,,c7fbf674-7151-4b31-9215-b4523cffdc16,1,WwJBTrw01617994753869,279,figural_mixed,1,,0,round,1326.600000000326,1,repetition,r_b_08.png,shape,round
135096,,c7fbf674-7151-4b31-9215-b4523cffdc16,1,WwJBTrw01617994753869,280,figural_mixed,1,,0,green,1059.5000000030268,1,switch,e_g_12.png,color,green
135096,,c7fbf674-7151-4b31-9215-b4523cffdc16,1,WwJBTrw01617994753869,281,figural_mixed,1,,0,angular,1093.3999999979278,1,switch,e_b_13.png,shape,angular
135096,,c7fbf674-7151-4b31-9215-b4523cffdc16,1,WwJBTrw01617994753869,282,figural_mixed,1,,0,green,1606.7999999941094,1,switch,r_g_03.png,color,green
135096,,c7fbf674-7151-4b31-9215-b4523cffdc16,1,WwJBTrw01617994753869,283,figural_mixed,1,,0,blue,1663.7999999948079,1,repetition,r_b_12.png,color,blue
135096,,c7fbf674-7151-4b31-9215-b4523cffdc16,1,WwJBTrw01617994753869,284,figural_mixed,1,,0,round,959.6000000019558,0,switch,e_b_06.png,shape,angular
135096,,c7fbf674-7151-4b31-9215-b4523cffdc16,1,WwJBTrw01617994753869,285,figural_mixed,1,,0,angular,1525.900000007823,1,repetition,e_g_05.png,shape,angular
135096,,c7fbf674-7151-4b31-9215-b4523cffdc16,1,WwJBTrw01617994753869,286,figural_mixed,1,,0,blue,1285.0000000034925,1,switch,r_b_11.png,color,blue
135096,,c7fbf674-7151-4b31-9215-b4523cffdc16,1,WwJBTrw01617994753869,287,figural_mixed,1,,0,angular,1105.4000000003725,1,switch,e_b_16.png,shape,angular
135096,,c7fbf674-7151-4b31-9215-b4523cffdc16,1,WwJBTrw01617994753869,288,figural_mixed,1,,0,green,1089.0999999974156,1,switch,e_g_01.png,color,green
135096,,c7fbf674-7151-4b31-9215-b4523cffdc16,1,WwJBTrw01617994753869,289,figural_mixed,1,,0,green,1085.9000000054948,1,repetition,e_g_13.png,color,green
135096,,c7fbf674-7151-4b31-9215-b4523cffdc16,1,WwJBTrw01617994753869,290,figural_mixed,1,,0,round,1868.0999999924097,1,switch,r_b_12.png,shape,round
135096,,c7fbf674-7151-4b31-9215-b4523cffdc16,1,WwJBTrw01617994753869,291,figural_mixed,1,,0,blue,1347.9000000079395,1,switch,e_b_08.png,color,blue
135096,,c7fbf674-7151-4b31-9215-b4523cffdc16,1,WwJBTrw01617994753869,292,figural_mixed,1,,0,green,1186.6999999911059,1,repetition,e_g_09.png,color,green
135096,,c7fbf674-7151-4b31-9215-b4523cffdc16,1,WwJBTrw01617994753869,293,figural_mixed,1,,0,green,1528.0000000057044,1,repetition,r_g_12.png,color,green
135096,,c7fbf674-7151-4b31-9215-b4523cffdc16,1,WwJBTrw01617994753869,294,figural_single_2_2,1,,0,blue,962.3999999894295,1,single,e_b_01.png,color,blue
135096,,c7fbf674-7151-4b31-9215-b4523cffdc16,1,WwJBTrw01617994753869,295,figural_single_2_2,1,,0,blue,684.1999999887776,1,single,r_b_03.png,color,blue
135096,,c7fbf674-7151-4b31-9215-b4523cffdc16,1,WwJBTrw01617994753869,296,figural_single_2_2,1,,0,green,606.8999999988591,1,single,e_g_01.png,color,green
135096,,c7fbf674-7151-4b31-9215-b4523cffdc16,1,WwJBTrw01617994753869,297,figural_single_2_2,1,,0,green,612.9999999975553,1,single,e_g_13.png,color,green
135096,,c7fbf674-7151-4b31-9215-b4523cffdc16,1,WwJBTrw01617994753869,298,figural_single_2_2,1,,0,blue,619.0999999962514,1,single,r_b_16.png,color,blue
135096,,c7fbf674-7151-4b31-9215-b4523cffdc16,1,WwJBTrw01617994753869,299,figural_single_2_2,1,,0,blue,655.6000000127824,1,single,r_b_07.png,color,blue
135096,,c7fbf674-7151-4b31-9215-b4523cffdc16,1,WwJBTrw01617994753869,300,figural_single_2_2,1,,0,green,581.2000000005355,1,single,r_g_08.png,color,green
135096,,c7fbf674-7151-4b31-9215-b4523cffdc16,1,WwJBTrw01617994753869,301,figural_single_2_2,1,,0,blue,564.8999999975786,1,single,r_b_09.png,color,blue
135096,,c7fbf674-7151-4b31-9215-b4523cffdc16,1,WwJBTrw01617994753869,302,figural_single_2_2,1,,0,green,1026.1000000027707,1,single,r_g_02.png,color,green
135096,,c7fbf674-7151-4b31-9215-b4523cffdc16,1,WwJBTrw01617994753869,303,figural_single_2_2,1,,0,green,894.5999999996275,1,single,r_g_12.png,color,green
135096,,c7fbf674-7151-4b31-9215-b4523cffdc16,1,WwJBTrw01617994753869,304,figural_single_2_2,1,,0,blue,1237.3999999981606,1,single,e_b_08.png,color,blue
135096,,c7fbf674-7151-4b31-9215-b4523cffdc16,1,WwJBTrw01617994753869,305,figural_single_2_2,1,,0,green,2285.699999993085,1,single,r_g_04.png,color,green
135096,,c7fbf674-7151-4b31-9215-b4523cffdc16,1,WwJBTrw01617994753869,306,figural_single_2_2,1,,0,blue,1446.5000000054715,1,single,e_b_03.png,color,blue
135096,,c7fbf674-7151-4b31-9215-b4523cffdc16,1,WwJBTrw01617994753869,307,figural_single_2_2,1,,0,blue,1128.900000010617,1,single,e_b_11.png,color,blue
135096,,c7fbf674-7151-4b31-9215-b4523cffdc16,1,WwJBTrw01617994753869,308,figural_single_2_2,1,,0,blue,1694.6999999927357,1,single,r_b_14.png,color,blue
135096,,c7fbf674-7151-4b31-9215-b4523cffdc16,1,WwJBTrw01617994753869,309,figural_single_2_2,1,,0,green,791.4999999920838,1,single,e_g_07.png,color,green
135096,,c7fbf674-7151-4b31-9215-b4523cffdc16,1,WwJBTrw01617994753869,310,figural_single_2_2,1,,0,blue,775.4999999888241,1,single,r_b_13.png,color,blue
135096,,c7fbf674-7151-4b31-9215-b4523cffdc16,1,WwJBTrw01617994753869,311,figural_single_2_2,1,,0,green,1736.5000000136206,1,single,e_g_16.png,color,green
135096,,c7fbf674-7151-4b31-9215-b4523cffdc16,1,WwJBTrw01617994753869,312,figural_single_2_2,1,,0,blue,882.5000000069849,1,single,e_b_14.png,color,blue
135096,,c7fbf674-7151-4b31-9215-b4523cffdc16,1,WwJBTrw01617994753869,313,figural_single_2_2,1,,0,green,1585.6999999959953,1,single,e_g_12.png,color,green
135096,,c7fbf674-7151-4b31-9215-b4523cffdc16,1,WwJBTrw01617994753869,314,figural_single_2_2,1,,0,green,1264.6999999997206,1,single,r_g_07.png,color,green
135096,,c7fbf674-7151-4b31-9215-b4523cffdc16,1,WwJBTrw01617994753869,315,figural_single_2_2,1,,0,blue,1335.3000000061002,1,single,e_b_15.png,color,blue
135096,,c7fbf674-7151-4b31-9215-b4523cffdc16,1,WwJBTrw01617994753869,316,figural_single_2_2,1,,0,blue,792.3999999911757,1,single,e_b_05.png,color,blue
135096,,c7fbf674-7151-4b31-9215-b4523cffdc16,1,WwJBTrw01617994753869,317,figural_single_2_2,1,,0,green,596.1999999999534,1,single,r_g_15.png,color,green
135096,,c7fbf674-7151-4b31-9215-b4523cffdc16,1,WwJBTrw01617994753869,318,figural_single_2_2,1,,0,blue,790.3000000078464,1,single,r_b_06.png,color,blue
135096,,c7fbf674-7151-4b31-9215-b4523cffdc16,1,WwJBTrw01617994753869,319,figural_single_2_2,1,,0,green,882.5999999971827,1,single,e_g_02.png,color,green
135096,,c7fbf674-7151-4b31-9215-b4523cffdc16,1,WwJBTrw01617994753869,320,figural_single_2_2,1,,0,green,1134.699999995064,1,single,r_g_16.png,color,green
135096,,c7fbf674-7151-4b31-9215-b4523cffdc16,1,WwJBTrw01617994753869,321,figural_single_2_2,1,,0,blue,602.2999999986496,1,single,e_b_10.png,color,blue
135096,,c7fbf674-7151-4b31-9215-b4523cffdc16,1,WwJBTrw01617994753869,322,figural_single_2_2,1,,0,green,584.0000000025611,1,single,e_g_05.png,color,green
135096,,c7fbf674-7151-4b31-9215-b4523cffdc16,1,WwJBTrw01617994753869,323,figural_single_2_2,1,,0,green,1003.4999999916181,1,single,e_g_03.png,color,green
135096,,c7fbf674-7151-4b31-9215-b4523cffdc16,1,WwJBTrw01617994753869,324,figural_single_2_2,1,,0,green,645.4999999987194,1,single,e_g_11.png,color,green
135096,,c7fbf674-7151-4b31-9215-b4523cffdc16,1,WwJBTrw01617994753869,325,figural_single_2_2,1,,0,blue,776.5999999974156,1,single,r_b_15.png,color,blue
135096,,c7fbf674-7151-4b31-9215-b4523cffdc16,1,WwJBTrw01617994753869,326,figural_single_2_2,1,,0,blue,486.40000000887085,1,single,e_b_02.png,color,blue
135096,,c7fbf674-7151-4b31-9215-b4523cffdc16,1,WwJBTrw01617994753869,327,figural_single_2_2,1,,0,blue,542.4000000057276,1,single,r_b_08.png,color,blue
135096,,c7fbf674-7151-4b31-9215-b4523cffdc16,1,WwJBTrw01617994753869,328,figural_single_2_2,1,,0,green,581.0000000055879,1,single,e_g_06.png,color,green
135096,,c7fbf674-7151-4b31-9215-b4523cffdc16,1,WwJBTrw01617994753869,329,figural_single_2_2,1,,0,blue,682.6000000000931,1,single,e_b_16.png,color,blue
135096,,c7fbf674-7151-4b31-9215-b4523cffdc16,1,WwJBTrw01617994753869,330,figural_single_2_2,1,,0,blue,704.1000000026543,1,single,e_b_06.png,color,blue
135096,,c7fbf674-7151-4b31-9215-b4523cffdc16,1,WwJBTrw01617994753869,331,figural_single_2_2,1,,0,green,810.4999999923166,1,single,r_g_09.png,color,green
135096,,c7fbf674-7151-4b31-9215-b4523cffdc16,1,WwJBTrw01617994753869,332,figural_single_2_2,1,,0,green,814.4000000029337,1,single,e_g_10.png,color,green
135096,,c7fbf674-7151-4b31-9215-b4523cffdc16,1,WwJBTrw01617994753869,333,figural_single_2_2,1,,0,blue,728.0999999929918,1,single,e_b_12.png,color,blue
135096,,c7fbf674-7151-4b31-9215-b4523cffdc16,1,WwJBTrw01617994753869,334,figural_single_2_2,1,,0,green,810.3000000119209,1,single,r_g_11.png,color,green
135096,,c7fbf674-7151-4b31-9215-b4523cffdc16,1,WwJBTrw01617994753869,335,figural_single_2_2,1,,0,green,902.9000000009546,1,single,r_g_06.png,color,green
135096,,c7fbf674-7151-4b31-9215-b4523cffdc16,1,WwJBTrw01617994753869,336,figural_single_2_2,1,,0,green,560.7999999920139,1,single,e_g_04.png,color,green
135096,,c7fbf674-7151-4b31-9215-b4523cffdc16,1,WwJBTrw01617994753869,337,figural_single_2_2,1,,0,blue,688.9999999984866,1,single,r_b_01.png,color,blue
135096,,c7fbf674-7151-4b31-9215-b4523cffdc16,1,WwJBTrw01617994753869,338,figural_single_2_2,1,,0,green,874.8999999952503,1,single,r_g_03.png,color,green
135096,,c7fbf674-7151-4b31-9215-b4523cffdc16,1,WwJBTrw01617994753869,339,figural_single_2_2,1,,0,blue,846.7999999993481,1,single,e_b_04.png,color,blue
135096,,c7fbf674-7151-4b31-9215-b4523cffdc16,1,WwJBTrw01617994753869,340,figural_single_2_2,1,,0,blue,563.0999999993946,1,single,r_b_12.png,color,blue
135096,,c7fbf674-7151-4b31-9215-b4523cffdc16,1,WwJBTrw01617994753869,341,figural_single_2_2,1,,0,green,800.600000002305,1,single,r_g_13.png,color,green
135096,,c7fbf674-7151-4b31-9215-b4523cffdc16,1,WwJBTrw01617994753869,342,figural_single_2_2,1,,0,blue,859.0000000112923,1,single,r_b_02.png,color,blue
135096,,c7fbf674-7151-4b31-9215-b4523cffdc16,1,WwJBTrw01617994753869,343,figural_single_2_2,1,,0,green,855.7000000000698,1,single,e_g_09.png,color,green
135096,,c7fbf674-7151-4b31-9215-b4523cffdc16,1,WwJBTrw01617994753869,344,figural_single_2_2,1,,0,green,718.6999999976251,1,single,e_g_15.png,color,green
135096,,c7fbf674-7151-4b31-9215-b4523cffdc16,1,WwJBTrw01617994753869,345,figural_single_2_2,1,,0,green,704.7999999922467,1,single,e_g_08.png,color,green
135096,,c7fbf674-7151-4b31-9215-b4523cffdc16,1,WwJBTrw01617994753869,346,figural_single_2_2,1,,0,blue,805.3999999974621,1,single,r_b_05.png,color,blue
135096,,c7fbf674-7151-4b31-9215-b4523cffdc16,1,WwJBTrw01617994753869,347,figural_single_2_2,1,,0,green,1230.9999999997672,1,single,r_g_14.png,color,green
135096,,c7fbf674-7151-4b31-9215-b4523cffdc16,1,WwJBTrw01617994753869,348,figural_single_2_2,1,,0,blue,2246.100000003935,1,single,r_b_04.png,color,blue
135096,,c7fbf674-7151-4b31-9215-b4523cffdc16,1,WwJBTrw01617994753869,349,figural_single_2_2,1,,0,green,888.0999999964843,1,single,r_g_10.png,color,green
135096,,c7fbf674-7151-4b31-9215-b4523cffdc16,1,WwJBTrw01617994753869,350,figural_single_2_2,1,,0,green,977.100000003702,1,single,r_g_01.png,color,green
135096,,c7fbf674-7151-4b31-9215-b4523cffdc16,1,WwJBTrw01617994753869,351,figural_single_2_2,1,,0,blue,728.3000000024913,1,single,r_b_11.png,color,blue
135096,,c7fbf674-7151-4b31-9215-b4523cffdc16,1,WwJBTrw01617994753869,352,figural_single_2_2,1,,0,green,1998.5000000015134,1,single,r_g_05.png,color,green
135096,,c7fbf674-7151-4b31-9215-b4523cffdc16,1,WwJBTrw01617994753869,353,figural_single_2_2,1,,0,blue,1004.0000000008149,1,single,r_b_10.png,color,blue
135096,,c7fbf674-7151-4b31-9215-b4523cffdc16,1,WwJBTrw01617994753869,354,figural_single_2_2,1,,0,blue,1130.9000000037486,1,single,e_b_13.png,color,blue
135096,,c7fbf674-7151-4b31-9215-b4523cffdc16,1,WwJBTrw01617994753869,355,figural_single_2_2,1,,0,green,732.4999999982538,1,single,e_g_14.png,color,green
135096,,c7fbf674-7151-4b31-9215-b4523cffdc16,1,WwJBTrw01617994753869,356,figural_single_2_2,1,,0,blue,782.2000000014668,1,single,e_b_07.png,color,blue
135096,,c7fbf674-7151-4b31-9215-b4523cffdc16,1,WwJBTrw01617994753869,357,figural_single_2_2,1,,0,blue,996.3000000134343,1,single,e_b_09.png,color,blue
135096,,c7fbf674-7151-4b31-9215-b4523cffdc16,1,WwJBTrw01617994753869,358,figural_single_1_2,1,,0,angular,1455.8000000106404,1,single,e_g_11.png,shape,angular
135096,,c7fbf674-7151-4b31-9215-b4523cffdc16,1,WwJBTrw01617994753869,359,figural_single_1_2,1,,0,round,842.9000000032829,1,single,r_b_16.png,shape,round
135096,,c7fbf674-7151-4b31-9215-b4523cffdc16,1,WwJBTrw01617994753869,360,figural_single_1_2,1,,0,angular,1309.000000008382,1,single,e_b_10.png,shape,angular
135096,,c7fbf674-7151-4b31-9215-b4523cffdc16,1,WwJBTrw01617994753869,361,figural_single_1_2,1,,0,round,1612.699999997858,1,single,r_b_02.png,shape,round
135096,,c7fbf674-7151-4b31-9215-b4523cffdc16,1,WwJBTrw01617994753869,362,figural_single_1_2,1,,0,round,1306.8999999959487,1,single,r_g_08.png,shape,round
135096,,c7fbf674-7151-4b31-9215-b4523cffdc16,1,WwJBTrw01617994753869,363,figural_single_1_2,1,,0,angular,981.8999999988591,1,single,e_g_02.png,shape,angular
135096,,c7fbf674-7151-4b31-9215-b4523cffdc16,1,WwJBTrw01617994753869,364,figural_single_1_2,1,,0,round,904.499999989639,1,single,r_g_05.png,shape,round
135096,,c7fbf674-7151-4b31-9215-b4523cffdc16,1,WwJBTrw01617994753869,365,figural_single_1_2,1,,0,angular,1453.6000000080094,1,single,e_b_15.png,shape,angular
135096,,c7fbf674-7151-4b31-9215-b4523cffdc16,1,WwJBTrw01617994753869,366,figural_single_1_2,1,,0,round,967.7999999985332,1,single,r_b_09.png,shape,round
135096,,c7fbf674-7151-4b31-9215-b4523cffdc16,1,WwJBTrw01617994753869,367,figural_single_1_2,1,,0,angular,855.2999999956228,1,single,e_b_12.png,shape,angular
135096,,c7fbf674-7151-4b31-9215-b4523cffdc16,1,WwJBTrw01617994753869,368,figural_single_1_2,1,,0,angular,1379.8999999999069,1,single,e_g_15.png,shape,angular
135096,,c7fbf674-7151-4b31-9215-b4523cffdc16,1,WwJBTrw01617994753869,369,figural_single_1_2,1,,0,round,1201.600000000326,1,single,r_g_04.png,shape,round
135096,,c7fbf674-7151-4b31-9215-b4523cffdc16,1,WwJBTrw01617994753869,370,figural_single_1_2,1,,0,angular,1347.5000000034925,1,single,e_b_14.png,shape,angular
135096,,c7fbf674-7151-4b31-9215-b4523cffdc16,1,WwJBTrw01617994753869,371,figural_single_1_2,1,,0,angular,1207.3999999993248,1,single,e_b_02.png,shape,angular
135096,,c7fbf674-7151-4b31-9215-b4523cffdc16,1,WwJBTrw01617994753869,372,figural_single_1_2,1,,0,round,932.9999999899883,1,single,r_g_15.png,shape,round
135096,,c7fbf674-7151-4b31-9215-b4523cffdc16,1,WwJBTrw01617994753869,373,figural_single_1_2,1,,0,angular,1229.0000000066357,1,single,e_b_11.png,shape,angular
135096,,c7fbf674-7151-4b31-9215-b4523cffdc16,1,WwJBTrw01617994753869,374,figural_single_1_2,1,,0,round,779.7999999893364,1,single,r_b_07.png,shape,round
135096,,c7fbf674-7151-4b31-9215-b4523cffdc16,1,WwJBTrw01617994753869,375,figural_single_1_2,1,,0,round,862.0000000082655,1,single,r_g_06.png,shape,round
135096,,c7fbf674-7151-4b31-9215-b4523cffdc16,1,WwJBTrw01617994753869,376,figural_single_1_2,1,,0,round,825.4000000015367,1,single,r_g_02.png,shape,round
135096,,c7fbf674-7151-4b31-9215-b4523cffdc16,1,WwJBTrw01617994753869,377,figural_single_1_2,1,,0,angular,879.4999999954598,1,single,e_b_09.png,shape,angular
135096,,c7fbf674-7151-4b31-9215-b4523cffdc16,1,WwJBTrw01617994753869,378,figural_single_1_2,1,,0,round,729.9999999959255,1,single,r_b_15.png,shape,round
135096,,c7fbf674-7151-4b31-9215-b4523cffdc16,1,WwJBTrw01617994753869,379,figural_single_1_2,1,,0,angular,1813.5000000038417,1,single,e_g_14.png,shape,angular
135096,,c7fbf674-7151-4b31-9215-b4523cffdc16,1,WwJBTrw01617994753869,380,figural_single_1_2,1,,0,round,891.0000000032596,1,single,r_b_04.png,shape,round
135096,,c7fbf674-7151-4b31-9215-b4523cffdc16,1,WwJBTrw01617994753869,381,figural_single_1_2,1,,0,round,600.4000000102678,1,single,r_g_09.png,shape,round
135096,,c7fbf674-7151-4b31-9215-b4523cffdc16,1,WwJBTrw01617994753869,382,figural_single_1_2,1,,0,angular,1104.5000000012806,1,single,e_g_03.png,shape,angular
135096,,c7fbf674-7151-4b31-9215-b4523cffdc16,1,WwJBTrw01617994753869,383,figural_single_1_2,1,,0,round,810.3000000119209,1,single,r_b_13.png,shape,round
135096,,c7fbf674-7151-4b31-9215-b4523cffdc16,1,WwJBTrw01617994753869,384,figural_single_1_2,1,,0,round,685.5000000068685,1,single,r_b_03.png,shape,round
135096,,c7fbf674-7151-4b31-9215-b4523cffdc16,1,WwJBTrw01617994753869,385,figural_single_1_2,1,,0,round,606.7000000039116,1,single,r_g_14.png,shape,round
135096,,c7fbf674-7151-4b31-9215-b4523cffdc16,1,WwJBTrw01617994753869,386,figural_single_1_2,1,,0,round,490.7999999995809,0,single,e_b_05.png,shape,angular
135096,,c7fbf674-7151-4b31-9215-b4523cffdc16,1,WwJBTrw01617994753869,387,figural_single_1_2,1,,0,round,878.2999999966705,1,single,r_b_10.png,shape,round
135096,,c7fbf674-7151-4b31-9215-b4523cffdc16,1,WwJBTrw01617994753869,388,figural_single_1_2,1,,0,round,683.6999999941327,1,single,r_b_12.png,shape,round
135096,,c7fbf674-7151-4b31-9215-b4523cffdc16,1,WwJBTrw01617994753869,389,figural_single_1_2,1,,0,round,739.1999999963446,1,single,r_b_14.png,shape,round
135096,,c7fbf674-7151-4b31-9215-b4523cffdc16,1,WwJBTrw01617994753869,390,figural_single_1_2,1,,0,angular,797.8000000002794,1,single,e_g_16.png,shape,angular
135096,,c7fbf674-7151-4b31-9215-b4523cffdc16,1,WwJBTrw01617994753869,391,figural_single_1_2,1,,0,round,923.2999999949243,1,single,r_g_12.png,shape,round
135096,,c7fbf674-7151-4b31-9215-b4523cffdc16,1,WwJBTrw01617994753869,392,figural_single_1_2,1,,0,round,888.0000000062864,1,single,r_g_11.png,shape,round
135096,,c7fbf674-7151-4b31-9215-b4523cffdc16,1,WwJBTrw01617994753869,393,figural_single_1_2,1,,0,angular,804.1999999986729,1,single,e_b_03.png,shape,angular
135096,,c7fbf674-7151-4b31-9215-b4523cffdc16,1,WwJBTrw01617994753869,394,figural_single_1_2,1,,0,angular,979.4000000110827,1,single,e_b_04.png,shape,angular
135096,,c7fbf674-7151-4b31-9215-b4523cffdc16,1,WwJBTrw01617994753869,395,figural_single_1_2,1,,0,round,970.499999995809,1,single,r_b_11.png,shape,round
135096,,c7fbf674-7151-4b31-9215-b4523cffdc16,1,WwJBTrw01617994753869,396,figural_single_1_2,1,,0,angular,852.7000000030966,1,single,e_g_05.png,shape,angular
135096,,c7fbf674-7151-4b31-9215-b4523cffdc16,1,WwJBTrw01617994753869,397,figural_single_1_2,1,,0,angular,1299.8999999981606,1,single,e_b_16.png,shape,angular
135096,,c7fbf674-7151-4b31-9215-b4523cffdc16,1,WwJBTrw01617994753869,398,figural_single_1_2,1,,0,angular,962.1000000042841,1,single,e_g_13.png,shape,angular
135096,,c7fbf674-7151-4b31-9215-b4523cffdc16,1,WwJBTrw01617994753869,399,figural_single_1_2,1,,0,round,1101.9999999989523,1,single,r_g_01.png,shape,round
135096,,c7fbf674-7151-4b31-9215-b4523cffdc16,1,WwJBTrw01617994753869,400,figural_single_1_2,1,,0,angular,896.2000000028638,1,single,e_b_08.png,shape,angular
135096,,c7fbf674-7151-4b31-9215-b4523cffdc16,1,WwJBTrw01617994753869,401,figural_single_1_2,1,,0,angular,1077.6000000041677,1,single,e_g_10.png,shape,angular
135096,,c7fbf674-7151-4b31-9215-b4523cffdc16,1,WwJBTrw01617994753869,402,figural_single_1_2,1,,0,round,798.2999999949243,1,single,r_g_13.png,shape,round
135096,,c7fbf674-7151-4b31-9215-b4523cffdc16,1,WwJBTrw01617994753869,403,figural_single_1_2,1,,0,angular,760.999999998603,1,single,e_b_01.png,shape,angular
135096,,c7fbf674-7151-4b31-9215-b4523cffdc16,1,WwJBTrw01617994753869,404,figural_single_1_2,1,,0,angular,712.5000000087311,1,single,e_b_06.png,shape,angular
135096,,c7fbf674-7151-4b31-9215-b4523cffdc16,1,WwJBTrw01617994753869,405,figural_single_1_2,1,,0,round,701.9000000000233,1,single,r_g_10.png,shape,round
135096,,c7fbf674-7151-4b31-9215-b4523cffdc16,1,WwJBTrw01617994753869,406,figural_single_1_2,1,,0,angular,917.699999990873,1,single,e_g_08.png,shape,angular
135096,,c7fbf674-7151-4b31-9215-b4523cffdc16,1,WwJBTrw01617994753869,407,figural_single_1_2,1,,0,angular,845.3000000008615,1,single,e_g_07.png,shape,angular
135096,,c7fbf674-7151-4b31-9215-b4523cffdc16,1,WwJBTrw01617994753869,408,figural_single_1_2,1,,0,round,850.800000000163,1,single,r_b_06.png,shape,round
135096,,c7fbf674-7151-4b31-9215-b4523cffdc16,1,WwJBTrw01617994753869,409,figural_single_1_2,1,,0,angular,801.3999999966472,1,single,e_g_09.png,shape,angular
135096,,c7fbf674-7151-4b31-9215-b4523cffdc16,1,WwJBTrw01617994753869,410,figural_single_1_2,1,,0,round,1309.399999998277,1,single,r_b_01.png,shape,round
135096,,c7fbf674-7151-4b31-9215-b4523cffdc16,1,WwJBTrw01617994753869,411,figural_single_1_2,1,,0,angular,863.4000000020023,1,single,e_b_13.png,shape,angular
135096,,c7fbf674-7151-4b31-9215-b4523cffdc16,1,WwJBTrw01617994753869,412,figural_single_1_2,1,,0,angular,2042.7999999956228,1,single,e_g_04.png,shape,angular
135096,,c7fbf674-7151-4b31-9215-b4523cffdc16,1,WwJBTrw01617994753869,413,figural_single_1_2,1,,0,angular,637.7000000065891,1,single,e_g_12.png,shape,angular
135096,,c7fbf674-7151-4b31-9215-b4523cffdc16,1,WwJBTrw01617994753869,414,figural_single_1_2,1,,0,round,680.3999999974621,1,single,r_b_08.png,shape,round
135096,,c7fbf674-7151-4b31-9215-b4523cffdc16,1,WwJBTrw01617994753869,415,figural_single_1_2,1,,0,angular,866.7999999888707,1,single,e_b_07.png,shape,angular
135096,,c7fbf674-7151-4b31-9215-b4523cffdc16,1,WwJBTrw01617994753869,416,figural_single_1_2,1,,0,round,952.9999999940628,1,single,r_g_03.png,shape,round
135096,,c7fbf674-7151-4b31-9215-b4523cffdc16,1,WwJBTrw01617994753869,417,figural_single_1_2,1,,0,angular,868.9999999915017,1,single,e_g_06.png,shape,angular
135096,,c7fbf674-7151-4b31-9215-b4523cffdc16,1,WwJBTrw01617994753869,418,figural_single_1_2,1,,0,round,843.3999999979278,1,single,r_g_16.png,shape,round
135096,,c7fbf674-7151-4b31-9215-b4523cffdc16,1,WwJBTrw01617994753869,419,figural_single_1_2,1,,0,round,1143.900000010035,1,single,r_b_05.png,shape,round
135096,,c7fbf674-7151-4b31-9215-b4523cffdc16,1,WwJBTrw01617994753869,420,figural_single_1_2,1,,0,angular,1062.3999999952503,1,single,e_g_01.png,shape,angular
135096,,c7fbf674-7151-4b31-9215-b4523cffdc16,1,WwJBTrw01617994753869,421,figural_single_1_2,1,,0,round,1178.4000000043306,1,single,r_g_07.png,shape,round