userCode,extId,moduleId,sessionId,sessionToken,trialId,executableId,session.complete,session.condition,session.forceExit,givenResponse,reactionTime,score,shiftingType,stimulusValue,stimulusType,correctResponse
135122,,c7fbf674-7151-4b31-9215-b4523cffdc16,1,PPxoHuMp1618000533860,1,figural_single_1_practice,1,,0,round,1177.510000001348,1,single,r_b_10.png,shape,round
135122,,c7fbf674-7151-4b31-9215-b4523cffdc16,1,PPxoHuMp1618000533860,2,figural_single_1_practice,1,,0,angular,991.1900000006426,1,single,e_b_09.png,shape,angular
135122,,c7fbf674-7151-4b31-9215-b4523cffdc16,1,PPxoHuMp1618000533860,3,figural_single_1_practice,1,,0,round,653.904999999213,1,single,r_b_11.png,shape,round
135122,,c7fbf674-7151-4b31-9215-b4523cffdc16,1,PPxoHuMp1618000533860,4,figural_single_1_practice,1,,0,round,885.8299999992596,1,single,r_g_05.png,shape,round
135122,,c7fbf674-7151-4b31-9215-b4523cffdc16,1,PPxoHuMp1618000533860,5,figural_single_1_practice,1,,0,angular,1122.6750000059837,1,single,e_b_14.png,shape,angular
135122,,c7fbf674-7151-4b31-9215-b4523cffdc16,1,PPxoHuMp1618000533860,6,figural_single_1_practice,1,,0,angular,667.634999997972,1,single,e_g_07.png,shape,angular
135122,,c7fbf674-7151-4b31-9215-b4523cffdc16,1,PPxoHuMp1618000533860,7,figural_single_1_practice,1,,0,angular,546.409999995376,1,single,e_g_12.png,shape,angular
135122,,c7fbf674-7151-4b31-9215-b4523cffdc16,1,PPxoHuMp1618000533860,8,figural_single_1_practice,1,,0,round,659.3149999971502,1,single,r_b_16.png,shape,round
135122,,c7fbf674-7151-4b31-9215-b4523cffdc16,1,PPxoHuMp1618000533860,9,figural_single_1_practice,1,,0,round,749.9499999976251,1,single,r_g_02.png,shape,round
135122,,c7fbf674-7151-4b31-9215-b4523cffdc16,1,PPxoHuMp1618000533860,10,figural_single_1_practice,1,,0,angular,1167.9000000003725,1,single,e_b_04.png,shape,angular
135122,,c7fbf674-7151-4b31-9215-b4523cffdc16,1,PPxoHuMp1618000533860,11,figural_single_1_practice,1,,0,angular,850.5599999989499,1,single,e_g_06.png,shape,angular
135122,,c7fbf674-7151-4b31-9215-b4523cffdc16,1,PPxoHuMp1618000533860,12,figural_single_1_practice,1,,0,round,670.4900000040652,1,single,r_g_15.png,shape,round
135122,,c7fbf674-7151-4b31-9215-b4523cffdc16,1,PPxoHuMp1618000533860,13,figural_single_1_1,1,,0,round,685.6950000001234,1,single,r_b_01.png,shape,round
135122,,c7fbf674-7151-4b31-9215-b4523cffdc16,1,PPxoHuMp1618000533860,14,figural_single_1_1,1,,0,angular,544.3000000013853,1,single,e_g_11.png,shape,angular
135122,,c7fbf674-7151-4b31-9215-b4523cffdc16,1,PPxoHuMp1618000533860,15,figural_single_1_1,1,,0,round,414.32000000349944,1,single,r_b_10.png,shape,round
135122,,c7fbf674-7151-4b31-9215-b4523cffdc16,1,PPxoHuMp1618000533860,16,figural_single_1_1,1,,0,round,428.7750000003143,1,single,r_b_06.png,shape,round
135122,,c7fbf674-7151-4b31-9215-b4523cffdc16,1,PPxoHuMp1618000533860,17,figural_single_1_1,1,,0,angular,420.2949999962584,1,single,e_g_07.png,shape,angular
135122,,c7fbf674-7151-4b31-9215-b4523cffdc16,1,PPxoHuMp1618000533860,18,figural_single_1_1,1,,0,angular,416.1300000050687,1,single,e_g_13.png,shape,angular
135122,,c7fbf674-7151-4b31-9215-b4523cffdc16,1,PPxoHuMp1618000533860,19,figural_single_1_1,1,,0,angular,358.1949999934295,0,single,r_g_06.png,shape,round
135122,,c7fbf674-7151-4b31-9215-b4523cffdc16,1,PPxoHuMp1618000533860,20,figural_single_1_1,1,,0,angular,873.184999996738,1,single,e_g_16.png,shape,angular
135122,,c7fbf674-7151-4b31-9215-b4523cffdc16,1,PPxoHuMp1618000533860,21,figural_single_1_1,1,,0,angular,531.4250000010361,1,single,e_b_09.png,shape,angular
135122,,c7fbf674-7151-4b31-9215-b4523cffdc16,1,PPxoHuMp1618000533860,22,figural_single_1_1,1,,0,angular,625.8850000012899,1,single,e_b_08.png,shape,angular
135122,,c7fbf674-7151-4b31-9215-b4523cffdc16,1,PPxoHuMp1618000533860,23,figural_single_1_1,1,,0,round,399.10999999847263,1,single,r_b_12.png,shape,round
135122,,c7fbf674-7151-4b31-9215-b4523cffdc16,1,PPxoHuMp1618000533860,24,figural_single_1_1,1,,0,round,419.73999999754597,0,single,e_b_10.png,shape,angular
135122,,c7fbf674-7151-4b31-9215-b4523cffdc16,1,PPxoHuMp1618000533860,25,figural_single_1_1,1,,0,angular,689.6300000007614,1,single,e_b_05.png,shape,angular
135122,,c7fbf674-7151-4b31-9215-b4523cffdc16,1,PPxoHuMp1618000533860,26,figural_single_1_1,1,,0,round,461.0400000019581,1,single,r_b_13.png,shape,round
135122,,c7fbf674-7151-4b31-9215-b4523cffdc16,1,PPxoHuMp1618000533860,27,figural_single_1_1,1,,0,round,446.1599999995087,1,single,r_g_15.png,shape,round
135122,,c7fbf674-7151-4b31-9215-b4523cffdc16,1,PPxoHuMp1618000533860,28,figural_single_1_1,1,,0,angular,444.73000000289176,1,single,e_g_09.png,shape,angular
135122,,c7fbf674-7151-4b31-9215-b4523cffdc16,1,PPxoHuMp1618000533860,29,figural_single_1_1,1,,0,round,476.1549999966519,1,single,r_g_02.png,shape,round
135122,,c7fbf674-7151-4b31-9215-b4523cffdc16,1,PPxoHuMp1618000533860,30,figural_single_1_1,1,,0,round,645.250000001397,1,single,r_b_07.png,shape,round
135122,,c7fbf674-7151-4b31-9215-b4523cffdc16,1,PPxoHuMp1618000533860,31,figural_single_1_1,1,,0,angular,481.61999999865657,1,single,e_b_06.png,shape,angular
135122,,c7fbf674-7151-4b31-9215-b4523cffdc16,1,PPxoHuMp1618000533860,32,figural_single_1_1,1,,0,round,469.7100000048522,1,single,r_b_16.png,shape,round
135122,,c7fbf674-7151-4b31-9215-b4523cffdc16,1,PPxoHuMp1618000533860,33,figural_single_1_1,1,,0,round,433.7200000009034,1,single,r_b_02.png,shape,round
135122,,c7fbf674-7151-4b31-9215-b4523cffdc16,1,PPxoHuMp1618000533860,34,figural_single_1_1,1,,0,angular,398.26000000175554,1,single,e_g_06.png,shape,angular
135122,,c7fbf674-7151-4b31-9215-b4523cffdc16,1,PPxoHuMp1618000533860,35,figural_single_1_1,1,,0,round,460.8200000002398,1,single,r_g_03.png,shape,round
135122,,c7fbf674-7151-4b31-9215-b4523cffdc16,1,PPxoHuMp1618000533860,36,figural_single_1_1,1,,0,angular,467.83499999583,1,single,e_g_05.png,shape,angular
135122,,c7fbf674-7151-4b31-9215-b4523cffdc16,1,PPxoHuMp1618000533860,37,figural_single_1_1,1,,0,angular,538.9649999997346,1,single,e_b_13.png,shape,angular
135122,,c7fbf674-7151-4b31-9215-b4523cffdc16,1,PPxoHuMp1618000533860,38,figural_single_1_1,1,,0,angular,448.1400000004214,1,single,e_g_15.png,shape,angular
135122,,c7fbf674-7151-4b31-9215-b4523cffdc16,1,PPxoHuMp1618000533860,39,figural_single_1_1,1,,0,round,502.74500000523403,1,single,r_g_08.png,shape,round
135122,,c7fbf674-7151-4b31-9215-b4523cffdc16,1,PPxoHuMp1618000533860,40,figural_single_1_1,1,,0,round,571.0400000025402,1,single,r_b_05.png,shape,round
135122,,c7fbf674-7151-4b31-9215-b4523cffdc16,1,PPxoHuMp1618000533860,41,figural_single_1_1,1,,0,angular,424.8200000001816,1,single,e_b_02.png,shape,angular
135122,,c7fbf674-7151-4b31-9215-b4523cffdc16,1,PPxoHuMp1618000533860,42,figural_single_1_1,1,,0,angular,673.094999998284,1,single,e_g_14.png,shape,angular
135122,,c7fbf674-7151-4b31-9215-b4523cffdc16,1,PPxoHuMp1618000533860,43,figural_single_1_1,1,,0,round,431.04000000312226,1,single,r_b_03.png,shape,round
135122,,c7fbf674-7151-4b31-9215-b4523cffdc16,1,PPxoHuMp1618000533860,44,figural_single_1_1,1,,0,round,489.2949999994016,0,single,e_b_14.png,shape,angular
135122,,c7fbf674-7151-4b31-9215-b4523cffdc16,1,PPxoHuMp1618000533860,45,figural_single_1_1,1,,0,angular,807.0899999947869,1,single,e_b_04.png,shape,angular
135122,,c7fbf674-7151-4b31-9215-b4523cffdc16,1,PPxoHuMp1618000533860,46,figural_single_1_1,1,,0,round,564.6899999992456,0,single,e_b_03.png,shape,angular
135122,,c7fbf674-7151-4b31-9215-b4523cffdc16,1,PPxoHuMp1618000533860,47,figural_single_1_1,1,,0,round,638.4049999978743,1,single,r_g_16.png,shape,round
135122,,c7fbf674-7151-4b31-9215-b4523cffdc16,1,PPxoHuMp1618000533860,48,figural_single_1_1,1,,0,round,490.4049999968265,1,single,r_g_13.png,shape,round
135122,,c7fbf674-7151-4b31-9215-b4523cffdc16,1,PPxoHuMp1618000533860,49,figural_single_1_1,1,,0,round,434.3300000036834,1,single,r_g_14.png,shape,round
135122,,c7fbf674-7151-4b31-9215-b4523cffdc16,1,PPxoHuMp1618000533860,50,figural_single_1_1,1,,0,angular,478.28499999741325,1,single,e_g_08.png,shape,angular
135122,,c7fbf674-7151-4b31-9215-b4523cffdc16,1,PPxoHuMp1618000533860,51,figural_single_1_1,1,,0,round,596.8450000000303,1,single,r_g_09.png,shape,round
135122,,c7fbf674-7151-4b31-9215-b4523cffdc16,1,PPxoHuMp1618000533860,52,figural_single_1_1,1,,0,angular,564.4199999951525,1,single,e_g_04.png,shape,angular
135122,,c7fbf674-7151-4b31-9215-b4523cffdc16,1,PPxoHuMp1618000533860,53,figural_single_1_1,1,,0,angular,485.58500000217464,1,single,e_b_15.png,shape,angular
135122,,c7fbf674-7151-4b31-9215-b4523cffdc16,1,PPxoHuMp1618000533860,54,figural_single_1_1,1,,0,round,550.2249999990454,1,single,r_g_04.png,shape,round
135122,,c7fbf674-7151-4b31-9215-b4523cffdc16,1,PPxoHuMp1618000533860,55,figural_single_1_1,1,,0,angular,506.01999999344116,1,single,e_b_07.png,shape,angular
135122,,c7fbf674-7151-4b31-9215-b4523cffdc16,1,PPxoHuMp1618000533860,56,figural_single_1_1,1,,0,angular,446.75000000279397,1,single,e_b_16.png,shape,angular
135122,,c7fbf674-7151-4b31-9215-b4523cffdc16,1,PPxoHuMp1618000533860,57,figural_single_1_1,1,,0,round,447.359999998298,1,single,r_b_08.png,shape,round
135122,,c7fbf674-7151-4b31-9215-b4523cffdc16,1,PPxoHuMp1618000533860,58,figural_single_1_1,1,,0,angular,428.28000000008615,1,single,e_g_12.png,shape,angular
135122,,c7fbf674-7151-4b31-9215-b4523cffdc16,1,PPxoHuMp1618000533860,59,figural_single_1_1,1,,0,round,509.4150000004447,1,single,r_b_14.png,shape,round
135122,,c7fbf674-7151-4b31-9215-b4523cffdc16,1,PPxoHuMp1618000533860,60,figural_single_1_1,1,,0,angular,463.22499999951106,0,single,r_g_05.png,shape,round
135122,,c7fbf674-7151-4b31-9215-b4523cffdc16,1,PPxoHuMp1618000533860,61,figural_single_1_1,1,,0,round,841.2150000003749,1,single,r_g_01.png,shape,round
135122,,c7fbf674-7151-4b31-9215-b4523cffdc16,1,PPxoHuMp1618000533860,62,figural_single_1_1,1,,0,angular,538.7600000030943,1,single,e_g_02.png,shape,angular
135122,,c7fbf674-7151-4b31-9215-b4523cffdc16,1,PPxoHuMp1618000533860,63,figural_single_1_1,1,,0,round,493.7199999985751,1,single,r_g_11.png,shape,round
135122,,c7fbf674-7151-4b31-9215-b4523cffdc16,1,PPxoHuMp1618000533860,64,figural_single_1_1,1,,0,round,417.02499999519205,1,single,r_g_10.png,shape,round
135122,,c7fbf674-7151-4b31-9215-b4523cffdc16,1,PPxoHuMp1618000533860,65,figural_single_1_1,1,,0,round,460.2850000010221,1,single,r_b_04.png,shape,round
135122,,c7fbf674-7151-4b31-9215-b4523cffdc16,1,PPxoHuMp1618000533860,66,figural_single_1_1,1,,0,angular,456.7299999980605,1,single,e_g_01.png,shape,angular
135122,,c7fbf674-7151-4b31-9215-b4523cffdc16,1,PPxoHuMp1618000533860,67,figural_single_1_1,1,,0,round,592.754999997851,1,single,r_b_09.png,shape,round
135122,,c7fbf674-7151-4b31-9215-b4523cffdc16,1,PPxoHuMp1618000533860,68,figural_single_1_1,1,,0,round,493.2849999968312,1,single,r_b_15.png,shape,round
135122,,c7fbf674-7151-4b31-9215-b4523cffdc16,1,PPxoHuMp1618000533860,69,figural_single_1_1,1,,0,round,793.7450000026729,1,single,r_g_07.png,shape,round
135122,,c7fbf674-7151-4b31-9215-b4523cffdc16,1,PPxoHuMp1618000533860,70,figural_single_1_1,1,,0,angular,510.0250000032247,1,single,e_b_01.png,shape,angular
135122,,c7fbf674-7151-4b31-9215-b4523cffdc16,1,PPxoHuMp1618000533860,71,figural_single_1_1,1,,0,angular,563.1450000000768,1,single,e_b_12.png,shape,angular
135122,,c7fbf674-7151-4b31-9215-b4523cffdc16,1,PPxoHuMp1618000533860,72,figural_single_1_1,1,,0,round,517.2249999959604,1,single,r_b_11.png,shape,round
135122,,c7fbf674-7151-4b31-9215-b4523cffdc16,1,PPxoHuMp1618000533860,73,figural_single_1_1,1,,0,round,744.3649999986519,1,single,r_g_12.png,shape,round
135122,,c7fbf674-7151-4b31-9215-b4523cffdc16,1,PPxoHuMp1618000533860,74,figural_single_1_1,1,,0,angular,586.410000003525,1,single,e_g_03.png,shape,angular
135122,,c7fbf674-7151-4b31-9215-b4523cffdc16,1,PPxoHuMp1618000533860,75,figural_single_1_1,1,,0,angular,739.2099999997299,1,single,e_g_10.png,shape,angular
135122,,c7fbf674-7151-4b31-9215-b4523cffdc16,1,PPxoHuMp1618000533860,76,figural_single_1_1,1,,0,angular,539.7400000001653,1,single,e_b_11.png,shape,angular
135122,,c7fbf674-7151-4b31-9215-b4523cffdc16,1,PPxoHuMp1618000533860,77,figural_single_2_practice,1,,0,blue,536.6750000030152,1,single,r_b_07.png,color,blue
135122,,c7fbf674-7151-4b31-9215-b4523cffdc16,1,PPxoHuMp1618000533860,78,figural_single_2_practice,1,,0,green,515.5549999981304,1,single,r_g_09.png,color,green
135122,,c7fbf674-7151-4b31-9215-b4523cffdc16,1,PPxoHuMp1618000533860,79,figural_single_2_practice,1,,0,green,458.29999999841675,1,single,e_g_04.png,color,green
135122,,c7fbf674-7151-4b31-9215-b4523cffdc16,1,PPxoHuMp1618000533860,80,figural_single_2_practice,1,,0,blue,473.2850000000326,1,single,r_b_14.png,color,blue
135122,,c7fbf674-7151-4b31-9215-b4523cffdc16,1,PPxoHuMp1618000533860,81,figural_single_2_practice,1,,0,blue,487.77000000700355,1,single,e_b_06.png,color,blue
135122,,c7fbf674-7151-4b31-9215-b4523cffdc16,1,PPxoHuMp1618000533860,82,figural_single_2_practice,1,,0,green,419.96500000095693,1,single,e_g_10.png,color,green
135122,,c7fbf674-7151-4b31-9215-b4523cffdc16,1,PPxoHuMp1618000533860,83,figural_single_2_practice,1,,0,blue,464.94499999971595,1,single,e_b_16.png,color,blue
135122,,c7fbf674-7151-4b31-9215-b4523cffdc16,1,PPxoHuMp1618000533860,84,figural_single_2_practice,1,,0,green,347.0149999993737,1,single,e_g_08.png,color,green
135122,,c7fbf674-7151-4b31-9215-b4523cffdc16,1,PPxoHuMp1618000533860,85,figural_single_2_practice,1,,0,blue,307.32999999599997,1,single,e_b_02.png,color,blue
135122,,c7fbf674-7151-4b31-9215-b4523cffdc16,1,PPxoHuMp1618000533860,86,figural_single_2_practice,1,,0,blue,395.9800000011455,0,single,r_g_03.png,color,green
135122,,c7fbf674-7151-4b31-9215-b4523cffdc16,1,PPxoHuMp1618000533860,87,figural_single_2_practice,1,,0,blue,540.8800000004703,1,single,r_b_13.png,color,blue
135122,,c7fbf674-7151-4b31-9215-b4523cffdc16,1,PPxoHuMp1618000533860,88,figural_single_2_practice,1,,0,green,910.055000000284,1,single,r_g_01.png,color,green
135122,,c7fbf674-7151-4b31-9215-b4523cffdc16,1,PPxoHuMp1618000533860,89,figural_single_2_1,1,,0,green,378.75999999960186,1,single,r_g_07.png,color,green
135122,,c7fbf674-7151-4b31-9215-b4523cffdc16,1,PPxoHuMp1618000533860,90,figural_single_2_1,1,,0,blue,405.87000000232365,1,single,r_b_03.png,color,blue
135122,,c7fbf674-7151-4b31-9215-b4523cffdc16,1,PPxoHuMp1618000533860,91,figural_single_2_1,1,,0,green,412.92999999859603,1,single,r_g_08.png,color,green
135122,,c7fbf674-7151-4b31-9215-b4523cffdc16,1,PPxoHuMp1618000533860,92,figural_single_2_1,1,,0,green,393.3300000062445,1,single,e_g_01.png,color,green
135122,,c7fbf674-7151-4b31-9215-b4523cffdc16,1,PPxoHuMp1618000533860,93,figural_single_2_1,1,,0,green,345.27499999967404,1,single,e_g_09.png,color,green
135122,,c7fbf674-7151-4b31-9215-b4523cffdc16,1,PPxoHuMp1618000533860,94,figural_single_2_1,1,,0,blue,320.4399999958696,1,single,r_b_08.png,color,blue
135122,,c7fbf674-7151-4b31-9215-b4523cffdc16,1,PPxoHuMp1618000533860,95,figural_single_2_1,1,,0,blue,450.9200000029523,1,single,e_b_03.png,color,blue
135122,,c7fbf674-7151-4b31-9215-b4523cffdc16,1,PPxoHuMp1618000533860,96,figural_single_2_1,1,,0,green,393.42000000033295,1,single,e_g_07.png,color,green
135122,,c7fbf674-7151-4b31-9215-b4523cffdc16,1,PPxoHuMp1618000533860,97,figural_single_2_1,1,,0,blue,724.434999996447,1,single,e_b_02.png,color,blue
135122,,c7fbf674-7151-4b31-9215-b4523cffdc16,1,PPxoHuMp1618000533860,98,figural_single_2_1,1,,0,green,730.5999999953201,1,single,e_g_04.png,color,green
135122,,c7fbf674-7151-4b31-9215-b4523cffdc16,1,PPxoHuMp1618000533860,99,figural_single_2_1,1,,0,green,338.9600000009523,1,single,r_g_06.png,color,green
135122,,c7fbf674-7151-4b31-9215-b4523cffdc16,1,PPxoHuMp1618000533860,100,figural_single_2_1,1,,0,blue,383.4649999989779,1,single,e_b_08.png,color,blue
135122,,c7fbf674-7151-4b31-9215-b4523cffdc16,1,PPxoHuMp1618000533860,101,figural_single_2_1,1,,0,green,435.0449999983539,1,single,e_g_16.png,color,green
135122,,c7fbf674-7151-4b31-9215-b4523cffdc16,1,PPxoHuMp1618000533860,102,figural_single_2_1,1,,0,blue,431.9099999993341,1,single,e_b_06.png,color,blue
135122,,c7fbf674-7151-4b31-9215-b4523cffdc16,1,PPxoHuMp1618000533860,103,figural_single_2_1,1,,0,blue,367.85999999847263,1,single,e_b_04.png,color,blue
135122,,c7fbf674-7151-4b31-9215-b4523cffdc16,1,PPxoHuMp1618000533860,104,figural_single_2_1,1,,0,green,370.824999998149,1,single,r_g_10.png,color,green
135122,,c7fbf674-7151-4b31-9215-b4523cffdc16,1,PPxoHuMp1618000533860,105,figural_single_2_1,1,,0,blue,406.6850000017439,1,single,e_b_12.png,color,blue
135122,,c7fbf674-7151-4b31-9215-b4523cffdc16,1,PPxoHuMp1618000533860,106,figural_single_2_1,1,,0,blue,406.5049999990151,1,single,r_b_09.png,color,blue
135122,,c7fbf674-7151-4b31-9215-b4523cffdc16,1,PPxoHuMp1618000533860,107,figural_single_2_1,1,,0,green,354.59000000264496,1,single,r_g_15.png,color,green
135122,,c7fbf674-7151-4b31-9215-b4523cffdc16,1,PPxoHuMp1618000533860,108,figural_single_2_1,1,,0,green,466.87999999994645,1,single,e_g_08.png,color,green
135122,,c7fbf674-7151-4b31-9215-b4523cffdc16,1,PPxoHuMp1618000533860,109,figural_single_2_1,1,,0,blue,350.28500000044005,1,single,e_b_11.png,color,blue
135122,,c7fbf674-7151-4b31-9215-b4523cffdc16,1,PPxoHuMp1618000533860,110,figural_single_2_1,1,,0,blue,372.95499999891035,1,single,r_b_13.png,color,blue
135122,,c7fbf674-7151-4b31-9215-b4523cffdc16,1,PPxoHuMp1618000533860,111,figural_single_2_1,1,,0,blue,403.9450000054785,1,single,r_b_12.png,color,blue
135122,,c7fbf674-7151-4b31-9215-b4523cffdc16,1,PPxoHuMp1618000533860,112,figural_single_2_1,1,,0,blue,333.04999999381835,1,single,r_b_15.png,color,blue
135122,,c7fbf674-7151-4b31-9215-b4523cffdc16,1,PPxoHuMp1618000533860,113,figural_single_2_1,1,,0,green,394.31499999773223,1,single,e_g_05.png,color,green
135122,,c7fbf674-7151-4b31-9215-b4523cffdc16,1,PPxoHuMp1618000533860,114,figural_single_2_1,1,,0,green,393.8750000015716,1,single,r_g_12.png,color,green
135122,,c7fbf674-7151-4b31-9215-b4523cffdc16,1,PPxoHuMp1618000533860,115,figural_single_2_1,1,,0,blue,384.34000000415836,1,single,r_b_02.png,color,blue
135122,,c7fbf674-7151-4b31-9215-b4523cffdc16,1,PPxoHuMp1618000533860,116,figural_single_2_1,1,,0,blue,419.03499999898486,1,single,r_b_01.png,color,blue
135122,,c7fbf674-7151-4b31-9215-b4523cffdc16,1,PPxoHuMp1618000533860,117,figural_single_2_1,1,,0,blue,383.73000000137836,1,single,r_b_07.png,color,blue
135122,,c7fbf674-7151-4b31-9215-b4523cffdc16,1,PPxoHuMp1618000533860,118,figural_single_2_1,1,,0,green,411.96999999374384,1,single,e_g_15.png,color,green
135122,,c7fbf674-7151-4b31-9215-b4523cffdc16,1,PPxoHuMp1618000533860,119,figural_single_2_1,1,,0,green,406.49999999732245,1,single,e_g_11.png,color,green
135122,,c7fbf674-7151-4b31-9215-b4523cffdc16,1,PPxoHuMp1618000533860,120,figural_single_2_1,1,,0,blue,408.7199999994482,1,single,e_b_07.png,color,blue
135122,,c7fbf674-7151-4b31-9215-b4523cffdc16,1,PPxoHuMp1618000533860,121,figural_single_2_1,1,,0,blue,760.4649999993853,0,single,r_g_04.png,color,green
135122,,c7fbf674-7151-4b31-9215-b4523cffdc16,1,PPxoHuMp1618000533860,122,figural_single_2_1,1,,0,blue,708.7199999950826,0,single,e_g_02.png,color,green
135122,,c7fbf674-7151-4b31-9215-b4523cffdc16,1,PPxoHuMp1618000533860,123,figural_single_2_1,1,,0,green,704.9999999944703,0,single,e_b_01.png,color,blue
135122,,c7fbf674-7151-4b31-9215-b4523cffdc16,1,PPxoHuMp1618000533860,124,figural_single_2_1,1,,0,blue,926.0400000057416,1,single,r_b_05.png,color,blue
135122,,c7fbf674-7151-4b31-9215-b4523cffdc16,1,PPxoHuMp1618000533860,125,figural_single_2_1,1,,0,green,876.5599999969709,1,single,e_g_03.png,color,green
135122,,c7fbf674-7151-4b31-9215-b4523cffdc16,1,PPxoHuMp1618000533860,126,figural_single_2_1,1,,0,blue,640.1399999958812,1,single,r_b_04.png,color,blue
135122,,c7fbf674-7151-4b31-9215-b4523cffdc16,1,PPxoHuMp1618000533860,127,figural_single_2_1,1,,0,green,592.3299999994924,1,single,e_g_06.png,color,green
135122,,c7fbf674-7151-4b31-9215-b4523cffdc16,1,PPxoHuMp1618000533860,128,figural_single_2_1,1,,0,green,523.8049999970826,1,single,e_g_12.png,color,green
135122,,c7fbf674-7151-4b31-9215-b4523cffdc16,1,PPxoHuMp1618000533860,129,figural_single_2_1,1,,0,green,367.21500000567175,1,single,r_g_14.png,color,green
135122,,c7fbf674-7151-4b31-9215-b4523cffdc16,1,PPxoHuMp1618000533860,130,figural_single_2_1,1,,0,blue,453.63499999803025,1,single,e_b_09.png,color,blue
135122,,c7fbf674-7151-4b31-9215-b4523cffdc16,1,PPxoHuMp1618000533860,131,figural_single_2_1,1,,0,blue,739.7049999999581,1,single,e_b_16.png,color,blue
135122,,c7fbf674-7151-4b31-9215-b4523cffdc16,1,PPxoHuMp1618000533860,132,figural_single_2_1,1,,0,green,613.1500000046799,1,single,r_g_01.png,color,green
135122,,c7fbf674-7151-4b31-9215-b4523cffdc16,1,PPxoHuMp1618000533860,133,figural_single_2_1,1,,0,green,375.7850000038161,1,single,r_g_09.png,color,green
135122,,c7fbf674-7151-4b31-9215-b4523cffdc16,1,PPxoHuMp1618000533860,134,figural_single_2_1,1,,0,green,387.24999999976717,1,single,e_g_13.png,color,green
135122,,c7fbf674-7151-4b31-9215-b4523cffdc16,1,PPxoHuMp1618000533860,135,figural_single_2_1,1,,0,blue,532.4049999981071,1,single,r_b_06.png,color,blue
135122,,c7fbf674-7151-4b31-9215-b4523cffdc16,1,PPxoHuMp1618000533860,136,figural_single_2_1,1,,0,blue,395.50999999482883,1,single,r_b_14.png,color,blue
135122,,c7fbf674-7151-4b31-9215-b4523cffdc16,1,PPxoHuMp1618000533860,137,figural_single_2_1,1,,0,green,388.43500000075437,1,single,r_g_05.png,color,green
135122,,c7fbf674-7151-4b31-9215-b4523cffdc16,1,PPxoHuMp1618000533860,138,figural_single_2_1,1,,0,green,474.9149999988731,1,single,e_g_10.png,color,green
135122,,c7fbf674-7151-4b31-9215-b4523cffdc16,1,PPxoHuMp1618000533860,139,figural_single_2_1,1,,0,green,428.9050000006682,1,single,r_g_02.png,color,green
135122,,c7fbf674-7151-4b31-9215-b4523cffdc16,1,PPxoHuMp1618000533860,140,figural_single_2_1,1,,0,blue,350.0999999960186,1,single,e_b_10.png,color,blue
135122,,c7fbf674-7151-4b31-9215-b4523cffdc16,1,PPxoHuMp1618000533860,141,figural_single_2_1,1,,0,blue,390.0450000001001,1,single,r_b_16.png,color,blue
135122,,c7fbf674-7151-4b31-9215-b4523cffdc16,1,PPxoHuMp1618000533860,142,figural_single_2_1,1,,0,green,412.96499999589287,1,single,r_g_11.png,color,green
135122,,c7fbf674-7151-4b31-9215-b4523cffdc16,1,PPxoHuMp1618000533860,143,figural_single_2_1,1,,0,green,394.5949999979348,1,single,r_g_03.png,color,green
135122,,c7fbf674-7151-4b31-9215-b4523cffdc16,1,PPxoHuMp1618000533860,144,figural_single_2_1,1,,0,blue,331.98499999707565,1,single,e_b_14.png,color,blue
135122,,c7fbf674-7151-4b31-9215-b4523cffdc16,1,PPxoHuMp1618000533860,145,figural_single_2_1,1,,0,blue,406.0749999989639,1,single,e_b_13.png,color,blue
135122,,c7fbf674-7151-4b31-9215-b4523cffdc16,1,PPxoHuMp1618000533860,146,figural_single_2_1,1,,0,green,421.36999999638647,0,single,r_b_10.png,color,blue
135122,,c7fbf674-7151-4b31-9215-b4523cffdc16,1,PPxoHuMp1618000533860,147,figural_single_2_1,1,,0,green,1004.7599999961676,1,single,e_g_14.png,color,green
135122,,c7fbf674-7151-4b31-9215-b4523cffdc16,1,PPxoHuMp1618000533860,148,figural_single_2_1,1,,0,blue,385.45999999769265,1,single,e_b_15.png,color,blue
135122,,c7fbf674-7151-4b31-9215-b4523cffdc16,1,PPxoHuMp1618000533860,149,figural_single_2_1,1,,0,blue,340.24499999941327,1,single,e_b_05.png,color,blue
135122,,c7fbf674-7151-4b31-9215-b4523cffdc16,1,PPxoHuMp1618000533860,150,figural_single_2_1,1,,0,blue,352.0649999991292,1,single,r_b_11.png,color,blue
135122,,c7fbf674-7151-4b31-9215-b4523cffdc16,1,PPxoHuMp1618000533860,151,figural_single_2_1,1,,0,green,352.4749999996857,1,single,r_g_13.png,color,green
135122,,c7fbf674-7151-4b31-9215-b4523cffdc16,1,PPxoHuMp1618000533860,152,figural_single_2_1,1,,0,green,569.8350000020582,1,single,r_g_16.png,color,green
135122,,c7fbf674-7151-4b31-9215-b4523cffdc16,1,PPxoHuMp1618000533860,153,figural_mixed_practice,1,,0,angular,605.2449999988312,1,start,e_g_13.png,shape,angular
135122,,c7fbf674-7151-4b31-9215-b4523cffdc16,1,PPxoHuMp1618000533860,154,figural_mixed_practice,1,,0,angular,664.0600000027916,1,repetition,e_g_15.png,shape,angular
135122,,c7fbf674-7151-4b31-9215-b4523cffdc16,1,PPxoHuMp1618000533860,155,figural_mixed_practice,1,,0,blue,589.9350000036065,1,switch,r_b_02.png,color,blue
135122,,c7fbf674-7151-4b31-9215-b4523cffdc16,1,PPxoHuMp1618000533860,156,figural_mixed_practice,1,,0,green,1411.1599999960163,1,repetition,r_g_10.png,color,green
135122,,c7fbf674-7151-4b31-9215-b4523cffdc16,1,PPxoHuMp1618000533860,157,figural_mixed_practice,1,,0,round,2012.4050000013085,1,switch,r_b_03.png,shape,round
135122,,c7fbf674-7151-4b31-9215-b4523cffdc16,1,PPxoHuMp1618000533860,158,figural_mixed_practice,1,,0,blue,968.1899999995949,1,switch,e_b_11.png,color,blue
135122,,c7fbf674-7151-4b31-9215-b4523cffdc16,1,PPxoHuMp1618000533860,159,figural_mixed_practice,1,,0,green,533.6600000009639,1,repetition,r_g_06.png,color,green
135122,,c7fbf674-7151-4b31-9215-b4523cffdc16,1,PPxoHuMp1618000533860,160,figural_mixed_practice,1,,0,round,723.3950000008917,1,switch,r_b_08.png,shape,round
135122,,c7fbf674-7151-4b31-9215-b4523cffdc16,1,PPxoHuMp1618000533860,161,figural_mixed_practice,1,,0,angular,1529.3500000043423,1,repetition,e_b_12.png,shape,angular
135122,,c7fbf674-7151-4b31-9215-b4523cffdc16,1,PPxoHuMp1618000533860,162,figural_mixed_practice,1,,0,round,590.9350000001723,1,repetition,r_g_04.png,shape,round
135122,,c7fbf674-7151-4b31-9215-b4523cffdc16,1,PPxoHuMp1618000533860,163,figural_mixed_practice,1,,0,blue,1035.1250000021537,1,switch,e_b_01.png,color,blue
135122,,c7fbf674-7151-4b31-9215-b4523cffdc16,1,PPxoHuMp1618000533860,164,figural_mixed_practice,1,,0,green,1252.3199999995995,1,repetition,e_g_05.png,color,green
135122,,c7fbf674-7151-4b31-9215-b4523cffdc16,1,PPxoHuMp1618000533860,165,figural_mixed,1,,0,green,1224.0600000004633,1,start,r_g_12.png,color,green
135122,,c7fbf674-7151-4b31-9215-b4523cffdc16,1,PPxoHuMp1618000533860,166,figural_mixed,1,,0,green,723.9800000024843,1,repetition,e_g_16.png,color,green
135122,,c7fbf674-7151-4b31-9215-b4523cffdc16,1,PPxoHuMp1618000533860,167,figural_mixed,1,,0,round,1355.1449999940814,1,switch,r_b_01.png,shape,round
135122,,c7fbf674-7151-4b31-9215-b4523cffdc16,1,PPxoHuMp1618000533860,168,figural_mixed,1,,0,blue,1131.695000003674,1,switch,e_b_10.png,color,blue
135122,,c7fbf674-7151-4b31-9215-b4523cffdc16,1,PPxoHuMp1618000533860,169,figural_mixed,1,,0,round,968.3300000033341,1,switch,r_g_07.png,shape,round
135122,,c7fbf674-7151-4b31-9215-b4523cffdc16,1,PPxoHuMp1618000533860,170,figural_mixed,1,,0,angular,884.3249999990803,1,repetition,e_g_16.png,shape,angular
135122,,c7fbf674-7151-4b31-9215-b4523cffdc16,1,PPxoHuMp1618000533860,171,figural_mixed,1,,0,angular,1398.7100000013015,1,repetition,e_b_11.png,shape,angular
135122,,c7fbf674-7151-4b31-9215-b4523cffdc16,1,PPxoHuMp1618000533860,172,figural_mixed,1,,0,green,1113.6550000010175,0,switch,e_b_12.png,color,blue
135122,,c7fbf674-7151-4b31-9215-b4523cffdc16,1,PPxoHuMp1618000533860,173,figural_mixed,1,,0,blue,859.1149999992922,1,repetition,r_b_05.png,color,blue
135122,,c7fbf674-7151-4b31-9215-b4523cffdc16,1,PPxoHuMp1618000533860,174,figural_mixed,1,,0,angular,898.1050000002142,1,switch,e_b_15.png,shape,angular
135122,,c7fbf674-7151-4b31-9215-b4523cffdc16,1,PPxoHuMp1618000533860,175,figural_mixed,1,,0,round,914.4700000033481,1,repetition,r_g_01.png,shape,round
135122,,c7fbf674-7151-4b31-9215-b4523cffdc16,1,PPxoHuMp1618000533860,176,figural_mixed,1,,0,green,954.3699999994715,1,switch,r_g_11.png,color,green
135122,,c7fbf674-7151-4b31-9215-b4523cffdc16,1,PPxoHuMp1618000533860,177,figural_mixed,1,,0,blue,835.1850000035483,1,repetition,e_b_14.png,color,blue
135122,,c7fbf674-7151-4b31-9215-b4523cffdc16,1,PPxoHuMp1618000533860,178,figural_mixed,1,,0,green,1642.9250000001048,1,repetition,r_g_05.png,color,green
135122,,c7fbf674-7151-4b31-9215-b4523cffdc16,1,PPxoHuMp1618000533860,179,figural_mixed,1,,0,angular,1278.0899999997928,1,switch,e_g_09.png,shape,angular
135122,,c7fbf674-7151-4b31-9215-b4523cffdc16,1,PPxoHuMp1618000533860,180,figural_mixed,1,,0,round,1036.2249999961932,1,repetition,r_b_04.png,shape,round
135122,,c7fbf674-7151-4b31-9215-b4523cffdc16,1,PPxoHuMp1618000533860,181,figural_mixed,1,,0,round,1258.6699999956181,1,repetition,r_g_12.png,shape,round
135122,,c7fbf674-7151-4b31-9215-b4523cffdc16,1,PPxoHuMp1618000533860,182,figural_mixed,1,,0,round,774.1449999957695,1,repetition,r_b_02.png,shape,round
135122,,c7fbf674-7151-4b31-9215-b4523cffdc16,1,PPxoHuMp1618000533860,183,figural_mixed,1,,0,green,1622.350000005099,1,switch,r_g_04.png,color,green
135122,,c7fbf674-7151-4b31-9215-b4523cffdc16,1,PPxoHuMp1618000533860,184,figural_mixed,1,,0,blue,1339.6450000000186,1,repetition,e_b_02.png,color,blue
135122,,c7fbf674-7151-4b31-9215-b4523cffdc16,1,PPxoHuMp1618000533860,185,figural_mixed,1,,0,blue,716.1500000001979,1,repetition,r_b_16.png,color,blue
135122,,c7fbf674-7151-4b31-9215-b4523cffdc16,1,PPxoHuMp1618000533860,186,figural_mixed,1,,0,angular,984.2250000001513,1,switch,e_g_03.png,shape,angular
135122,,c7fbf674-7151-4b31-9215-b4523cffdc16,1,PPxoHuMp1618000533860,187,figural_mixed,1,,0,blue,1756.0349999985192,1,switch,r_b_10.png,color,blue
135122,,c7fbf674-7151-4b31-9215-b4523cffdc16,1,PPxoHuMp1618000533860,188,figural_mixed,1,,0,green,1233.9649999994435,1,repetition,e_g_03.png,color,green
135122,,c7fbf674-7151-4b31-9215-b4523cffdc16,1,PPxoHuMp1618000533860,189,figural_mixed,1,,0,green,788.8900000034482,1,repetition,r_g_06.png,color,green
135122,,c7fbf674-7151-4b31-9215-b4523cffdc16,1,PPxoHuMp1618000533860,190,figural_mixed,1,,0,round,1003.7199999933364,1,switch,r_b_09.png,shape,round
135122,,c7fbf674-7151-4b31-9215-b4523cffdc16,1,PPxoHuMp1618000533860,191,figural_mixed,1,,0,blue,2816.5749999971013,1,switch,r_b_02.png,color,blue
135122,,c7fbf674-7151-4b31-9215-b4523cffdc16,1,PPxoHuMp1618000533860,192,figural_mixed,1,,0,green,934.3300000036834,1,repetition,r_g_01.png,color,green
135122,,c7fbf674-7151-4b31-9215-b4523cffdc16,1,PPxoHuMp1618000533860,193,figural_mixed,1,,0,angular,1500.8449999950244,1,switch,e_g_07.png,shape,angular
135122,,c7fbf674-7151-4b31-9215-b4523cffdc16,1,PPxoHuMp1618000533860,194,figural_mixed,1,,0,blue,925.4199999995762,1,switch,r_b_13.png,color,blue
135122,,c7fbf674-7151-4b31-9215-b4523cffdc16,1,PPxoHuMp1618000533860,195,figural_mixed,1,,0,angular,1106.2549999987823,1,switch,e_b_14.png,shape,angular
135122,,c7fbf674-7151-4b31-9215-b4523cffdc16,1,PPxoHuMp1618000533860,196,figural_mixed,1,,0,round,872.0250000042142,1,repetition,r_g_09.png,shape,round
135122,,c7fbf674-7151-4b31-9215-b4523cffdc16,1,PPxoHuMp1618000533860,197,figural_mixed,1,,0,round,1235.3749999965657,1,repetition,r_b_11.png,shape,round
135122,,c7fbf674-7151-4b31-9215-b4523cffdc16,1,PPxoHuMp1618000533860,198,figural_mixed,1,,0,green,1198.3299999992596,1,switch,r_g_07.png,color,green
135122,,c7fbf674-7151-4b31-9215-b4523cffdc16,1,PPxoHuMp1618000533860,199,figural_mixed,1,,0,angular,1532.7350000006845,1,switch,e_b_04.png,shape,angular
135122,,c7fbf674-7151-4b31-9215-b4523cffdc16,1,PPxoHuMp1618000533860,200,figural_mixed,1,,0,round,1475.335000002815,1,repetition,r_g_14.png,shape,round
135122,,c7fbf674-7151-4b31-9215-b4523cffdc16,1,PPxoHuMp1618000533860,201,figural_mixed,1,,0,blue,1208.039999997709,1,switch,e_b_09.png,color,blue
135122,,c7fbf674-7151-4b31-9215-b4523cffdc16,1,PPxoHuMp1618000533860,202,figural_mixed,1,,0,angular,1122.8349999946658,1,switch,e_g_10.png,shape,angular
135122,,c7fbf674-7151-4b31-9215-b4523cffdc16,1,PPxoHuMp1618000533860,203,figural_mixed,1,,0,green,1066.8000000005122,1,switch,r_g_15.png,color,green
135122,,c7fbf674-7151-4b31-9215-b4523cffdc16,1,PPxoHuMp1618000533860,204,figural_mixed,1,,0,green,972.314999999071,1,repetition,e_g_14.png,color,green
135122,,c7fbf674-7151-4b31-9215-b4523cffdc16,1,PPxoHuMp1618000533860,205,figural_mixed,1,,0,blue,1655.1949999993667,1,repetition,r_b_07.png,color,blue
135122,,c7fbf674-7151-4b31-9215-b4523cffdc16,1,PPxoHuMp1618000533860,206,figural_mixed,1,,0,blue,1151.545000000624,1,repetition,r_b_09.png,color,blue
135122,,c7fbf674-7151-4b31-9215-b4523cffdc16,1,PPxoHuMp1618000533860,207,figural_mixed,1,,0,angular,1018.8300000008894,1,switch,e_g_14.png,shape,angular
135122,,c7fbf674-7151-4b31-9215-b4523cffdc16,1,PPxoHuMp1618000533860,208,figural_mixed,1,,0,angular,728.3099999986007,1,repetition,e_g_13.png,shape,angular
135122,,c7fbf674-7151-4b31-9215-b4523cffdc16,1,PPxoHuMp1618000533860,209,figural_mixed,1,,0,blue,954.6449999979814,1,switch,e_b_04.png,color,blue
135122,,c7fbf674-7151-4b31-9215-b4523cffdc16,1,PPxoHuMp1618000533860,210,figural_mixed,1,,0,green,883.2849999962491,1,repetition,e_g_10.png,color,green
135122,,c7fbf674-7151-4b31-9215-b4523cffdc16,1,PPxoHuMp1618000533860,211,figural_mixed,1,,0,green,599.2249999981141,1,repetition,e_g_04.png,color,green
135122,,c7fbf674-7151-4b31-9215-b4523cffdc16,1,PPxoHuMp1618000533860,212,figural_mixed,1,,0,round,997.8599999958533,0,switch,e_b_07.png,shape,angular
135122,,c7fbf674-7151-4b31-9215-b4523cffdc16,1,PPxoHuMp1618000533860,213,figural_mixed,1,,0,round,1456.2950000035926,1,repetition,r_g_11.png,shape,round
135122,,c7fbf674-7151-4b31-9215-b4523cffdc16,1,PPxoHuMp1618000533860,214,figural_mixed,1,,0,round,740.6600000031176,1,repetition,r_g_04.png,shape,round
135122,,c7fbf674-7151-4b31-9215-b4523cffdc16,1,PPxoHuMp1618000533860,215,figural_mixed,1,,0,angular,1081.6649999978836,1,repetition,e_g_15.png,shape,angular
135122,,c7fbf674-7151-4b31-9215-b4523cffdc16,1,PPxoHuMp1618000533860,216,figural_mixed,1,,0,green,1359.550000001036,1,switch,e_g_11.png,color,green
135122,,c7fbf674-7151-4b31-9215-b4523cffdc16,1,PPxoHuMp1618000533860,217,figural_mixed,1,,0,round,1212.665000006382,1,switch,r_g_08.png,shape,round
135122,,c7fbf674-7151-4b31-9215-b4523cffdc16,1,PPxoHuMp1618000533860,218,figural_mixed,1,,0,round,1035.105000002659,1,repetition,r_g_10.png,shape,round
135122,,c7fbf674-7151-4b31-9215-b4523cffdc16,1,PPxoHuMp1618000533860,219,figural_mixed,1,,0,green,936.9749999968917,1,switch,e_g_15.png,color,green
135122,,c7fbf674-7151-4b31-9215-b4523cffdc16,1,PPxoHuMp1618000533860,220,figural_mixed,1,,0,green,762.0400000014342,1,repetition,r_g_02.png,color,green
135122,,c7fbf674-7151-4b31-9215-b4523cffdc16,1,PPxoHuMp1618000533860,221,figural_mixed,1,,0,angular,1555.769999999029,1,switch,e_b_01.png,shape,angular
135122,,c7fbf674-7151-4b31-9215-b4523cffdc16,1,PPxoHuMp1618000533860,222,figural_mixed,1,,0,blue,1085.0649999993038,1,switch,e_b_15.png,color,blue
135122,,c7fbf674-7151-4b31-9215-b4523cffdc16,1,PPxoHuMp1618000533860,223,figural_mixed,1,,0,blue,1253.2349999964936,1,repetition,e_b_03.png,color,blue
135122,,c7fbf674-7151-4b31-9215-b4523cffdc16,1,PPxoHuMp1618000533860,224,figural_mixed,1,,0,blue,771.2649999957648,1,repetition,e_b_01.png,color,blue
135122,,c7fbf674-7151-4b31-9215-b4523cffdc16,1,PPxoHuMp1618000533860,225,figural_mixed,1,,0,round,1307.7049999992596,1,switch,r_g_02.png,shape,round
135122,,c7fbf674-7151-4b31-9215-b4523cffdc16,1,PPxoHuMp1618000533860,226,figural_mixed,1,,0,green,1305.8299999975134,1,switch,e_g_05.png,color,green
135122,,c7fbf674-7151-4b31-9215-b4523cffdc16,1,PPxoHuMp1618000533860,227,figural_mixed,1,,0,round,1143.1700000030105,1,switch,r_b_06.png,shape,round
135122,,c7fbf674-7151-4b31-9215-b4523cffdc16,1,PPxoHuMp1618000533860,228,figural_mixed,1,,0,green,741.1849999989499,1,switch,e_g_08.png,color,green
135122,,c7fbf674-7151-4b31-9215-b4523cffdc16,1,PPxoHuMp1618000533860,229,figural_mixed,1,,0,green,1197.3500000021886,1,repetition,e_g_02.png,color,green
135122,,c7fbf674-7151-4b31-9215-b4523cffdc16,1,PPxoHuMp1618000533860,230,figural_mixed,1,,0,blue,1686.794999994163,1,repetition,e_b_06.png,color,blue
135122,,c7fbf674-7151-4b31-9215-b4523cffdc16,1,PPxoHuMp1618000533860,231,figural_mixed,1,,0,angular,1485.724999998638,1,switch,e_b_08.png,shape,angular
135122,,c7fbf674-7151-4b31-9215-b4523cffdc16,1,PPxoHuMp1618000533860,232,figural_mixed,1,,0,green,1601.764999999432,1,switch,r_g_09.png,color,green
135122,,c7fbf674-7151-4b31-9215-b4523cffdc16,1,PPxoHuMp1618000533860,233,figural_mixed,1,,0,blue,1928.925000000163,1,repetition,e_b_13.png,color,blue
135122,,c7fbf674-7151-4b31-9215-b4523cffdc16,1,PPxoHuMp1618000533860,234,figural_mixed,1,,0,round,1055.3100000033737,1,switch,r_b_10.png,shape,round
135122,,c7fbf674-7151-4b31-9215-b4523cffdc16,1,PPxoHuMp1618000533860,235,figural_mixed,1,,0,round,1633.4549999955925,1,repetition,r_b_13.png,shape,round
135122,,c7fbf674-7151-4b31-9215-b4523cffdc16,1,PPxoHuMp1618000533860,236,figural_mixed,1,,0,blue,1362.9349999973783,1,switch,e_b_11.png,color,blue
135122,,c7fbf674-7151-4b31-9215-b4523cffdc16,1,PPxoHuMp1618000533860,237,figural_mixed,1,,0,green,1708.9199999973061,1,repetition,r_g_08.png,color,green
135122,,c7fbf674-7151-4b31-9215-b4523cffdc16,1,PPxoHuMp1618000533860,238,figural_mixed,1,,0,angular,1541.2250000008498,1,switch,e_b_10.png,shape,angular
135122,,c7fbf674-7151-4b31-9215-b4523cffdc16,1,PPxoHuMp1618000533860,239,figural_mixed,1,,0,angular,1015.4600000023493,1,repetition,e_g_06.png,shape,angular
135122,,c7fbf674-7151-4b31-9215-b4523cffdc16,1,PPxoHuMp1618000533860,240,figural_mixed,1,,0,angular,874.4550000046729,1,repetition,e_g_11.png,shape,angular
135122,,c7fbf674-7151-4b31-9215-b4523cffdc16,1,PPxoHuMp1618000533860,241,figural_mixed,1,,0,round,1532.2050000031595,1,repetition,r_b_07.png,shape,round
135122,,c7fbf674-7151-4b31-9215-b4523cffdc16,1,PPxoHuMp1618000533860,242,figural_mixed,1,,0,blue,882.0399999967776,1,switch,r_b_06.png,color,blue
135122,,c7fbf674-7151-4b31-9215-b4523cffdc16,1,PPxoHuMp1618000533860,243,figural_mixed,1,,0,blue,958.1850000031409,1,repetition,e_b_07.png,color,blue
135122,,c7fbf674-7151-4b31-9215-b4523cffdc16,1,PPxoHuMp1618000533860,244,figural_mixed,1,,0,blue,711.9050000037532,1,repetition,r_b_14.png,color,blue
135122,,c7fbf674-7151-4b31-9215-b4523cffdc16,1,PPxoHuMp1618000533860,245,figural_mixed,1,,0,green,948.9549999998417,1,repetition,r_g_16.png,color,green
135122,,c7fbf674-7151-4b31-9215-b4523cffdc16,1,PPxoHuMp1618000533860,246,figural_mixed,1,,0,angular,998.6449999996694,1,switch,e_b_09.png,shape,angular
135122,,c7fbf674-7151-4b31-9215-b4523cffdc16,1,PPxoHuMp1618000533860,247,figural_mixed,1,,0,angular,974.2299999998068,0,repetition,r_g_05.png,shape,round
135122,,c7fbf674-7151-4b31-9215-b4523cffdc16,1,PPxoHuMp1618000533860,248,figural_mixed,1,,0,angular,1195.5900000029942,1,repetition,e_b_12.png,shape,angular
135122,,c7fbf674-7151-4b31-9215-b4523cffdc16,1,PPxoHuMp1618000533860,249,figural_mixed,1,,0,blue,1049.3750000023283,1,switch,e_b_05.png,color,blue
135122,,c7fbf674-7151-4b31-9215-b4523cffdc16,1,PPxoHuMp1618000533860,250,figural_mixed,1,,0,angular,1092.6799999942887,0,switch,r_g_06.png,shape,round
135122,,c7fbf674-7151-4b31-9215-b4523cffdc16,1,PPxoHuMp1618000533860,251,figural_mixed,1,,0,blue,987.3900000020512,1,switch,e_b_16.png,color,blue
135122,,c7fbf674-7151-4b31-9215-b4523cffdc16,1,PPxoHuMp1618000533860,252,figural_mixed,1,,0,green,1619.024999999965,1,repetition,r_g_13.png,color,green
135122,,c7fbf674-7151-4b31-9215-b4523cffdc16,1,PPxoHuMp1618000533860,253,figural_mixed,1,,0,angular,1058.355000001029,1,switch,e_g_02.png,shape,angular
135122,,c7fbf674-7151-4b31-9215-b4523cffdc16,1,PPxoHuMp1618000533860,254,figural_mixed,1,,0,round,1427.01500000112,1,repetition,r_b_03.png,shape,round
135122,,c7fbf674-7151-4b31-9215-b4523cffdc16,1,PPxoHuMp1618000533860,255,figural_mixed,1,,0,round,1851.844999997411,1,repetition,r_b_14.png,shape,round
135122,,c7fbf674-7151-4b31-9215-b4523cffdc16,1,PPxoHuMp1618000533860,256,figural_mixed,1,,0,angular,804.374999999709,1,repetition,e_g_12.png,shape,angular
135122,,c7fbf674-7151-4b31-9215-b4523cffdc16,1,PPxoHuMp1618000533860,257,figural_mixed,1,,0,blue,1274.7250000029453,1,switch,r_b_04.png,color,blue
135122,,c7fbf674-7151-4b31-9215-b4523cffdc16,1,PPxoHuMp1618000533860,258,figural_mixed,1,,0,round,1930.3199999994831,1,switch,r_g_15.png,shape,round
135122,,c7fbf674-7151-4b31-9215-b4523cffdc16,1,PPxoHuMp1618000533860,259,figural_mixed,1,,0,angular,798.0850000021746,1,repetition,e_g_08.png,shape,angular
135122,,c7fbf674-7151-4b31-9215-b4523cffdc16,1,PPxoHuMp1618000533860,260,figural_mixed,1,,0,round,1700.4000000015367,1,repetition,r_b_16.png,shape,round
135122,,c7fbf674-7151-4b31-9215-b4523cffdc16,1,PPxoHuMp1618000533860,261,figural_mixed,1,,0,green,780.4349999933038,1,switch,r_g_10.png,color,green
135122,,c7fbf674-7151-4b31-9215-b4523cffdc16,1,PPxoHuMp1618000533860,262,figural_mixed,1,,0,green,1133.5700000054203,1,repetition,e_g_06.png,color,green
135122,,c7fbf674-7151-4b31-9215-b4523cffdc16,1,PPxoHuMp1618000533860,263,figural_mixed,1,,0,round,920.2549999972689,1,switch,r_g_13.png,shape,round
135122,,c7fbf674-7151-4b31-9215-b4523cffdc16,1,PPxoHuMp1618000533860,264,figural_mixed,1,,0,blue,1052.9999999998836,1,switch,r_b_03.png,color,blue
135122,,c7fbf674-7151-4b31-9215-b4523cffdc16,1,PPxoHuMp1618000533860,265,figural_mixed,1,,0,angular,886.6600000037579,1,switch,e_b_02.png,shape,angular
135122,,c7fbf674-7151-4b31-9215-b4523cffdc16,1,PPxoHuMp1618000533860,266,figural_mixed,1,,0,angular,707.4800000045798,1,repetition,e_b_03.png,shape,angular
135122,,c7fbf674-7151-4b31-9215-b4523cffdc16,1,PPxoHuMp1618000533860,267,figural_mixed,1,,0,green,1094.454999998561,1,switch,e_g_07.png,color,green
135122,,c7fbf674-7151-4b31-9215-b4523cffdc16,1,PPxoHuMp1618000533860,268,figural_mixed,1,,0,blue,1219.7400000004563,1,repetition,r_b_08.png,color,blue
135122,,c7fbf674-7151-4b31-9215-b4523cffdc16,1,PPxoHuMp1618000533860,269,figural_mixed,1,,0,blue,635.4949999949895,1,repetition,r_b_01.png,color,blue
135122,,c7fbf674-7151-4b31-9215-b4523cffdc16,1,PPxoHuMp1618000533860,270,figural_mixed,1,,0,angular,952.8100000025006,1,switch,e_b_05.png,shape,angular
135122,,c7fbf674-7151-4b31-9215-b4523cffdc16,1,PPxoHuMp1618000533860,271,figural_mixed,1,,0,green,1291.09499999322,1,switch,r_g_16.png,color,green
135122,,c7fbf674-7151-4b31-9215-b4523cffdc16,1,PPxoHuMp1618000533860,272,figural_mixed,1,,0,angular,1402.5150000015856,1,switch,e_g_04.png,shape,angular
135122,,c7fbf674-7151-4b31-9215-b4523cffdc16,1,PPxoHuMp1618000533860,273,figural_mixed,1,,0,round,1908.754999996745,1,repetition,r_b_05.png,shape,round
135122,,c7fbf674-7151-4b31-9215-b4523cffdc16,1,PPxoHuMp1618000533860,274,figural_mixed,1,,0,round,1463.049999998475,1,repetition,r_g_03.png,shape,round
135122,,c7fbf674-7151-4b31-9215-b4523cffdc16,1,PPxoHuMp1618000533860,275,figural_mixed,1,,0,blue,1007.434999999532,1,switch,r_b_15.png,color,blue
135122,,c7fbf674-7151-4b31-9215-b4523cffdc16,1,PPxoHuMp1618000533860,276,figural_mixed,1,,0,green,1090.3749999997672,1,repetition,r_g_14.png,color,green
135122,,c7fbf674-7151-4b31-9215-b4523cffdc16,1,PPxoHuMp1618000533860,277,figural_mixed,1,,0,angular,1449.8549999989336,1,switch,e_g_01.png,shape,angular
135122,,c7fbf674-7151-4b31-9215-b4523cffdc16,1,PPxoHuMp1618000533860,278,figural_mixed,1,,0,round,1193.8650000010966,1,repetition,r_b_15.png,shape,round
135122,,c7fbf674-7151-4b31-9215-b4523cffdc16,1,PPxoHuMp1618000533860,279,figural_mixed,1,,0,round,1142.0100000032107,1,repetition,r_b_08.png,shape,round
135122,,c7fbf674-7151-4b31-9215-b4523cffdc16,1,PPxoHuMp1618000533860,280,figural_mixed,1,,0,green,1174.989999999525,1,switch,e_g_12.png,color,green
135122,,c7fbf674-7151-4b31-9215-b4523cffdc16,1,PPxoHuMp1618000533860,281,figural_mixed,1,,0,angular,1667.6399999996647,1,switch,e_b_13.png,shape,angular
135122,,c7fbf674-7151-4b31-9215-b4523cffdc16,1,PPxoHuMp1618000533860,282,figural_mixed,1,,0,green,1059.5849999954225,1,switch,r_g_03.png,color,green
135122,,c7fbf674-7151-4b31-9215-b4523cffdc16,1,PPxoHuMp1618000533860,283,figural_mixed,1,,0,blue,838.1350000054226,1,repetition,r_b_12.png,color,blue
135122,,c7fbf674-7151-4b31-9215-b4523cffdc16,1,PPxoHuMp1618000533860,284,figural_mixed,1,,0,angular,1255.509999995411,1,switch,e_b_06.png,shape,angular
135122,,c7fbf674-7151-4b31-9215-b4523cffdc16,1,PPxoHuMp1618000533860,285,figural_mixed,1,,0,angular,1271.8950000053155,1,repetition,e_g_05.png,shape,angular
135122,,c7fbf674-7151-4b31-9215-b4523cffdc16,1,PPxoHuMp1618000533860,286,figural_mixed,1,,0,blue,1287.9249999969034,1,switch,r_b_11.png,color,blue
135122,,c7fbf674-7151-4b31-9215-b4523cffdc16,1,PPxoHuMp1618000533860,287,figural_mixed,1,,0,angular,1362.2899999973015,1,switch,e_b_16.png,shape,angular
135122,,c7fbf674-7151-4b31-9215-b4523cffdc16,1,PPxoHuMp1618000533860,288,figural_mixed,1,,0,green,1347.4400000050082,1,switch,e_g_01.png,color,green
135122,,c7fbf674-7151-4b31-9215-b4523cffdc16,1,PPxoHuMp1618000533860,289,figural_mixed,1,,0,green,741.665000001376,1,repetition,e_g_13.png,color,green
135122,,c7fbf674-7151-4b31-9215-b4523cffdc16,1,PPxoHuMp1618000533860,290,figural_mixed,1,,0,round,1310.4399999938323,1,switch,r_b_12.png,shape,round
135122,,c7fbf674-7151-4b31-9215-b4523cffdc16,1,PPxoHuMp1618000533860,291,figural_mixed,1,,0,blue,3058.584999998857,1,switch,e_b_08.png,color,blue
135122,,c7fbf674-7151-4b31-9215-b4523cffdc16,1,PPxoHuMp1618000533860,292,figural_mixed,1,,0,green,1313.0499999970198,1,repetition,e_g_09.png,color,green
135122,,c7fbf674-7151-4b31-9215-b4523cffdc16,1,PPxoHuMp1618000533860,293,figural_mixed,1,,0,green,700.1649999947404,1,repetition,r_g_12.png,color,green
135122,,c7fbf674-7151-4b31-9215-b4523cffdc16,1,PPxoHuMp1618000533860,294,figural_single_2_2,1,,0,blue,538.7849999970058,1,single,e_b_01.png,color,blue
135122,,c7fbf674-7151-4b31-9215-b4523cffdc16,1,PPxoHuMp1618000533860,295,figural_single_2_2,1,,0,blue,380.0850000043283,1,single,r_b_03.png,color,blue
135122,,c7fbf674-7151-4b31-9215-b4523cffdc16,1,PPxoHuMp1618000533860,296,figural_single_2_2,1,,0,green,428.3050000012736,1,single,e_g_01.png,color,green
135122,,c7fbf674-7151-4b31-9215-b4523cffdc16,1,PPxoHuMp1618000533860,297,figural_single_2_2,1,,0,green,337.35499999602325,1,single,e_g_13.png,color,green
135122,,c7fbf674-7151-4b31-9215-b4523cffdc16,1,PPxoHuMp1618000533860,298,figural_single_2_2,1,,0,blue,382.1349999998347,1,single,r_b_16.png,color,blue
135122,,c7fbf674-7151-4b31-9215-b4523cffdc16,1,PPxoHuMp1618000533860,299,figural_single_2_2,1,,0,blue,425.11499999818625,1,single,r_b_07.png,color,blue
135122,,c7fbf674-7151-4b31-9215-b4523cffdc16,1,PPxoHuMp1618000533860,300,figural_single_2_2,1,,0,green,383.91499999852385,1,single,r_g_08.png,color,green
135122,,c7fbf674-7151-4b31-9215-b4523cffdc16,1,PPxoHuMp1618000533860,301,figural_single_2_2,1,,0,blue,476.5499999994063,1,single,r_b_09.png,color,blue
135122,,c7fbf674-7151-4b31-9215-b4523cffdc16,1,PPxoHuMp1618000533860,302,figural_single_2_2,1,,0,green,454.6100000006845,1,single,r_g_02.png,color,green
135122,,c7fbf674-7151-4b31-9215-b4523cffdc16,1,PPxoHuMp1618000533860,303,figural_single_2_2,1,,0,green,473.2850000000326,1,single,r_g_12.png,color,green
135122,,c7fbf674-7151-4b31-9215-b4523cffdc16,1,PPxoHuMp1618000533860,304,figural_single_2_2,1,,0,blue,371.03499999648193,1,single,e_b_08.png,color,blue
135122,,c7fbf674-7151-4b31-9215-b4523cffdc16,1,PPxoHuMp1618000533860,305,figural_single_2_2,1,,0,green,445.0749999959953,1,single,r_g_04.png,color,green
135122,,c7fbf674-7151-4b31-9215-b4523cffdc16,1,PPxoHuMp1618000533860,306,figural_single_2_2,1,,0,blue,395.3899999978603,1,single,e_b_03.png,color,blue
135122,,c7fbf674-7151-4b31-9215-b4523cffdc16,1,PPxoHuMp1618000533860,307,figural_single_2_2,1,,0,green,429.0099999998347,0,single,e_b_11.png,color,blue
135122,,c7fbf674-7151-4b31-9215-b4523cffdc16,1,PPxoHuMp1618000533860,308,figural_single_2_2,1,,0,blue,1028.5799999983283,1,single,r_b_14.png,color,blue
135122,,c7fbf674-7151-4b31-9215-b4523cffdc16,1,PPxoHuMp1618000533860,309,figural_single_2_2,1,,0,green,542.0949999970617,1,single,e_g_07.png,color,green
135122,,c7fbf674-7151-4b31-9215-b4523cffdc16,1,PPxoHuMp1618000533860,310,figural_single_2_2,1,,0,blue,966.0399999993388,1,single,r_b_13.png,color,blue
135122,,c7fbf674-7151-4b31-9215-b4523cffdc16,1,PPxoHuMp1618000533860,311,figural_single_2_2,1,,0,green,445.6499999942025,1,single,e_g_16.png,color,green
135122,,c7fbf674-7151-4b31-9215-b4523cffdc16,1,PPxoHuMp1618000533860,312,figural_single_2_2,1,,0,blue,513.875000004191,1,single,e_b_14.png,color,blue
135122,,c7fbf674-7151-4b31-9215-b4523cffdc16,1,PPxoHuMp1618000533860,313,figural_single_2_2,1,,0,green,484.1299999970943,1,single,e_g_12.png,color,green
135122,,c7fbf674-7151-4b31-9215-b4523cffdc16,1,PPxoHuMp1618000533860,314,figural_single_2_2,1,,0,green,462.69999999640277,1,single,r_g_07.png,color,green
135122,,c7fbf674-7151-4b31-9215-b4523cffdc16,1,PPxoHuMp1618000533860,315,figural_single_2_2,1,,0,blue,402.1649999995134,1,single,e_b_15.png,color,blue
135122,,c7fbf674-7151-4b31-9215-b4523cffdc16,1,PPxoHuMp1618000533860,316,figural_single_2_2,1,,0,blue,432.99000000115484,1,single,e_b_05.png,color,blue
135122,,c7fbf674-7151-4b31-9215-b4523cffdc16,1,PPxoHuMp1618000533860,317,figural_single_2_2,1,,0,green,499.6649999957299,1,single,r_g_15.png,color,green
135122,,c7fbf674-7151-4b31-9215-b4523cffdc16,1,PPxoHuMp1618000533860,318,figural_single_2_2,1,,0,blue,374.00999999954365,1,single,r_b_06.png,color,blue
135122,,c7fbf674-7151-4b31-9215-b4523cffdc16,1,PPxoHuMp1618000533860,319,figural_single_2_2,1,,0,green,407.72499999729916,1,single,e_g_02.png,color,green
135122,,c7fbf674-7151-4b31-9215-b4523cffdc16,1,PPxoHuMp1618000533860,320,figural_single_2_2,1,,0,green,468.15000000060536,1,single,r_g_16.png,color,green
135122,,c7fbf674-7151-4b31-9215-b4523cffdc16,1,PPxoHuMp1618000533860,321,figural_single_2_2,1,,0,blue,493.8949999996112,1,single,e_b_10.png,color,blue
135122,,c7fbf674-7151-4b31-9215-b4523cffdc16,1,PPxoHuMp1618000533860,322,figural_single_2_2,1,,0,green,397.0950000002631,1,single,e_g_05.png,color,green
135122,,c7fbf674-7151-4b31-9215-b4523cffdc16,1,PPxoHuMp1618000533860,323,figural_single_2_2,1,,0,green,368.19999999715947,1,single,e_g_03.png,color,green
135122,,c7fbf674-7151-4b31-9215-b4523cffdc16,1,PPxoHuMp1618000533860,324,figural_single_2_2,1,,0,green,369.00999999488704,1,single,e_g_11.png,color,green
135122,,c7fbf674-7151-4b31-9215-b4523cffdc16,1,PPxoHuMp1618000533860,325,figural_single_2_2,1,,0,blue,387.30499999655876,1,single,r_b_15.png,color,blue
135122,,c7fbf674-7151-4b31-9215-b4523cffdc16,1,PPxoHuMp1618000533860,326,figural_single_2_2,1,,0,blue,387.8499999991618,1,single,e_b_02.png,color,blue
135122,,c7fbf674-7151-4b31-9215-b4523cffdc16,1,PPxoHuMp1618000533860,327,figural_single_2_2,1,,0,blue,377.7349999945727,1,single,r_b_08.png,color,blue
135122,,c7fbf674-7151-4b31-9215-b4523cffdc16,1,PPxoHuMp1618000533860,328,figural_single_2_2,1,,0,green,417.6149999984773,1,single,e_g_06.png,color,green
135122,,c7fbf674-7151-4b31-9215-b4523cffdc16,1,PPxoHuMp1618000533860,329,figural_single_2_2,1,,0,blue,390.4550000006566,1,single,e_b_16.png,color,blue
135122,,c7fbf674-7151-4b31-9215-b4523cffdc16,1,PPxoHuMp1618000533860,330,figural_single_2_2,1,,0,blue,549.3700000006356,1,single,e_b_06.png,color,blue
135122,,c7fbf674-7151-4b31-9215-b4523cffdc16,1,PPxoHuMp1618000533860,331,figural_single_2_2,1,,0,green,539.3949999997858,1,single,r_g_09.png,color,green
135122,,c7fbf674-7151-4b31-9215-b4523cffdc16,1,PPxoHuMp1618000533860,332,figural_single_2_2,1,,0,green,436.665000001085,1,single,e_g_10.png,color,green
135122,,c7fbf674-7151-4b31-9215-b4523cffdc16,1,PPxoHuMp1618000533860,333,figural_single_2_2,1,,0,blue,378.1200000012177,1,single,e_b_12.png,color,blue
135122,,c7fbf674-7151-4b31-9215-b4523cffdc16,1,PPxoHuMp1618000533860,334,figural_single_2_2,1,,0,green,356.6500000014785,1,single,r_g_11.png,color,green
135122,,c7fbf674-7151-4b31-9215-b4523cffdc16,1,PPxoHuMp1618000533860,335,figural_single_2_2,1,,0,green,565.5249999981606,1,single,r_g_06.png,color,green
135122,,c7fbf674-7151-4b31-9215-b4523cffdc16,1,PPxoHuMp1618000533860,336,figural_single_2_2,1,,0,green,405.4600000018254,1,single,e_g_04.png,color,green
135122,,c7fbf674-7151-4b31-9215-b4523cffdc16,1,PPxoHuMp1618000533860,337,figural_single_2_2,1,,0,blue,428.1799999952782,1,single,r_b_01.png,color,blue
135122,,c7fbf674-7151-4b31-9215-b4523cffdc16,1,PPxoHuMp1618000533860,338,figural_single_2_2,1,,0,green,431.66999999806285,1,single,r_g_03.png,color,green
135122,,c7fbf674-7151-4b31-9215-b4523cffdc16,1,PPxoHuMp1618000533860,339,figural_single_2_2,1,,0,blue,403.23000000359025,1,single,e_b_04.png,color,blue
135122,,c7fbf674-7151-4b31-9215-b4523cffdc16,1,PPxoHuMp1618000533860,340,figural_single_2_2,1,,0,blue,468.75,1,single,r_b_12.png,color,blue
135122,,c7fbf674-7151-4b31-9215-b4523cffdc16,1,PPxoHuMp1618000533860,341,figural_single_2_2,1,,0,green,377.52500000351574,1,single,r_g_13.png,color,green
135122,,c7fbf674-7151-4b31-9215-b4523cffdc16,1,PPxoHuMp1618000533860,342,figural_single_2_2,1,,0,blue,370.6099999981234,1,single,r_b_02.png,color,blue
135122,,c7fbf674-7151-4b31-9215-b4523cffdc16,1,PPxoHuMp1618000533860,343,figural_single_2_2,1,,0,green,422.0749999949476,1,single,e_g_09.png,color,green
135122,,c7fbf674-7151-4b31-9215-b4523cffdc16,1,PPxoHuMp1618000533860,344,figural_single_2_2,1,,0,green,391.6300000055926,1,single,e_g_15.png,color,green
135122,,c7fbf674-7151-4b31-9215-b4523cffdc16,1,PPxoHuMp1618000533860,345,figural_single_2_2,1,,0,green,444.99000000359956,1,single,e_g_08.png,color,green
135122,,c7fbf674-7151-4b31-9215-b4523cffdc16,1,PPxoHuMp1618000533860,346,figural_single_2_2,1,,0,blue,420.70000000251457,1,single,r_b_05.png,color,blue
135122,,c7fbf674-7151-4b31-9215-b4523cffdc16,1,PPxoHuMp1618000533860,347,figural_single_2_2,1,,0,green,482.89500000106636,1,single,r_g_14.png,color,green
135122,,c7fbf674-7151-4b31-9215-b4523cffdc16,1,PPxoHuMp1618000533860,348,figural_single_2_2,1,,0,blue,831.6150000027847,1,single,r_b_04.png,color,blue
135122,,c7fbf674-7151-4b31-9215-b4523cffdc16,1,PPxoHuMp1618000533860,349,figural_single_2_2,1,,0,green,527.0949999976438,1,single,r_g_10.png,color,green
135122,,c7fbf674-7151-4b31-9215-b4523cffdc16,1,PPxoHuMp1618000533860,350,figural_single_2_2,1,,0,green,409.8599999997532,1,single,r_g_01.png,color,green
135122,,c7fbf674-7151-4b31-9215-b4523cffdc16,1,PPxoHuMp1618000533860,351,figural_single_2_2,1,,0,blue,443.6550000027055,1,single,r_b_11.png,color,blue
135122,,c7fbf674-7151-4b31-9215-b4523cffdc16,1,PPxoHuMp1618000533860,352,figural_single_2_2,1,,0,green,436.0499999966705,1,single,r_g_05.png,color,green
135122,,c7fbf674-7151-4b31-9215-b4523cffdc16,1,PPxoHuMp1618000533860,353,figural_single_2_2,1,,0,blue,492.72499999636784,1,single,r_b_10.png,color,blue
135122,,c7fbf674-7151-4b31-9215-b4523cffdc16,1,PPxoHuMp1618000533860,354,figural_single_2_2,1,,0,blue,1044.1799999971408,1,single,e_b_13.png,color,blue
135122,,c7fbf674-7151-4b31-9215-b4523cffdc16,1,PPxoHuMp1618000533860,355,figural_single_2_2,1,,0,green,544.3600000072038,1,single,e_g_14.png,color,green
135122,,c7fbf674-7151-4b31-9215-b4523cffdc16,1,PPxoHuMp1618000533860,356,figural_single_2_2,1,,0,blue,520.8350000029895,1,single,e_b_07.png,color,blue
135122,,c7fbf674-7151-4b31-9215-b4523cffdc16,1,PPxoHuMp1618000533860,357,figural_single_2_2,1,,0,green,374.6899999969173,0,single,e_b_09.png,color,blue
135122,,c7fbf674-7151-4b31-9215-b4523cffdc16,1,PPxoHuMp1618000533860,358,figural_single_1_2,1,,0,angular,521.3550000044052,1,single,e_g_11.png,shape,angular
135122,,c7fbf674-7151-4b31-9215-b4523cffdc16,1,PPxoHuMp1618000533860,359,figural_single_1_2,1,,0,round,479.7400000025518,1,single,r_b_16.png,shape,round
135122,,c7fbf674-7151-4b31-9215-b4523cffdc16,1,PPxoHuMp1618000533860,360,figural_single_1_2,1,,0,angular,956.6300000005867,1,single,e_b_10.png,shape,angular
135122,,c7fbf674-7151-4b31-9215-b4523cffdc16,1,PPxoHuMp1618000533860,361,figural_single_1_2,1,,0,round,485.2949999985285,1,single,r_b_02.png,shape,round
135122,,c7fbf674-7151-4b31-9215-b4523cffdc16,1,PPxoHuMp1618000533860,362,figural_single_1_2,1,,0,round,692.1900000015739,1,single,r_g_08.png,shape,round
135122,,c7fbf674-7151-4b31-9215-b4523cffdc16,1,PPxoHuMp1618000533860,363,figural_single_1_2,1,,0,angular,592.1799999995856,1,single,e_g_02.png,shape,angular
135122,,c7fbf674-7151-4b31-9215-b4523cffdc16,1,PPxoHuMp1618000533860,364,figural_single_1_2,1,,0,round,638.7649999960558,1,single,r_g_05.png,shape,round
135122,,c7fbf674-7151-4b31-9215-b4523cffdc16,1,PPxoHuMp1618000533860,365,figural_single_1_2,1,,0,angular,519.2199999947334,1,single,e_b_15.png,shape,angular
135122,,c7fbf674-7151-4b31-9215-b4523cffdc16,1,PPxoHuMp1618000533860,366,figural_single_1_2,1,,0,round,509.35000000020955,1,single,r_b_09.png,shape,round
135122,,c7fbf674-7151-4b31-9215-b4523cffdc16,1,PPxoHuMp1618000533860,367,figural_single_1_2,1,,0,angular,1026.6199999969685,1,single,e_b_12.png,shape,angular
135122,,c7fbf674-7151-4b31-9215-b4523cffdc16,1,PPxoHuMp1618000533860,368,figural_single_1_2,1,,0,angular,778.2549999973271,1,single,e_g_15.png,shape,angular
135122,,c7fbf674-7151-4b31-9215-b4523cffdc16,1,PPxoHuMp1618000533860,369,figural_single_1_2,1,,0,round,476.7899999934016,1,single,r_g_04.png,shape,round
135122,,c7fbf674-7151-4b31-9215-b4523cffdc16,1,PPxoHuMp1618000533860,370,figural_single_1_2,1,,0,angular,521.75,1,single,e_b_14.png,shape,angular
135122,,c7fbf674-7151-4b31-9215-b4523cffdc16,1,PPxoHuMp1618000533860,371,figural_single_1_2,1,,0,angular,496.254999998142,1,single,e_b_02.png,shape,angular
135122,,c7fbf674-7151-4b31-9215-b4523cffdc16,1,PPxoHuMp1618000533860,372,figural_single_1_2,1,,0,round,471.75500000594184,1,single,r_g_15.png,shape,round
135122,,c7fbf674-7151-4b31-9215-b4523cffdc16,1,PPxoHuMp1618000533860,373,figural_single_1_2,1,,0,angular,528.0799999964656,1,single,e_b_11.png,shape,angular
135122,,c7fbf674-7151-4b31-9215-b4523cffdc16,1,PPxoHuMp1618000533860,374,figural_single_1_2,1,,0,round,547.8050000019139,1,single,r_b_07.png,shape,round
135122,,c7fbf674-7151-4b31-9215-b4523cffdc16,1,PPxoHuMp1618000533860,375,figural_single_1_2,1,,0,round,557.2549999997718,1,single,r_g_06.png,shape,round
135122,,c7fbf674-7151-4b31-9215-b4523cffdc16,1,PPxoHuMp1618000533860,376,figural_single_1_2,1,,0,round,526.5699999945937,1,single,r_g_02.png,shape,round
135122,,c7fbf674-7151-4b31-9215-b4523cffdc16,1,PPxoHuMp1618000533860,377,figural_single_1_2,1,,0,angular,497.19500000355765,1,single,e_b_09.png,shape,angular
135122,,c7fbf674-7151-4b31-9215-b4523cffdc16,1,PPxoHuMp1618000533860,378,figural_single_1_2,1,,0,round,506.6450000012992,1,single,r_b_15.png,shape,round
135122,,c7fbf674-7151-4b31-9215-b4523cffdc16,1,PPxoHuMp1618000533860,379,figural_single_1_2,1,,0,angular,442.0800000006566,1,single,e_g_14.png,shape,angular
135122,,c7fbf674-7151-4b31-9215-b4523cffdc16,1,PPxoHuMp1618000533860,380,figural_single_1_2,1,,0,round,582.840000002645,1,single,r_b_04.png,shape,round
135122,,c7fbf674-7151-4b31-9215-b4523cffdc16,1,PPxoHuMp1618000533860,381,figural_single_1_2,1,,0,round,436.20499999809545,1,single,r_g_09.png,shape,round
135122,,c7fbf674-7151-4b31-9215-b4523cffdc16,1,PPxoHuMp1618000533860,382,figural_single_1_2,1,,0,angular,392.3549999962561,1,single,e_g_03.png,shape,angular
135122,,c7fbf674-7151-4b31-9215-b4523cffdc16,1,PPxoHuMp1618000533860,383,figural_single_1_2,1,,0,round,535.4399999995949,1,single,r_b_13.png,shape,round
135122,,c7fbf674-7151-4b31-9215-b4523cffdc16,1,PPxoHuMp1618000533860,384,figural_single_1_2,1,,0,round,639.2550000017509,1,single,r_b_03.png,shape,round
135122,,c7fbf674-7151-4b31-9215-b4523cffdc16,1,PPxoHuMp1618000533860,385,figural_single_1_2,1,,0,angular,530.7450000036042,0,single,r_g_14.png,shape,round
135122,,c7fbf674-7151-4b31-9215-b4523cffdc16,1,PPxoHuMp1618000533860,386,figural_single_1_2,1,,0,round,515.8799999989569,0,single,e_b_05.png,shape,angular
135122,,c7fbf674-7151-4b31-9215-b4523cffdc16,1,PPxoHuMp1618000533860,387,figural_single_1_2,1,,0,round,1192.2349999949802,1,single,r_b_10.png,shape,round
135122,,c7fbf674-7151-4b31-9215-b4523cffdc16,1,PPxoHuMp1618000533860,388,figural_single_1_2,1,,0,round,501.07500000006985,1,single,r_b_12.png,shape,round
135122,,c7fbf674-7151-4b31-9215-b4523cffdc16,1,PPxoHuMp1618000533860,389,figural_single_1_2,1,,0,round,448.6149999939371,1,single,r_b_14.png,shape,round
135122,,c7fbf674-7151-4b31-9215-b4523cffdc16,1,PPxoHuMp1618000533860,390,figural_single_1_2,1,,0,angular,436.3549999980023,1,single,e_g_16.png,shape,angular
135122,,c7fbf674-7151-4b31-9215-b4523cffdc16,1,PPxoHuMp1618000533860,391,figural_single_1_2,1,,0,round,523.4849999977741,1,single,r_g_12.png,shape,round
135122,,c7fbf674-7151-4b31-9215-b4523cffdc16,1,PPxoHuMp1618000533860,392,figural_single_1_2,1,,0,round,417.28000000154134,1,single,r_g_11.png,shape,round
135122,,c7fbf674-7151-4b31-9215-b4523cffdc16,1,PPxoHuMp1618000533860,393,figural_single_1_2,1,,0,angular,472.34000000020023,1,single,e_b_03.png,shape,angular
135122,,c7fbf674-7151-4b31-9215-b4523cffdc16,1,PPxoHuMp1618000533860,394,figural_single_1_2,1,,0,round,449.1850000049453,0,single,e_b_04.png,shape,angular
135122,,c7fbf674-7151-4b31-9215-b4523cffdc16,1,PPxoHuMp1618000533860,395,figural_single_1_2,1,,0,round,662.1599999999162,1,single,r_b_11.png,shape,round
135122,,c7fbf674-7151-4b31-9215-b4523cffdc16,1,PPxoHuMp1618000533860,396,figural_single_1_2,1,,0,angular,1133.2199999961304,1,single,e_g_05.png,shape,angular
135122,,c7fbf674-7151-4b31-9215-b4523cffdc16,1,PPxoHuMp1618000533860,397,figural_single_1_2,1,,0,angular,623.7150000015972,1,single,e_b_16.png,shape,angular
135122,,c7fbf674-7151-4b31-9215-b4523cffdc16,1,PPxoHuMp1618000533860,398,figural_single_1_2,1,,0,angular,574.7750000009546,1,single,e_g_13.png,shape,angular
135122,,c7fbf674-7151-4b31-9215-b4523cffdc16,1,PPxoHuMp1618000533860,399,figural_single_1_2,1,,0,round,461.2300000007963,1,single,r_g_01.png,shape,round
135122,,c7fbf674-7151-4b31-9215-b4523cffdc16,1,PPxoHuMp1618000533860,400,figural_single_1_2,1,,0,round,497.2150000029942,0,single,e_b_08.png,shape,angular
135122,,c7fbf674-7151-4b31-9215-b4523cffdc16,1,PPxoHuMp1618000533860,401,figural_single_1_2,1,,0,angular,770.1450000023469,1,single,e_g_10.png,shape,angular
135122,,c7fbf674-7151-4b31-9215-b4523cffdc16,1,PPxoHuMp1618000533860,402,figural_single_1_2,1,,0,round,532.4049999981653,1,single,r_g_13.png,shape,round
135122,,c7fbf674-7151-4b31-9215-b4523cffdc16,1,PPxoHuMp1618000533860,403,figural_single_1_2,1,,0,angular,731.3700000013923,1,single,e_b_01.png,shape,angular
135122,,c7fbf674-7151-4b31-9215-b4523cffdc16,1,PPxoHuMp1618000533860,404,figural_single_1_2,1,,0,angular,565.4850000065053,1,single,e_b_06.png,shape,angular
135122,,c7fbf674-7151-4b31-9215-b4523cffdc16,1,PPxoHuMp1618000533860,405,figural_single_1_2,1,,0,round,682.0250000018859,1,single,r_g_10.png,shape,round
135122,,c7fbf674-7151-4b31-9215-b4523cffdc16,1,PPxoHuMp1618000533860,406,figural_single_1_2,1,,0,angular,571.8750000015134,1,single,e_g_08.png,shape,angular
135122,,c7fbf674-7151-4b31-9215-b4523cffdc16,1,PPxoHuMp1618000533860,407,figural_single_1_2,1,,0,angular,554.839999997057,1,single,e_g_07.png,shape,angular
135122,,c7fbf674-7151-4b31-9215-b4523cffdc16,1,PPxoHuMp1618000533860,408,figural_single_1_2,1,,0,round,478.32000000204425,1,single,r_b_06.png,shape,round
135122,,c7fbf674-7151-4b31-9215-b4523cffdc16,1,PPxoHuMp1618000533860,409,figural_single_1_2,1,,0,angular,787.4599999994971,1,single,e_g_09.png,shape,angular
135122,,c7fbf674-7151-4b31-9215-b4523cffdc16,1,PPxoHuMp1618000533860,410,figural_single_1_2,1,,0,round,727.8200000000652,1,single,r_b_01.png,shape,round
135122,,c7fbf674-7151-4b31-9215-b4523cffdc16,1,PPxoHuMp1618000533860,411,figural_single_1_2,1,,0,angular,561.7400000046473,1,single,e_b_13.png,shape,angular
135122,,c7fbf674-7151-4b31-9215-b4523cffdc16,1,PPxoHuMp1618000533860,412,figural_single_1_2,1,,0,angular,467.31500000169035,1,single,e_g_04.png,shape,angular
135122,,c7fbf674-7151-4b31-9215-b4523cffdc16,1,PPxoHuMp1618000533860,413,figural_single_1_2,1,,0,angular,483.77500000060536,1,single,e_g_12.png,shape,angular
135122,,c7fbf674-7151-4b31-9215-b4523cffdc16,1,PPxoHuMp1618000533860,414,figural_single_1_2,1,,0,round,485.2599999939557,1,single,r_b_08.png,shape,round
135122,,c7fbf674-7151-4b31-9215-b4523cffdc16,1,PPxoHuMp1618000533860,415,figural_single_1_2,1,,0,angular,438.9249999949243,1,single,e_b_07.png,shape,angular
135122,,c7fbf674-7151-4b31-9215-b4523cffdc16,1,PPxoHuMp1618000533860,416,figural_single_1_2,1,,0,round,474.7800000041025,1,single,r_g_03.png,shape,round
135122,,c7fbf674-7151-4b31-9215-b4523cffdc16,1,PPxoHuMp1618000533860,417,figural_single_1_2,1,,0,angular,563.2699999986216,1,single,e_g_06.png,shape,angular
135122,,c7fbf674-7151-4b31-9215-b4523cffdc16,1,PPxoHuMp1618000533860,418,figural_single_1_2,1,,0,round,580.8249999973923,1,single,r_g_16.png,shape,round
135122,,c7fbf674-7151-4b31-9215-b4523cffdc16,1,PPxoHuMp1618000533860,419,figural_single_1_2,1,,0,angular,425.94500000262633,0,single,r_b_05.png,shape,round
135122,,c7fbf674-7151-4b31-9215-b4523cffdc16,1,PPxoHuMp1618000533860,420,figural_single_1_2,1,,0,angular,739.7149999961257,1,single,e_g_01.png,shape,angular
135122,,c7fbf674-7151-4b31-9215-b4523cffdc16,1,PPxoHuMp1618000533860,421,figural_single_1_2,1,,0,round,496.18000000179745,1,single,r_g_07.png,shape,round