userCode,extId,moduleId,sessionId,sessionToken,trialId,executableId,session.complete,session.condition,session.forceExit,givenResponse,reactionTime,score,shiftingType,stimulusValue,stimulusType,correctResponse
135192,,c7fbf674-7151-4b31-9215-b4523cffdc16,1,XgPvDQOe1618185851953,1,figural_single_1_practice,1,,0,round,12849.000000000175,1,single,r_b_10.png,shape,round
135192,,c7fbf674-7151-4b31-9215-b4523cffdc16,1,XgPvDQOe1618185851953,2,figural_single_1_practice,1,,0,angular,558.8999999999651,1,single,e_b_09.png,shape,angular
135192,,c7fbf674-7151-4b31-9215-b4523cffdc16,1,XgPvDQOe1618185851953,3,figural_single_1_practice,1,,0,round,431.9000000000815,1,single,r_b_11.png,shape,round
135192,,c7fbf674-7151-4b31-9215-b4523cffdc16,1,XgPvDQOe1618185851953,4,figural_single_1_practice,1,,0,round,542.5000000000582,1,single,r_g_05.png,shape,round
135192,,c7fbf674-7151-4b31-9215-b4523cffdc16,1,XgPvDQOe1618185851953,5,figural_single_1_practice,1,,0,round,896.6999999997788,0,single,e_b_14.png,shape,angular
135192,,c7fbf674-7151-4b31-9215-b4523cffdc16,1,XgPvDQOe1618185851953,6,figural_single_1_practice,1,,0,angular,545.2000000000116,1,single,e_g_07.png,shape,angular
135192,,c7fbf674-7151-4b31-9215-b4523cffdc16,1,XgPvDQOe1618185851953,7,figural_single_1_practice,1,,0,angular,472.9000000001979,1,single,e_g_12.png,shape,angular
135192,,c7fbf674-7151-4b31-9215-b4523cffdc16,1,XgPvDQOe1618185851953,8,figural_single_1_practice,1,,0,round,506.29999999998836,1,single,r_b_16.png,shape,round
135192,,c7fbf674-7151-4b31-9215-b4523cffdc16,1,XgPvDQOe1618185851953,9,figural_single_1_practice,1,,0,round,465.70000000018626,1,single,r_g_02.png,shape,round
135192,,c7fbf674-7151-4b31-9215-b4523cffdc16,1,XgPvDQOe1618185851953,10,figural_single_1_practice,1,,0,angular,602.2999999999884,1,single,e_b_04.png,shape,angular
135192,,c7fbf674-7151-4b31-9215-b4523cffdc16,1,XgPvDQOe1618185851953,11,figural_single_1_practice,1,,0,angular,1790.1000000001513,1,single,e_g_06.png,shape,angular
135192,,c7fbf674-7151-4b31-9215-b4523cffdc16,1,XgPvDQOe1618185851953,12,figural_single_1_practice,1,,0,round,489.19999999995343,1,single,r_g_15.png,shape,round
135192,,c7fbf674-7151-4b31-9215-b4523cffdc16,1,XgPvDQOe1618185851953,13,figural_single_1_1,1,,0,round,944.8000000002212,1,single,r_b_01.png,shape,round
135192,,c7fbf674-7151-4b31-9215-b4523cffdc16,1,XgPvDQOe1618185851953,14,figural_single_1_1,1,,0,angular,520.5000000000582,1,single,e_g_11.png,shape,angular
135192,,c7fbf674-7151-4b31-9215-b4523cffdc16,1,XgPvDQOe1618185851953,15,figural_single_1_1,1,,0,round,713.7999999999884,1,single,r_b_10.png,shape,round
135192,,c7fbf674-7151-4b31-9215-b4523cffdc16,1,XgPvDQOe1618185851953,16,figural_single_1_1,1,,0,round,501.9000000001979,1,single,r_b_06.png,shape,round
135192,,c7fbf674-7151-4b31-9215-b4523cffdc16,1,XgPvDQOe1618185851953,17,figural_single_1_1,1,,0,angular,452.0999999999767,1,single,e_g_07.png,shape,angular
135192,,c7fbf674-7151-4b31-9215-b4523cffdc16,1,XgPvDQOe1618185851953,18,figural_single_1_1,1,,0,angular,576.5999999998603,1,single,e_g_13.png,shape,angular
135192,,c7fbf674-7151-4b31-9215-b4523cffdc16,1,XgPvDQOe1618185851953,19,figural_single_1_1,1,,0,round,702.0999999999767,1,single,r_g_06.png,shape,round
135192,,c7fbf674-7151-4b31-9215-b4523cffdc16,1,XgPvDQOe1618185851953,20,figural_single_1_1,1,,0,angular,896.6000000000349,1,single,e_g_16.png,shape,angular
135192,,c7fbf674-7151-4b31-9215-b4523cffdc16,1,XgPvDQOe1618185851953,21,figural_single_1_1,1,,0,angular,510.00000000023283,1,single,e_b_09.png,shape,angular
135192,,c7fbf674-7151-4b31-9215-b4523cffdc16,1,XgPvDQOe1618185851953,22,figural_single_1_1,1,,0,angular,464.3000000001048,1,single,e_b_08.png,shape,angular
135192,,c7fbf674-7151-4b31-9215-b4523cffdc16,1,XgPvDQOe1618185851953,23,figural_single_1_1,1,,0,round,450.9000000002561,1,single,r_b_12.png,shape,round
135192,,c7fbf674-7151-4b31-9215-b4523cffdc16,1,XgPvDQOe1618185851953,24,figural_single_1_1,1,,0,angular,418.3000000002794,1,single,e_b_10.png,shape,angular
135192,,c7fbf674-7151-4b31-9215-b4523cffdc16,1,XgPvDQOe1618185851953,25,figural_single_1_1,1,,0,angular,432.39999999967404,1,single,e_b_05.png,shape,angular
135192,,c7fbf674-7151-4b31-9215-b4523cffdc16,1,XgPvDQOe1618185851953,26,figural_single_1_1,1,,0,round,472.4999999998836,1,single,r_b_13.png,shape,round
135192,,c7fbf674-7151-4b31-9215-b4523cffdc16,1,XgPvDQOe1618185851953,27,figural_single_1_1,1,,0,round,508.20000000018626,1,single,r_g_15.png,shape,round
135192,,c7fbf674-7151-4b31-9215-b4523cffdc16,1,XgPvDQOe1618185851953,28,figural_single_1_1,1,,0,angular,495.00000000034925,1,single,e_g_09.png,shape,angular
135192,,c7fbf674-7151-4b31-9215-b4523cffdc16,1,XgPvDQOe1618185851953,29,figural_single_1_1,1,,0,round,470.29999999998836,1,single,r_g_02.png,shape,round
135192,,c7fbf674-7151-4b31-9215-b4523cffdc16,1,XgPvDQOe1618185851953,30,figural_single_1_1,1,,0,angular,423.0999999999767,0,single,r_b_07.png,shape,round
135192,,c7fbf674-7151-4b31-9215-b4523cffdc16,1,XgPvDQOe1618185851953,31,figural_single_1_1,1,,0,angular,460,1,single,e_b_06.png,shape,angular
135192,,c7fbf674-7151-4b31-9215-b4523cffdc16,1,XgPvDQOe1618185851953,32,figural_single_1_1,1,,0,round,472.20000000018626,1,single,r_b_16.png,shape,round
135192,,c7fbf674-7151-4b31-9215-b4523cffdc16,1,XgPvDQOe1618185851953,33,figural_single_1_1,1,,0,round,795.3999999999651,1,single,r_b_02.png,shape,round
135192,,c7fbf674-7151-4b31-9215-b4523cffdc16,1,XgPvDQOe1618185851953,34,figural_single_1_1,1,,0,angular,480,1,single,e_g_06.png,shape,angular
135192,,c7fbf674-7151-4b31-9215-b4523cffdc16,1,XgPvDQOe1618185851953,35,figural_single_1_1,1,,0,round,497.60000000015134,1,single,r_g_03.png,shape,round
135192,,c7fbf674-7151-4b31-9215-b4523cffdc16,1,XgPvDQOe1618185851953,36,figural_single_1_1,1,,0,angular,461.89999999973224,1,single,e_g_05.png,shape,angular
135192,,c7fbf674-7151-4b31-9215-b4523cffdc16,1,XgPvDQOe1618185851953,37,figural_single_1_1,1,,0,angular,585.3999999999651,1,single,e_b_13.png,shape,angular
135192,,c7fbf674-7151-4b31-9215-b4523cffdc16,1,XgPvDQOe1618185851953,38,figural_single_1_1,1,,0,angular,503.89999999967404,1,single,e_g_15.png,shape,angular
135192,,c7fbf674-7151-4b31-9215-b4523cffdc16,1,XgPvDQOe1618185851953,39,figural_single_1_1,1,,0,round,497.10000000009313,1,single,r_g_08.png,shape,round
135192,,c7fbf674-7151-4b31-9215-b4523cffdc16,1,XgPvDQOe1618185851953,40,figural_single_1_1,1,,0,angular,469.60000000032596,0,single,r_b_05.png,shape,round
135192,,c7fbf674-7151-4b31-9215-b4523cffdc16,1,XgPvDQOe1618185851953,41,figural_single_1_1,1,,0,angular,571.2000000003027,1,single,e_b_02.png,shape,angular
135192,,c7fbf674-7151-4b31-9215-b4523cffdc16,1,XgPvDQOe1618185851953,42,figural_single_1_1,1,,0,angular,660.6999999999534,1,single,e_g_14.png,shape,angular
135192,,c7fbf674-7151-4b31-9215-b4523cffdc16,1,XgPvDQOe1618185851953,43,figural_single_1_1,1,,0,round,507.2999999997555,1,single,r_b_03.png,shape,round
135192,,c7fbf674-7151-4b31-9215-b4523cffdc16,1,XgPvDQOe1618185851953,44,figural_single_1_1,1,,0,angular,445.20000000012806,1,single,e_b_14.png,shape,angular
135192,,c7fbf674-7151-4b31-9215-b4523cffdc16,1,XgPvDQOe1618185851953,45,figural_single_1_1,1,,0,angular,465.8000000003958,1,single,e_b_04.png,shape,angular
135192,,c7fbf674-7151-4b31-9215-b4523cffdc16,1,XgPvDQOe1618185851953,46,figural_single_1_1,1,,0,angular,498.19999999995343,1,single,e_b_03.png,shape,angular
135192,,c7fbf674-7151-4b31-9215-b4523cffdc16,1,XgPvDQOe1618185851953,47,figural_single_1_1,1,,0,round,545.2000000000116,1,single,r_g_16.png,shape,round
135192,,c7fbf674-7151-4b31-9215-b4523cffdc16,1,XgPvDQOe1618185851953,48,figural_single_1_1,1,,0,round,481.20000000018626,1,single,r_g_13.png,shape,round
135192,,c7fbf674-7151-4b31-9215-b4523cffdc16,1,XgPvDQOe1618185851953,49,figural_single_1_1,1,,0,round,1776.3999999997322,1,single,r_g_14.png,shape,round
135192,,c7fbf674-7151-4b31-9215-b4523cffdc16,1,XgPvDQOe1618185851953,50,figural_single_1_1,1,,0,angular,602.3999999997905,1,single,e_g_08.png,shape,angular
135192,,c7fbf674-7151-4b31-9215-b4523cffdc16,1,XgPvDQOe1618185851953,51,figural_single_1_1,1,,0,round,534.6999999996624,1,single,r_g_09.png,shape,round
135192,,c7fbf674-7151-4b31-9215-b4523cffdc16,1,XgPvDQOe1618185851953,52,figural_single_1_1,1,,0,angular,489.300000000163,1,single,e_g_04.png,shape,angular
135192,,c7fbf674-7151-4b31-9215-b4523cffdc16,1,XgPvDQOe1618185851953,53,figural_single_1_1,1,,0,angular,581.3000000002794,1,single,e_b_15.png,shape,angular
135192,,c7fbf674-7151-4b31-9215-b4523cffdc16,1,XgPvDQOe1618185851953,54,figural_single_1_1,1,,0,round,454.3000000002794,1,single,r_g_04.png,shape,round
135192,,c7fbf674-7151-4b31-9215-b4523cffdc16,1,XgPvDQOe1618185851953,55,figural_single_1_1,1,,0,angular,520.3000000001048,1,single,e_b_07.png,shape,angular
135192,,c7fbf674-7151-4b31-9215-b4523cffdc16,1,XgPvDQOe1618185851953,56,figural_single_1_1,1,,0,angular,548.399999999674,1,single,e_b_16.png,shape,angular
135192,,c7fbf674-7151-4b31-9215-b4523cffdc16,1,XgPvDQOe1618185851953,57,figural_single_1_1,1,,0,round,535.2999999999884,1,single,r_b_08.png,shape,round
135192,,c7fbf674-7151-4b31-9215-b4523cffdc16,1,XgPvDQOe1618185851953,58,figural_single_1_1,1,,0,angular,425.20000000012806,1,single,e_g_12.png,shape,angular
135192,,c7fbf674-7151-4b31-9215-b4523cffdc16,1,XgPvDQOe1618185851953,59,figural_single_1_1,1,,0,round,447.9999999998254,1,single,r_b_14.png,shape,round
135192,,c7fbf674-7151-4b31-9215-b4523cffdc16,1,XgPvDQOe1618185851953,60,figural_single_1_1,1,,0,round,614.0000000000582,1,single,r_g_05.png,shape,round
135192,,c7fbf674-7151-4b31-9215-b4523cffdc16,1,XgPvDQOe1618185851953,61,figural_single_1_1,1,,0,round,516.9000000000815,1,single,r_g_01.png,shape,round
135192,,c7fbf674-7151-4b31-9215-b4523cffdc16,1,XgPvDQOe1618185851953,62,figural_single_1_1,1,,0,angular,485.89999999967404,1,single,e_g_02.png,shape,angular
135192,,c7fbf674-7151-4b31-9215-b4523cffdc16,1,XgPvDQOe1618185851953,63,figural_single_1_1,1,,0,round,512.0000000001746,1,single,r_g_11.png,shape,round
135192,,c7fbf674-7151-4b31-9215-b4523cffdc16,1,XgPvDQOe1618185851953,64,figural_single_1_1,1,,0,round,573.4999999999418,1,single,r_g_10.png,shape,round
135192,,c7fbf674-7151-4b31-9215-b4523cffdc16,1,XgPvDQOe1618185851953,65,figural_single_1_1,1,,0,round,561.4999999997672,1,single,r_b_04.png,shape,round
135192,,c7fbf674-7151-4b31-9215-b4523cffdc16,1,XgPvDQOe1618185851953,66,figural_single_1_1,1,,0,angular,1072.100000000326,1,single,e_g_01.png,shape,angular
135192,,c7fbf674-7151-4b31-9215-b4523cffdc16,1,XgPvDQOe1618185851953,67,figural_single_1_1,1,,0,round,460.99999999976717,1,single,r_b_09.png,shape,round
135192,,c7fbf674-7151-4b31-9215-b4523cffdc16,1,XgPvDQOe1618185851953,68,figural_single_1_1,1,,0,round,591.6999999999534,1,single,r_b_15.png,shape,round
135192,,c7fbf674-7151-4b31-9215-b4523cffdc16,1,XgPvDQOe1618185851953,69,figural_single_1_1,1,,0,round,591.5,1,single,r_g_07.png,shape,round
135192,,c7fbf674-7151-4b31-9215-b4523cffdc16,1,XgPvDQOe1618185851953,70,figural_single_1_1,1,,0,angular,1031.3000000001048,1,single,e_b_01.png,shape,angular
135192,,c7fbf674-7151-4b31-9215-b4523cffdc16,1,XgPvDQOe1618185851953,71,figural_single_1_1,1,,0,angular,454.0999999999185,1,single,e_b_12.png,shape,angular
135192,,c7fbf674-7151-4b31-9215-b4523cffdc16,1,XgPvDQOe1618185851953,72,figural_single_1_1,1,,0,round,453.39999999984866,1,single,r_b_11.png,shape,round
135192,,c7fbf674-7151-4b31-9215-b4523cffdc16,1,XgPvDQOe1618185851953,73,figural_single_1_1,1,,0,round,536.5000000001164,1,single,r_g_12.png,shape,round
135192,,c7fbf674-7151-4b31-9215-b4523cffdc16,1,XgPvDQOe1618185851953,74,figural_single_1_1,1,,0,round,471.99999999976717,0,single,e_g_03.png,shape,angular
135192,,c7fbf674-7151-4b31-9215-b4523cffdc16,1,XgPvDQOe1618185851953,75,figural_single_1_1,1,,0,angular,550.2000000001281,1,single,e_g_10.png,shape,angular
135192,,c7fbf674-7151-4b31-9215-b4523cffdc16,1,XgPvDQOe1618185851953,76,figural_single_1_1,1,,0,angular,509.79999999981374,1,single,e_b_11.png,shape,angular
135192,,c7fbf674-7151-4b31-9215-b4523cffdc16,1,XgPvDQOe1618185851953,77,figural_single_2_practice,1,,0,blue,5549.100000000151,1,single,r_b_07.png,color,blue
135192,,c7fbf674-7151-4b31-9215-b4523cffdc16,1,XgPvDQOe1618185851953,78,figural_single_2_practice,1,,0,green,969.2999999997555,1,single,r_g_09.png,color,green
135192,,c7fbf674-7151-4b31-9215-b4523cffdc16,1,XgPvDQOe1618185851953,79,figural_single_2_practice,1,,0,green,660.8000000001048,1,single,e_g_04.png,color,green
135192,,c7fbf674-7151-4b31-9215-b4523cffdc16,1,XgPvDQOe1618185851953,80,figural_single_2_practice,1,,0,blue,639.4999999997672,1,single,r_b_14.png,color,blue
135192,,c7fbf674-7151-4b31-9215-b4523cffdc16,1,XgPvDQOe1618185851953,81,figural_single_2_practice,1,,0,blue,464.10000000015134,1,single,e_b_06.png,color,blue
135192,,c7fbf674-7151-4b31-9215-b4523cffdc16,1,XgPvDQOe1618185851953,82,figural_single_2_practice,1,,0,green,436.0000000001164,1,single,e_g_10.png,color,green
135192,,c7fbf674-7151-4b31-9215-b4523cffdc16,1,XgPvDQOe1618185851953,83,figural_single_2_practice,1,,0,blue,407.0000000001746,1,single,e_b_16.png,color,blue
135192,,c7fbf674-7151-4b31-9215-b4523cffdc16,1,XgPvDQOe1618185851953,84,figural_single_2_practice,1,,0,green,450.89999999984866,1,single,e_g_08.png,color,green
135192,,c7fbf674-7151-4b31-9215-b4523cffdc16,1,XgPvDQOe1618185851953,85,figural_single_2_practice,1,,0,blue,443.39999999967404,1,single,e_b_02.png,color,blue
135192,,c7fbf674-7151-4b31-9215-b4523cffdc16,1,XgPvDQOe1618185851953,86,figural_single_2_practice,1,,0,green,406.39999999984866,1,single,r_g_03.png,color,green
135192,,c7fbf674-7151-4b31-9215-b4523cffdc16,1,XgPvDQOe1618185851953,87,figural_single_2_practice,1,,0,blue,429.49999999976717,1,single,r_b_13.png,color,blue
135192,,c7fbf674-7151-4b31-9215-b4523cffdc16,1,XgPvDQOe1618185851953,88,figural_single_2_practice,1,,0,green,408.89999999990687,1,single,r_g_01.png,color,green
135192,,c7fbf674-7151-4b31-9215-b4523cffdc16,1,XgPvDQOe1618185851953,89,figural_single_2_1,1,,0,green,1828.9000000000233,1,single,r_g_07.png,color,green
135192,,c7fbf674-7151-4b31-9215-b4523cffdc16,1,XgPvDQOe1618185851953,90,figural_single_2_1,1,,0,blue,552.3000000002794,1,single,r_b_03.png,color,blue
135192,,c7fbf674-7151-4b31-9215-b4523cffdc16,1,XgPvDQOe1618185851953,91,figural_single_2_1,1,,0,green,390.7000000003609,1,single,r_g_08.png,color,green
135192,,c7fbf674-7151-4b31-9215-b4523cffdc16,1,XgPvDQOe1618185851953,92,figural_single_2_1,1,,0,green,398.5999999999767,1,single,e_g_01.png,color,green
135192,,c7fbf674-7151-4b31-9215-b4523cffdc16,1,XgPvDQOe1618185851953,93,figural_single_2_1,1,,0,green,358.79999999998836,1,single,e_g_09.png,color,green
135192,,c7fbf674-7151-4b31-9215-b4523cffdc16,1,XgPvDQOe1618185851953,94,figural_single_2_1,1,,0,blue,411.20000000001164,1,single,r_b_08.png,color,blue
135192,,c7fbf674-7151-4b31-9215-b4523cffdc16,1,XgPvDQOe1618185851953,95,figural_single_2_1,1,,0,blue,439.4000000001979,1,single,e_b_03.png,color,blue
135192,,c7fbf674-7151-4b31-9215-b4523cffdc16,1,XgPvDQOe1618185851953,96,figural_single_2_1,1,,0,green,430.39999999973224,1,single,e_g_07.png,color,green
135192,,c7fbf674-7151-4b31-9215-b4523cffdc16,1,XgPvDQOe1618185851953,97,figural_single_2_1,1,,0,green,552.5999999999767,0,single,e_b_02.png,color,blue
135192,,c7fbf674-7151-4b31-9215-b4523cffdc16,1,XgPvDQOe1618185851953,98,figural_single_2_1,1,,0,green,432.0999999999767,1,single,e_g_04.png,color,green
135192,,c7fbf674-7151-4b31-9215-b4523cffdc16,1,XgPvDQOe1618185851953,99,figural_single_2_1,1,,0,green,348.60000000026776,1,single,r_g_06.png,color,green
135192,,c7fbf674-7151-4b31-9215-b4523cffdc16,1,XgPvDQOe1618185851953,100,figural_single_2_1,1,,0,blue,384.79999999981374,1,single,e_b_08.png,color,blue
135192,,c7fbf674-7151-4b31-9215-b4523cffdc16,1,XgPvDQOe1618185851953,101,figural_single_2_1,1,,0,green,440.79999999987194,1,single,e_g_16.png,color,green
135192,,c7fbf674-7151-4b31-9215-b4523cffdc16,1,XgPvDQOe1618185851953,102,figural_single_2_1,1,,0,blue,452.60000000009313,1,single,e_b_06.png,color,blue
135192,,c7fbf674-7151-4b31-9215-b4523cffdc16,1,XgPvDQOe1618185851953,103,figural_single_2_1,1,,0,blue,478.9999999998254,1,single,e_b_04.png,color,blue
135192,,c7fbf674-7151-4b31-9215-b4523cffdc16,1,XgPvDQOe1618185851953,104,figural_single_2_1,1,,0,green,460.0999999997439,1,single,r_g_10.png,color,green
135192,,c7fbf674-7151-4b31-9215-b4523cffdc16,1,XgPvDQOe1618185851953,105,figural_single_2_1,1,,0,blue,600.199999999837,1,single,e_b_12.png,color,blue
135192,,c7fbf674-7151-4b31-9215-b4523cffdc16,1,XgPvDQOe1618185851953,106,figural_single_2_1,1,,0,blue,465.5999999999767,1,single,r_b_09.png,color,blue
135192,,c7fbf674-7151-4b31-9215-b4523cffdc16,1,XgPvDQOe1618185851953,107,figural_single_2_1,1,,0,green,445.0000000001746,1,single,r_g_15.png,color,green
135192,,c7fbf674-7151-4b31-9215-b4523cffdc16,1,XgPvDQOe1618185851953,108,figural_single_2_1,1,,0,green,493.1999999998952,1,single,e_g_08.png,color,green
135192,,c7fbf674-7151-4b31-9215-b4523cffdc16,1,XgPvDQOe1618185851953,109,figural_single_2_1,1,,0,blue,506.29999999998836,1,single,e_b_11.png,color,blue
135192,,c7fbf674-7151-4b31-9215-b4523cffdc16,1,XgPvDQOe1618185851953,110,figural_single_2_1,1,,0,blue,491.8000000002794,1,single,r_b_13.png,color,blue
135192,,c7fbf674-7151-4b31-9215-b4523cffdc16,1,XgPvDQOe1618185851953,111,figural_single_2_1,1,,0,blue,599.7000000002445,1,single,r_b_12.png,color,blue
135192,,c7fbf674-7151-4b31-9215-b4523cffdc16,1,XgPvDQOe1618185851953,112,figural_single_2_1,1,,0,blue,440.5000000001164,1,single,r_b_15.png,color,blue
135192,,c7fbf674-7151-4b31-9215-b4523cffdc16,1,XgPvDQOe1618185851953,113,figural_single_2_1,1,,0,green,414.4000000001397,1,single,e_g_05.png,color,green
135192,,c7fbf674-7151-4b31-9215-b4523cffdc16,1,XgPvDQOe1618185851953,114,figural_single_2_1,1,,0,green,496.8000000003376,1,single,r_g_12.png,color,green
135192,,c7fbf674-7151-4b31-9215-b4523cffdc16,1,XgPvDQOe1618185851953,115,figural_single_2_1,1,,0,blue,423.7000000003027,1,single,r_b_02.png,color,blue
135192,,c7fbf674-7151-4b31-9215-b4523cffdc16,1,XgPvDQOe1618185851953,116,figural_single_2_1,1,,0,blue,415.60000000026776,1,single,r_b_01.png,color,blue
135192,,c7fbf674-7151-4b31-9215-b4523cffdc16,1,XgPvDQOe1618185851953,117,figural_single_2_1,1,,0,blue,524.9000000003725,1,single,r_b_07.png,color,blue
135192,,c7fbf674-7151-4b31-9215-b4523cffdc16,1,XgPvDQOe1618185851953,118,figural_single_2_1,1,,0,green,401.4999999999418,1,single,e_g_15.png,color,green
135192,,c7fbf674-7151-4b31-9215-b4523cffdc16,1,XgPvDQOe1618185851953,119,figural_single_2_1,1,,0,green,440.300000000163,1,single,e_g_11.png,color,green
135192,,c7fbf674-7151-4b31-9215-b4523cffdc16,1,XgPvDQOe1618185851953,120,figural_single_2_1,1,,0,blue,406.1999999998952,1,single,e_b_07.png,color,blue
135192,,c7fbf674-7151-4b31-9215-b4523cffdc16,1,XgPvDQOe1618185851953,121,figural_single_2_1,1,,0,green,671.000000000291,1,single,r_g_04.png,color,green
135192,,c7fbf674-7151-4b31-9215-b4523cffdc16,1,XgPvDQOe1618185851953,122,figural_single_2_1,1,,0,green,378.89999999973224,1,single,e_g_02.png,color,green
135192,,c7fbf674-7151-4b31-9215-b4523cffdc16,1,XgPvDQOe1618185851953,123,figural_single_2_1,1,,0,blue,449.20000000001164,1,single,e_b_01.png,color,blue
135192,,c7fbf674-7151-4b31-9215-b4523cffdc16,1,XgPvDQOe1618185851953,124,figural_single_2_1,1,,0,blue,514.0999999998603,1,single,r_b_05.png,color,blue
135192,,c7fbf674-7151-4b31-9215-b4523cffdc16,1,XgPvDQOe1618185851953,125,figural_single_2_1,1,,0,green,490.60000000009313,1,single,e_g_03.png,color,green
135192,,c7fbf674-7151-4b31-9215-b4523cffdc16,1,XgPvDQOe1618185851953,126,figural_single_2_1,1,,0,blue,415.8999999999651,1,single,r_b_04.png,color,blue
135192,,c7fbf674-7151-4b31-9215-b4523cffdc16,1,XgPvDQOe1618185851953,127,figural_single_2_1,1,,0,green,400.9000000000815,1,single,e_g_06.png,color,green
135192,,c7fbf674-7151-4b31-9215-b4523cffdc16,1,XgPvDQOe1618185851953,128,figural_single_2_1,1,,0,green,422.5999999998603,1,single,e_g_12.png,color,green
135192,,c7fbf674-7151-4b31-9215-b4523cffdc16,1,XgPvDQOe1618185851953,129,figural_single_2_1,1,,0,green,338.4999999998836,1,single,r_g_14.png,color,green
135192,,c7fbf674-7151-4b31-9215-b4523cffdc16,1,XgPvDQOe1618185851953,130,figural_single_2_1,1,,0,blue,352.30000000004657,1,single,e_b_09.png,color,blue
135192,,c7fbf674-7151-4b31-9215-b4523cffdc16,1,XgPvDQOe1618185851953,131,figural_single_2_1,1,,0,blue,345.4999999998836,1,single,e_b_16.png,color,blue
135192,,c7fbf674-7151-4b31-9215-b4523cffdc16,1,XgPvDQOe1618185851953,132,figural_single_2_1,1,,0,green,324.0999999998603,1,single,r_g_01.png,color,green
135192,,c7fbf674-7151-4b31-9215-b4523cffdc16,1,XgPvDQOe1618185851953,133,figural_single_2_1,1,,0,green,366.19999999995343,1,single,r_g_09.png,color,green
135192,,c7fbf674-7151-4b31-9215-b4523cffdc16,1,XgPvDQOe1618185851953,134,figural_single_2_1,1,,0,green,486.800000000163,1,single,e_g_13.png,color,green
135192,,c7fbf674-7151-4b31-9215-b4523cffdc16,1,XgPvDQOe1618185851953,135,figural_single_2_1,1,,0,blue,448.7000000003609,1,single,r_b_06.png,color,blue
135192,,c7fbf674-7151-4b31-9215-b4523cffdc16,1,XgPvDQOe1618185851953,136,figural_single_2_1,1,,0,blue,499.3000000003958,1,single,r_b_14.png,color,blue
135192,,c7fbf674-7151-4b31-9215-b4523cffdc16,1,XgPvDQOe1618185851953,137,figural_single_2_1,1,,0,green,413.5999999998603,1,single,r_g_05.png,color,green
135192,,c7fbf674-7151-4b31-9215-b4523cffdc16,1,XgPvDQOe1618185851953,138,figural_single_2_1,1,,0,green,418.70000000012806,1,single,e_g_10.png,color,green
135192,,c7fbf674-7151-4b31-9215-b4523cffdc16,1,XgPvDQOe1618185851953,139,figural_single_2_1,1,,0,green,370.7999999996973,1,single,r_g_02.png,color,green
135192,,c7fbf674-7151-4b31-9215-b4523cffdc16,1,XgPvDQOe1618185851953,140,figural_single_2_1,1,,0,blue,474.7000000002445,1,single,e_b_10.png,color,blue
135192,,c7fbf674-7151-4b31-9215-b4523cffdc16,1,XgPvDQOe1618185851953,141,figural_single_2_1,1,,0,blue,407.5999999999767,1,single,r_b_16.png,color,blue
135192,,c7fbf674-7151-4b31-9215-b4523cffdc16,1,XgPvDQOe1618185851953,142,figural_single_2_1,1,,0,green,326.9000000000233,1,single,r_g_11.png,color,green
135192,,c7fbf674-7151-4b31-9215-b4523cffdc16,1,XgPvDQOe1618185851953,143,figural_single_2_1,1,,0,green,412.1999999997206,1,single,r_g_03.png,color,green
135192,,c7fbf674-7151-4b31-9215-b4523cffdc16,1,XgPvDQOe1618185851953,144,figural_single_2_1,1,,0,blue,399.5,1,single,e_b_14.png,color,blue
135192,,c7fbf674-7151-4b31-9215-b4523cffdc16,1,XgPvDQOe1618185851953,145,figural_single_2_1,1,,0,blue,467.20000000001164,1,single,e_b_13.png,color,blue
135192,,c7fbf674-7151-4b31-9215-b4523cffdc16,1,XgPvDQOe1618185851953,146,figural_single_2_1,1,,0,green,422.0000000000582,0,single,r_b_10.png,color,blue
135192,,c7fbf674-7151-4b31-9215-b4523cffdc16,1,XgPvDQOe1618185851953,147,figural_single_2_1,1,,0,green,400.20000000001164,1,single,e_g_14.png,color,green
135192,,c7fbf674-7151-4b31-9215-b4523cffdc16,1,XgPvDQOe1618185851953,148,figural_single_2_1,1,,0,blue,543.0999999998603,1,single,e_b_15.png,color,blue
135192,,c7fbf674-7151-4b31-9215-b4523cffdc16,1,XgPvDQOe1618185851953,149,figural_single_2_1,1,,0,blue,556.7000000001281,1,single,e_b_05.png,color,blue
135192,,c7fbf674-7151-4b31-9215-b4523cffdc16,1,XgPvDQOe1618185851953,150,figural_single_2_1,1,,0,blue,518.9000000000233,1,single,r_b_11.png,color,blue
135192,,c7fbf674-7151-4b31-9215-b4523cffdc16,1,XgPvDQOe1618185851953,151,figural_single_2_1,1,,0,green,475.30000000004657,1,single,r_g_13.png,color,green
135192,,c7fbf674-7151-4b31-9215-b4523cffdc16,1,XgPvDQOe1618185851953,152,figural_single_2_1,1,,0,green,532.9000000001397,1,single,r_g_16.png,color,green
135192,,c7fbf674-7151-4b31-9215-b4523cffdc16,1,XgPvDQOe1618185851953,153,figural_mixed_practice,1,,0,angular,23344.399999999907,1,start,e_g_13.png,shape,angular
135192,,c7fbf674-7151-4b31-9215-b4523cffdc16,1,XgPvDQOe1618185851953,154,figural_mixed_practice,1,,0,angular,4504.800000000163,1,repetition,e_g_15.png,shape,angular
135192,,c7fbf674-7151-4b31-9215-b4523cffdc16,1,XgPvDQOe1618185851953,155,figural_mixed_practice,1,,0,blue,4610.399999999616,1,switch,r_b_02.png,color,blue
135192,,c7fbf674-7151-4b31-9215-b4523cffdc16,1,XgPvDQOe1618185851953,156,figural_mixed_practice,1,,0,green,2629.899999999907,1,repetition,r_g_10.png,color,green
135192,,c7fbf674-7151-4b31-9215-b4523cffdc16,1,XgPvDQOe1618185851953,157,figural_mixed_practice,1,,0,round,1030.4000000001397,1,switch,r_b_03.png,shape,round
135192,,c7fbf674-7151-4b31-9215-b4523cffdc16,1,XgPvDQOe1618185851953,158,figural_mixed_practice,1,,0,blue,1798.699999999837,1,switch,e_b_11.png,color,blue
135192,,c7fbf674-7151-4b31-9215-b4523cffdc16,1,XgPvDQOe1618185851953,159,figural_mixed_practice,1,,0,green,1271.200000000128,1,repetition,r_g_06.png,color,green
135192,,c7fbf674-7151-4b31-9215-b4523cffdc16,1,XgPvDQOe1618185851953,160,figural_mixed_practice,1,,0,round,813.2999999998137,1,switch,r_b_08.png,shape,round
135192,,c7fbf674-7151-4b31-9215-b4523cffdc16,1,XgPvDQOe1618185851953,161,figural_mixed_practice,1,,0,angular,1106.399999999674,1,repetition,e_b_12.png,shape,angular
135192,,c7fbf674-7151-4b31-9215-b4523cffdc16,1,XgPvDQOe1618185851953,162,figural_mixed_practice,1,,0,round,1179.2999999998137,1,repetition,r_g_04.png,shape,round
135192,,c7fbf674-7151-4b31-9215-b4523cffdc16,1,XgPvDQOe1618185851953,163,figural_mixed_practice,1,,0,blue,2633.2000000002445,1,switch,e_b_01.png,color,blue
135192,,c7fbf674-7151-4b31-9215-b4523cffdc16,1,XgPvDQOe1618185851953,164,figural_mixed_practice,1,,0,green,1167.1999999998952,1,repetition,e_g_05.png,color,green
135192,,c7fbf674-7151-4b31-9215-b4523cffdc16,1,XgPvDQOe1618185851953,165,figural_mixed,1,,0,green,5124.400000000198,1,start,r_g_12.png,color,green
135192,,c7fbf674-7151-4b31-9215-b4523cffdc16,1,XgPvDQOe1618185851953,166,figural_mixed,1,,0,green,1810.999999999709,1,repetition,e_g_16.png,color,green
135192,,c7fbf674-7151-4b31-9215-b4523cffdc16,1,XgPvDQOe1618185851953,167,figural_mixed,1,,0,round,4226.09999999986,1,switch,r_b_01.png,shape,round
135192,,c7fbf674-7151-4b31-9215-b4523cffdc16,1,XgPvDQOe1618185851953,168,figural_mixed,1,,0,blue,1032.7999999999302,1,switch,e_b_10.png,color,blue
135192,,c7fbf674-7151-4b31-9215-b4523cffdc16,1,XgPvDQOe1618185851953,169,figural_mixed,1,,0,round,2598.9000000003725,1,switch,r_g_07.png,shape,round
135192,,c7fbf674-7151-4b31-9215-b4523cffdc16,1,XgPvDQOe1618185851953,170,figural_mixed,1,,0,angular,2951.70000000007,1,repetition,e_g_16.png,shape,angular
135192,,c7fbf674-7151-4b31-9215-b4523cffdc16,1,XgPvDQOe1618185851953,171,figural_mixed,1,,0,angular,1339.1999999998952,1,repetition,e_b_11.png,shape,angular
135192,,c7fbf674-7151-4b31-9215-b4523cffdc16,1,XgPvDQOe1618185851953,172,figural_mixed,1,,0,blue,858.6999999997788,1,switch,e_b_12.png,color,blue
135192,,c7fbf674-7151-4b31-9215-b4523cffdc16,1,XgPvDQOe1618185851953,173,figural_mixed,1,,0,blue,862.0999999998021,1,repetition,r_b_05.png,color,blue
135192,,c7fbf674-7151-4b31-9215-b4523cffdc16,1,XgPvDQOe1618185851953,174,figural_mixed,1,,0,angular,977.6999999999534,1,switch,e_b_15.png,shape,angular
135192,,c7fbf674-7151-4b31-9215-b4523cffdc16,1,XgPvDQOe1618185851953,175,figural_mixed,1,,0,round,1323.3000000000466,1,repetition,r_g_01.png,shape,round
135192,,c7fbf674-7151-4b31-9215-b4523cffdc16,1,XgPvDQOe1618185851953,176,figural_mixed,1,,0,green,2191.0999999999767,1,switch,r_g_11.png,color,green
135192,,c7fbf674-7151-4b31-9215-b4523cffdc16,1,XgPvDQOe1618185851953,177,figural_mixed,1,,0,blue,901.0000000003492,1,repetition,e_b_14.png,color,blue
135192,,c7fbf674-7151-4b31-9215-b4523cffdc16,1,XgPvDQOe1618185851953,178,figural_mixed,1,,0,green,970.3000000000466,1,repetition,r_g_05.png,color,green
135192,,c7fbf674-7151-4b31-9215-b4523cffdc16,1,XgPvDQOe1618185851953,179,figural_mixed,1,,0,angular,3337.9000000000233,1,switch,e_g_09.png,shape,angular
135192,,c7fbf674-7151-4b31-9215-b4523cffdc16,1,XgPvDQOe1618185851953,180,figural_mixed,1,,0,round,958.5999999999767,1,repetition,r_b_04.png,shape,round
135192,,c7fbf674-7151-4b31-9215-b4523cffdc16,1,XgPvDQOe1618185851953,181,figural_mixed,1,,0,round,796.8999999999069,1,repetition,r_g_12.png,shape,round
135192,,c7fbf674-7151-4b31-9215-b4523cffdc16,1,XgPvDQOe1618185851953,182,figural_mixed,1,,0,round,796.0999999999767,1,repetition,r_b_02.png,shape,round
135192,,c7fbf674-7151-4b31-9215-b4523cffdc16,1,XgPvDQOe1618185851953,183,figural_mixed,1,,0,green,1347.8000000000466,1,switch,r_g_04.png,color,green
135192,,c7fbf674-7151-4b31-9215-b4523cffdc16,1,XgPvDQOe1618185851953,184,figural_mixed,1,,0,blue,1079.4000000000233,1,repetition,e_b_02.png,color,blue
135192,,c7fbf674-7151-4b31-9215-b4523cffdc16,1,XgPvDQOe1618185851953,185,figural_mixed,1,,0,blue,2387.000000000233,1,repetition,r_b_16.png,color,blue
135192,,c7fbf674-7151-4b31-9215-b4523cffdc16,1,XgPvDQOe1618185851953,186,figural_mixed,1,,0,angular,1030.0999999999767,1,switch,e_g_03.png,shape,angular
135192,,c7fbf674-7151-4b31-9215-b4523cffdc16,1,XgPvDQOe1618185851953,187,figural_mixed,1,,0,blue,1369.7999999999302,1,switch,r_b_10.png,color,blue
135192,,c7fbf674-7151-4b31-9215-b4523cffdc16,1,XgPvDQOe1618185851953,188,figural_mixed,1,,0,green,964,1,repetition,e_g_03.png,color,green
135192,,c7fbf674-7151-4b31-9215-b4523cffdc16,1,XgPvDQOe1618185851953,189,figural_mixed,1,,0,green,4134.199999999953,1,repetition,r_g_06.png,color,green
135192,,c7fbf674-7151-4b31-9215-b4523cffdc16,1,XgPvDQOe1618185851953,190,figural_mixed,1,,0,round,956.9999999998836,1,switch,r_b_09.png,shape,round
135192,,c7fbf674-7151-4b31-9215-b4523cffdc16,1,XgPvDQOe1618185851953,191,figural_mixed,1,,0,blue,823.8999999999069,1,switch,r_b_02.png,color,blue
135192,,c7fbf674-7151-4b31-9215-b4523cffdc16,1,XgPvDQOe1618185851953,192,figural_mixed,1,,0,blue,759.9999999997672,0,repetition,r_g_01.png,color,green
135192,,c7fbf674-7151-4b31-9215-b4523cffdc16,1,XgPvDQOe1618185851953,193,figural_mixed,1,,0,angular,1299.9000000000233,1,switch,e_g_07.png,shape,angular
135192,,c7fbf674-7151-4b31-9215-b4523cffdc16,1,XgPvDQOe1618185851953,194,figural_mixed,1,,0,blue,1036.7999999998137,1,switch,r_b_13.png,color,blue
135192,,c7fbf674-7151-4b31-9215-b4523cffdc16,1,XgPvDQOe1618185851953,195,figural_mixed,1,,0,angular,1669.699999999837,1,switch,e_b_14.png,shape,angular
135192,,c7fbf674-7151-4b31-9215-b4523cffdc16,1,XgPvDQOe1618185851953,196,figural_mixed,1,,0,round,1016.7999999998137,1,repetition,r_g_09.png,shape,round
135192,,c7fbf674-7151-4b31-9215-b4523cffdc16,1,XgPvDQOe1618185851953,197,figural_mixed,1,,0,round,1538.7999999998137,1,repetition,r_b_11.png,shape,round
135192,,c7fbf674-7151-4b31-9215-b4523cffdc16,1,XgPvDQOe1618185851953,198,figural_mixed,1,,0,blue,829.5000000002328,0,switch,r_g_07.png,color,green
135192,,c7fbf674-7151-4b31-9215-b4523cffdc16,1,XgPvDQOe1618185851953,199,figural_mixed,1,,0,angular,1316.9999999995343,1,switch,e_b_04.png,shape,angular
135192,,c7fbf674-7151-4b31-9215-b4523cffdc16,1,XgPvDQOe1618185851953,200,figural_mixed,1,,0,round,1085.3999999999069,1,repetition,r_g_14.png,shape,round
135192,,c7fbf674-7151-4b31-9215-b4523cffdc16,1,XgPvDQOe1618185851953,201,figural_mixed,1,,0,blue,771.4000000001397,1,switch,e_b_09.png,color,blue
135192,,c7fbf674-7151-4b31-9215-b4523cffdc16,1,XgPvDQOe1618185851953,202,figural_mixed,1,,0,angular,1276.800000000163,1,switch,e_g_10.png,shape,angular
135192,,c7fbf674-7151-4b31-9215-b4523cffdc16,1,XgPvDQOe1618185851953,203,figural_mixed,1,,0,green,1478.7000000000698,1,switch,r_g_15.png,color,green
135192,,c7fbf674-7151-4b31-9215-b4523cffdc16,1,XgPvDQOe1618185851953,204,figural_mixed,1,,0,green,1080.7000000000698,1,repetition,e_g_14.png,color,green
135192,,c7fbf674-7151-4b31-9215-b4523cffdc16,1,XgPvDQOe1618185851953,205,figural_mixed,1,,0,blue,985.0000000001164,1,repetition,r_b_07.png,color,blue
135192,,c7fbf674-7151-4b31-9215-b4523cffdc16,1,XgPvDQOe1618185851953,206,figural_mixed,1,,0,blue,942.1999999999534,1,repetition,r_b_09.png,color,blue
135192,,c7fbf674-7151-4b31-9215-b4523cffdc16,1,XgPvDQOe1618185851953,207,figural_mixed,1,,0,angular,900.9999999997672,1,switch,e_g_14.png,shape,angular
135192,,c7fbf674-7151-4b31-9215-b4523cffdc16,1,XgPvDQOe1618185851953,208,figural_mixed,1,,0,angular,925.7999999999302,1,repetition,e_g_13.png,shape,angular
135192,,c7fbf674-7151-4b31-9215-b4523cffdc16,1,XgPvDQOe1618185851953,209,figural_mixed,1,,0,blue,1230.9000000000233,1,switch,e_b_04.png,color,blue
135192,,c7fbf674-7151-4b31-9215-b4523cffdc16,1,XgPvDQOe1618185851953,210,figural_mixed,1,,0,green,811.6000000000931,1,repetition,e_g_10.png,color,green
135192,,c7fbf674-7151-4b31-9215-b4523cffdc16,1,XgPvDQOe1618185851953,211,figural_mixed,1,,0,green,989.9000000000233,1,repetition,e_g_04.png,color,green
135192,,c7fbf674-7151-4b31-9215-b4523cffdc16,1,XgPvDQOe1618185851953,212,figural_mixed,1,,0,angular,1278.699999999837,1,switch,e_b_07.png,shape,angular
135192,,c7fbf674-7151-4b31-9215-b4523cffdc16,1,XgPvDQOe1618185851953,213,figural_mixed,1,,0,round,930.699999999837,1,repetition,r_g_11.png,shape,round
135192,,c7fbf674-7151-4b31-9215-b4523cffdc16,1,XgPvDQOe1618185851953,214,figural_mixed,1,,0,round,1246.9999999997672,1,repetition,r_g_04.png,shape,round
135192,,c7fbf674-7151-4b31-9215-b4523cffdc16,1,XgPvDQOe1618185851953,215,figural_mixed,1,,0,angular,2766.100000000326,1,repetition,e_g_15.png,shape,angular
135192,,c7fbf674-7151-4b31-9215-b4523cffdc16,1,XgPvDQOe1618185851953,216,figural_mixed,1,,0,green,1005.5999999999767,1,switch,e_g_11.png,color,green
135192,,c7fbf674-7151-4b31-9215-b4523cffdc16,1,XgPvDQOe1618185851953,217,figural_mixed,1,,0,round,825.6999999999534,1,switch,r_g_08.png,shape,round
135192,,c7fbf674-7151-4b31-9215-b4523cffdc16,1,XgPvDQOe1618185851953,218,figural_mixed,1,,0,round,849.9000000001397,1,repetition,r_g_10.png,shape,round
135192,,c7fbf674-7151-4b31-9215-b4523cffdc16,1,XgPvDQOe1618185851953,219,figural_mixed,1,,0,green,992.9000000001397,1,switch,e_g_15.png,color,green
135192,,c7fbf674-7151-4b31-9215-b4523cffdc16,1,XgPvDQOe1618185851953,220,figural_mixed,1,,0,green,1049.3000000000466,1,repetition,r_g_02.png,color,green
135192,,c7fbf674-7151-4b31-9215-b4523cffdc16,1,XgPvDQOe1618185851953,221,figural_mixed,1,,0,angular,2070.20000000007,1,switch,e_b_01.png,shape,angular
135192,,c7fbf674-7151-4b31-9215-b4523cffdc16,1,XgPvDQOe1618185851953,222,figural_mixed,1,,0,blue,1982.5000000001164,1,switch,e_b_15.png,color,blue
135192,,c7fbf674-7151-4b31-9215-b4523cffdc16,1,XgPvDQOe1618185851953,223,figural_mixed,1,,0,blue,887.9999999998836,1,repetition,e_b_03.png,color,blue
135192,,c7fbf674-7151-4b31-9215-b4523cffdc16,1,XgPvDQOe1618185851953,224,figural_mixed,1,,0,blue,922.1999999999534,1,repetition,e_b_01.png,color,blue
135192,,c7fbf674-7151-4b31-9215-b4523cffdc16,1,XgPvDQOe1618185851953,225,figural_mixed,1,,0,round,1009.2000000004191,1,switch,r_g_02.png,shape,round
135192,,c7fbf674-7151-4b31-9215-b4523cffdc16,1,XgPvDQOe1618185851953,226,figural_mixed,1,,0,green,1016.9000000000233,1,switch,e_g_05.png,color,green
135192,,c7fbf674-7151-4b31-9215-b4523cffdc16,1,XgPvDQOe1618185851953,227,figural_mixed,1,,0,round,1321.0000000003492,1,switch,r_b_06.png,shape,round
135192,,c7fbf674-7151-4b31-9215-b4523cffdc16,1,XgPvDQOe1618185851953,228,figural_mixed,1,,0,green,848.2000000004191,1,switch,e_g_08.png,color,green
135192,,c7fbf674-7151-4b31-9215-b4523cffdc16,1,XgPvDQOe1618185851953,229,figural_mixed,1,,0,green,1357.2999999996973,1,repetition,e_g_02.png,color,green
135192,,c7fbf674-7151-4b31-9215-b4523cffdc16,1,XgPvDQOe1618185851953,230,figural_mixed,1,,0,blue,977.1000000000931,1,repetition,e_b_06.png,color,blue
135192,,c7fbf674-7151-4b31-9215-b4523cffdc16,1,XgPvDQOe1618185851953,231,figural_mixed,1,,0,angular,1146.0000000002328,1,switch,e_b_08.png,shape,angular
135192,,c7fbf674-7151-4b31-9215-b4523cffdc16,1,XgPvDQOe1618185851953,232,figural_mixed,1,,0,green,1371.100000000326,1,switch,r_g_09.png,color,green
135192,,c7fbf674-7151-4b31-9215-b4523cffdc16,1,XgPvDQOe1618185851953,233,figural_mixed,1,,0,blue,854.9000000002561,1,repetition,e_b_13.png,color,blue
135192,,c7fbf674-7151-4b31-9215-b4523cffdc16,1,XgPvDQOe1618185851953,234,figural_mixed,1,,0,round,1132.7999999998137,1,switch,r_b_10.png,shape,round
135192,,c7fbf674-7151-4b31-9215-b4523cffdc16,1,XgPvDQOe1618185851953,235,figural_mixed,1,,0,round,853.9999999997672,1,repetition,r_b_13.png,shape,round
135192,,c7fbf674-7151-4b31-9215-b4523cffdc16,1,XgPvDQOe1618185851953,236,figural_mixed,1,,0,blue,925.0000000002328,1,switch,e_b_11.png,color,blue
135192,,c7fbf674-7151-4b31-9215-b4523cffdc16,1,XgPvDQOe1618185851953,237,figural_mixed,1,,0,green,1189.4000000001397,1,repetition,r_g_08.png,color,green
135192,,c7fbf674-7151-4b31-9215-b4523cffdc16,1,XgPvDQOe1618185851953,238,figural_mixed,1,,0,angular,1136,1,switch,e_b_10.png,shape,angular
135192,,c7fbf674-7151-4b31-9215-b4523cffdc16,1,XgPvDQOe1618185851953,239,figural_mixed,1,,0,angular,1190.9000000000233,1,repetition,e_g_06.png,shape,angular
135192,,c7fbf674-7151-4b31-9215-b4523cffdc16,1,XgPvDQOe1618185851953,240,figural_mixed,1,,0,angular,1081.9000000001397,1,repetition,e_g_11.png,shape,angular
135192,,c7fbf674-7151-4b31-9215-b4523cffdc16,1,XgPvDQOe1618185851953,241,figural_mixed,1,,0,round,1071.5,1,repetition,r_b_07.png,shape,round
135192,,c7fbf674-7151-4b31-9215-b4523cffdc16,1,XgPvDQOe1618185851953,242,figural_mixed,1,,0,blue,932.4999999998836,1,switch,r_b_06.png,color,blue
135192,,c7fbf674-7151-4b31-9215-b4523cffdc16,1,XgPvDQOe1618185851953,243,figural_mixed,1,,0,blue,1084.6999999999534,1,repetition,e_b_07.png,color,blue
135192,,c7fbf674-7151-4b31-9215-b4523cffdc16,1,XgPvDQOe1618185851953,244,figural_mixed,1,,0,blue,800.899999999674,1,repetition,r_b_14.png,color,blue
135192,,c7fbf674-7151-4b31-9215-b4523cffdc16,1,XgPvDQOe1618185851953,245,figural_mixed,1,,0,green,1256.9000000002561,1,repetition,r_g_16.png,color,green
135192,,c7fbf674-7151-4b31-9215-b4523cffdc16,1,XgPvDQOe1618185851953,246,figural_mixed,1,,0,angular,994.4000000000233,1,switch,e_b_09.png,shape,angular
135192,,c7fbf674-7151-4b31-9215-b4523cffdc16,1,XgPvDQOe1618185851953,247,figural_mixed,1,,0,round,695.699999999837,1,repetition,r_g_05.png,shape,round
135192,,c7fbf674-7151-4b31-9215-b4523cffdc16,1,XgPvDQOe1618185851953,248,figural_mixed,1,,0,angular,2443.7000000001863,1,repetition,e_b_12.png,shape,angular
135192,,c7fbf674-7151-4b31-9215-b4523cffdc16,1,XgPvDQOe1618185851953,249,figural_mixed,1,,0,blue,1106.4999999998836,1,switch,e_b_05.png,color,blue
135192,,c7fbf674-7151-4b31-9215-b4523cffdc16,1,XgPvDQOe1618185851953,250,figural_mixed,1,,0,round,896.4999999998836,1,switch,r_g_06.png,shape,round
135192,,c7fbf674-7151-4b31-9215-b4523cffdc16,1,XgPvDQOe1618185851953,251,figural_mixed,1,,0,blue,8489.900000000023,1,switch,e_b_16.png,color,blue
135192,,c7fbf674-7151-4b31-9215-b4523cffdc16,1,XgPvDQOe1618185851953,252,figural_mixed,1,,0,green,1891.4999999996508,1,repetition,r_g_13.png,color,green
135192,,c7fbf674-7151-4b31-9215-b4523cffdc16,1,XgPvDQOe1618185851953,253,figural_mixed,1,,0,angular,3815.79999999993,1,switch,e_g_02.png,shape,angular
135192,,c7fbf674-7151-4b31-9215-b4523cffdc16,1,XgPvDQOe1618185851953,254,figural_mixed,1,,0,round,2109.199999999837,1,repetition,r_b_03.png,shape,round
135192,,c7fbf674-7151-4b31-9215-b4523cffdc16,1,XgPvDQOe1618185851953,255,figural_mixed,1,,0,round,1481.0000000002328,1,repetition,r_b_14.png,shape,round
135192,,c7fbf674-7151-4b31-9215-b4523cffdc16,1,XgPvDQOe1618185851953,256,figural_mixed,1,,0,angular,1045.6999999996042,1,repetition,e_g_12.png,shape,angular
135192,,c7fbf674-7151-4b31-9215-b4523cffdc16,1,XgPvDQOe1618185851953,257,figural_mixed,1,,0,blue,1135.4000000001397,1,switch,r_b_04.png,color,blue
135192,,c7fbf674-7151-4b31-9215-b4523cffdc16,1,XgPvDQOe1618185851953,258,figural_mixed,1,,0,round,1247.699999999837,1,switch,r_g_15.png,shape,round
135192,,c7fbf674-7151-4b31-9215-b4523cffdc16,1,XgPvDQOe1618185851953,259,figural_mixed,1,,0,angular,1793.7999999999302,1,repetition,e_g_08.png,shape,angular
135192,,c7fbf674-7151-4b31-9215-b4523cffdc16,1,XgPvDQOe1618185851953,260,figural_mixed,1,,0,round,1126.2000000000698,1,repetition,r_b_16.png,shape,round
135192,,c7fbf674-7151-4b31-9215-b4523cffdc16,1,XgPvDQOe1618185851953,261,figural_mixed,1,,0,green,932.699999999837,1,switch,r_g_10.png,color,green
135192,,c7fbf674-7151-4b31-9215-b4523cffdc16,1,XgPvDQOe1618185851953,262,figural_mixed,1,,0,green,1054.5000000002328,1,repetition,e_g_06.png,color,green
135192,,c7fbf674-7151-4b31-9215-b4523cffdc16,1,XgPvDQOe1618185851953,263,figural_mixed,1,,0,round,928.8999999999069,1,switch,r_g_13.png,shape,round
135192,,c7fbf674-7151-4b31-9215-b4523cffdc16,1,XgPvDQOe1618185851953,264,figural_mixed,1,,0,blue,926.3000000000466,1,switch,r_b_03.png,color,blue
135192,,c7fbf674-7151-4b31-9215-b4523cffdc16,1,XgPvDQOe1618185851953,265,figural_mixed,1,,0,angular,1770.7000000000698,1,switch,e_b_02.png,shape,angular
135192,,c7fbf674-7151-4b31-9215-b4523cffdc16,1,XgPvDQOe1618185851953,266,figural_mixed,1,,0,angular,2109.3999999997905,1,repetition,e_b_03.png,shape,angular
135192,,c7fbf674-7151-4b31-9215-b4523cffdc16,1,XgPvDQOe1618185851953,267,figural_mixed,1,,0,green,880.7000000001863,1,switch,e_g_07.png,color,green
135192,,c7fbf674-7151-4b31-9215-b4523cffdc16,1,XgPvDQOe1618185851953,268,figural_mixed,1,,0,blue,650.899999999674,1,repetition,r_b_08.png,color,blue
135192,,c7fbf674-7151-4b31-9215-b4523cffdc16,1,XgPvDQOe1618185851953,269,figural_mixed,1,,0,blue,730.5000000001164,1,repetition,r_b_01.png,color,blue
135192,,c7fbf674-7151-4b31-9215-b4523cffdc16,1,XgPvDQOe1618185851953,270,figural_mixed,1,,0,angular,1191.0999999999767,1,switch,e_b_05.png,shape,angular
135192,,c7fbf674-7151-4b31-9215-b4523cffdc16,1,XgPvDQOe1618185851953,271,figural_mixed,1,,0,blue,829.7999999999302,0,switch,r_g_16.png,color,green
135192,,c7fbf674-7151-4b31-9215-b4523cffdc16,1,XgPvDQOe1618185851953,272,figural_mixed,1,,0,round,951.6999999996042,0,switch,e_g_04.png,shape,angular
135192,,c7fbf674-7151-4b31-9215-b4523cffdc16,1,XgPvDQOe1618185851953,273,figural_mixed,1,,0,round,809.7999999999302,1,repetition,r_b_05.png,shape,round
135192,,c7fbf674-7151-4b31-9215-b4523cffdc16,1,XgPvDQOe1618185851953,274,figural_mixed,1,,0,round,726.2000000000698,1,repetition,r_g_03.png,shape,round
135192,,c7fbf674-7151-4b31-9215-b4523cffdc16,1,XgPvDQOe1618185851953,275,figural_mixed,1,,0,blue,1358.4000000001397,1,switch,r_b_15.png,color,blue
135192,,c7fbf674-7151-4b31-9215-b4523cffdc16,1,XgPvDQOe1618185851953,276,figural_mixed,1,,0,green,882.0999999998603,1,repetition,r_g_14.png,color,green
135192,,c7fbf674-7151-4b31-9215-b4523cffdc16,1,XgPvDQOe1618185851953,277,figural_mixed,1,,0,angular,1067.4000000003725,1,switch,e_g_01.png,shape,angular
135192,,c7fbf674-7151-4b31-9215-b4523cffdc16,1,XgPvDQOe1618185851953,278,figural_mixed,1,,0,round,1954.1999999996042,1,repetition,r_b_15.png,shape,round
135192,,c7fbf674-7151-4b31-9215-b4523cffdc16,1,XgPvDQOe1618185851953,279,figural_mixed,1,,0,round,624.0999999999767,1,repetition,r_b_08.png,shape,round
135192,,c7fbf674-7151-4b31-9215-b4523cffdc16,1,XgPvDQOe1618185851953,280,figural_mixed,1,,0,green,1370.8999999999069,1,switch,e_g_12.png,color,green
135192,,c7fbf674-7151-4b31-9215-b4523cffdc16,1,XgPvDQOe1618185851953,281,figural_mixed,1,,0,angular,9732.20000000042,1,switch,e_b_13.png,shape,angular
135192,,c7fbf674-7151-4b31-9215-b4523cffdc16,1,XgPvDQOe1618185851953,282,figural_mixed,1,,0,green,1155.699999999837,1,switch,r_g_03.png,color,green
135192,,c7fbf674-7151-4b31-9215-b4523cffdc16,1,XgPvDQOe1618185851953,283,figural_mixed,1,,0,blue,813.2000000000698,1,repetition,r_b_12.png,color,blue
135192,,c7fbf674-7151-4b31-9215-b4523cffdc16,1,XgPvDQOe1618185851953,284,figural_mixed,1,,0,angular,797.7999999998137,1,switch,e_b_06.png,shape,angular
135192,,c7fbf674-7151-4b31-9215-b4523cffdc16,1,XgPvDQOe1618185851953,285,figural_mixed,1,,0,angular,856.6000000000931,1,repetition,e_g_05.png,shape,angular
135192,,c7fbf674-7151-4b31-9215-b4523cffdc16,1,XgPvDQOe1618185851953,286,figural_mixed,1,,0,blue,703.1999999999534,1,switch,r_b_11.png,color,blue
135192,,c7fbf674-7151-4b31-9215-b4523cffdc16,1,XgPvDQOe1618185851953,287,figural_mixed,1,,0,angular,907.7999999999302,1,switch,e_b_16.png,shape,angular
135192,,c7fbf674-7151-4b31-9215-b4523cffdc16,1,XgPvDQOe1618185851953,288,figural_mixed,1,,0,green,856.4000000000233,1,switch,e_g_01.png,color,green
135192,,c7fbf674-7151-4b31-9215-b4523cffdc16,1,XgPvDQOe1618185851953,289,figural_mixed,1,,0,green,669.3999999997905,1,repetition,e_g_13.png,color,green
135192,,c7fbf674-7151-4b31-9215-b4523cffdc16,1,XgPvDQOe1618185851953,290,figural_mixed,1,,0,round,744.4000000000233,1,switch,r_b_12.png,shape,round
135192,,c7fbf674-7151-4b31-9215-b4523cffdc16,1,XgPvDQOe1618185851953,291,figural_mixed,1,,0,green,881.199999999837,0,switch,e_b_08.png,color,blue
135192,,c7fbf674-7151-4b31-9215-b4523cffdc16,1,XgPvDQOe1618185851953,292,figural_mixed,1,,0,green,937.5,1,repetition,e_g_09.png,color,green
135192,,c7fbf674-7151-4b31-9215-b4523cffdc16,1,XgPvDQOe1618185851953,293,figural_mixed,1,,0,green,894.2000000001863,1,repetition,r_g_12.png,color,green
135192,,c7fbf674-7151-4b31-9215-b4523cffdc16,1,XgPvDQOe1618185851953,294,figural_single_2_2,1,,0,blue,1099.0000000002328,1,single,e_b_01.png,color,blue
135192,,c7fbf674-7151-4b31-9215-b4523cffdc16,1,XgPvDQOe1618185851953,295,figural_single_2_2,1,,0,blue,631.6999999999534,1,single,r_b_03.png,color,blue
135192,,c7fbf674-7151-4b31-9215-b4523cffdc16,1,XgPvDQOe1618185851953,296,figural_single_2_2,1,,0,green,464.69999999995343,1,single,e_g_01.png,color,green
135192,,c7fbf674-7151-4b31-9215-b4523cffdc16,1,XgPvDQOe1618185851953,297,figural_single_2_2,1,,0,green,452.89999999979045,1,single,e_g_13.png,color,green
135192,,c7fbf674-7151-4b31-9215-b4523cffdc16,1,XgPvDQOe1618185851953,298,figural_single_2_2,1,,0,blue,417.30000000004657,1,single,r_b_16.png,color,blue
135192,,c7fbf674-7151-4b31-9215-b4523cffdc16,1,XgPvDQOe1618185851953,299,figural_single_2_2,1,,0,green,412.4999999998836,0,single,r_b_07.png,color,blue
135192,,c7fbf674-7151-4b31-9215-b4523cffdc16,1,XgPvDQOe1618185851953,300,figural_single_2_2,1,,0,green,411.0000000001164,1,single,r_g_08.png,color,green
135192,,c7fbf674-7151-4b31-9215-b4523cffdc16,1,XgPvDQOe1618185851953,301,figural_single_2_2,1,,0,blue,466.69999999995343,1,single,r_b_09.png,color,blue
135192,,c7fbf674-7151-4b31-9215-b4523cffdc16,1,XgPvDQOe1618185851953,302,figural_single_2_2,1,,0,green,482.7999999996973,1,single,r_g_02.png,color,green
135192,,c7fbf674-7151-4b31-9215-b4523cffdc16,1,XgPvDQOe1618185851953,303,figural_single_2_2,1,,0,green,425.9999999998836,1,single,r_g_12.png,color,green
135192,,c7fbf674-7151-4b31-9215-b4523cffdc16,1,XgPvDQOe1618185851953,304,figural_single_2_2,1,,0,blue,433.79999999981374,1,single,e_b_08.png,color,blue
135192,,c7fbf674-7151-4b31-9215-b4523cffdc16,1,XgPvDQOe1618185851953,305,figural_single_2_2,1,,0,green,529.3000000000466,1,single,r_g_04.png,color,green
135192,,c7fbf674-7151-4b31-9215-b4523cffdc16,1,XgPvDQOe1618185851953,306,figural_single_2_2,1,,0,blue,434.79999999993015,1,single,e_b_03.png,color,blue
135192,,c7fbf674-7151-4b31-9215-b4523cffdc16,1,XgPvDQOe1618185851953,307,figural_single_2_2,1,,0,blue,440.6999999996042,1,single,e_b_11.png,color,blue
135192,,c7fbf674-7151-4b31-9215-b4523cffdc16,1,XgPvDQOe1618185851953,308,figural_single_2_2,1,,0,blue,439.7000000003027,1,single,r_b_14.png,color,blue
135192,,c7fbf674-7151-4b31-9215-b4523cffdc16,1,XgPvDQOe1618185851953,309,figural_single_2_2,1,,0,green,588.7000000003027,1,single,e_g_07.png,color,green
135192,,c7fbf674-7151-4b31-9215-b4523cffdc16,1,XgPvDQOe1618185851953,310,figural_single_2_2,1,,0,blue,411.300000000163,1,single,r_b_13.png,color,blue
135192,,c7fbf674-7151-4b31-9215-b4523cffdc16,1,XgPvDQOe1618185851953,311,figural_single_2_2,1,,0,blue,372.90000000037253,0,single,e_g_16.png,color,green
135192,,c7fbf674-7151-4b31-9215-b4523cffdc16,1,XgPvDQOe1618185851953,312,figural_single_2_2,1,,0,blue,403.89999999979045,1,single,e_b_14.png,color,blue
135192,,c7fbf674-7151-4b31-9215-b4523cffdc16,1,XgPvDQOe1618185851953,313,figural_single_2_2,1,,0,green,405.29999999981374,1,single,e_g_12.png,color,green
135192,,c7fbf674-7151-4b31-9215-b4523cffdc16,1,XgPvDQOe1618185851953,314,figural_single_2_2,1,,0,green,323.5999999997439,1,single,r_g_07.png,color,green
135192,,c7fbf674-7151-4b31-9215-b4523cffdc16,1,XgPvDQOe1618185851953,315,figural_single_2_2,1,,0,blue,478.49999999965075,1,single,e_b_15.png,color,blue
135192,,c7fbf674-7151-4b31-9215-b4523cffdc16,1,XgPvDQOe1618185851953,316,figural_single_2_2,1,,0,blue,363.80000000004657,1,single,e_b_05.png,color,blue
135192,,c7fbf674-7151-4b31-9215-b4523cffdc16,1,XgPvDQOe1618185851953,317,figural_single_2_2,1,,0,green,441.80000000004657,1,single,r_g_15.png,color,green
135192,,c7fbf674-7151-4b31-9215-b4523cffdc16,1,XgPvDQOe1618185851953,318,figural_single_2_2,1,,0,blue,386.70000000006985,1,single,r_b_06.png,color,blue
135192,,c7fbf674-7151-4b31-9215-b4523cffdc16,1,XgPvDQOe1618185851953,319,figural_single_2_2,1,,0,blue,345.60000000009313,0,single,e_g_02.png,color,green
135192,,c7fbf674-7151-4b31-9215-b4523cffdc16,1,XgPvDQOe1618185851953,320,figural_single_2_2,1,,0,green,445.9999999998836,1,single,r_g_16.png,color,green
135192,,c7fbf674-7151-4b31-9215-b4523cffdc16,1,XgPvDQOe1618185851953,321,figural_single_2_2,1,,0,green,338.9000000001397,0,single,e_b_10.png,color,blue
135192,,c7fbf674-7151-4b31-9215-b4523cffdc16,1,XgPvDQOe1618185851953,322,figural_single_2_2,1,,0,green,670.5999999998603,1,single,e_g_05.png,color,green
135192,,c7fbf674-7151-4b31-9215-b4523cffdc16,1,XgPvDQOe1618185851953,323,figural_single_2_2,1,,0,green,460.79999999981374,1,single,e_g_03.png,color,green
135192,,c7fbf674-7151-4b31-9215-b4523cffdc16,1,XgPvDQOe1618185851953,324,figural_single_2_2,1,,0,green,408.30000000004657,1,single,e_g_11.png,color,green
135192,,c7fbf674-7151-4b31-9215-b4523cffdc16,1,XgPvDQOe1618185851953,325,figural_single_2_2,1,,0,blue,503.5999999999767,1,single,r_b_15.png,color,blue
135192,,c7fbf674-7151-4b31-9215-b4523cffdc16,1,XgPvDQOe1618185851953,326,figural_single_2_2,1,,0,blue,420.5000000001164,1,single,e_b_02.png,color,blue
135192,,c7fbf674-7151-4b31-9215-b4523cffdc16,1,XgPvDQOe1618185851953,327,figural_single_2_2,1,,0,blue,410.00000000034925,1,single,r_b_08.png,color,blue
135192,,c7fbf674-7151-4b31-9215-b4523cffdc16,1,XgPvDQOe1618185851953,328,figural_single_2_2,1,,0,green,346.10000000020955,1,single,e_g_06.png,color,green
135192,,c7fbf674-7151-4b31-9215-b4523cffdc16,1,XgPvDQOe1618185851953,329,figural_single_2_2,1,,0,blue,490.29999999993015,1,single,e_b_16.png,color,blue
135192,,c7fbf674-7151-4b31-9215-b4523cffdc16,1,XgPvDQOe1618185851953,330,figural_single_2_2,1,,0,blue,625.2999999996973,1,single,e_b_06.png,color,blue
135192,,c7fbf674-7151-4b31-9215-b4523cffdc16,1,XgPvDQOe1618185851953,331,figural_single_2_2,1,,0,green,491,1,single,r_g_09.png,color,green
135192,,c7fbf674-7151-4b31-9215-b4523cffdc16,1,XgPvDQOe1618185851953,332,figural_single_2_2,1,,0,green,490.60000000009313,1,single,e_g_10.png,color,green
135192,,c7fbf674-7151-4b31-9215-b4523cffdc16,1,XgPvDQOe1618185851953,333,figural_single_2_2,1,,0,blue,475.10000000009313,1,single,e_b_12.png,color,blue
135192,,c7fbf674-7151-4b31-9215-b4523cffdc16,1,XgPvDQOe1618185851953,334,figural_single_2_2,1,,0,green,537.2999999999302,1,single,r_g_11.png,color,green
135192,,c7fbf674-7151-4b31-9215-b4523cffdc16,1,XgPvDQOe1618185851953,335,figural_single_2_2,1,,0,green,468.89999999990687,1,single,r_g_06.png,color,green
135192,,c7fbf674-7151-4b31-9215-b4523cffdc16,1,XgPvDQOe1618185851953,336,figural_single_2_2,1,,0,green,454.20000000006985,1,single,e_g_04.png,color,green
135192,,c7fbf674-7151-4b31-9215-b4523cffdc16,1,XgPvDQOe1618185851953,337,figural_single_2_2,1,,0,blue,486.59999999962747,1,single,r_b_01.png,color,blue
135192,,c7fbf674-7151-4b31-9215-b4523cffdc16,1,XgPvDQOe1618185851953,338,figural_single_2_2,1,,0,blue,418.79999999993015,0,single,r_g_03.png,color,green
135192,,c7fbf674-7151-4b31-9215-b4523cffdc16,1,XgPvDQOe1618185851953,339,figural_single_2_2,1,,0,blue,435.300000000163,1,single,e_b_04.png,color,blue
135192,,c7fbf674-7151-4b31-9215-b4523cffdc16,1,XgPvDQOe1618185851953,340,figural_single_2_2,1,,0,blue,455.89999999990687,1,single,r_b_12.png,color,blue
135192,,c7fbf674-7151-4b31-9215-b4523cffdc16,1,XgPvDQOe1618185851953,341,figural_single_2_2,1,,0,green,418.79999999993015,1,single,r_g_13.png,color,green
135192,,c7fbf674-7151-4b31-9215-b4523cffdc16,1,XgPvDQOe1618185851953,342,figural_single_2_2,1,,0,blue,378.9000000002561,1,single,r_b_02.png,color,blue
135192,,c7fbf674-7151-4b31-9215-b4523cffdc16,1,XgPvDQOe1618185851953,343,figural_single_2_2,1,,0,green,455.5000000001164,1,single,e_g_09.png,color,green
135192,,c7fbf674-7151-4b31-9215-b4523cffdc16,1,XgPvDQOe1618185851953,344,figural_single_2_2,1,,0,green,575.8000000000466,1,single,e_g_15.png,color,green
135192,,c7fbf674-7151-4b31-9215-b4523cffdc16,1,XgPvDQOe1618185851953,345,figural_single_2_2,1,,0,green,416.80000000004657,1,single,e_g_08.png,color,green
135192,,c7fbf674-7151-4b31-9215-b4523cffdc16,1,XgPvDQOe1618185851953,346,figural_single_2_2,1,,0,blue,421.60000000009313,1,single,r_b_05.png,color,blue
135192,,c7fbf674-7151-4b31-9215-b4523cffdc16,1,XgPvDQOe1618185851953,347,figural_single_2_2,1,,0,green,498.10000000020955,1,single,r_g_14.png,color,green
135192,,c7fbf674-7151-4b31-9215-b4523cffdc16,1,XgPvDQOe1618185851953,348,figural_single_2_2,1,,0,blue,452.7999999995809,1,single,r_b_04.png,color,blue
135192,,c7fbf674-7151-4b31-9215-b4523cffdc16,1,XgPvDQOe1618185851953,349,figural_single_2_2,1,,0,green,510.1000000004424,1,single,r_g_10.png,color,green
135192,,c7fbf674-7151-4b31-9215-b4523cffdc16,1,XgPvDQOe1618185851953,350,figural_single_2_2,1,,0,green,530.7999999999302,1,single,r_g_01.png,color,green
135192,,c7fbf674-7151-4b31-9215-b4523cffdc16,1,XgPvDQOe1618185851953,351,figural_single_2_2,1,,0,blue,412.80000000004657,1,single,r_b_11.png,color,blue
135192,,c7fbf674-7151-4b31-9215-b4523cffdc16,1,XgPvDQOe1618185851953,352,figural_single_2_2,1,,0,green,498.2999999996973,1,single,r_g_05.png,color,green
135192,,c7fbf674-7151-4b31-9215-b4523cffdc16,1,XgPvDQOe1618185851953,353,figural_single_2_2,1,,0,blue,454.80000000004657,1,single,r_b_10.png,color,blue
135192,,c7fbf674-7151-4b31-9215-b4523cffdc16,1,XgPvDQOe1618185851953,354,figural_single_2_2,1,,0,blue,603.9999999997672,1,single,e_b_13.png,color,blue
135192,,c7fbf674-7151-4b31-9215-b4523cffdc16,1,XgPvDQOe1618185851953,355,figural_single_2_2,1,,0,green,503.3000000003958,1,single,e_g_14.png,color,green
135192,,c7fbf674-7151-4b31-9215-b4523cffdc16,1,XgPvDQOe1618185851953,356,figural_single_2_2,1,,0,blue,411.10000000032596,1,single,e_b_07.png,color,blue
135192,,c7fbf674-7151-4b31-9215-b4523cffdc16,1,XgPvDQOe1618185851953,357,figural_single_2_2,1,,0,blue,541.4999999998836,1,single,e_b_09.png,color,blue
135192,,c7fbf674-7151-4b31-9215-b4523cffdc16,1,XgPvDQOe1618185851953,358,figural_single_1_2,1,,0,angular,2613.7000000003027,1,single,e_g_11.png,shape,angular
135192,,c7fbf674-7151-4b31-9215-b4523cffdc16,1,XgPvDQOe1618185851953,359,figural_single_1_2,1,,0,round,893,1,single,r_b_16.png,shape,round
135192,,c7fbf674-7151-4b31-9215-b4523cffdc16,1,XgPvDQOe1618185851953,360,figural_single_1_2,1,,0,angular,399.69999999995343,1,single,e_b_10.png,shape,angular
135192,,c7fbf674-7151-4b31-9215-b4523cffdc16,1,XgPvDQOe1618185851953,361,figural_single_1_2,1,,0,round,424.5000000001164,1,single,r_b_02.png,shape,round
135192,,c7fbf674-7151-4b31-9215-b4523cffdc16,1,XgPvDQOe1618185851953,362,figural_single_1_2,1,,0,angular,393.9000000000233,0,single,r_g_08.png,shape,round
135192,,c7fbf674-7151-4b31-9215-b4523cffdc16,1,XgPvDQOe1618185851953,363,figural_single_1_2,1,,0,angular,406.5,1,single,e_g_02.png,shape,angular
135192,,c7fbf674-7151-4b31-9215-b4523cffdc16,1,XgPvDQOe1618185851953,364,figural_single_1_2,1,,0,angular,416.699999999837,0,single,r_g_05.png,shape,round
135192,,c7fbf674-7151-4b31-9215-b4523cffdc16,1,XgPvDQOe1618185851953,365,figural_single_1_2,1,,0,angular,420,1,single,e_b_15.png,shape,angular
135192,,c7fbf674-7151-4b31-9215-b4523cffdc16,1,XgPvDQOe1618185851953,366,figural_single_1_2,1,,0,round,381.7000000004191,1,single,r_b_09.png,shape,round
135192,,c7fbf674-7151-4b31-9215-b4523cffdc16,1,XgPvDQOe1618185851953,367,figural_single_1_2,1,,0,angular,704.0999999999767,1,single,e_b_12.png,shape,angular
135192,,c7fbf674-7151-4b31-9215-b4523cffdc16,1,XgPvDQOe1618185851953,368,figural_single_1_2,1,,0,angular,434.4000000001397,1,single,e_g_15.png,shape,angular
135192,,c7fbf674-7151-4b31-9215-b4523cffdc16,1,XgPvDQOe1618185851953,369,figural_single_1_2,1,,0,round,425.80000000004657,1,single,r_g_04.png,shape,round
135192,,c7fbf674-7151-4b31-9215-b4523cffdc16,1,XgPvDQOe1618185851953,370,figural_single_1_2,1,,0,angular,384.4000000000233,1,single,e_b_14.png,shape,angular
135192,,c7fbf674-7151-4b31-9215-b4523cffdc16,1,XgPvDQOe1618185851953,371,figural_single_1_2,1,,0,angular,467.8000000003958,1,single,e_b_02.png,shape,angular
135192,,c7fbf674-7151-4b31-9215-b4523cffdc16,1,XgPvDQOe1618185851953,372,figural_single_1_2,1,,0,round,411.9999999998836,1,single,r_g_15.png,shape,round
135192,,c7fbf674-7151-4b31-9215-b4523cffdc16,1,XgPvDQOe1618185851953,373,figural_single_1_2,1,,0,angular,463.60000000009313,1,single,e_b_11.png,shape,angular
135192,,c7fbf674-7151-4b31-9215-b4523cffdc16,1,XgPvDQOe1618185851953,374,figural_single_1_2,1,,0,round,426.69999999995343,1,single,r_b_07.png,shape,round
135192,,c7fbf674-7151-4b31-9215-b4523cffdc16,1,XgPvDQOe1618185851953,375,figural_single_1_2,1,,0,round,504.5,1,single,r_g_06.png,shape,round
135192,,c7fbf674-7151-4b31-9215-b4523cffdc16,1,XgPvDQOe1618185851953,376,figural_single_1_2,1,,0,round,503.3000000002794,1,single,r_g_02.png,shape,round
135192,,c7fbf674-7151-4b31-9215-b4523cffdc16,1,XgPvDQOe1618185851953,377,figural_single_1_2,1,,0,angular,570.4999999997672,1,single,e_b_09.png,shape,angular
135192,,c7fbf674-7151-4b31-9215-b4523cffdc16,1,XgPvDQOe1618185851953,378,figural_single_1_2,1,,0,angular,436.5999999999767,0,single,r_b_15.png,shape,round
135192,,c7fbf674-7151-4b31-9215-b4523cffdc16,1,XgPvDQOe1618185851953,379,figural_single_1_2,1,,0,angular,504.7999999996973,1,single,e_g_14.png,shape,angular
135192,,c7fbf674-7151-4b31-9215-b4523cffdc16,1,XgPvDQOe1618185851953,380,figural_single_1_2,1,,0,round,436.00000000023283,1,single,r_b_04.png,shape,round
135192,,c7fbf674-7151-4b31-9215-b4523cffdc16,1,XgPvDQOe1618185851953,381,figural_single_1_2,1,,0,round,434.9999999998836,1,single,r_g_09.png,shape,round
135192,,c7fbf674-7151-4b31-9215-b4523cffdc16,1,XgPvDQOe1618185851953,382,figural_single_1_2,1,,0,angular,489.9000000000233,1,single,e_g_03.png,shape,angular
135192,,c7fbf674-7151-4b31-9215-b4523cffdc16,1,XgPvDQOe1618185851953,383,figural_single_1_2,1,,0,round,517.6000000002095,1,single,r_b_13.png,shape,round
135192,,c7fbf674-7151-4b31-9215-b4523cffdc16,1,XgPvDQOe1618185851953,384,figural_single_1_2,1,,0,round,488.2000000003027,1,single,r_b_03.png,shape,round
135192,,c7fbf674-7151-4b31-9215-b4523cffdc16,1,XgPvDQOe1618185851953,385,figural_single_1_2,1,,0,round,894.6000000000931,1,single,r_g_14.png,shape,round
135192,,c7fbf674-7151-4b31-9215-b4523cffdc16,1,XgPvDQOe1618185851953,386,figural_single_1_2,1,,0,angular,557.2999999999302,1,single,e_b_05.png,shape,angular
135192,,c7fbf674-7151-4b31-9215-b4523cffdc16,1,XgPvDQOe1618185851953,387,figural_single_1_2,1,,0,round,434.50000000023283,1,single,r_b_10.png,shape,round
135192,,c7fbf674-7151-4b31-9215-b4523cffdc16,1,XgPvDQOe1618185851953,388,figural_single_1_2,1,,0,angular,536.5999999999767,0,single,r_b_12.png,shape,round
135192,,c7fbf674-7151-4b31-9215-b4523cffdc16,1,XgPvDQOe1618185851953,389,figural_single_1_2,1,,0,angular,555.9000000002561,0,single,r_b_14.png,shape,round
135192,,c7fbf674-7151-4b31-9215-b4523cffdc16,1,XgPvDQOe1618185851953,390,figural_single_1_2,1,,0,angular,433,1,single,e_g_16.png,shape,angular
135192,,c7fbf674-7151-4b31-9215-b4523cffdc16,1,XgPvDQOe1618185851953,391,figural_single_1_2,1,,0,round,408.5,1,single,r_g_12.png,shape,round
135192,,c7fbf674-7151-4b31-9215-b4523cffdc16,1,XgPvDQOe1618185851953,392,figural_single_1_2,1,,0,round,639.5999999999767,1,single,r_g_11.png,shape,round
135192,,c7fbf674-7151-4b31-9215-b4523cffdc16,1,XgPvDQOe1618185851953,393,figural_single_1_2,1,,0,angular,644.8000000000466,1,single,e_b_03.png,shape,angular
135192,,c7fbf674-7151-4b31-9215-b4523cffdc16,1,XgPvDQOe1618185851953,394,figural_single_1_2,1,,0,angular,492.49999999976717,1,single,e_b_04.png,shape,angular
135192,,c7fbf674-7151-4b31-9215-b4523cffdc16,1,XgPvDQOe1618185851953,395,figural_single_1_2,1,,0,round,455.99999999965075,1,single,r_b_11.png,shape,round
135192,,c7fbf674-7151-4b31-9215-b4523cffdc16,1,XgPvDQOe1618185851953,396,figural_single_1_2,1,,0,angular,475.90000000037253,1,single,e_g_05.png,shape,angular
135192,,c7fbf674-7151-4b31-9215-b4523cffdc16,1,XgPvDQOe1618185851953,397,figural_single_1_2,1,,0,angular,436.0999999998603,1,single,e_b_16.png,shape,angular
135192,,c7fbf674-7151-4b31-9215-b4523cffdc16,1,XgPvDQOe1618185851953,398,figural_single_1_2,1,,0,angular,439.99999999965075,1,single,e_g_13.png,shape,angular
135192,,c7fbf674-7151-4b31-9215-b4523cffdc16,1,XgPvDQOe1618185851953,399,figural_single_1_2,1,,0,round,431.0999999998603,1,single,r_g_01.png,shape,round
135192,,c7fbf674-7151-4b31-9215-b4523cffdc16,1,XgPvDQOe1618185851953,400,figural_single_1_2,1,,0,angular,472.1999999997206,1,single,e_b_08.png,shape,angular
135192,,c7fbf674-7151-4b31-9215-b4523cffdc16,1,XgPvDQOe1618185851953,401,figural_single_1_2,1,,0,angular,481.59999999962747,1,single,e_g_10.png,shape,angular
135192,,c7fbf674-7151-4b31-9215-b4523cffdc16,1,XgPvDQOe1618185851953,402,figural_single_1_2,1,,0,round,468.39999999967404,1,single,r_g_13.png,shape,round
135192,,c7fbf674-7151-4b31-9215-b4523cffdc16,1,XgPvDQOe1618185851953,403,figural_single_1_2,1,,0,angular,461.699999999837,1,single,e_b_01.png,shape,angular
135192,,c7fbf674-7151-4b31-9215-b4523cffdc16,1,XgPvDQOe1618185851953,404,figural_single_1_2,1,,0,angular,473.300000000163,1,single,e_b_06.png,shape,angular
135192,,c7fbf674-7151-4b31-9215-b4523cffdc16,1,XgPvDQOe1618185851953,405,figural_single_1_2,1,,0,round,382.6000000004424,1,single,r_g_10.png,shape,round
135192,,c7fbf674-7151-4b31-9215-b4523cffdc16,1,XgPvDQOe1618185851953,406,figural_single_1_2,1,,0,round,343.5,0,single,e_g_08.png,shape,angular
135192,,c7fbf674-7151-4b31-9215-b4523cffdc16,1,XgPvDQOe1618185851953,407,figural_single_1_2,1,,0,angular,480.8000000002794,1,single,e_g_07.png,shape,angular
135192,,c7fbf674-7151-4b31-9215-b4523cffdc16,1,XgPvDQOe1618185851953,408,figural_single_1_2,1,,0,round,475.10000000009313,1,single,r_b_06.png,shape,round
135192,,c7fbf674-7151-4b31-9215-b4523cffdc16,1,XgPvDQOe1618185851953,409,figural_single_1_2,1,,0,angular,434.80000000004657,1,single,e_g_09.png,shape,angular
135192,,c7fbf674-7151-4b31-9215-b4523cffdc16,1,XgPvDQOe1618185851953,410,figural_single_1_2,1,,0,round,406.89999999990687,1,single,r_b_01.png,shape,round
135192,,c7fbf674-7151-4b31-9215-b4523cffdc16,1,XgPvDQOe1618185851953,411,figural_single_1_2,1,,0,angular,545.100000000326,1,single,e_b_13.png,shape,angular
135192,,c7fbf674-7151-4b31-9215-b4523cffdc16,1,XgPvDQOe1618185851953,412,figural_single_1_2,1,,0,round,331.3000000002794,0,single,e_g_04.png,shape,angular
135192,,c7fbf674-7151-4b31-9215-b4523cffdc16,1,XgPvDQOe1618185851953,413,figural_single_1_2,1,,0,angular,488.0999999999767,1,single,e_g_12.png,shape,angular
135192,,c7fbf674-7151-4b31-9215-b4523cffdc16,1,XgPvDQOe1618185851953,414,figural_single_1_2,1,,0,round,536.600000000326,1,single,r_b_08.png,shape,round
135192,,c7fbf674-7151-4b31-9215-b4523cffdc16,1,XgPvDQOe1618185851953,415,figural_single_1_2,1,,0,angular,492.70000000018626,1,single,e_b_07.png,shape,angular
135192,,c7fbf674-7151-4b31-9215-b4523cffdc16,1,XgPvDQOe1618185851953,416,figural_single_1_2,1,,0,round,417.300000000163,1,single,r_g_03.png,shape,round
135192,,c7fbf674-7151-4b31-9215-b4523cffdc16,1,XgPvDQOe1618185851953,417,figural_single_1_2,1,,0,angular,456.29999999981374,1,single,e_g_06.png,shape,angular
135192,,c7fbf674-7151-4b31-9215-b4523cffdc16,1,XgPvDQOe1618185851953,418,figural_single_1_2,1,,0,round,479.60000000009313,1,single,r_g_16.png,shape,round
135192,,c7fbf674-7151-4b31-9215-b4523cffdc16,1,XgPvDQOe1618185851953,419,figural_single_1_2,1,,0,angular,491.19999999995343,0,single,r_b_05.png,shape,round
135192,,c7fbf674-7151-4b31-9215-b4523cffdc16,1,XgPvDQOe1618185851953,420,figural_single_1_2,1,,0,round,479.80000000004657,0,single,e_g_01.png,shape,angular
135192,,c7fbf674-7151-4b31-9215-b4523cffdc16,1,XgPvDQOe1618185851953,421,figural_single_1_2,1,,0,round,513.3999999997905,1,single,r_g_07.png,shape,round