userCode,extId,moduleId,sessionId,sessionToken,trialId,executableId,session.complete,session.condition,session.forceExit,givenResponse,reactionTime,score,shiftingType,stimulusValue,stimulusType,correctResponse
135169,,c7fbf674-7151-4b31-9215-b4523cffdc16,1,LfsK0UwL1618134865626,1,figural_single_1_practice,1,,0,angular,17290.99999999907,0,single,r_b_10.png,shape,round
135169,,c7fbf674-7151-4b31-9215-b4523cffdc16,1,LfsK0UwL1618134865626,2,figural_single_1_practice,1,,0,angular,15972.400000000373,1,single,e_b_09.png,shape,angular
135169,,c7fbf674-7151-4b31-9215-b4523cffdc16,1,LfsK0UwL1618134865626,3,figural_single_1_practice,1,,0,round,939.7999999979511,1,single,r_b_11.png,shape,round
135169,,c7fbf674-7151-4b31-9215-b4523cffdc16,1,LfsK0UwL1618134865626,4,figural_single_1_practice,1,,0,round,613.7999999988824,1,single,r_g_05.png,shape,round
135169,,c7fbf674-7151-4b31-9215-b4523cffdc16,1,LfsK0UwL1618134865626,5,figural_single_1_practice,1,,0,angular,748.7000000001863,1,single,e_b_14.png,shape,angular
135169,,c7fbf674-7151-4b31-9215-b4523cffdc16,1,LfsK0UwL1618134865626,6,figural_single_1_practice,1,,0,angular,715.6999999992549,1,single,e_g_07.png,shape,angular
135169,,c7fbf674-7151-4b31-9215-b4523cffdc16,1,LfsK0UwL1618134865626,7,figural_single_1_practice,1,,0,angular,671.5,1,single,e_g_12.png,shape,angular
135169,,c7fbf674-7151-4b31-9215-b4523cffdc16,1,LfsK0UwL1618134865626,8,figural_single_1_practice,1,,0,round,497.6000000005588,1,single,r_b_16.png,shape,round
135169,,c7fbf674-7151-4b31-9215-b4523cffdc16,1,LfsK0UwL1618134865626,9,figural_single_1_practice,1,,0,round,677,1,single,r_g_02.png,shape,round
135169,,c7fbf674-7151-4b31-9215-b4523cffdc16,1,LfsK0UwL1618134865626,10,figural_single_1_practice,1,,0,angular,590.8999999994412,1,single,e_b_04.png,shape,angular
135169,,c7fbf674-7151-4b31-9215-b4523cffdc16,1,LfsK0UwL1618134865626,11,figural_single_1_practice,1,,0,angular,642.5,1,single,e_g_06.png,shape,angular
135169,,c7fbf674-7151-4b31-9215-b4523cffdc16,1,LfsK0UwL1618134865626,12,figural_single_1_practice,1,,0,round,550.1999999992549,1,single,r_g_15.png,shape,round
135169,,c7fbf674-7151-4b31-9215-b4523cffdc16,1,LfsK0UwL1618134865626,13,figural_single_1_1,1,,0,round,62629.09999999963,1,single,r_b_01.png,shape,round
135169,,c7fbf674-7151-4b31-9215-b4523cffdc16,1,LfsK0UwL1618134865626,14,figural_single_1_1,1,,0,angular,668.8999999994412,1,single,e_g_11.png,shape,angular
135169,,c7fbf674-7151-4b31-9215-b4523cffdc16,1,LfsK0UwL1618134865626,15,figural_single_1_1,1,,0,round,513.9000000022352,1,single,r_b_10.png,shape,round
135169,,c7fbf674-7151-4b31-9215-b4523cffdc16,1,LfsK0UwL1618134865626,16,figural_single_1_1,1,,0,round,449.59999999962747,1,single,r_b_06.png,shape,round
135169,,c7fbf674-7151-4b31-9215-b4523cffdc16,1,LfsK0UwL1618134865626,17,figural_single_1_1,1,,0,angular,677.3000000016764,1,single,e_g_07.png,shape,angular
135169,,c7fbf674-7151-4b31-9215-b4523cffdc16,1,LfsK0UwL1618134865626,18,figural_single_1_1,1,,0,angular,641.4000000003725,1,single,e_g_13.png,shape,angular
135169,,c7fbf674-7151-4b31-9215-b4523cffdc16,1,LfsK0UwL1618134865626,19,figural_single_1_1,1,,0,round,479.8999999994412,1,single,r_g_06.png,shape,round
135169,,c7fbf674-7151-4b31-9215-b4523cffdc16,1,LfsK0UwL1618134865626,20,figural_single_1_1,1,,0,angular,603.6999999992549,1,single,e_g_16.png,shape,angular
135169,,c7fbf674-7151-4b31-9215-b4523cffdc16,1,LfsK0UwL1618134865626,21,figural_single_1_1,1,,0,angular,19774.900000000373,1,single,e_b_09.png,shape,angular
135169,,c7fbf674-7151-4b31-9215-b4523cffdc16,1,LfsK0UwL1618134865626,22,figural_single_1_1,1,,0,round,8378.600000000559,0,single,e_b_08.png,shape,angular
135169,,c7fbf674-7151-4b31-9215-b4523cffdc16,1,LfsK0UwL1618134865626,23,figural_single_1_1,1,,0,round,1984.199999999255,1,single,r_b_12.png,shape,round
135169,,c7fbf674-7151-4b31-9215-b4523cffdc16,1,LfsK0UwL1618134865626,24,figural_single_1_1,1,,0,angular,1330,1,single,e_b_10.png,shape,angular
135169,,c7fbf674-7151-4b31-9215-b4523cffdc16,1,LfsK0UwL1618134865626,25,figural_single_1_1,1,,0,angular,1808.300000000745,1,single,e_b_05.png,shape,angular
135169,,c7fbf674-7151-4b31-9215-b4523cffdc16,1,LfsK0UwL1618134865626,26,figural_single_1_1,1,,0,round,2145.0999999996275,1,single,r_b_13.png,shape,round
135169,,c7fbf674-7151-4b31-9215-b4523cffdc16,1,LfsK0UwL1618134865626,27,figural_single_1_1,1,,0,round,726.2000000011176,1,single,r_g_15.png,shape,round
135169,,c7fbf674-7151-4b31-9215-b4523cffdc16,1,LfsK0UwL1618134865626,28,figural_single_1_1,1,,0,angular,2140.100000000559,1,single,e_g_09.png,shape,angular
135169,,c7fbf674-7151-4b31-9215-b4523cffdc16,1,LfsK0UwL1618134865626,29,figural_single_1_1,1,,0,round,1157.1000000005588,1,single,r_g_02.png,shape,round
135169,,c7fbf674-7151-4b31-9215-b4523cffdc16,1,LfsK0UwL1618134865626,30,figural_single_1_1,1,,0,round,1071.6000000014901,1,single,r_b_07.png,shape,round
135169,,c7fbf674-7151-4b31-9215-b4523cffdc16,1,LfsK0UwL1618134865626,31,figural_single_1_1,1,,0,angular,1139.800000000745,1,single,e_b_06.png,shape,angular
135169,,c7fbf674-7151-4b31-9215-b4523cffdc16,1,LfsK0UwL1618134865626,32,figural_single_1_1,1,,0,round,3735.5999999996275,1,single,r_b_16.png,shape,round
135169,,c7fbf674-7151-4b31-9215-b4523cffdc16,1,LfsK0UwL1618134865626,33,figural_single_1_1,1,,0,round,1128.699999999255,1,single,r_b_02.png,shape,round
135169,,c7fbf674-7151-4b31-9215-b4523cffdc16,1,LfsK0UwL1618134865626,34,figural_single_1_1,1,,0,angular,1101.7000000011176,1,single,e_g_06.png,shape,angular
135169,,c7fbf674-7151-4b31-9215-b4523cffdc16,1,LfsK0UwL1618134865626,35,figural_single_1_1,1,,0,round,1102.9000000003725,1,single,r_g_03.png,shape,round
135169,,c7fbf674-7151-4b31-9215-b4523cffdc16,1,LfsK0UwL1618134865626,36,figural_single_1_1,1,,0,angular,1278.2999999998137,1,single,e_g_05.png,shape,angular
135169,,c7fbf674-7151-4b31-9215-b4523cffdc16,1,LfsK0UwL1618134865626,37,figural_single_1_1,1,,0,angular,1502.7999999998137,1,single,e_b_13.png,shape,angular
135169,,c7fbf674-7151-4b31-9215-b4523cffdc16,1,LfsK0UwL1618134865626,38,figural_single_1_1,1,,0,angular,1343.0999999996275,1,single,e_g_15.png,shape,angular
135169,,c7fbf674-7151-4b31-9215-b4523cffdc16,1,LfsK0UwL1618134865626,39,figural_single_1_1,1,,0,round,1204.7000000001863,1,single,r_g_08.png,shape,round
135169,,c7fbf674-7151-4b31-9215-b4523cffdc16,1,LfsK0UwL1618134865626,40,figural_single_1_1,1,,0,round,1112.2000000001863,1,single,r_b_05.png,shape,round
135169,,c7fbf674-7151-4b31-9215-b4523cffdc16,1,LfsK0UwL1618134865626,41,figural_single_1_1,1,,0,angular,1383.9000000003725,1,single,e_b_02.png,shape,angular
135169,,c7fbf674-7151-4b31-9215-b4523cffdc16,1,LfsK0UwL1618134865626,42,figural_single_1_1,1,,0,angular,1380.300000000745,1,single,e_g_14.png,shape,angular
135169,,c7fbf674-7151-4b31-9215-b4523cffdc16,1,LfsK0UwL1618134865626,43,figural_single_1_1,1,,0,round,1055,1,single,r_b_03.png,shape,round
135169,,c7fbf674-7151-4b31-9215-b4523cffdc16,1,LfsK0UwL1618134865626,44,figural_single_1_1,1,,0,angular,2267.0999999996275,1,single,e_b_14.png,shape,angular
135169,,c7fbf674-7151-4b31-9215-b4523cffdc16,1,LfsK0UwL1618134865626,45,figural_single_1_1,1,,0,angular,1507.9999999990687,1,single,e_b_04.png,shape,angular
135169,,c7fbf674-7151-4b31-9215-b4523cffdc16,1,LfsK0UwL1618134865626,46,figural_single_1_1,1,,0,angular,2231.8000000016764,1,single,e_b_03.png,shape,angular
135169,,c7fbf674-7151-4b31-9215-b4523cffdc16,1,LfsK0UwL1618134865626,47,figural_single_1_1,1,,0,angular,1224.5000000009313,0,single,r_g_16.png,shape,round
135169,,c7fbf674-7151-4b31-9215-b4523cffdc16,1,LfsK0UwL1618134865626,48,figural_single_1_1,1,,0,round,1154.4000000013039,1,single,r_g_13.png,shape,round
135169,,c7fbf674-7151-4b31-9215-b4523cffdc16,1,LfsK0UwL1618134865626,49,figural_single_1_1,1,,0,round,1583.9999999990687,1,single,r_g_14.png,shape,round
135169,,c7fbf674-7151-4b31-9215-b4523cffdc16,1,LfsK0UwL1618134865626,50,figural_single_1_1,1,,0,round,1214.6000000014901,0,single,e_g_08.png,shape,angular
135169,,c7fbf674-7151-4b31-9215-b4523cffdc16,1,LfsK0UwL1618134865626,51,figural_single_1_1,1,,0,round,12534.300000001676,1,single,r_g_09.png,shape,round
135169,,c7fbf674-7151-4b31-9215-b4523cffdc16,1,LfsK0UwL1618134865626,52,figural_single_1_1,1,,0,round,2194.3000000016764,0,single,e_g_04.png,shape,angular
135169,,c7fbf674-7151-4b31-9215-b4523cffdc16,1,LfsK0UwL1618134865626,53,figural_single_1_1,1,,0,angular,1179.7999999998137,1,single,e_b_15.png,shape,angular
135169,,c7fbf674-7151-4b31-9215-b4523cffdc16,1,LfsK0UwL1618134865626,54,figural_single_1_1,1,,0,angular,34514.800000000745,0,single,r_g_04.png,shape,round
135169,,c7fbf674-7151-4b31-9215-b4523cffdc16,1,LfsK0UwL1618134865626,55,figural_single_1_1,1,,0,angular,3752.2999999998137,1,single,e_b_07.png,shape,angular
135169,,c7fbf674-7151-4b31-9215-b4523cffdc16,1,LfsK0UwL1618134865626,56,figural_single_1_1,1,,0,angular,1242.7000000011176,1,single,e_b_16.png,shape,angular
135169,,c7fbf674-7151-4b31-9215-b4523cffdc16,1,LfsK0UwL1618134865626,57,figural_single_1_1,1,,0,round,1827.800000000745,1,single,r_b_08.png,shape,round
135169,,c7fbf674-7151-4b31-9215-b4523cffdc16,1,LfsK0UwL1618134865626,58,figural_single_1_1,1,,0,angular,1309.5000000009313,1,single,e_g_12.png,shape,angular
135169,,c7fbf674-7151-4b31-9215-b4523cffdc16,1,LfsK0UwL1618134865626,59,figural_single_1_1,1,,0,angular,1343.5000000009313,0,single,r_b_14.png,shape,round
135169,,c7fbf674-7151-4b31-9215-b4523cffdc16,1,LfsK0UwL1618134865626,60,figural_single_1_1,1,,0,round,1155.5000000009313,1,single,r_g_05.png,shape,round
135169,,c7fbf674-7151-4b31-9215-b4523cffdc16,1,LfsK0UwL1618134865626,61,figural_single_1_1,1,,0,round,1039.9999999990687,1,single,r_g_01.png,shape,round
135169,,c7fbf674-7151-4b31-9215-b4523cffdc16,1,LfsK0UwL1618134865626,62,figural_single_1_1,1,,0,angular,1556.5999999996275,1,single,e_g_02.png,shape,angular
135169,,c7fbf674-7151-4b31-9215-b4523cffdc16,1,LfsK0UwL1618134865626,63,figural_single_1_1,1,,0,round,1178.2000000001863,1,single,r_g_11.png,shape,round
135169,,c7fbf674-7151-4b31-9215-b4523cffdc16,1,LfsK0UwL1618134865626,64,figural_single_1_1,1,,0,round,1935,1,single,r_g_10.png,shape,round
135169,,c7fbf674-7151-4b31-9215-b4523cffdc16,1,LfsK0UwL1618134865626,65,figural_single_1_1,1,,0,round,1092.2000000011176,1,single,r_b_04.png,shape,round
135169,,c7fbf674-7151-4b31-9215-b4523cffdc16,1,LfsK0UwL1618134865626,66,figural_single_1_1,1,,0,angular,1198,1,single,e_g_01.png,shape,angular
135169,,c7fbf674-7151-4b31-9215-b4523cffdc16,1,LfsK0UwL1618134865626,67,figural_single_1_1,1,,0,round,1290.7999999988824,1,single,r_b_09.png,shape,round
135169,,c7fbf674-7151-4b31-9215-b4523cffdc16,1,LfsK0UwL1618134865626,68,figural_single_1_1,1,,0,round,1078.4000000003725,1,single,r_b_15.png,shape,round
135169,,c7fbf674-7151-4b31-9215-b4523cffdc16,1,LfsK0UwL1618134865626,69,figural_single_1_1,1,,0,round,1056.8999999994412,1,single,r_g_07.png,shape,round
135169,,c7fbf674-7151-4b31-9215-b4523cffdc16,1,LfsK0UwL1618134865626,70,figural_single_1_1,1,,0,angular,1168.300000000745,1,single,e_b_01.png,shape,angular
135169,,c7fbf674-7151-4b31-9215-b4523cffdc16,1,LfsK0UwL1618134865626,71,figural_single_1_1,1,,0,angular,1514.9000000003725,1,single,e_b_12.png,shape,angular
135169,,c7fbf674-7151-4b31-9215-b4523cffdc16,1,LfsK0UwL1618134865626,72,figural_single_1_1,1,,0,round,1420.8999999994412,1,single,r_b_11.png,shape,round
135169,,c7fbf674-7151-4b31-9215-b4523cffdc16,1,LfsK0UwL1618134865626,73,figural_single_1_1,1,,0,round,1168.5000000009313,1,single,r_g_12.png,shape,round
135169,,c7fbf674-7151-4b31-9215-b4523cffdc16,1,LfsK0UwL1618134865626,74,figural_single_1_1,1,,0,angular,1749.9000000013039,1,single,e_g_03.png,shape,angular
135169,,c7fbf674-7151-4b31-9215-b4523cffdc16,1,LfsK0UwL1618134865626,75,figural_single_1_1,1,,0,round,1086.6000000005588,0,single,e_g_10.png,shape,angular
135169,,c7fbf674-7151-4b31-9215-b4523cffdc16,1,LfsK0UwL1618134865626,76,figural_single_1_1,1,,0,angular,1125.2000000001863,1,single,e_b_11.png,shape,angular
135169,,c7fbf674-7151-4b31-9215-b4523cffdc16,1,LfsK0UwL1618134865626,77,figural_single_2_practice,1,,0,blue,28327.00000000093,1,single,r_b_07.png,color,blue
135169,,c7fbf674-7151-4b31-9215-b4523cffdc16,1,LfsK0UwL1618134865626,78,figural_single_2_practice,1,,0,green,640.1999999992549,1,single,r_g_09.png,color,green
135169,,c7fbf674-7151-4b31-9215-b4523cffdc16,1,LfsK0UwL1618134865626,79,figural_single_2_practice,1,,0,green,520.2999999998137,1,single,e_g_04.png,color,green
135169,,c7fbf674-7151-4b31-9215-b4523cffdc16,1,LfsK0UwL1618134865626,80,figural_single_2_practice,1,,0,blue,385.29999999981374,1,single,r_b_14.png,color,blue
135169,,c7fbf674-7151-4b31-9215-b4523cffdc16,1,LfsK0UwL1618134865626,81,figural_single_2_practice,1,,0,blue,453.7999999988824,1,single,e_b_06.png,color,blue
135169,,c7fbf674-7151-4b31-9215-b4523cffdc16,1,LfsK0UwL1618134865626,82,figural_single_2_practice,1,,0,green,401.5,1,single,e_g_10.png,color,green
135169,,c7fbf674-7151-4b31-9215-b4523cffdc16,1,LfsK0UwL1618134865626,83,figural_single_2_practice,1,,0,blue,396.0000000009313,1,single,e_b_16.png,color,blue
135169,,c7fbf674-7151-4b31-9215-b4523cffdc16,1,LfsK0UwL1618134865626,84,figural_single_2_practice,1,,0,green,535.2999999988824,1,single,e_g_08.png,color,green
135169,,c7fbf674-7151-4b31-9215-b4523cffdc16,1,LfsK0UwL1618134865626,85,figural_single_2_practice,1,,0,blue,398.5,1,single,e_b_02.png,color,blue
135169,,c7fbf674-7151-4b31-9215-b4523cffdc16,1,LfsK0UwL1618134865626,86,figural_single_2_practice,1,,0,blue,438.40000000037253,0,single,r_g_03.png,color,green
135169,,c7fbf674-7151-4b31-9215-b4523cffdc16,1,LfsK0UwL1618134865626,87,figural_single_2_practice,1,,0,blue,494.6000000005588,1,single,r_b_13.png,color,blue
135169,,c7fbf674-7151-4b31-9215-b4523cffdc16,1,LfsK0UwL1618134865626,88,figural_single_2_practice,1,,0,green,485.5,1,single,r_g_01.png,color,green
135169,,c7fbf674-7151-4b31-9215-b4523cffdc16,1,LfsK0UwL1618134865626,89,figural_single_2_1,1,,0,blue,614.5999999986961,0,single,r_g_07.png,color,green
135169,,c7fbf674-7151-4b31-9215-b4523cffdc16,1,LfsK0UwL1618134865626,90,figural_single_2_1,1,,0,blue,477.7000000011176,1,single,r_b_03.png,color,blue
135169,,c7fbf674-7151-4b31-9215-b4523cffdc16,1,LfsK0UwL1618134865626,91,figural_single_2_1,1,,0,green,1347.6000000005588,1,single,r_g_08.png,color,green
135169,,c7fbf674-7151-4b31-9215-b4523cffdc16,1,LfsK0UwL1618134865626,92,figural_single_2_1,1,,0,green,446.40000000037253,1,single,e_g_01.png,color,green
135169,,c7fbf674-7151-4b31-9215-b4523cffdc16,1,LfsK0UwL1618134865626,93,figural_single_2_1,1,,0,green,387.3999999994412,1,single,e_g_09.png,color,green
135169,,c7fbf674-7151-4b31-9215-b4523cffdc16,1,LfsK0UwL1618134865626,94,figural_single_2_1,1,,0,blue,394.59999999962747,1,single,r_b_08.png,color,blue
135169,,c7fbf674-7151-4b31-9215-b4523cffdc16,1,LfsK0UwL1618134865626,95,figural_single_2_1,1,,0,blue,397.59999999869615,1,single,e_b_03.png,color,blue
135169,,c7fbf674-7151-4b31-9215-b4523cffdc16,1,LfsK0UwL1618134865626,96,figural_single_2_1,1,,0,green,1947.699999999255,1,single,e_g_07.png,color,green
135169,,c7fbf674-7151-4b31-9215-b4523cffdc16,1,LfsK0UwL1618134865626,97,figural_single_2_1,1,,0,green,402.79999999981374,0,single,e_b_02.png,color,blue
135169,,c7fbf674-7151-4b31-9215-b4523cffdc16,1,LfsK0UwL1618134865626,98,figural_single_2_1,1,,0,green,673.5000000009313,1,single,e_g_04.png,color,green
135169,,c7fbf674-7151-4b31-9215-b4523cffdc16,1,LfsK0UwL1618134865626,99,figural_single_2_1,1,,0,green,1810.9999999990687,1,single,r_g_06.png,color,green
135169,,c7fbf674-7151-4b31-9215-b4523cffdc16,1,LfsK0UwL1618134865626,100,figural_single_2_1,1,,0,blue,411.90000000037253,1,single,e_b_08.png,color,blue
135169,,c7fbf674-7151-4b31-9215-b4523cffdc16,1,LfsK0UwL1618134865626,101,figural_single_2_1,1,,0,blue,1206.1000000014901,0,single,e_g_16.png,color,green
135169,,c7fbf674-7151-4b31-9215-b4523cffdc16,1,LfsK0UwL1618134865626,102,figural_single_2_1,1,,0,blue,445.09999999869615,1,single,e_b_06.png,color,blue
135169,,c7fbf674-7151-4b31-9215-b4523cffdc16,1,LfsK0UwL1618134865626,103,figural_single_2_1,1,,0,blue,393.70000000018626,1,single,e_b_04.png,color,blue
135169,,c7fbf674-7151-4b31-9215-b4523cffdc16,1,LfsK0UwL1618134865626,104,figural_single_2_1,1,,0,green,424.70000000018626,1,single,r_g_10.png,color,green
135169,,c7fbf674-7151-4b31-9215-b4523cffdc16,1,LfsK0UwL1618134865626,105,figural_single_2_1,1,,0,green,422,0,single,e_b_12.png,color,blue
135169,,c7fbf674-7151-4b31-9215-b4523cffdc16,1,LfsK0UwL1618134865626,106,figural_single_2_1,1,,0,blue,524.1000000005588,1,single,r_b_09.png,color,blue
135169,,c7fbf674-7151-4b31-9215-b4523cffdc16,1,LfsK0UwL1618134865626,107,figural_single_2_1,1,,0,green,477.7000000011176,1,single,r_g_15.png,color,green
135169,,c7fbf674-7151-4b31-9215-b4523cffdc16,1,LfsK0UwL1618134865626,108,figural_single_2_1,1,,0,green,412.29999999981374,1,single,e_g_08.png,color,green
135169,,c7fbf674-7151-4b31-9215-b4523cffdc16,1,LfsK0UwL1618134865626,109,figural_single_2_1,1,,0,blue,378.5000000009313,1,single,e_b_11.png,color,blue
135169,,c7fbf674-7151-4b31-9215-b4523cffdc16,1,LfsK0UwL1618134865626,110,figural_single_2_1,1,,0,blue,370.40000000037253,1,single,r_b_13.png,color,blue
135169,,c7fbf674-7151-4b31-9215-b4523cffdc16,1,LfsK0UwL1618134865626,111,figural_single_2_1,1,,0,blue,432.5,1,single,r_b_12.png,color,blue
135169,,c7fbf674-7151-4b31-9215-b4523cffdc16,1,LfsK0UwL1618134865626,112,figural_single_2_1,1,,0,blue,465.1000000005588,1,single,r_b_15.png,color,blue
135169,,c7fbf674-7151-4b31-9215-b4523cffdc16,1,LfsK0UwL1618134865626,113,figural_single_2_1,1,,0,green,476.29999999981374,1,single,e_g_05.png,color,green
135169,,c7fbf674-7151-4b31-9215-b4523cffdc16,1,LfsK0UwL1618134865626,114,figural_single_2_1,1,,0,green,682.0999999996275,1,single,r_g_12.png,color,green
135169,,c7fbf674-7151-4b31-9215-b4523cffdc16,1,LfsK0UwL1618134865626,115,figural_single_2_1,1,,0,blue,510.1000000014901,1,single,r_b_02.png,color,blue
135169,,c7fbf674-7151-4b31-9215-b4523cffdc16,1,LfsK0UwL1618134865626,116,figural_single_2_1,1,,0,blue,1830.2999999998137,1,single,r_b_01.png,color,blue
135169,,c7fbf674-7151-4b31-9215-b4523cffdc16,1,LfsK0UwL1618134865626,117,figural_single_2_1,1,,0,blue,439.1000000014901,1,single,r_b_07.png,color,blue
135169,,c7fbf674-7151-4b31-9215-b4523cffdc16,1,LfsK0UwL1618134865626,118,figural_single_2_1,1,,0,green,524.9999999990687,1,single,e_g_15.png,color,green
135169,,c7fbf674-7151-4b31-9215-b4523cffdc16,1,LfsK0UwL1618134865626,119,figural_single_2_1,1,,0,green,1281.9000000003725,1,single,e_g_11.png,color,green
135169,,c7fbf674-7151-4b31-9215-b4523cffdc16,1,LfsK0UwL1618134865626,120,figural_single_2_1,1,,0,blue,518.0999999996275,1,single,e_b_07.png,color,blue
135169,,c7fbf674-7151-4b31-9215-b4523cffdc16,1,LfsK0UwL1618134865626,121,figural_single_2_1,1,,0,green,666.1999999992549,1,single,r_g_04.png,color,green
135169,,c7fbf674-7151-4b31-9215-b4523cffdc16,1,LfsK0UwL1618134865626,122,figural_single_2_1,1,,0,green,482.59999999962747,1,single,e_g_02.png,color,green
135169,,c7fbf674-7151-4b31-9215-b4523cffdc16,1,LfsK0UwL1618134865626,123,figural_single_2_1,1,,0,blue,483.29999999981374,1,single,e_b_01.png,color,blue
135169,,c7fbf674-7151-4b31-9215-b4523cffdc16,1,LfsK0UwL1618134865626,124,figural_single_2_1,1,,0,blue,524.5999999986961,1,single,r_b_05.png,color,blue
135169,,c7fbf674-7151-4b31-9215-b4523cffdc16,1,LfsK0UwL1618134865626,125,figural_single_2_1,1,,0,green,532.6000000005588,1,single,e_g_03.png,color,green
135169,,c7fbf674-7151-4b31-9215-b4523cffdc16,1,LfsK0UwL1618134865626,126,figural_single_2_1,1,,0,blue,527.5,1,single,r_b_04.png,color,blue
135169,,c7fbf674-7151-4b31-9215-b4523cffdc16,1,LfsK0UwL1618134865626,127,figural_single_2_1,1,,0,green,561.2000000001863,1,single,e_g_06.png,color,green
135169,,c7fbf674-7151-4b31-9215-b4523cffdc16,1,LfsK0UwL1618134865626,128,figural_single_2_1,1,,0,green,515.7000000001863,1,single,e_g_12.png,color,green
135169,,c7fbf674-7151-4b31-9215-b4523cffdc16,1,LfsK0UwL1618134865626,129,figural_single_2_1,1,,0,green,857.5999999996275,1,single,r_g_14.png,color,green
135169,,c7fbf674-7151-4b31-9215-b4523cffdc16,1,LfsK0UwL1618134865626,130,figural_single_2_1,1,,0,blue,2026.2999999988824,1,single,e_b_09.png,color,blue
135169,,c7fbf674-7151-4b31-9215-b4523cffdc16,1,LfsK0UwL1618134865626,131,figural_single_2_1,1,,0,blue,32034.599999998696,1,single,e_b_16.png,color,blue
135169,,c7fbf674-7151-4b31-9215-b4523cffdc16,1,LfsK0UwL1618134865626,132,figural_single_2_1,1,,0,green,99864.5,1,single,r_g_01.png,color,green
135169,,c7fbf674-7151-4b31-9215-b4523cffdc16,1,LfsK0UwL1618134865626,133,figural_single_2_1,1,,0,green,1132.800000000745,1,single,r_g_09.png,color,green
135169,,c7fbf674-7151-4b31-9215-b4523cffdc16,1,LfsK0UwL1618134865626,134,figural_single_2_1,1,,0,green,4167.499999999069,1,single,e_g_13.png,color,green
135169,,c7fbf674-7151-4b31-9215-b4523cffdc16,1,LfsK0UwL1618134865626,135,figural_single_2_1,1,,0,blue,3707.4999999981374,1,single,r_b_06.png,color,blue
135169,,c7fbf674-7151-4b31-9215-b4523cffdc16,1,LfsK0UwL1618134865626,136,figural_single_2_1,1,,0,blue,548.8999999994412,1,single,r_b_14.png,color,blue
135169,,c7fbf674-7151-4b31-9215-b4523cffdc16,1,LfsK0UwL1618134865626,137,figural_single_2_1,1,,0,green,478.40000000037253,1,single,r_g_05.png,color,green
135169,,c7fbf674-7151-4b31-9215-b4523cffdc16,1,LfsK0UwL1618134865626,138,figural_single_2_1,1,,0,green,497.20000000018626,1,single,e_g_10.png,color,green
135169,,c7fbf674-7151-4b31-9215-b4523cffdc16,1,LfsK0UwL1618134865626,139,figural_single_2_1,1,,0,green,389.8000000016764,1,single,r_g_02.png,color,green
135169,,c7fbf674-7151-4b31-9215-b4523cffdc16,1,LfsK0UwL1618134865626,140,figural_single_2_1,1,,0,blue,529.3000000007451,1,single,e_b_10.png,color,blue
135169,,c7fbf674-7151-4b31-9215-b4523cffdc16,1,LfsK0UwL1618134865626,141,figural_single_2_1,1,,0,blue,367.80000000074506,1,single,r_b_16.png,color,blue
135169,,c7fbf674-7151-4b31-9215-b4523cffdc16,1,LfsK0UwL1618134865626,142,figural_single_2_1,1,,0,green,376.29999999981374,1,single,r_g_11.png,color,green
135169,,c7fbf674-7151-4b31-9215-b4523cffdc16,1,LfsK0UwL1618134865626,143,figural_single_2_1,1,,0,green,419.90000000037253,1,single,r_g_03.png,color,green
135169,,c7fbf674-7151-4b31-9215-b4523cffdc16,1,LfsK0UwL1618134865626,144,figural_single_2_1,1,,0,blue,386.09999999962747,1,single,e_b_14.png,color,blue
135169,,c7fbf674-7151-4b31-9215-b4523cffdc16,1,LfsK0UwL1618134865626,145,figural_single_2_1,1,,0,blue,396.79999999981374,1,single,e_b_13.png,color,blue
135169,,c7fbf674-7151-4b31-9215-b4523cffdc16,1,LfsK0UwL1618134865626,146,figural_single_2_1,1,,0,blue,7582.800000000745,1,single,r_b_10.png,color,blue
135169,,c7fbf674-7151-4b31-9215-b4523cffdc16,1,LfsK0UwL1618134865626,147,figural_single_2_1,1,,0,green,514.5,1,single,e_g_14.png,color,green
135169,,c7fbf674-7151-4b31-9215-b4523cffdc16,1,LfsK0UwL1618134865626,148,figural_single_2_1,1,,0,blue,427,1,single,e_b_15.png,color,blue
135169,,c7fbf674-7151-4b31-9215-b4523cffdc16,1,LfsK0UwL1618134865626,149,figural_single_2_1,1,,0,blue,372.70000000018626,1,single,e_b_05.png,color,blue
135169,,c7fbf674-7151-4b31-9215-b4523cffdc16,1,LfsK0UwL1618134865626,150,figural_single_2_1,1,,0,blue,377.0000000009313,1,single,r_b_11.png,color,blue
135169,,c7fbf674-7151-4b31-9215-b4523cffdc16,1,LfsK0UwL1618134865626,151,figural_single_2_1,1,,0,green,383,1,single,r_g_13.png,color,green
135169,,c7fbf674-7151-4b31-9215-b4523cffdc16,1,LfsK0UwL1618134865626,152,figural_single_2_1,1,,0,green,358.8999999985099,1,single,r_g_16.png,color,green
135169,,c7fbf674-7151-4b31-9215-b4523cffdc16,1,LfsK0UwL1618134865626,153,figural_mixed_practice,1,,0,angular,578.6999999992549,1,start,e_g_13.png,shape,angular
135169,,c7fbf674-7151-4b31-9215-b4523cffdc16,1,LfsK0UwL1618134865626,154,figural_mixed_practice,1,,0,angular,1048.199999999255,1,repetition,e_g_15.png,shape,angular
135169,,c7fbf674-7151-4b31-9215-b4523cffdc16,1,LfsK0UwL1618134865626,155,figural_mixed_practice,1,,0,green,1228.6000000005588,0,switch,r_b_02.png,color,blue
135169,,c7fbf674-7151-4b31-9215-b4523cffdc16,1,LfsK0UwL1618134865626,156,figural_mixed_practice,1,,0,green,1092.300000000745,1,repetition,r_g_10.png,color,green
135169,,c7fbf674-7151-4b31-9215-b4523cffdc16,1,LfsK0UwL1618134865626,157,figural_mixed_practice,1,,0,round,769.5999999996275,1,switch,r_b_03.png,shape,round
135169,,c7fbf674-7151-4b31-9215-b4523cffdc16,1,LfsK0UwL1618134865626,158,figural_mixed_practice,1,,0,blue,1257.9000000003725,1,switch,e_b_11.png,color,blue
135169,,c7fbf674-7151-4b31-9215-b4523cffdc16,1,LfsK0UwL1618134865626,159,figural_mixed_practice,1,,0,green,746.8000000007451,1,repetition,r_g_06.png,color,green
135169,,c7fbf674-7151-4b31-9215-b4523cffdc16,1,LfsK0UwL1618134865626,160,figural_mixed_practice,1,,0,round,708.5,1,switch,r_b_08.png,shape,round
135169,,c7fbf674-7151-4b31-9215-b4523cffdc16,1,LfsK0UwL1618134865626,161,figural_mixed_practice,1,,0,angular,796,1,repetition,e_b_12.png,shape,angular
135169,,c7fbf674-7151-4b31-9215-b4523cffdc16,1,LfsK0UwL1618134865626,162,figural_mixed_practice,1,,0,round,731.0999999986961,1,repetition,r_g_04.png,shape,round
135169,,c7fbf674-7151-4b31-9215-b4523cffdc16,1,LfsK0UwL1618134865626,163,figural_mixed_practice,1,,0,blue,810.4000000003725,1,switch,e_b_01.png,color,blue
135169,,c7fbf674-7151-4b31-9215-b4523cffdc16,1,LfsK0UwL1618134865626,164,figural_mixed_practice,1,,0,green,3323.199999999255,1,repetition,e_g_05.png,color,green
135169,,c7fbf674-7151-4b31-9215-b4523cffdc16,1,LfsK0UwL1618134865626,165,figural_mixed,1,,0,green,1360.3999999994412,1,start,r_g_12.png,color,green
135169,,c7fbf674-7151-4b31-9215-b4523cffdc16,1,LfsK0UwL1618134865626,166,figural_mixed,1,,0,green,1337.199999999255,1,repetition,e_g_16.png,color,green
135169,,c7fbf674-7151-4b31-9215-b4523cffdc16,1,LfsK0UwL1618134865626,167,figural_mixed,1,,0,round,618.7000000011176,1,switch,r_b_01.png,shape,round
135169,,c7fbf674-7151-4b31-9215-b4523cffdc16,1,LfsK0UwL1618134865626,168,figural_mixed,1,,0,green,833.7999999979511,0,switch,e_b_10.png,color,blue
135169,,c7fbf674-7151-4b31-9215-b4523cffdc16,1,LfsK0UwL1618134865626,169,figural_mixed,1,,0,round,1042.9000000003725,1,switch,r_g_07.png,shape,round
135169,,c7fbf674-7151-4b31-9215-b4523cffdc16,1,LfsK0UwL1618134865626,170,figural_mixed,1,,0,angular,1138.8999999994412,1,repetition,e_g_16.png,shape,angular
135169,,c7fbf674-7151-4b31-9215-b4523cffdc16,1,LfsK0UwL1618134865626,171,figural_mixed,1,,0,round,645.3999999994412,0,repetition,e_b_11.png,shape,angular
135169,,c7fbf674-7151-4b31-9215-b4523cffdc16,1,LfsK0UwL1618134865626,172,figural_mixed,1,,0,blue,1036.6999999983236,1,switch,e_b_12.png,color,blue
135169,,c7fbf674-7151-4b31-9215-b4523cffdc16,1,LfsK0UwL1618134865626,173,figural_mixed,1,,0,blue,739.4999999990687,1,repetition,r_b_05.png,color,blue
135169,,c7fbf674-7151-4b31-9215-b4523cffdc16,1,LfsK0UwL1618134865626,174,figural_mixed,1,,0,angular,788.7000000001863,1,switch,e_b_15.png,shape,angular
135169,,c7fbf674-7151-4b31-9215-b4523cffdc16,1,LfsK0UwL1618134865626,175,figural_mixed,1,,0,round,1024.7000000001863,1,repetition,r_g_01.png,shape,round
135169,,c7fbf674-7151-4b31-9215-b4523cffdc16,1,LfsK0UwL1618134865626,176,figural_mixed,1,,0,blue,983.5,0,switch,r_g_11.png,color,green
135169,,c7fbf674-7151-4b31-9215-b4523cffdc16,1,LfsK0UwL1618134865626,177,figural_mixed,1,,0,blue,961.0000000018626,1,repetition,e_b_14.png,color,blue
135169,,c7fbf674-7151-4b31-9215-b4523cffdc16,1,LfsK0UwL1618134865626,178,figural_mixed,1,,0,green,1004.8000000007451,1,repetition,r_g_05.png,color,green
135169,,c7fbf674-7151-4b31-9215-b4523cffdc16,1,LfsK0UwL1618134865626,179,figural_mixed,1,,0,round,1004.9000000003725,0,switch,e_g_09.png,shape,angular
135169,,c7fbf674-7151-4b31-9215-b4523cffdc16,1,LfsK0UwL1618134865626,180,figural_mixed,1,,0,round,926.3999999975786,1,repetition,r_b_04.png,shape,round
135169,,c7fbf674-7151-4b31-9215-b4523cffdc16,1,LfsK0UwL1618134865626,181,figural_mixed,1,,0,round,726.0999999996275,1,repetition,r_g_12.png,shape,round
135169,,c7fbf674-7151-4b31-9215-b4523cffdc16,1,LfsK0UwL1618134865626,182,figural_mixed,1,,0,round,722.2000000001863,1,repetition,r_b_02.png,shape,round
135169,,c7fbf674-7151-4b31-9215-b4523cffdc16,1,LfsK0UwL1618134865626,183,figural_mixed,1,,0,blue,748,0,switch,r_g_04.png,color,green
135169,,c7fbf674-7151-4b31-9215-b4523cffdc16,1,LfsK0UwL1618134865626,184,figural_mixed,1,,0,blue,607.6000000014901,1,repetition,e_b_02.png,color,blue
135169,,c7fbf674-7151-4b31-9215-b4523cffdc16,1,LfsK0UwL1618134865626,185,figural_mixed,1,,0,blue,523.0999999996275,1,repetition,r_b_16.png,color,blue
135169,,c7fbf674-7151-4b31-9215-b4523cffdc16,1,LfsK0UwL1618134865626,186,figural_mixed,1,,0,angular,1114.2999999998137,1,switch,e_g_03.png,shape,angular
135169,,c7fbf674-7151-4b31-9215-b4523cffdc16,1,LfsK0UwL1618134865626,187,figural_mixed,1,,0,blue,1197.8999999994412,1,switch,r_b_10.png,color,blue
135169,,c7fbf674-7151-4b31-9215-b4523cffdc16,1,LfsK0UwL1618134865626,188,figural_mixed,1,,0,green,1103,1,repetition,e_g_03.png,color,green
135169,,c7fbf674-7151-4b31-9215-b4523cffdc16,1,LfsK0UwL1618134865626,189,figural_mixed,1,,0,green,892.8999999994412,1,repetition,r_g_06.png,color,green
135169,,c7fbf674-7151-4b31-9215-b4523cffdc16,1,LfsK0UwL1618134865626,190,figural_mixed,1,,0,round,983.5999999996275,1,switch,r_b_09.png,shape,round
135169,,c7fbf674-7151-4b31-9215-b4523cffdc16,1,LfsK0UwL1618134865626,191,figural_mixed,1,,0,blue,958.2999999979511,1,switch,r_b_02.png,color,blue
135169,,c7fbf674-7151-4b31-9215-b4523cffdc16,1,LfsK0UwL1618134865626,192,figural_mixed,1,,0,blue,786.1999999983236,0,repetition,r_g_01.png,color,green
135169,,c7fbf674-7151-4b31-9215-b4523cffdc16,1,LfsK0UwL1618134865626,193,figural_mixed,1,,0,angular,875.8000000016764,1,switch,e_g_07.png,shape,angular
135169,,c7fbf674-7151-4b31-9215-b4523cffdc16,1,LfsK0UwL1618134865626,194,figural_mixed,1,,0,green,1028.5999999996275,0,switch,r_b_13.png,color,blue
135169,,c7fbf674-7151-4b31-9215-b4523cffdc16,1,LfsK0UwL1618134865626,195,figural_mixed,1,,0,round,736.7000000011176,0,switch,e_b_14.png,shape,angular
135169,,c7fbf674-7151-4b31-9215-b4523cffdc16,1,LfsK0UwL1618134865626,196,figural_mixed,1,,0,angular,3065.0999999996275,0,repetition,r_g_09.png,shape,round
135169,,c7fbf674-7151-4b31-9215-b4523cffdc16,1,LfsK0UwL1618134865626,197,figural_mixed,1,,0,round,2001.7999999998137,1,repetition,r_b_11.png,shape,round
135169,,c7fbf674-7151-4b31-9215-b4523cffdc16,1,LfsK0UwL1618134865626,198,figural_mixed,1,,0,green,875.4000000013039,1,switch,r_g_07.png,color,green
135169,,c7fbf674-7151-4b31-9215-b4523cffdc16,1,LfsK0UwL1618134865626,199,figural_mixed,1,,0,angular,1022.2999999998137,1,switch,e_b_04.png,shape,angular
135169,,c7fbf674-7151-4b31-9215-b4523cffdc16,1,LfsK0UwL1618134865626,200,figural_mixed,1,,0,round,761.3000000007451,1,repetition,r_g_14.png,shape,round
135169,,c7fbf674-7151-4b31-9215-b4523cffdc16,1,LfsK0UwL1618134865626,201,figural_mixed,1,,0,blue,802.7000000001863,1,switch,e_b_09.png,color,blue
135169,,c7fbf674-7151-4b31-9215-b4523cffdc16,1,LfsK0UwL1618134865626,202,figural_mixed,1,,0,angular,1123.2999999988824,1,switch,e_g_10.png,shape,angular
135169,,c7fbf674-7151-4b31-9215-b4523cffdc16,1,LfsK0UwL1618134865626,203,figural_mixed,1,,0,green,1072.7000000011176,1,switch,r_g_15.png,color,green
135169,,c7fbf674-7151-4b31-9215-b4523cffdc16,1,LfsK0UwL1618134865626,204,figural_mixed,1,,0,green,909.0000000018626,1,repetition,e_g_14.png,color,green
135169,,c7fbf674-7151-4b31-9215-b4523cffdc16,1,LfsK0UwL1618134865626,205,figural_mixed,1,,0,blue,808.9999999990687,1,repetition,r_b_07.png,color,blue
135169,,c7fbf674-7151-4b31-9215-b4523cffdc16,1,LfsK0UwL1618134865626,206,figural_mixed,1,,0,blue,871.1000000005588,1,repetition,r_b_09.png,color,blue
135169,,c7fbf674-7151-4b31-9215-b4523cffdc16,1,LfsK0UwL1618134865626,207,figural_mixed,1,,0,angular,669.9000000003725,1,switch,e_g_14.png,shape,angular
135169,,c7fbf674-7151-4b31-9215-b4523cffdc16,1,LfsK0UwL1618134865626,208,figural_mixed,1,,0,angular,957.3999999994412,1,repetition,e_g_13.png,shape,angular
135169,,c7fbf674-7151-4b31-9215-b4523cffdc16,1,LfsK0UwL1618134865626,209,figural_mixed,1,,0,blue,929.8999999994412,1,switch,e_b_04.png,color,blue
135169,,c7fbf674-7151-4b31-9215-b4523cffdc16,1,LfsK0UwL1618134865626,210,figural_mixed,1,,0,green,671.5999999996275,1,repetition,e_g_10.png,color,green
135169,,c7fbf674-7151-4b31-9215-b4523cffdc16,1,LfsK0UwL1618134865626,211,figural_mixed,1,,0,green,928.5999999986961,1,repetition,e_g_04.png,color,green
135169,,c7fbf674-7151-4b31-9215-b4523cffdc16,1,LfsK0UwL1618134865626,212,figural_mixed,1,,0,angular,913.3000000007451,1,switch,e_b_07.png,shape,angular
135169,,c7fbf674-7151-4b31-9215-b4523cffdc16,1,LfsK0UwL1618134865626,213,figural_mixed,1,,0,round,1029.7000000011176,1,repetition,r_g_11.png,shape,round
135169,,c7fbf674-7151-4b31-9215-b4523cffdc16,1,LfsK0UwL1618134865626,214,figural_mixed,1,,0,round,749.7999999998137,1,repetition,r_g_04.png,shape,round
135169,,c7fbf674-7151-4b31-9215-b4523cffdc16,1,LfsK0UwL1618134865626,215,figural_mixed,1,,0,angular,896.8999999994412,1,repetition,e_g_15.png,shape,angular
135169,,c7fbf674-7151-4b31-9215-b4523cffdc16,1,LfsK0UwL1618134865626,216,figural_mixed,1,,0,green,1047.699999999255,1,switch,e_g_11.png,color,green
135169,,c7fbf674-7151-4b31-9215-b4523cffdc16,1,LfsK0UwL1618134865626,217,figural_mixed,1,,0,round,1048.1000000005588,1,switch,r_g_08.png,shape,round
135169,,c7fbf674-7151-4b31-9215-b4523cffdc16,1,LfsK0UwL1618134865626,218,figural_mixed,1,,0,round,815.1000000024214,1,repetition,r_g_10.png,shape,round
135169,,c7fbf674-7151-4b31-9215-b4523cffdc16,1,LfsK0UwL1618134865626,219,figural_mixed,1,,0,green,905.3000000007451,1,switch,e_g_15.png,color,green
135169,,c7fbf674-7151-4b31-9215-b4523cffdc16,1,LfsK0UwL1618134865626,220,figural_mixed,1,,0,green,1069.2000000001863,1,repetition,r_g_02.png,color,green
135169,,c7fbf674-7151-4b31-9215-b4523cffdc16,1,LfsK0UwL1618134865626,221,figural_mixed,1,,0,angular,1014.5000000009313,1,switch,e_b_01.png,shape,angular
135169,,c7fbf674-7151-4b31-9215-b4523cffdc16,1,LfsK0UwL1618134865626,222,figural_mixed,1,,0,blue,1118.5000000009313,1,switch,e_b_15.png,color,blue
135169,,c7fbf674-7151-4b31-9215-b4523cffdc16,1,LfsK0UwL1618134865626,223,figural_mixed,1,,0,blue,569.5,1,repetition,e_b_03.png,color,blue
135169,,c7fbf674-7151-4b31-9215-b4523cffdc16,1,LfsK0UwL1618134865626,224,figural_mixed,1,,0,blue,570.3999999985099,1,repetition,e_b_01.png,color,blue
135169,,c7fbf674-7151-4b31-9215-b4523cffdc16,1,LfsK0UwL1618134865626,225,figural_mixed,1,,0,round,1130.9000000003725,1,switch,r_g_02.png,shape,round
135169,,c7fbf674-7151-4b31-9215-b4523cffdc16,1,LfsK0UwL1618134865626,226,figural_mixed,1,,0,green,771.0999999996275,1,switch,e_g_05.png,color,green
135169,,c7fbf674-7151-4b31-9215-b4523cffdc16,1,LfsK0UwL1618134865626,227,figural_mixed,1,,0,round,903.8999999985099,1,switch,r_b_06.png,shape,round
135169,,c7fbf674-7151-4b31-9215-b4523cffdc16,1,LfsK0UwL1618134865626,228,figural_mixed,1,,0,green,897.9999999990687,1,switch,e_g_08.png,color,green
135169,,c7fbf674-7151-4b31-9215-b4523cffdc16,1,LfsK0UwL1618134865626,229,figural_mixed,1,,0,green,830.2000000011176,1,repetition,e_g_02.png,color,green
135169,,c7fbf674-7151-4b31-9215-b4523cffdc16,1,LfsK0UwL1618134865626,230,figural_mixed,1,,0,blue,705.7000000011176,1,repetition,e_b_06.png,color,blue
135169,,c7fbf674-7151-4b31-9215-b4523cffdc16,1,LfsK0UwL1618134865626,231,figural_mixed,1,,0,angular,764.2999999988824,1,switch,e_b_08.png,shape,angular
135169,,c7fbf674-7151-4b31-9215-b4523cffdc16,1,LfsK0UwL1618134865626,232,figural_mixed,1,,0,green,991.2000000001863,1,switch,r_g_09.png,color,green
135169,,c7fbf674-7151-4b31-9215-b4523cffdc16,1,LfsK0UwL1618134865626,233,figural_mixed,1,,0,blue,919.6000000014901,1,repetition,e_b_13.png,color,blue
135169,,c7fbf674-7151-4b31-9215-b4523cffdc16,1,LfsK0UwL1618134865626,234,figural_mixed,1,,0,round,1016.5999999996275,1,switch,r_b_10.png,shape,round
135169,,c7fbf674-7151-4b31-9215-b4523cffdc16,1,LfsK0UwL1618134865626,235,figural_mixed,1,,0,round,881.8000000007451,1,repetition,r_b_13.png,shape,round
135169,,c7fbf674-7151-4b31-9215-b4523cffdc16,1,LfsK0UwL1618134865626,236,figural_mixed,1,,0,blue,3274.2000000001863,1,switch,e_b_11.png,color,blue
135169,,c7fbf674-7151-4b31-9215-b4523cffdc16,1,LfsK0UwL1618134865626,237,figural_mixed,1,,0,green,813.8999999994412,1,repetition,r_g_08.png,color,green
135169,,c7fbf674-7151-4b31-9215-b4523cffdc16,1,LfsK0UwL1618134865626,238,figural_mixed,1,,0,round,1894.2999999998137,0,switch,e_b_10.png,shape,angular
135169,,c7fbf674-7151-4b31-9215-b4523cffdc16,1,LfsK0UwL1618134865626,239,figural_mixed,1,,0,angular,19102.199999999255,1,repetition,e_g_06.png,shape,angular
135169,,c7fbf674-7151-4b31-9215-b4523cffdc16,1,LfsK0UwL1618134865626,240,figural_mixed,1,,0,angular,842.9999999981374,1,repetition,e_g_11.png,shape,angular
135169,,c7fbf674-7151-4b31-9215-b4523cffdc16,1,LfsK0UwL1618134865626,241,figural_mixed,1,,0,round,808.4999999990687,1,repetition,r_b_07.png,shape,round
135169,,c7fbf674-7151-4b31-9215-b4523cffdc16,1,LfsK0UwL1618134865626,242,figural_mixed,1,,0,blue,965.2999999998137,1,switch,r_b_06.png,color,blue
135169,,c7fbf674-7151-4b31-9215-b4523cffdc16,1,LfsK0UwL1618134865626,243,figural_mixed,1,,0,blue,1065.6000000005588,1,repetition,e_b_07.png,color,blue
135169,,c7fbf674-7151-4b31-9215-b4523cffdc16,1,LfsK0UwL1618134865626,244,figural_mixed,1,,0,blue,718.2000000011176,1,repetition,r_b_14.png,color,blue
135169,,c7fbf674-7151-4b31-9215-b4523cffdc16,1,LfsK0UwL1618134865626,245,figural_mixed,1,,0,green,687.9999999990687,1,repetition,r_g_16.png,color,green
135169,,c7fbf674-7151-4b31-9215-b4523cffdc16,1,LfsK0UwL1618134865626,246,figural_mixed,1,,0,angular,1065.9999999990687,1,switch,e_b_09.png,shape,angular
135169,,c7fbf674-7151-4b31-9215-b4523cffdc16,1,LfsK0UwL1618134865626,247,figural_mixed,1,,0,round,826.2999999988824,1,repetition,r_g_05.png,shape,round
135169,,c7fbf674-7151-4b31-9215-b4523cffdc16,1,LfsK0UwL1618134865626,248,figural_mixed,1,,0,angular,819.0999999986961,1,repetition,e_b_12.png,shape,angular
135169,,c7fbf674-7151-4b31-9215-b4523cffdc16,1,LfsK0UwL1618134865626,249,figural_mixed,1,,0,green,671,0,switch,e_b_05.png,color,blue
135169,,c7fbf674-7151-4b31-9215-b4523cffdc16,1,LfsK0UwL1618134865626,250,figural_mixed,1,,0,round,717.8000000007451,1,switch,r_g_06.png,shape,round
135169,,c7fbf674-7151-4b31-9215-b4523cffdc16,1,LfsK0UwL1618134865626,251,figural_mixed,1,,0,blue,963.0999999996275,1,switch,e_b_16.png,color,blue
135169,,c7fbf674-7151-4b31-9215-b4523cffdc16,1,LfsK0UwL1618134865626,252,figural_mixed,1,,0,blue,924.4999999990687,0,repetition,r_g_13.png,color,green
135169,,c7fbf674-7151-4b31-9215-b4523cffdc16,1,LfsK0UwL1618134865626,253,figural_mixed,1,,0,angular,1328.5999999986961,1,switch,e_g_02.png,shape,angular
135169,,c7fbf674-7151-4b31-9215-b4523cffdc16,1,LfsK0UwL1618134865626,254,figural_mixed,1,,0,round,921.7999999998137,1,repetition,r_b_03.png,shape,round
135169,,c7fbf674-7151-4b31-9215-b4523cffdc16,1,LfsK0UwL1618134865626,255,figural_mixed,1,,0,round,719.0999999996275,1,repetition,r_b_14.png,shape,round
135169,,c7fbf674-7151-4b31-9215-b4523cffdc16,1,LfsK0UwL1618134865626,256,figural_mixed,1,,0,round,692.6000000005588,0,repetition,e_g_12.png,shape,angular
135169,,c7fbf674-7151-4b31-9215-b4523cffdc16,1,LfsK0UwL1618134865626,257,figural_mixed,1,,0,blue,862.3999999994412,1,switch,r_b_04.png,color,blue
135169,,c7fbf674-7151-4b31-9215-b4523cffdc16,1,LfsK0UwL1618134865626,258,figural_mixed,1,,0,round,1417.4999999990687,1,switch,r_g_15.png,shape,round
135169,,c7fbf674-7151-4b31-9215-b4523cffdc16,1,LfsK0UwL1618134865626,259,figural_mixed,1,,0,angular,685.8999999985099,1,repetition,e_g_08.png,shape,angular
135169,,c7fbf674-7151-4b31-9215-b4523cffdc16,1,LfsK0UwL1618134865626,260,figural_mixed,1,,0,round,958.2999999979511,1,repetition,r_b_16.png,shape,round
135169,,c7fbf674-7151-4b31-9215-b4523cffdc16,1,LfsK0UwL1618134865626,261,figural_mixed,1,,0,green,873.3000000007451,1,switch,r_g_10.png,color,green
135169,,c7fbf674-7151-4b31-9215-b4523cffdc16,1,LfsK0UwL1618134865626,262,figural_mixed,1,,0,green,3488.4999999990687,1,repetition,e_g_06.png,color,green
135169,,c7fbf674-7151-4b31-9215-b4523cffdc16,1,LfsK0UwL1618134865626,263,figural_mixed,1,,0,round,1058.4000000003725,1,switch,r_g_13.png,shape,round
135169,,c7fbf674-7151-4b31-9215-b4523cffdc16,1,LfsK0UwL1618134865626,264,figural_mixed,1,,0,blue,914.1999999992549,1,switch,r_b_03.png,color,blue
135169,,c7fbf674-7151-4b31-9215-b4523cffdc16,1,LfsK0UwL1618134865626,265,figural_mixed,1,,0,round,644.0000000009313,0,switch,e_b_02.png,shape,angular
135169,,c7fbf674-7151-4b31-9215-b4523cffdc16,1,LfsK0UwL1618134865626,266,figural_mixed,1,,0,angular,701.1000000005588,1,repetition,e_b_03.png,shape,angular
135169,,c7fbf674-7151-4b31-9215-b4523cffdc16,1,LfsK0UwL1618134865626,267,figural_mixed,1,,0,green,1037.8999999994412,1,switch,e_g_07.png,color,green
135169,,c7fbf674-7151-4b31-9215-b4523cffdc16,1,LfsK0UwL1618134865626,268,figural_mixed,1,,0,blue,694.6000000005588,1,repetition,r_b_08.png,color,blue
135169,,c7fbf674-7151-4b31-9215-b4523cffdc16,1,LfsK0UwL1618134865626,269,figural_mixed,1,,0,blue,721.9000000003725,1,repetition,r_b_01.png,color,blue
135169,,c7fbf674-7151-4b31-9215-b4523cffdc16,1,LfsK0UwL1618134865626,270,figural_mixed,1,,0,angular,804.3999999985099,1,switch,e_b_05.png,shape,angular
135169,,c7fbf674-7151-4b31-9215-b4523cffdc16,1,LfsK0UwL1618134865626,271,figural_mixed,1,,0,green,969.2999999988824,1,switch,r_g_16.png,color,green
135169,,c7fbf674-7151-4b31-9215-b4523cffdc16,1,LfsK0UwL1618134865626,272,figural_mixed,1,,0,angular,1013.5000000009313,1,switch,e_g_04.png,shape,angular
135169,,c7fbf674-7151-4b31-9215-b4523cffdc16,1,LfsK0UwL1618134865626,273,figural_mixed,1,,0,round,1293.7000000001863,1,repetition,r_b_05.png,shape,round
135169,,c7fbf674-7151-4b31-9215-b4523cffdc16,1,LfsK0UwL1618134865626,274,figural_mixed,1,,0,round,880.4000000003725,1,repetition,r_g_03.png,shape,round
135169,,c7fbf674-7151-4b31-9215-b4523cffdc16,1,LfsK0UwL1618134865626,275,figural_mixed,1,,0,blue,880.5000000018626,1,switch,r_b_15.png,color,blue
135169,,c7fbf674-7151-4b31-9215-b4523cffdc16,1,LfsK0UwL1618134865626,276,figural_mixed,1,,0,green,947,1,repetition,r_g_14.png,color,green
135169,,c7fbf674-7151-4b31-9215-b4523cffdc16,1,LfsK0UwL1618134865626,277,figural_mixed,1,,0,angular,43090.5,1,switch,e_g_01.png,shape,angular
135169,,c7fbf674-7151-4b31-9215-b4523cffdc16,1,LfsK0UwL1618134865626,278,figural_mixed,1,,0,round,1040.9000000003725,1,repetition,r_b_15.png,shape,round
135169,,c7fbf674-7151-4b31-9215-b4523cffdc16,1,LfsK0UwL1618134865626,279,figural_mixed,1,,0,round,689.9000000013039,1,repetition,r_b_08.png,shape,round
135169,,c7fbf674-7151-4b31-9215-b4523cffdc16,1,LfsK0UwL1618134865626,280,figural_mixed,1,,0,green,774.1000000005588,1,switch,e_g_12.png,color,green
135169,,c7fbf674-7151-4b31-9215-b4523cffdc16,1,LfsK0UwL1618134865626,281,figural_mixed,1,,0,angular,1024.0000000009313,1,switch,e_b_13.png,shape,angular
135169,,c7fbf674-7151-4b31-9215-b4523cffdc16,1,LfsK0UwL1618134865626,282,figural_mixed,1,,0,green,853.3000000007451,1,switch,r_g_03.png,color,green
135169,,c7fbf674-7151-4b31-9215-b4523cffdc16,1,LfsK0UwL1618134865626,283,figural_mixed,1,,0,blue,783.3000000007451,1,repetition,r_b_12.png,color,blue
135169,,c7fbf674-7151-4b31-9215-b4523cffdc16,1,LfsK0UwL1618134865626,284,figural_mixed,1,,0,round,1160.0999999986961,0,switch,e_b_06.png,shape,angular
135169,,c7fbf674-7151-4b31-9215-b4523cffdc16,1,LfsK0UwL1618134865626,285,figural_mixed,1,,0,angular,963.4000000013039,1,repetition,e_g_05.png,shape,angular
135169,,c7fbf674-7151-4b31-9215-b4523cffdc16,1,LfsK0UwL1618134865626,286,figural_mixed,1,,0,blue,927.4000000013039,1,switch,r_b_11.png,color,blue
135169,,c7fbf674-7151-4b31-9215-b4523cffdc16,1,LfsK0UwL1618134865626,287,figural_mixed,1,,0,angular,819.7000000001863,1,switch,e_b_16.png,shape,angular
135169,,c7fbf674-7151-4b31-9215-b4523cffdc16,1,LfsK0UwL1618134865626,288,figural_mixed,1,,0,green,952.6000000005588,1,switch,e_g_01.png,color,green
135169,,c7fbf674-7151-4b31-9215-b4523cffdc16,1,LfsK0UwL1618134865626,289,figural_mixed,1,,0,green,878.8999999994412,1,repetition,e_g_13.png,color,green
135169,,c7fbf674-7151-4b31-9215-b4523cffdc16,1,LfsK0UwL1618134865626,290,figural_mixed,1,,0,round,732.0999999996275,1,switch,r_b_12.png,shape,round
135169,,c7fbf674-7151-4b31-9215-b4523cffdc16,1,LfsK0UwL1618134865626,291,figural_mixed,1,,0,blue,1062.3999999994412,1,switch,e_b_08.png,color,blue
135169,,c7fbf674-7151-4b31-9215-b4523cffdc16,1,LfsK0UwL1618134865626,292,figural_mixed,1,,0,green,919.8000000016764,1,repetition,e_g_09.png,color,green
135169,,c7fbf674-7151-4b31-9215-b4523cffdc16,1,LfsK0UwL1618134865626,293,figural_mixed,1,,0,blue,709.9000000003725,0,repetition,r_g_12.png,color,green
135169,,c7fbf674-7151-4b31-9215-b4523cffdc16,1,LfsK0UwL1618134865626,294,figural_single_2_2,1,,0,blue,46365.39999999944,1,single,e_b_01.png,color,blue
135169,,c7fbf674-7151-4b31-9215-b4523cffdc16,1,LfsK0UwL1618134865626,295,figural_single_2_2,1,,0,blue,725.8000000007451,1,single,r_b_03.png,color,blue
135169,,c7fbf674-7151-4b31-9215-b4523cffdc16,1,LfsK0UwL1618134865626,296,figural_single_2_2,1,,0,green,699.1999999992549,1,single,e_g_01.png,color,green
135169,,c7fbf674-7151-4b31-9215-b4523cffdc16,1,LfsK0UwL1618134865626,297,figural_single_2_2,1,,0,green,940.6999999992549,1,single,e_g_13.png,color,green
135169,,c7fbf674-7151-4b31-9215-b4523cffdc16,1,LfsK0UwL1618134865626,298,figural_single_2_2,1,,0,blue,1523.6000000005588,1,single,r_b_16.png,color,blue
135169,,c7fbf674-7151-4b31-9215-b4523cffdc16,1,LfsK0UwL1618134865626,299,figural_single_2_2,1,,0,blue,744.4000000013039,1,single,r_b_07.png,color,blue
135169,,c7fbf674-7151-4b31-9215-b4523cffdc16,1,LfsK0UwL1618134865626,300,figural_single_2_2,1,,0,green,392.1000000014901,1,single,r_g_08.png,color,green
135169,,c7fbf674-7151-4b31-9215-b4523cffdc16,1,LfsK0UwL1618134865626,301,figural_single_2_2,1,,0,green,437.5,0,single,r_b_09.png,color,blue
135169,,c7fbf674-7151-4b31-9215-b4523cffdc16,1,LfsK0UwL1618134865626,302,figural_single_2_2,1,,0,green,392.1999999983236,1,single,r_g_02.png,color,green
135169,,c7fbf674-7151-4b31-9215-b4523cffdc16,1,LfsK0UwL1618134865626,303,figural_single_2_2,1,,0,green,358.5,1,single,r_g_12.png,color,green
135169,,c7fbf674-7151-4b31-9215-b4523cffdc16,1,LfsK0UwL1618134865626,304,figural_single_2_2,1,,0,blue,435.1000000005588,1,single,e_b_08.png,color,blue
135169,,c7fbf674-7151-4b31-9215-b4523cffdc16,1,LfsK0UwL1618134865626,305,figural_single_2_2,1,,0,green,551.4000000003725,1,single,r_g_04.png,color,green
135169,,c7fbf674-7151-4b31-9215-b4523cffdc16,1,LfsK0UwL1618134865626,306,figural_single_2_2,1,,0,blue,383.80000000074506,1,single,e_b_03.png,color,blue
135169,,c7fbf674-7151-4b31-9215-b4523cffdc16,1,LfsK0UwL1618134865626,307,figural_single_2_2,1,,0,blue,443.4999999990687,1,single,e_b_11.png,color,blue
135169,,c7fbf674-7151-4b31-9215-b4523cffdc16,1,LfsK0UwL1618134865626,308,figural_single_2_2,1,,0,blue,366.90000000130385,1,single,r_b_14.png,color,blue
135169,,c7fbf674-7151-4b31-9215-b4523cffdc16,1,LfsK0UwL1618134865626,309,figural_single_2_2,1,,0,green,331.29999999981374,1,single,e_g_07.png,color,green
135169,,c7fbf674-7151-4b31-9215-b4523cffdc16,1,LfsK0UwL1618134865626,310,figural_single_2_2,1,,0,blue,483.20000000018626,1,single,r_b_13.png,color,blue
135169,,c7fbf674-7151-4b31-9215-b4523cffdc16,1,LfsK0UwL1618134865626,311,figural_single_2_2,1,,0,green,424.7999999988824,1,single,e_g_16.png,color,green
135169,,c7fbf674-7151-4b31-9215-b4523cffdc16,1,LfsK0UwL1618134865626,312,figural_single_2_2,1,,0,blue,449.7999999979511,1,single,e_b_14.png,color,blue
135169,,c7fbf674-7151-4b31-9215-b4523cffdc16,1,LfsK0UwL1618134865626,313,figural_single_2_2,1,,0,green,398.2999999988824,1,single,e_g_12.png,color,green
135169,,c7fbf674-7151-4b31-9215-b4523cffdc16,1,LfsK0UwL1618134865626,314,figural_single_2_2,1,,0,green,443.20000000018626,1,single,r_g_07.png,color,green
135169,,c7fbf674-7151-4b31-9215-b4523cffdc16,1,LfsK0UwL1618134865626,315,figural_single_2_2,1,,0,blue,407.59999999962747,1,single,e_b_15.png,color,blue
135169,,c7fbf674-7151-4b31-9215-b4523cffdc16,1,LfsK0UwL1618134865626,316,figural_single_2_2,1,,0,blue,425.09999999869615,1,single,e_b_05.png,color,blue
135169,,c7fbf674-7151-4b31-9215-b4523cffdc16,1,LfsK0UwL1618134865626,317,figural_single_2_2,1,,0,green,408.70000000018626,1,single,r_g_15.png,color,green
135169,,c7fbf674-7151-4b31-9215-b4523cffdc16,1,LfsK0UwL1618134865626,318,figural_single_2_2,1,,0,green,463.6000000014901,0,single,r_b_06.png,color,blue
135169,,c7fbf674-7151-4b31-9215-b4523cffdc16,1,LfsK0UwL1618134865626,319,figural_single_2_2,1,,0,green,494.29999999981374,1,single,e_g_02.png,color,green
135169,,c7fbf674-7151-4b31-9215-b4523cffdc16,1,LfsK0UwL1618134865626,320,figural_single_2_2,1,,0,blue,529.8999999994412,0,single,r_g_16.png,color,green
135169,,c7fbf674-7151-4b31-9215-b4523cffdc16,1,LfsK0UwL1618134865626,321,figural_single_2_2,1,,0,blue,396.5000000009313,1,single,e_b_10.png,color,blue
135169,,c7fbf674-7151-4b31-9215-b4523cffdc16,1,LfsK0UwL1618134865626,322,figural_single_2_2,1,,0,green,443.2999999988824,1,single,e_g_05.png,color,green
135169,,c7fbf674-7151-4b31-9215-b4523cffdc16,1,LfsK0UwL1618134865626,323,figural_single_2_2,1,,0,green,378.69999999925494,1,single,e_g_03.png,color,green
135169,,c7fbf674-7151-4b31-9215-b4523cffdc16,1,LfsK0UwL1618134865626,324,figural_single_2_2,1,,0,green,443.1000000005588,1,single,e_g_11.png,color,green
135169,,c7fbf674-7151-4b31-9215-b4523cffdc16,1,LfsK0UwL1618134865626,325,figural_single_2_2,1,,0,blue,516.1000000005588,1,single,r_b_15.png,color,blue
135169,,c7fbf674-7151-4b31-9215-b4523cffdc16,1,LfsK0UwL1618134865626,326,figural_single_2_2,1,,0,blue,401.2999999988824,1,single,e_b_02.png,color,blue
135169,,c7fbf674-7151-4b31-9215-b4523cffdc16,1,LfsK0UwL1618134865626,327,figural_single_2_2,1,,0,blue,450.30000000074506,1,single,r_b_08.png,color,blue
135169,,c7fbf674-7151-4b31-9215-b4523cffdc16,1,LfsK0UwL1618134865626,328,figural_single_2_2,1,,0,green,420.4999999990687,1,single,e_g_06.png,color,green
135169,,c7fbf674-7151-4b31-9215-b4523cffdc16,1,LfsK0UwL1618134865626,329,figural_single_2_2,1,,0,blue,450.0000000009313,1,single,e_b_16.png,color,blue
135169,,c7fbf674-7151-4b31-9215-b4523cffdc16,1,LfsK0UwL1618134865626,330,figural_single_2_2,1,,0,blue,476.5,1,single,e_b_06.png,color,blue
135169,,c7fbf674-7151-4b31-9215-b4523cffdc16,1,LfsK0UwL1618134865626,331,figural_single_2_2,1,,0,green,589,1,single,r_g_09.png,color,green
135169,,c7fbf674-7151-4b31-9215-b4523cffdc16,1,LfsK0UwL1618134865626,332,figural_single_2_2,1,,0,green,561.4000000003725,1,single,e_g_10.png,color,green
135169,,c7fbf674-7151-4b31-9215-b4523cffdc16,1,LfsK0UwL1618134865626,333,figural_single_2_2,1,,0,blue,423.1000000005588,1,single,e_b_12.png,color,blue
135169,,c7fbf674-7151-4b31-9215-b4523cffdc16,1,LfsK0UwL1618134865626,334,figural_single_2_2,1,,0,green,466.1000000014901,1,single,r_g_11.png,color,green
135169,,c7fbf674-7151-4b31-9215-b4523cffdc16,1,LfsK0UwL1618134865626,335,figural_single_2_2,1,,0,green,454.70000000018626,1,single,r_g_06.png,color,green
135169,,c7fbf674-7151-4b31-9215-b4523cffdc16,1,LfsK0UwL1618134865626,336,figural_single_2_2,1,,0,green,462.4999999990687,1,single,e_g_04.png,color,green
135169,,c7fbf674-7151-4b31-9215-b4523cffdc16,1,LfsK0UwL1618134865626,337,figural_single_2_2,1,,0,blue,469.70000000018626,1,single,r_b_01.png,color,blue
135169,,c7fbf674-7151-4b31-9215-b4523cffdc16,1,LfsK0UwL1618134865626,338,figural_single_2_2,1,,0,blue,513.8000000007451,0,single,r_g_03.png,color,green
135169,,c7fbf674-7151-4b31-9215-b4523cffdc16,1,LfsK0UwL1618134865626,339,figural_single_2_2,1,,0,blue,377.5000000009313,1,single,e_b_04.png,color,blue
135169,,c7fbf674-7151-4b31-9215-b4523cffdc16,1,LfsK0UwL1618134865626,340,figural_single_2_2,1,,0,blue,456.5,1,single,r_b_12.png,color,blue
135169,,c7fbf674-7151-4b31-9215-b4523cffdc16,1,LfsK0UwL1618134865626,341,figural_single_2_2,1,,0,green,306.79999999981374,1,single,r_g_13.png,color,green
135169,,c7fbf674-7151-4b31-9215-b4523cffdc16,1,LfsK0UwL1618134865626,342,figural_single_2_2,1,,0,blue,578.9000000003725,1,single,r_b_02.png,color,blue
135169,,c7fbf674-7151-4b31-9215-b4523cffdc16,1,LfsK0UwL1618134865626,343,figural_single_2_2,1,,0,green,350.79999999981374,1,single,e_g_09.png,color,green
135169,,c7fbf674-7151-4b31-9215-b4523cffdc16,1,LfsK0UwL1618134865626,344,figural_single_2_2,1,,0,green,342.6000000005588,1,single,e_g_15.png,color,green
135169,,c7fbf674-7151-4b31-9215-b4523cffdc16,1,LfsK0UwL1618134865626,345,figural_single_2_2,1,,0,green,339.90000000130385,1,single,e_g_08.png,color,green
135169,,c7fbf674-7151-4b31-9215-b4523cffdc16,1,LfsK0UwL1618134865626,346,figural_single_2_2,1,,0,blue,490.70000000018626,1,single,r_b_05.png,color,blue
135169,,c7fbf674-7151-4b31-9215-b4523cffdc16,1,LfsK0UwL1618134865626,347,figural_single_2_2,1,,0,green,401.20000000018626,1,single,r_g_14.png,color,green
135169,,c7fbf674-7151-4b31-9215-b4523cffdc16,1,LfsK0UwL1618134865626,348,figural_single_2_2,1,,0,blue,596.5000000018626,1,single,r_b_04.png,color,blue
135169,,c7fbf674-7151-4b31-9215-b4523cffdc16,1,LfsK0UwL1618134865626,349,figural_single_2_2,1,,0,green,423.7999999988824,1,single,r_g_10.png,color,green
135169,,c7fbf674-7151-4b31-9215-b4523cffdc16,1,LfsK0UwL1618134865626,350,figural_single_2_2,1,,0,green,390.6000000005588,1,single,r_g_01.png,color,green
135169,,c7fbf674-7151-4b31-9215-b4523cffdc16,1,LfsK0UwL1618134865626,351,figural_single_2_2,1,,0,blue,312.7999999988824,1,single,r_b_11.png,color,blue
135169,,c7fbf674-7151-4b31-9215-b4523cffdc16,1,LfsK0UwL1618134865626,352,figural_single_2_2,1,,0,green,500,1,single,r_g_05.png,color,green
135169,,c7fbf674-7151-4b31-9215-b4523cffdc16,1,LfsK0UwL1618134865626,353,figural_single_2_2,1,,0,blue,464.6999999983236,1,single,r_b_10.png,color,blue
135169,,c7fbf674-7151-4b31-9215-b4523cffdc16,1,LfsK0UwL1618134865626,354,figural_single_2_2,1,,0,blue,532.4999999990687,1,single,e_b_13.png,color,blue
135169,,c7fbf674-7151-4b31-9215-b4523cffdc16,1,LfsK0UwL1618134865626,355,figural_single_2_2,1,,0,green,416.5,1,single,e_g_14.png,color,green
135169,,c7fbf674-7151-4b31-9215-b4523cffdc16,1,LfsK0UwL1618134865626,356,figural_single_2_2,1,,0,blue,487.2000000011176,1,single,e_b_07.png,color,blue
135169,,c7fbf674-7151-4b31-9215-b4523cffdc16,1,LfsK0UwL1618134865626,357,figural_single_2_2,1,,0,blue,464.59999999962747,1,single,e_b_09.png,color,blue
135169,,c7fbf674-7151-4b31-9215-b4523cffdc16,1,LfsK0UwL1618134865626,358,figural_single_1_2,1,,0,angular,45577.199999999255,1,single,e_g_11.png,shape,angular
135169,,c7fbf674-7151-4b31-9215-b4523cffdc16,1,LfsK0UwL1618134865626,359,figural_single_1_2,1,,0,round,1509.7999999998137,1,single,r_b_16.png,shape,round
135169,,c7fbf674-7151-4b31-9215-b4523cffdc16,1,LfsK0UwL1618134865626,360,figural_single_1_2,1,,0,angular,1535.3999999985099,1,single,e_b_10.png,shape,angular
135169,,c7fbf674-7151-4b31-9215-b4523cffdc16,1,LfsK0UwL1618134865626,361,figural_single_1_2,1,,0,round,424.79999999981374,1,single,r_b_02.png,shape,round
135169,,c7fbf674-7151-4b31-9215-b4523cffdc16,1,LfsK0UwL1618134865626,362,figural_single_1_2,1,,0,round,500.2999999988824,1,single,r_g_08.png,shape,round
135169,,c7fbf674-7151-4b31-9215-b4523cffdc16,1,LfsK0UwL1618134865626,363,figural_single_1_2,1,,0,angular,505.6000000005588,1,single,e_g_02.png,shape,angular
135169,,c7fbf674-7151-4b31-9215-b4523cffdc16,1,LfsK0UwL1618134865626,364,figural_single_1_2,1,,0,round,447.3999999994412,1,single,r_g_05.png,shape,round
135169,,c7fbf674-7151-4b31-9215-b4523cffdc16,1,LfsK0UwL1618134865626,365,figural_single_1_2,1,,0,angular,604.6999999992549,1,single,e_b_15.png,shape,angular
135169,,c7fbf674-7151-4b31-9215-b4523cffdc16,1,LfsK0UwL1618134865626,366,figural_single_1_2,1,,0,round,385.59999999962747,1,single,r_b_09.png,shape,round
135169,,c7fbf674-7151-4b31-9215-b4523cffdc16,1,LfsK0UwL1618134865626,367,figural_single_1_2,1,,0,angular,1889.0000000009313,1,single,e_b_12.png,shape,angular
135169,,c7fbf674-7151-4b31-9215-b4523cffdc16,1,LfsK0UwL1618134865626,368,figural_single_1_2,1,,0,round,518.3999999994412,0,single,e_g_15.png,shape,angular
135169,,c7fbf674-7151-4b31-9215-b4523cffdc16,1,LfsK0UwL1618134865626,369,figural_single_1_2,1,,0,round,478.40000000037253,1,single,r_g_04.png,shape,round
135169,,c7fbf674-7151-4b31-9215-b4523cffdc16,1,LfsK0UwL1618134865626,370,figural_single_1_2,1,,0,angular,434.20000000018626,1,single,e_b_14.png,shape,angular
135169,,c7fbf674-7151-4b31-9215-b4523cffdc16,1,LfsK0UwL1618134865626,371,figural_single_1_2,1,,0,angular,523.8000000007451,1,single,e_b_02.png,shape,angular
135169,,c7fbf674-7151-4b31-9215-b4523cffdc16,1,LfsK0UwL1618134865626,372,figural_single_1_2,1,,0,round,403.5,1,single,r_g_15.png,shape,round
135169,,c7fbf674-7151-4b31-9215-b4523cffdc16,1,LfsK0UwL1618134865626,373,figural_single_1_2,1,,0,angular,410.8000000016764,1,single,e_b_11.png,shape,angular
135169,,c7fbf674-7151-4b31-9215-b4523cffdc16,1,LfsK0UwL1618134865626,374,figural_single_1_2,1,,0,round,394.69999999925494,1,single,r_b_07.png,shape,round
135169,,c7fbf674-7151-4b31-9215-b4523cffdc16,1,LfsK0UwL1618134865626,375,figural_single_1_2,1,,0,round,432.1000000005588,1,single,r_g_06.png,shape,round
135169,,c7fbf674-7151-4b31-9215-b4523cffdc16,1,LfsK0UwL1618134865626,376,figural_single_1_2,1,,0,round,385.2000000011176,1,single,r_g_02.png,shape,round
135169,,c7fbf674-7151-4b31-9215-b4523cffdc16,1,LfsK0UwL1618134865626,377,figural_single_1_2,1,,0,angular,404.3999999994412,1,single,e_b_09.png,shape,angular
135169,,c7fbf674-7151-4b31-9215-b4523cffdc16,1,LfsK0UwL1618134865626,378,figural_single_1_2,1,,0,round,405.09999999962747,1,single,r_b_15.png,shape,round
135169,,c7fbf674-7151-4b31-9215-b4523cffdc16,1,LfsK0UwL1618134865626,379,figural_single_1_2,1,,0,angular,413.09999999962747,1,single,e_g_14.png,shape,angular
135169,,c7fbf674-7151-4b31-9215-b4523cffdc16,1,LfsK0UwL1618134865626,380,figural_single_1_2,1,,0,round,409,1,single,r_b_04.png,shape,round
135169,,c7fbf674-7151-4b31-9215-b4523cffdc16,1,LfsK0UwL1618134865626,381,figural_single_1_2,1,,0,round,500.59999999962747,1,single,r_g_09.png,shape,round
135169,,c7fbf674-7151-4b31-9215-b4523cffdc16,1,LfsK0UwL1618134865626,382,figural_single_1_2,1,,0,angular,426.5,1,single,e_g_03.png,shape,angular
135169,,c7fbf674-7151-4b31-9215-b4523cffdc16,1,LfsK0UwL1618134865626,383,figural_single_1_2,1,,0,round,428.5,1,single,r_b_13.png,shape,round
135169,,c7fbf674-7151-4b31-9215-b4523cffdc16,1,LfsK0UwL1618134865626,384,figural_single_1_2,1,,0,round,435.80000000074506,1,single,r_b_03.png,shape,round
135169,,c7fbf674-7151-4b31-9215-b4523cffdc16,1,LfsK0UwL1618134865626,385,figural_single_1_2,1,,0,round,356.29999999981374,1,single,r_g_14.png,shape,round
135169,,c7fbf674-7151-4b31-9215-b4523cffdc16,1,LfsK0UwL1618134865626,386,figural_single_1_2,1,,0,angular,577.1000000005588,1,single,e_b_05.png,shape,angular
135169,,c7fbf674-7151-4b31-9215-b4523cffdc16,1,LfsK0UwL1618134865626,387,figural_single_1_2,1,,0,round,375,1,single,r_b_10.png,shape,round
135169,,c7fbf674-7151-4b31-9215-b4523cffdc16,1,LfsK0UwL1618134865626,388,figural_single_1_2,1,,0,round,448.7999999979511,1,single,r_b_12.png,shape,round
135169,,c7fbf674-7151-4b31-9215-b4523cffdc16,1,LfsK0UwL1618134865626,389,figural_single_1_2,1,,0,angular,476.79999999981374,0,single,r_b_14.png,shape,round
135169,,c7fbf674-7151-4b31-9215-b4523cffdc16,1,LfsK0UwL1618134865626,390,figural_single_1_2,1,,0,angular,576.5000000009313,1,single,e_g_16.png,shape,angular
135169,,c7fbf674-7151-4b31-9215-b4523cffdc16,1,LfsK0UwL1618134865626,391,figural_single_1_2,1,,0,round,401.1000000014901,1,single,r_g_12.png,shape,round
135169,,c7fbf674-7151-4b31-9215-b4523cffdc16,1,LfsK0UwL1618134865626,392,figural_single_1_2,1,,0,round,315.9999999990687,1,single,r_g_11.png,shape,round
135169,,c7fbf674-7151-4b31-9215-b4523cffdc16,1,LfsK0UwL1618134865626,393,figural_single_1_2,1,,0,angular,481.40000000037253,1,single,e_b_03.png,shape,angular
135169,,c7fbf674-7151-4b31-9215-b4523cffdc16,1,LfsK0UwL1618134865626,394,figural_single_1_2,1,,0,round,343.4999999990687,0,single,e_b_04.png,shape,angular
135169,,c7fbf674-7151-4b31-9215-b4523cffdc16,1,LfsK0UwL1618134865626,395,figural_single_1_2,1,,0,angular,347.1999999983236,0,single,r_b_11.png,shape,round
135169,,c7fbf674-7151-4b31-9215-b4523cffdc16,1,LfsK0UwL1618134865626,396,figural_single_1_2,1,,0,angular,428.2000000011176,1,single,e_g_05.png,shape,angular
135169,,c7fbf674-7151-4b31-9215-b4523cffdc16,1,LfsK0UwL1618134865626,397,figural_single_1_2,1,,0,round,435.29999999981374,0,single,e_b_16.png,shape,angular
135169,,c7fbf674-7151-4b31-9215-b4523cffdc16,1,LfsK0UwL1618134865626,398,figural_single_1_2,1,,0,angular,635.2999999998137,1,single,e_g_13.png,shape,angular
135169,,c7fbf674-7151-4b31-9215-b4523cffdc16,1,LfsK0UwL1618134865626,399,figural_single_1_2,1,,0,round,626.0999999996275,1,single,r_g_01.png,shape,round
135169,,c7fbf674-7151-4b31-9215-b4523cffdc16,1,LfsK0UwL1618134865626,400,figural_single_1_2,1,,0,angular,632.7999999988824,1,single,e_b_08.png,shape,angular
135169,,c7fbf674-7151-4b31-9215-b4523cffdc16,1,LfsK0UwL1618134865626,401,figural_single_1_2,1,,0,angular,493.1000000014901,1,single,e_g_10.png,shape,angular
135169,,c7fbf674-7151-4b31-9215-b4523cffdc16,1,LfsK0UwL1618134865626,402,figural_single_1_2,1,,0,round,468.1000000005588,1,single,r_g_13.png,shape,round
135169,,c7fbf674-7151-4b31-9215-b4523cffdc16,1,LfsK0UwL1618134865626,403,figural_single_1_2,1,,0,angular,441.09999999962747,1,single,e_b_01.png,shape,angular
135169,,c7fbf674-7151-4b31-9215-b4523cffdc16,1,LfsK0UwL1618134865626,404,figural_single_1_2,1,,0,angular,458.40000000037253,1,single,e_b_06.png,shape,angular
135169,,c7fbf674-7151-4b31-9215-b4523cffdc16,1,LfsK0UwL1618134865626,405,figural_single_1_2,1,,0,round,415.3999999994412,1,single,r_g_10.png,shape,round
135169,,c7fbf674-7151-4b31-9215-b4523cffdc16,1,LfsK0UwL1618134865626,406,figural_single_1_2,1,,0,angular,411.20000000018626,1,single,e_g_08.png,shape,angular
135169,,c7fbf674-7151-4b31-9215-b4523cffdc16,1,LfsK0UwL1618134865626,407,figural_single_1_2,1,,0,angular,524.1000000005588,1,single,e_g_07.png,shape,angular
135169,,c7fbf674-7151-4b31-9215-b4523cffdc16,1,LfsK0UwL1618134865626,408,figural_single_1_2,1,,0,round,435.6000000014901,1,single,r_b_06.png,shape,round
135169,,c7fbf674-7151-4b31-9215-b4523cffdc16,1,LfsK0UwL1618134865626,409,figural_single_1_2,1,,0,angular,455.5,1,single,e_g_09.png,shape,angular
135169,,c7fbf674-7151-4b31-9215-b4523cffdc16,1,LfsK0UwL1618134865626,410,figural_single_1_2,1,,0,round,462.90000000037253,1,single,r_b_01.png,shape,round
135169,,c7fbf674-7151-4b31-9215-b4523cffdc16,1,LfsK0UwL1618134865626,411,figural_single_1_2,1,,0,angular,402.70000000018626,1,single,e_b_13.png,shape,angular
135169,,c7fbf674-7151-4b31-9215-b4523cffdc16,1,LfsK0UwL1618134865626,412,figural_single_1_2,1,,0,round,535.2000000001863,0,single,e_g_04.png,shape,angular
135169,,c7fbf674-7151-4b31-9215-b4523cffdc16,1,LfsK0UwL1618134865626,413,figural_single_1_2,1,,0,angular,482.3999999994412,1,single,e_g_12.png,shape,angular
135169,,c7fbf674-7151-4b31-9215-b4523cffdc16,1,LfsK0UwL1618134865626,414,figural_single_1_2,1,,0,round,454.09999999869615,1,single,r_b_08.png,shape,round
135169,,c7fbf674-7151-4b31-9215-b4523cffdc16,1,LfsK0UwL1618134865626,415,figural_single_1_2,1,,0,angular,455.6000000014901,1,single,e_b_07.png,shape,angular
135169,,c7fbf674-7151-4b31-9215-b4523cffdc16,1,LfsK0UwL1618134865626,416,figural_single_1_2,1,,0,round,668.2999999988824,1,single,r_g_03.png,shape,round
135169,,c7fbf674-7151-4b31-9215-b4523cffdc16,1,LfsK0UwL1618134865626,417,figural_single_1_2,1,,0,angular,581.2000000001863,1,single,e_g_06.png,shape,angular
135169,,c7fbf674-7151-4b31-9215-b4523cffdc16,1,LfsK0UwL1618134865626,418,figural_single_1_2,1,,0,round,941.1999999992549,1,single,r_g_16.png,shape,round
135169,,c7fbf674-7151-4b31-9215-b4523cffdc16,1,LfsK0UwL1618134865626,419,figural_single_1_2,1,,0,round,527.0999999996275,1,single,r_b_05.png,shape,round
135169,,c7fbf674-7151-4b31-9215-b4523cffdc16,1,LfsK0UwL1618134865626,420,figural_single_1_2,1,,0,angular,511.59999999962747,1,single,e_g_01.png,shape,angular
135169,,c7fbf674-7151-4b31-9215-b4523cffdc16,1,LfsK0UwL1618134865626,421,figural_single_1_2,1,,0,round,561.4000000003725,1,single,r_g_07.png,shape,round