userCode,extId,moduleId,sessionId,sessionToken,trialId,executableId,session.complete,session.condition,session.forceExit,givenResponse,reactionTime,score,shiftingType,stimulusValue,stimulusType,correctResponse
135135,,c7fbf674-7151-4b31-9215-b4523cffdc16,1,0nKEo2ro1618033201462,1,figural_single_1_practice,1,,0,round,2627.715000000084,1,single,r_b_10.png,shape,round
135135,,c7fbf674-7151-4b31-9215-b4523cffdc16,1,0nKEo2ro1618033201462,2,figural_single_1_practice,1,,0,angular,1099.1850000000559,1,single,e_b_09.png,shape,angular
135135,,c7fbf674-7151-4b31-9215-b4523cffdc16,1,0nKEo2ro1618033201462,3,figural_single_1_practice,1,,0,round,1108.605000000156,1,single,r_b_11.png,shape,round
135135,,c7fbf674-7151-4b31-9215-b4523cffdc16,1,0nKEo2ro1618033201462,4,figural_single_1_practice,1,,0,round,995.4049999998533,1,single,r_g_05.png,shape,round
135135,,c7fbf674-7151-4b31-9215-b4523cffdc16,1,0nKEo2ro1618033201462,5,figural_single_1_practice,1,,0,angular,1582.2499999999418,1,single,e_b_14.png,shape,angular
135135,,c7fbf674-7151-4b31-9215-b4523cffdc16,1,0nKEo2ro1618033201462,6,figural_single_1_practice,1,,0,angular,1265.445000000007,1,single,e_g_07.png,shape,angular
135135,,c7fbf674-7151-4b31-9215-b4523cffdc16,1,0nKEo2ro1618033201462,7,figural_single_1_practice,1,,0,angular,1079.7549999999464,1,single,e_g_12.png,shape,angular
135135,,c7fbf674-7151-4b31-9215-b4523cffdc16,1,0nKEo2ro1618033201462,8,figural_single_1_practice,1,,0,round,649.6300000000629,1,single,r_b_16.png,shape,round
135135,,c7fbf674-7151-4b31-9215-b4523cffdc16,1,0nKEo2ro1618033201462,9,figural_single_1_practice,1,,0,round,822.7699999999604,1,single,r_g_02.png,shape,round
135135,,c7fbf674-7151-4b31-9215-b4523cffdc16,1,0nKEo2ro1618033201462,10,figural_single_1_practice,1,,0,angular,995.6850000001141,1,single,e_b_04.png,shape,angular
135135,,c7fbf674-7151-4b31-9215-b4523cffdc16,1,0nKEo2ro1618033201462,11,figural_single_1_practice,1,,0,round,845.0700000001234,0,single,e_g_06.png,shape,angular
135135,,c7fbf674-7151-4b31-9215-b4523cffdc16,1,0nKEo2ro1618033201462,12,figural_single_1_practice,1,,0,round,1417.6299999998882,1,single,r_g_15.png,shape,round
135135,,c7fbf674-7151-4b31-9215-b4523cffdc16,1,0nKEo2ro1618033201462,13,figural_single_1_1,1,,0,round,1651.5000000001746,1,single,r_b_01.png,shape,round
135135,,c7fbf674-7151-4b31-9215-b4523cffdc16,1,0nKEo2ro1618033201462,14,figural_single_1_1,1,,0,angular,1336.6149999999907,1,single,e_g_11.png,shape,angular
135135,,c7fbf674-7151-4b31-9215-b4523cffdc16,1,0nKEo2ro1618033201462,15,figural_single_1_1,1,,0,round,867.5650000000023,1,single,r_b_10.png,shape,round
135135,,c7fbf674-7151-4b31-9215-b4523cffdc16,1,0nKEo2ro1618033201462,16,figural_single_1_1,1,,0,round,1713.0250000000233,1,single,r_b_06.png,shape,round
135135,,c7fbf674-7151-4b31-9215-b4523cffdc16,1,0nKEo2ro1618033201462,17,figural_single_1_1,1,,0,angular,859.9750000000931,1,single,e_g_07.png,shape,angular
135135,,c7fbf674-7151-4b31-9215-b4523cffdc16,1,0nKEo2ro1618033201462,18,figural_single_1_1,1,,0,angular,831.3699999998789,1,single,e_g_13.png,shape,angular
135135,,c7fbf674-7151-4b31-9215-b4523cffdc16,1,0nKEo2ro1618033201462,19,figural_single_1_1,1,,0,round,801.1000000001513,1,single,r_g_06.png,shape,round
135135,,c7fbf674-7151-4b31-9215-b4523cffdc16,1,0nKEo2ro1618033201462,20,figural_single_1_1,1,,0,angular,787.8150000001187,1,single,e_g_16.png,shape,angular
135135,,c7fbf674-7151-4b31-9215-b4523cffdc16,1,0nKEo2ro1618033201462,21,figural_single_1_1,1,,0,angular,1043.140000000014,1,single,e_b_09.png,shape,angular
135135,,c7fbf674-7151-4b31-9215-b4523cffdc16,1,0nKEo2ro1618033201462,22,figural_single_1_1,1,,0,angular,951.1949999998906,1,single,e_b_08.png,shape,angular
135135,,c7fbf674-7151-4b31-9215-b4523cffdc16,1,0nKEo2ro1618033201462,23,figural_single_1_1,1,,0,round,796.5549999998766,1,single,r_b_12.png,shape,round
135135,,c7fbf674-7151-4b31-9215-b4523cffdc16,1,0nKEo2ro1618033201462,24,figural_single_1_1,1,,0,angular,784.9349999999395,1,single,e_b_10.png,shape,angular
135135,,c7fbf674-7151-4b31-9215-b4523cffdc16,1,0nKEo2ro1618033201462,25,figural_single_1_1,1,,0,angular,1027.4199999998673,1,single,e_b_05.png,shape,angular
135135,,c7fbf674-7151-4b31-9215-b4523cffdc16,1,0nKEo2ro1618033201462,26,figural_single_1_1,1,,0,round,830.7750000001397,1,single,r_b_13.png,shape,round
135135,,c7fbf674-7151-4b31-9215-b4523cffdc16,1,0nKEo2ro1618033201462,27,figural_single_1_1,1,,0,round,890.3549999999814,1,single,r_g_15.png,shape,round
135135,,c7fbf674-7151-4b31-9215-b4523cffdc16,1,0nKEo2ro1618033201462,28,figural_single_1_1,1,,0,angular,762.1449999999604,1,single,e_g_09.png,shape,angular
135135,,c7fbf674-7151-4b31-9215-b4523cffdc16,1,0nKEo2ro1618033201462,29,figural_single_1_1,1,,0,round,787.3600000000442,1,single,r_g_02.png,shape,round
135135,,c7fbf674-7151-4b31-9215-b4523cffdc16,1,0nKEo2ro1618033201462,30,figural_single_1_1,1,,0,round,908.8150000000023,1,single,r_b_07.png,shape,round
135135,,c7fbf674-7151-4b31-9215-b4523cffdc16,1,0nKEo2ro1618033201462,31,figural_single_1_1,1,,0,angular,897.49500000017,1,single,e_b_06.png,shape,angular
135135,,c7fbf674-7151-4b31-9215-b4523cffdc16,1,0nKEo2ro1618033201462,32,figural_single_1_1,1,,0,round,752.1650000000955,1,single,r_b_16.png,shape,round
135135,,c7fbf674-7151-4b31-9215-b4523cffdc16,1,0nKEo2ro1618033201462,33,figural_single_1_1,1,,0,angular,719.0200000000186,0,single,r_b_02.png,shape,round
135135,,c7fbf674-7151-4b31-9215-b4523cffdc16,1,0nKEo2ro1618033201462,34,figural_single_1_1,1,,0,angular,1700.9150000001537,1,single,e_g_06.png,shape,angular
135135,,c7fbf674-7151-4b31-9215-b4523cffdc16,1,0nKEo2ro1618033201462,35,figural_single_1_1,1,,0,round,708.6400000000722,1,single,r_g_03.png,shape,round
135135,,c7fbf674-7151-4b31-9215-b4523cffdc16,1,0nKEo2ro1618033201462,36,figural_single_1_1,1,,0,angular,822.1550000000861,1,single,e_g_05.png,shape,angular
135135,,c7fbf674-7151-4b31-9215-b4523cffdc16,1,0nKEo2ro1618033201462,37,figural_single_1_1,1,,0,angular,1238.8049999999348,1,single,e_b_13.png,shape,angular
135135,,c7fbf674-7151-4b31-9215-b4523cffdc16,1,0nKEo2ro1618033201462,38,figural_single_1_1,1,,0,angular,937.395000000135,1,single,e_g_15.png,shape,angular
135135,,c7fbf674-7151-4b31-9215-b4523cffdc16,1,0nKEo2ro1618033201462,39,figural_single_1_1,1,,0,round,1016.3249999997788,1,single,r_g_08.png,shape,round
135135,,c7fbf674-7151-4b31-9215-b4523cffdc16,1,0nKEo2ro1618033201462,40,figural_single_1_1,1,,0,round,1290.5250000001397,1,single,r_b_05.png,shape,round
135135,,c7fbf674-7151-4b31-9215-b4523cffdc16,1,0nKEo2ro1618033201462,41,figural_single_1_1,1,,0,angular,935.5499999999302,1,single,e_b_02.png,shape,angular
135135,,c7fbf674-7151-4b31-9215-b4523cffdc16,1,0nKEo2ro1618033201462,42,figural_single_1_1,1,,0,round,744.0899999999092,0,single,e_g_14.png,shape,angular
135135,,c7fbf674-7151-4b31-9215-b4523cffdc16,1,0nKEo2ro1618033201462,43,figural_single_1_1,1,,0,round,1399.7249999999767,1,single,r_b_03.png,shape,round
135135,,c7fbf674-7151-4b31-9215-b4523cffdc16,1,0nKEo2ro1618033201462,44,figural_single_1_1,1,,0,angular,806.4449999999488,1,single,e_b_14.png,shape,angular
135135,,c7fbf674-7151-4b31-9215-b4523cffdc16,1,0nKEo2ro1618033201462,45,figural_single_1_1,1,,0,angular,2121.4199999999255,1,single,e_b_04.png,shape,angular
135135,,c7fbf674-7151-4b31-9215-b4523cffdc16,1,0nKEo2ro1618033201462,46,figural_single_1_1,1,,0,angular,687.3300000000163,1,single,e_b_03.png,shape,angular
135135,,c7fbf674-7151-4b31-9215-b4523cffdc16,1,0nKEo2ro1618033201462,47,figural_single_1_1,1,,0,round,1018.4300000001094,1,single,r_g_16.png,shape,round
135135,,c7fbf674-7151-4b31-9215-b4523cffdc16,1,0nKEo2ro1618033201462,48,figural_single_1_1,1,,0,round,685.8349999999627,1,single,r_g_13.png,shape,round
135135,,c7fbf674-7151-4b31-9215-b4523cffdc16,1,0nKEo2ro1618033201462,49,figural_single_1_1,1,,0,round,726.964999999851,1,single,r_g_14.png,shape,round
135135,,c7fbf674-7151-4b31-9215-b4523cffdc16,1,0nKEo2ro1618033201462,50,figural_single_1_1,1,,0,angular,778.5599999999977,1,single,e_g_08.png,shape,angular
135135,,c7fbf674-7151-4b31-9215-b4523cffdc16,1,0nKEo2ro1618033201462,51,figural_single_1_1,1,,0,round,717.8500000000349,1,single,r_g_09.png,shape,round
135135,,c7fbf674-7151-4b31-9215-b4523cffdc16,1,0nKEo2ro1618033201462,52,figural_single_1_1,1,,0,angular,825.1349999998347,1,single,e_g_04.png,shape,angular
135135,,c7fbf674-7151-4b31-9215-b4523cffdc16,1,0nKEo2ro1618033201462,53,figural_single_1_1,1,,0,angular,716.5199999999604,1,single,e_b_15.png,shape,angular
135135,,c7fbf674-7151-4b31-9215-b4523cffdc16,1,0nKEo2ro1618033201462,54,figural_single_1_1,1,,0,round,723.1599999999744,1,single,r_g_04.png,shape,round
135135,,c7fbf674-7151-4b31-9215-b4523cffdc16,1,0nKEo2ro1618033201462,55,figural_single_1_1,1,,0,angular,727.6299999998882,1,single,e_b_07.png,shape,angular
135135,,c7fbf674-7151-4b31-9215-b4523cffdc16,1,0nKEo2ro1618033201462,56,figural_single_1_1,1,,0,angular,701.0649999999441,1,single,e_b_16.png,shape,angular
135135,,c7fbf674-7151-4b31-9215-b4523cffdc16,1,0nKEo2ro1618033201462,57,figural_single_1_1,1,,0,round,1163.6200000000536,1,single,r_b_08.png,shape,round
135135,,c7fbf674-7151-4b31-9215-b4523cffdc16,1,0nKEo2ro1618033201462,58,figural_single_1_1,1,,0,angular,700.3549999999814,1,single,e_g_12.png,shape,angular
135135,,c7fbf674-7151-4b31-9215-b4523cffdc16,1,0nKEo2ro1618033201462,59,figural_single_1_1,1,,0,round,1656.9349999999395,1,single,r_b_14.png,shape,round
135135,,c7fbf674-7151-4b31-9215-b4523cffdc16,1,0nKEo2ro1618033201462,60,figural_single_1_1,1,,0,round,828.3749999997672,1,single,r_g_05.png,shape,round
135135,,c7fbf674-7151-4b31-9215-b4523cffdc16,1,0nKEo2ro1618033201462,61,figural_single_1_1,1,,0,round,968.0200000000186,1,single,r_g_01.png,shape,round
135135,,c7fbf674-7151-4b31-9215-b4523cffdc16,1,0nKEo2ro1618033201462,62,figural_single_1_1,1,,0,angular,802.6549999999697,1,single,e_g_02.png,shape,angular
135135,,c7fbf674-7151-4b31-9215-b4523cffdc16,1,0nKEo2ro1618033201462,63,figural_single_1_1,1,,0,round,661.5549999998766,1,single,r_g_11.png,shape,round
135135,,c7fbf674-7151-4b31-9215-b4523cffdc16,1,0nKEo2ro1618033201462,64,figural_single_1_1,1,,0,round,695.9150000000373,1,single,r_g_10.png,shape,round
135135,,c7fbf674-7151-4b31-9215-b4523cffdc16,1,0nKEo2ro1618033201462,65,figural_single_1_1,1,,0,round,735.5950000001467,1,single,r_b_04.png,shape,round
135135,,c7fbf674-7151-4b31-9215-b4523cffdc16,1,0nKEo2ro1618033201462,66,figural_single_1_1,1,,0,angular,802.429999999993,1,single,e_g_01.png,shape,angular
135135,,c7fbf674-7151-4b31-9215-b4523cffdc16,1,0nKEo2ro1618033201462,67,figural_single_1_1,1,,0,round,766.4749999998603,1,single,r_b_09.png,shape,round
135135,,c7fbf674-7151-4b31-9215-b4523cffdc16,1,0nKEo2ro1618033201462,68,figural_single_1_1,1,,0,round,699.0649999998277,1,single,r_b_15.png,shape,round
135135,,c7fbf674-7151-4b31-9215-b4523cffdc16,1,0nKEo2ro1618033201462,69,figural_single_1_1,1,,0,round,940.7800000001444,1,single,r_g_07.png,shape,round
135135,,c7fbf674-7151-4b31-9215-b4523cffdc16,1,0nKEo2ro1618033201462,70,figural_single_1_1,1,,0,angular,772.8999999999651,1,single,e_b_01.png,shape,angular
135135,,c7fbf674-7151-4b31-9215-b4523cffdc16,1,0nKEo2ro1618033201462,71,figural_single_1_1,1,,0,angular,822.6899999999441,1,single,e_b_12.png,shape,angular
135135,,c7fbf674-7151-4b31-9215-b4523cffdc16,1,0nKEo2ro1618033201462,72,figural_single_1_1,1,,0,round,1341.385000000184,1,single,r_b_11.png,shape,round
135135,,c7fbf674-7151-4b31-9215-b4523cffdc16,1,0nKEo2ro1618033201462,73,figural_single_1_1,1,,0,round,918.4299999999348,1,single,r_g_12.png,shape,round
135135,,c7fbf674-7151-4b31-9215-b4523cffdc16,1,0nKEo2ro1618033201462,74,figural_single_1_1,1,,0,angular,763.1650000000955,1,single,e_g_03.png,shape,angular
135135,,c7fbf674-7151-4b31-9215-b4523cffdc16,1,0nKEo2ro1618033201462,75,figural_single_1_1,1,,0,angular,1097.6949999999488,1,single,e_g_10.png,shape,angular
135135,,c7fbf674-7151-4b31-9215-b4523cffdc16,1,0nKEo2ro1618033201462,76,figural_single_1_1,1,,0,angular,1247.045000000042,1,single,e_b_11.png,shape,angular
135135,,c7fbf674-7151-4b31-9215-b4523cffdc16,1,0nKEo2ro1618033201462,77,figural_single_2_practice,1,,0,blue,1477.7699999999604,1,single,r_b_07.png,color,blue
135135,,c7fbf674-7151-4b31-9215-b4523cffdc16,1,0nKEo2ro1618033201462,78,figural_single_2_practice,1,,0,green,1234.2550000000629,1,single,r_g_09.png,color,green
135135,,c7fbf674-7151-4b31-9215-b4523cffdc16,1,0nKEo2ro1618033201462,79,figural_single_2_practice,1,,0,green,746.5150000000722,1,single,e_g_04.png,color,green
135135,,c7fbf674-7151-4b31-9215-b4523cffdc16,1,0nKEo2ro1618033201462,80,figural_single_2_practice,1,,0,blue,634.9800000000396,1,single,r_b_14.png,color,blue
135135,,c7fbf674-7151-4b31-9215-b4523cffdc16,1,0nKEo2ro1618033201462,81,figural_single_2_practice,1,,0,blue,575.1800000000512,1,single,e_b_06.png,color,blue
135135,,c7fbf674-7151-4b31-9215-b4523cffdc16,1,0nKEo2ro1618033201462,82,figural_single_2_practice,1,,0,green,551.0099999999511,1,single,e_g_10.png,color,green
135135,,c7fbf674-7151-4b31-9215-b4523cffdc16,1,0nKEo2ro1618033201462,83,figural_single_2_practice,1,,0,blue,524.4750000002095,1,single,e_b_16.png,color,blue
135135,,c7fbf674-7151-4b31-9215-b4523cffdc16,1,0nKEo2ro1618033201462,84,figural_single_2_practice,1,,0,green,554.5150000000722,1,single,e_g_08.png,color,green
135135,,c7fbf674-7151-4b31-9215-b4523cffdc16,1,0nKEo2ro1618033201462,85,figural_single_2_practice,1,,0,blue,459.29999999998836,1,single,e_b_02.png,color,blue
135135,,c7fbf674-7151-4b31-9215-b4523cffdc16,1,0nKEo2ro1618033201462,86,figural_single_2_practice,1,,0,green,728.9750000000349,1,single,r_g_03.png,color,green
135135,,c7fbf674-7151-4b31-9215-b4523cffdc16,1,0nKEo2ro1618033201462,87,figural_single_2_practice,1,,0,blue,512.9799999999814,1,single,r_b_13.png,color,blue
135135,,c7fbf674-7151-4b31-9215-b4523cffdc16,1,0nKEo2ro1618033201462,88,figural_single_2_practice,1,,0,green,595.4950000000536,1,single,r_g_01.png,color,green
135135,,c7fbf674-7151-4b31-9215-b4523cffdc16,1,0nKEo2ro1618033201462,89,figural_single_2_1,1,,0,green,769.4500000000116,1,single,r_g_07.png,color,green
135135,,c7fbf674-7151-4b31-9215-b4523cffdc16,1,0nKEo2ro1618033201462,90,figural_single_2_1,1,,0,blue,721.0749999998952,1,single,r_b_03.png,color,blue
135135,,c7fbf674-7151-4b31-9215-b4523cffdc16,1,0nKEo2ro1618033201462,91,figural_single_2_1,1,,0,green,674.6299999999464,1,single,r_g_08.png,color,green
135135,,c7fbf674-7151-4b31-9215-b4523cffdc16,1,0nKEo2ro1618033201462,92,figural_single_2_1,1,,0,green,665.8449999999721,1,single,e_g_01.png,color,green
135135,,c7fbf674-7151-4b31-9215-b4523cffdc16,1,0nKEo2ro1618033201462,93,figural_single_2_1,1,,0,green,610.1499999999651,1,single,e_g_09.png,color,green
135135,,c7fbf674-7151-4b31-9215-b4523cffdc16,1,0nKEo2ro1618033201462,94,figural_single_2_1,1,,0,blue,542.5449999999837,1,single,r_b_08.png,color,blue
135135,,c7fbf674-7151-4b31-9215-b4523cffdc16,1,0nKEo2ro1618033201462,95,figural_single_2_1,1,,0,blue,624.4249999999884,1,single,e_b_03.png,color,blue
135135,,c7fbf674-7151-4b31-9215-b4523cffdc16,1,0nKEo2ro1618033201462,96,figural_single_2_1,1,,0,green,656.6350000000675,1,single,e_g_07.png,color,green
135135,,c7fbf674-7151-4b31-9215-b4523cffdc16,1,0nKEo2ro1618033201462,97,figural_single_2_1,1,,0,blue,773.8200000001234,1,single,e_b_02.png,color,blue
135135,,c7fbf674-7151-4b31-9215-b4523cffdc16,1,0nKEo2ro1618033201462,98,figural_single_2_1,1,,0,green,687.0450000001583,1,single,e_g_04.png,color,green
135135,,c7fbf674-7151-4b31-9215-b4523cffdc16,1,0nKEo2ro1618033201462,99,figural_single_2_1,1,,0,green,667.9349999999977,1,single,r_g_06.png,color,green
135135,,c7fbf674-7151-4b31-9215-b4523cffdc16,1,0nKEo2ro1618033201462,100,figural_single_2_1,1,,0,blue,623.214999999851,1,single,e_b_08.png,color,blue
135135,,c7fbf674-7151-4b31-9215-b4523cffdc16,1,0nKEo2ro1618033201462,101,figural_single_2_1,1,,0,green,630.8850000000093,1,single,e_g_16.png,color,green
135135,,c7fbf674-7151-4b31-9215-b4523cffdc16,1,0nKEo2ro1618033201462,102,figural_single_2_1,1,,0,blue,606.765000000014,1,single,e_b_06.png,color,blue
135135,,c7fbf674-7151-4b31-9215-b4523cffdc16,1,0nKEo2ro1618033201462,103,figural_single_2_1,1,,0,blue,665.4249999999302,1,single,e_b_04.png,color,blue
135135,,c7fbf674-7151-4b31-9215-b4523cffdc16,1,0nKEo2ro1618033201462,104,figural_single_2_1,1,,0,green,612.4899999999907,1,single,r_g_10.png,color,green
135135,,c7fbf674-7151-4b31-9215-b4523cffdc16,1,0nKEo2ro1618033201462,105,figural_single_2_1,1,,0,blue,845.3899999999558,1,single,e_b_12.png,color,blue
135135,,c7fbf674-7151-4b31-9215-b4523cffdc16,1,0nKEo2ro1618033201462,106,figural_single_2_1,1,,0,blue,449.9450000000652,1,single,r_b_09.png,color,blue
135135,,c7fbf674-7151-4b31-9215-b4523cffdc16,1,0nKEo2ro1618033201462,107,figural_single_2_1,1,,0,green,615.1700000000419,1,single,r_g_15.png,color,green
135135,,c7fbf674-7151-4b31-9215-b4523cffdc16,1,0nKEo2ro1618033201462,108,figural_single_2_1,1,,0,green,513.6050000000978,1,single,e_g_08.png,color,green
135135,,c7fbf674-7151-4b31-9215-b4523cffdc16,1,0nKEo2ro1618033201462,109,figural_single_2_1,1,,0,blue,535.6050000000396,1,single,e_b_11.png,color,blue
135135,,c7fbf674-7151-4b31-9215-b4523cffdc16,1,0nKEo2ro1618033201462,110,figural_single_2_1,1,,0,blue,525.0300000000279,1,single,r_b_13.png,color,blue
135135,,c7fbf674-7151-4b31-9215-b4523cffdc16,1,0nKEo2ro1618033201462,111,figural_single_2_1,1,,0,blue,522.3299999997835,1,single,r_b_12.png,color,blue
135135,,c7fbf674-7151-4b31-9215-b4523cffdc16,1,0nKEo2ro1618033201462,112,figural_single_2_1,1,,0,blue,589.7850000000908,1,single,r_b_15.png,color,blue
135135,,c7fbf674-7151-4b31-9215-b4523cffdc16,1,0nKEo2ro1618033201462,113,figural_single_2_1,1,,0,green,652.6999999998952,1,single,e_g_05.png,color,green
135135,,c7fbf674-7151-4b31-9215-b4523cffdc16,1,0nKEo2ro1618033201462,114,figural_single_2_1,1,,0,green,1441.155000000028,1,single,r_g_12.png,color,green
135135,,c7fbf674-7151-4b31-9215-b4523cffdc16,1,0nKEo2ro1618033201462,115,figural_single_2_1,1,,0,blue,650.9800000000978,1,single,r_b_02.png,color,blue
135135,,c7fbf674-7151-4b31-9215-b4523cffdc16,1,0nKEo2ro1618033201462,116,figural_single_2_1,1,,0,blue,621.7399999998161,1,single,r_b_01.png,color,blue
135135,,c7fbf674-7151-4b31-9215-b4523cffdc16,1,0nKEo2ro1618033201462,117,figural_single_2_1,1,,0,blue,735.5900000000256,1,single,r_b_07.png,color,blue
135135,,c7fbf674-7151-4b31-9215-b4523cffdc16,1,0nKEo2ro1618033201462,118,figural_single_2_1,1,,0,green,611.1200000000536,1,single,e_g_15.png,color,green
135135,,c7fbf674-7151-4b31-9215-b4523cffdc16,1,0nKEo2ro1618033201462,119,figural_single_2_1,1,,0,green,746.7400000000489,1,single,e_g_11.png,color,green
135135,,c7fbf674-7151-4b31-9215-b4523cffdc16,1,0nKEo2ro1618033201462,120,figural_single_2_1,1,,0,blue,1131.4399999998277,1,single,e_b_07.png,color,blue
135135,,c7fbf674-7151-4b31-9215-b4523cffdc16,1,0nKEo2ro1618033201462,121,figural_single_2_1,1,,0,green,796.0299999999697,1,single,r_g_04.png,color,green
135135,,c7fbf674-7151-4b31-9215-b4523cffdc16,1,0nKEo2ro1618033201462,122,figural_single_2_1,1,,0,green,753.0399999998044,1,single,e_g_02.png,color,green
135135,,c7fbf674-7151-4b31-9215-b4523cffdc16,1,0nKEo2ro1618033201462,123,figural_single_2_1,1,,0,blue,655.1199999998789,1,single,e_b_01.png,color,blue
135135,,c7fbf674-7151-4b31-9215-b4523cffdc16,1,0nKEo2ro1618033201462,124,figural_single_2_1,1,,0,blue,635.0199999996694,1,single,r_b_05.png,color,blue
135135,,c7fbf674-7151-4b31-9215-b4523cffdc16,1,0nKEo2ro1618033201462,125,figural_single_2_1,1,,0,green,708.8149999999441,1,single,e_g_03.png,color,green
135135,,c7fbf674-7151-4b31-9215-b4523cffdc16,1,0nKEo2ro1618033201462,126,figural_single_2_1,1,,0,blue,858.7549999997136,1,single,r_b_04.png,color,blue
135135,,c7fbf674-7151-4b31-9215-b4523cffdc16,1,0nKEo2ro1618033201462,127,figural_single_2_1,1,,0,green,789.289999999688,1,single,e_g_06.png,color,green
135135,,c7fbf674-7151-4b31-9215-b4523cffdc16,1,0nKEo2ro1618033201462,128,figural_single_2_1,1,,0,green,918.0449999999255,1,single,e_g_12.png,color,green
135135,,c7fbf674-7151-4b31-9215-b4523cffdc16,1,0nKEo2ro1618033201462,129,figural_single_2_1,1,,0,green,581.7750000000815,1,single,r_g_14.png,color,green
135135,,c7fbf674-7151-4b31-9215-b4523cffdc16,1,0nKEo2ro1618033201462,130,figural_single_2_1,1,,0,blue,591.0349999999162,1,single,e_b_09.png,color,blue
135135,,c7fbf674-7151-4b31-9215-b4523cffdc16,1,0nKEo2ro1618033201462,131,figural_single_2_1,1,,0,blue,669.4299999999348,1,single,e_b_16.png,color,blue
135135,,c7fbf674-7151-4b31-9215-b4523cffdc16,1,0nKEo2ro1618033201462,132,figural_single_2_1,1,,0,green,629.1199999995879,1,single,r_g_01.png,color,green
135135,,c7fbf674-7151-4b31-9215-b4523cffdc16,1,0nKEo2ro1618033201462,133,figural_single_2_1,1,,0,green,765.6549999996787,1,single,r_g_09.png,color,green
135135,,c7fbf674-7151-4b31-9215-b4523cffdc16,1,0nKEo2ro1618033201462,134,figural_single_2_1,1,,0,green,1519.8500000000931,1,single,e_g_13.png,color,green
135135,,c7fbf674-7151-4b31-9215-b4523cffdc16,1,0nKEo2ro1618033201462,135,figural_single_2_1,1,,0,blue,1296.4349999997648,1,single,r_b_06.png,color,blue
135135,,c7fbf674-7151-4b31-9215-b4523cffdc16,1,0nKEo2ro1618033201462,136,figural_single_2_1,1,,0,blue,644.7849999999744,1,single,r_b_14.png,color,blue
135135,,c7fbf674-7151-4b31-9215-b4523cffdc16,1,0nKEo2ro1618033201462,137,figural_single_2_1,1,,0,green,555.1149999996414,1,single,r_g_05.png,color,green
135135,,c7fbf674-7151-4b31-9215-b4523cffdc16,1,0nKEo2ro1618033201462,138,figural_single_2_1,1,,0,green,580.6849999998813,1,single,e_g_10.png,color,green
135135,,c7fbf674-7151-4b31-9215-b4523cffdc16,1,0nKEo2ro1618033201462,139,figural_single_2_1,1,,0,green,576.1199999997043,1,single,r_g_02.png,color,green
135135,,c7fbf674-7151-4b31-9215-b4523cffdc16,1,0nKEo2ro1618033201462,140,figural_single_2_1,1,,0,blue,642.5600000002887,1,single,e_b_10.png,color,blue
135135,,c7fbf674-7151-4b31-9215-b4523cffdc16,1,0nKEo2ro1618033201462,141,figural_single_2_1,1,,0,blue,595.4899999996996,1,single,r_b_16.png,color,blue
135135,,c7fbf674-7151-4b31-9215-b4523cffdc16,1,0nKEo2ro1618033201462,142,figural_single_2_1,1,,0,green,581.020000000135,1,single,r_g_11.png,color,green
135135,,c7fbf674-7151-4b31-9215-b4523cffdc16,1,0nKEo2ro1618033201462,143,figural_single_2_1,1,,0,blue,533.9699999999721,0,single,r_g_03.png,color,green
135135,,c7fbf674-7151-4b31-9215-b4523cffdc16,1,0nKEo2ro1618033201462,144,figural_single_2_1,1,,0,blue,1325.3650000001653,1,single,e_b_14.png,color,blue
135135,,c7fbf674-7151-4b31-9215-b4523cffdc16,1,0nKEo2ro1618033201462,145,figural_single_2_1,1,,0,blue,1058.5100000003004,1,single,e_b_13.png,color,blue
135135,,c7fbf674-7151-4b31-9215-b4523cffdc16,1,0nKEo2ro1618033201462,146,figural_single_2_1,1,,0,blue,505.2949999999255,1,single,r_b_10.png,color,blue
135135,,c7fbf674-7151-4b31-9215-b4523cffdc16,1,0nKEo2ro1618033201462,147,figural_single_2_1,1,,0,green,802.3250000000698,1,single,e_g_14.png,color,green
135135,,c7fbf674-7151-4b31-9215-b4523cffdc16,1,0nKEo2ro1618033201462,148,figural_single_2_1,1,,0,blue,801.2300000000396,1,single,e_b_15.png,color,blue
135135,,c7fbf674-7151-4b31-9215-b4523cffdc16,1,0nKEo2ro1618033201462,149,figural_single_2_1,1,,0,blue,563.8950000002515,1,single,e_b_05.png,color,blue
135135,,c7fbf674-7151-4b31-9215-b4523cffdc16,1,0nKEo2ro1618033201462,150,figural_single_2_1,1,,0,blue,522.5849999997299,1,single,r_b_11.png,color,blue
135135,,c7fbf674-7151-4b31-9215-b4523cffdc16,1,0nKEo2ro1618033201462,151,figural_single_2_1,1,,0,green,663.0199999999604,1,single,r_g_13.png,color,green
135135,,c7fbf674-7151-4b31-9215-b4523cffdc16,1,0nKEo2ro1618033201462,152,figural_single_2_1,1,,0,green,531.730000000156,1,single,r_g_16.png,color,green
135135,,c7fbf674-7151-4b31-9215-b4523cffdc16,1,0nKEo2ro1618033201462,153,figural_mixed_practice,1,,0,angular,1153.4100000003818,1,start,e_g_13.png,shape,angular
135135,,c7fbf674-7151-4b31-9215-b4523cffdc16,1,0nKEo2ro1618033201462,154,figural_mixed_practice,1,,0,angular,1495.8799999998882,1,repetition,e_g_15.png,shape,angular
135135,,c7fbf674-7151-4b31-9215-b4523cffdc16,1,0nKEo2ro1618033201462,155,figural_mixed_practice,1,,0,blue,1995.9699999998556,1,switch,r_b_02.png,color,blue
135135,,c7fbf674-7151-4b31-9215-b4523cffdc16,1,0nKEo2ro1618033201462,156,figural_mixed_practice,1,,0,green,1004.425000000163,1,repetition,r_g_10.png,color,green
135135,,c7fbf674-7151-4b31-9215-b4523cffdc16,1,0nKEo2ro1618033201462,157,figural_mixed_practice,1,,0,round,1608.2150000002002,1,switch,r_b_03.png,shape,round
135135,,c7fbf674-7151-4b31-9215-b4523cffdc16,1,0nKEo2ro1618033201462,158,figural_mixed_practice,1,,0,blue,1297.8499999998603,1,switch,e_b_11.png,color,blue
135135,,c7fbf674-7151-4b31-9215-b4523cffdc16,1,0nKEo2ro1618033201462,159,figural_mixed_practice,1,,0,green,1152.7750000000233,1,repetition,r_g_06.png,color,green
135135,,c7fbf674-7151-4b31-9215-b4523cffdc16,1,0nKEo2ro1618033201462,160,figural_mixed_practice,1,,0,round,1868.4399999997113,1,switch,r_b_08.png,shape,round
135135,,c7fbf674-7151-4b31-9215-b4523cffdc16,1,0nKEo2ro1618033201462,161,figural_mixed_practice,1,,0,angular,1155.8100000001723,1,repetition,e_b_12.png,shape,angular
135135,,c7fbf674-7151-4b31-9215-b4523cffdc16,1,0nKEo2ro1618033201462,162,figural_mixed_practice,1,,0,round,1461.7349999998696,1,repetition,r_g_04.png,shape,round
135135,,c7fbf674-7151-4b31-9215-b4523cffdc16,1,0nKEo2ro1618033201462,163,figural_mixed_practice,1,,0,blue,1313.0550000001676,1,switch,e_b_01.png,color,blue
135135,,c7fbf674-7151-4b31-9215-b4523cffdc16,1,0nKEo2ro1618033201462,164,figural_mixed_practice,1,,0,green,1534.520000000135,1,repetition,e_g_05.png,color,green
135135,,c7fbf674-7151-4b31-9215-b4523cffdc16,1,0nKEo2ro1618033201462,165,figural_mixed,1,,0,green,884.5149999997811,1,start,r_g_12.png,color,green
135135,,c7fbf674-7151-4b31-9215-b4523cffdc16,1,0nKEo2ro1618033201462,166,figural_mixed,1,,0,green,859.9200000003912,1,repetition,e_g_16.png,color,green
135135,,c7fbf674-7151-4b31-9215-b4523cffdc16,1,0nKEo2ro1618033201462,167,figural_mixed,1,,0,round,1354.9900000002235,1,switch,r_b_01.png,shape,round
135135,,c7fbf674-7151-4b31-9215-b4523cffdc16,1,0nKEo2ro1618033201462,168,figural_mixed,1,,0,blue,1424.6050000002142,1,switch,e_b_10.png,color,blue
135135,,c7fbf674-7151-4b31-9215-b4523cffdc16,1,0nKEo2ro1618033201462,169,figural_mixed,1,,0,round,1585.3800000000047,1,switch,r_g_07.png,shape,round
135135,,c7fbf674-7151-4b31-9215-b4523cffdc16,1,0nKEo2ro1618033201462,170,figural_mixed,1,,0,angular,1307.6199999999953,1,repetition,e_g_16.png,shape,angular
135135,,c7fbf674-7151-4b31-9215-b4523cffdc16,1,0nKEo2ro1618033201462,171,figural_mixed,1,,0,angular,1523.3499999998603,1,repetition,e_b_11.png,shape,angular
135135,,c7fbf674-7151-4b31-9215-b4523cffdc16,1,0nKEo2ro1618033201462,172,figural_mixed,1,,0,blue,1360.7649999998976,1,switch,e_b_12.png,color,blue
135135,,c7fbf674-7151-4b31-9215-b4523cffdc16,1,0nKEo2ro1618033201462,173,figural_mixed,1,,0,blue,1491.509999999893,1,repetition,r_b_05.png,color,blue
135135,,c7fbf674-7151-4b31-9215-b4523cffdc16,1,0nKEo2ro1618033201462,174,figural_mixed,1,,0,angular,1729.205000000191,1,switch,e_b_15.png,shape,angular
135135,,c7fbf674-7151-4b31-9215-b4523cffdc16,1,0nKEo2ro1618033201462,175,figural_mixed,1,,0,round,2023.780000000028,1,repetition,r_g_01.png,shape,round
135135,,c7fbf674-7151-4b31-9215-b4523cffdc16,1,0nKEo2ro1618033201462,176,figural_mixed,1,,0,green,1625.7600000003586,1,switch,r_g_11.png,color,green
135135,,c7fbf674-7151-4b31-9215-b4523cffdc16,1,0nKEo2ro1618033201462,177,figural_mixed,1,,0,blue,1259.3099999999395,1,repetition,e_b_14.png,color,blue
135135,,c7fbf674-7151-4b31-9215-b4523cffdc16,1,0nKEo2ro1618033201462,178,figural_mixed,1,,0,green,1272.2299999999814,1,repetition,r_g_05.png,color,green
135135,,c7fbf674-7151-4b31-9215-b4523cffdc16,1,0nKEo2ro1618033201462,179,figural_mixed,1,,0,angular,1679.0150000002468,1,switch,e_g_09.png,shape,angular
135135,,c7fbf674-7151-4b31-9215-b4523cffdc16,1,0nKEo2ro1618033201462,180,figural_mixed,1,,0,round,1596.7899999995716,1,repetition,r_b_04.png,shape,round
135135,,c7fbf674-7151-4b31-9215-b4523cffdc16,1,0nKEo2ro1618033201462,181,figural_mixed,1,,0,angular,1799.0450000001583,0,repetition,r_g_12.png,shape,round
135135,,c7fbf674-7151-4b31-9215-b4523cffdc16,1,0nKEo2ro1618033201462,182,figural_mixed,1,,0,angular,1217.3250000000698,0,repetition,r_b_02.png,shape,round
135135,,c7fbf674-7151-4b31-9215-b4523cffdc16,1,0nKEo2ro1618033201462,183,figural_mixed,1,,0,green,2137.42499999993,1,switch,r_g_04.png,color,green
135135,,c7fbf674-7151-4b31-9215-b4523cffdc16,1,0nKEo2ro1618033201462,184,figural_mixed,1,,0,blue,1176.7550000000047,1,repetition,e_b_02.png,color,blue
135135,,c7fbf674-7151-4b31-9215-b4523cffdc16,1,0nKEo2ro1618033201462,185,figural_mixed,1,,0,blue,1511.369999999646,1,repetition,r_b_16.png,color,blue
135135,,c7fbf674-7151-4b31-9215-b4523cffdc16,1,0nKEo2ro1618033201462,186,figural_mixed,1,,0,angular,1031.3999999997905,1,switch,e_g_03.png,shape,angular
135135,,c7fbf674-7151-4b31-9215-b4523cffdc16,1,0nKEo2ro1618033201462,187,figural_mixed,1,,0,blue,1772.9299999995856,1,switch,r_b_10.png,color,blue
135135,,c7fbf674-7151-4b31-9215-b4523cffdc16,1,0nKEo2ro1618033201462,188,figural_mixed,1,,0,green,936.0799999999581,1,repetition,e_g_03.png,color,green
135135,,c7fbf674-7151-4b31-9215-b4523cffdc16,1,0nKEo2ro1618033201462,189,figural_mixed,1,,0,green,1217.4049999999115,1,repetition,r_g_06.png,color,green
135135,,c7fbf674-7151-4b31-9215-b4523cffdc16,1,0nKEo2ro1618033201462,190,figural_mixed,1,,0,round,957.8299999998417,1,switch,r_b_09.png,shape,round
135135,,c7fbf674-7151-4b31-9215-b4523cffdc16,1,0nKEo2ro1618033201462,191,figural_mixed,1,,0,blue,1446.7549999998882,1,switch,r_b_02.png,color,blue
135135,,c7fbf674-7151-4b31-9215-b4523cffdc16,1,0nKEo2ro1618033201462,192,figural_mixed,1,,0,green,1057.0149999998976,1,repetition,r_g_01.png,color,green
135135,,c7fbf674-7151-4b31-9215-b4523cffdc16,1,0nKEo2ro1618033201462,193,figural_mixed,1,,0,angular,929.6549999999115,1,switch,e_g_07.png,shape,angular
135135,,c7fbf674-7151-4b31-9215-b4523cffdc16,1,0nKEo2ro1618033201462,194,figural_mixed,1,,0,blue,1269.9350000001723,1,switch,r_b_13.png,color,blue
135135,,c7fbf674-7151-4b31-9215-b4523cffdc16,1,0nKEo2ro1618033201462,195,figural_mixed,1,,0,angular,1988.8050000000512,1,switch,e_b_14.png,shape,angular
135135,,c7fbf674-7151-4b31-9215-b4523cffdc16,1,0nKEo2ro1618033201462,196,figural_mixed,1,,0,round,862.0399999999208,1,repetition,r_g_09.png,shape,round
135135,,c7fbf674-7151-4b31-9215-b4523cffdc16,1,0nKEo2ro1618033201462,197,figural_mixed,1,,0,round,1262.3600000002189,1,repetition,r_b_11.png,shape,round
135135,,c7fbf674-7151-4b31-9215-b4523cffdc16,1,0nKEo2ro1618033201462,198,figural_mixed,1,,0,green,1632.6300000000047,1,switch,r_g_07.png,color,green
135135,,c7fbf674-7151-4b31-9215-b4523cffdc16,1,0nKEo2ro1618033201462,199,figural_mixed,1,,0,angular,2157.734999999753,1,switch,e_b_04.png,shape,angular
135135,,c7fbf674-7151-4b31-9215-b4523cffdc16,1,0nKEo2ro1618033201462,200,figural_mixed,1,,0,round,1458.344999999972,1,repetition,r_g_14.png,shape,round
135135,,c7fbf674-7151-4b31-9215-b4523cffdc16,1,0nKEo2ro1618033201462,201,figural_mixed,1,,0,blue,1295.5299999999115,1,switch,e_b_09.png,color,blue
135135,,c7fbf674-7151-4b31-9215-b4523cffdc16,1,0nKEo2ro1618033201462,202,figural_mixed,1,,0,angular,1293.4400000004098,1,switch,e_g_10.png,shape,angular
135135,,c7fbf674-7151-4b31-9215-b4523cffdc16,1,0nKEo2ro1618033201462,203,figural_mixed,1,,0,green,976.604999999865,1,switch,r_g_15.png,color,green
135135,,c7fbf674-7151-4b31-9215-b4523cffdc16,1,0nKEo2ro1618033201462,204,figural_mixed,1,,0,green,1155.0499999998137,1,repetition,e_g_14.png,color,green
135135,,c7fbf674-7151-4b31-9215-b4523cffdc16,1,0nKEo2ro1618033201462,205,figural_mixed,1,,0,blue,1802.384999999893,1,repetition,r_b_07.png,color,blue
135135,,c7fbf674-7151-4b31-9215-b4523cffdc16,1,0nKEo2ro1618033201462,206,figural_mixed,1,,0,blue,1665.660000000149,1,repetition,r_b_09.png,color,blue
135135,,c7fbf674-7151-4b31-9215-b4523cffdc16,1,0nKEo2ro1618033201462,207,figural_mixed,1,,0,angular,1063.0249999999069,1,switch,e_g_14.png,shape,angular
135135,,c7fbf674-7151-4b31-9215-b4523cffdc16,1,0nKEo2ro1618033201462,208,figural_mixed,1,,0,angular,962.0200000000186,1,repetition,e_g_13.png,shape,angular
135135,,c7fbf674-7151-4b31-9215-b4523cffdc16,1,0nKEo2ro1618033201462,209,figural_mixed,1,,0,blue,1140.5500000000466,1,switch,e_b_04.png,color,blue
135135,,c7fbf674-7151-4b31-9215-b4523cffdc16,1,0nKEo2ro1618033201462,210,figural_mixed,1,,0,green,1007.3699999998789,1,repetition,e_g_10.png,color,green
135135,,c7fbf674-7151-4b31-9215-b4523cffdc16,1,0nKEo2ro1618033201462,211,figural_mixed,1,,0,green,1823.5549999999348,1,repetition,e_g_04.png,color,green
135135,,c7fbf674-7151-4b31-9215-b4523cffdc16,1,0nKEo2ro1618033201462,212,figural_mixed,1,,0,angular,1904.2049999998417,1,switch,e_b_07.png,shape,angular
135135,,c7fbf674-7151-4b31-9215-b4523cffdc16,1,0nKEo2ro1618033201462,213,figural_mixed,1,,0,round,2746.634999999893,1,repetition,r_g_11.png,shape,round
135135,,c7fbf674-7151-4b31-9215-b4523cffdc16,1,0nKEo2ro1618033201462,214,figural_mixed,1,,0,round,1313.384999999893,1,repetition,r_g_04.png,shape,round
135135,,c7fbf674-7151-4b31-9215-b4523cffdc16,1,0nKEo2ro1618033201462,215,figural_mixed,1,,0,angular,963.5250000001397,1,repetition,e_g_15.png,shape,angular
135135,,c7fbf674-7151-4b31-9215-b4523cffdc16,1,0nKEo2ro1618033201462,216,figural_mixed,1,,0,green,2043.4249999998137,1,switch,e_g_11.png,color,green
135135,,c7fbf674-7151-4b31-9215-b4523cffdc16,1,0nKEo2ro1618033201462,217,figural_mixed,1,,0,round,1120.910000000149,1,switch,r_g_08.png,shape,round
135135,,c7fbf674-7151-4b31-9215-b4523cffdc16,1,0nKEo2ro1618033201462,218,figural_mixed,1,,0,round,3316.855000000098,1,repetition,r_g_10.png,shape,round
135135,,c7fbf674-7151-4b31-9215-b4523cffdc16,1,0nKEo2ro1618033201462,219,figural_mixed,1,,0,blue,1446.2349999998696,0,switch,e_g_15.png,color,green
135135,,c7fbf674-7151-4b31-9215-b4523cffdc16,1,0nKEo2ro1618033201462,220,figural_mixed,1,,0,green,1343.3200000004144,1,repetition,r_g_02.png,color,green
135135,,c7fbf674-7151-4b31-9215-b4523cffdc16,1,0nKEo2ro1618033201462,221,figural_mixed,1,,0,angular,2513.539999999921,1,switch,e_b_01.png,shape,angular
135135,,c7fbf674-7151-4b31-9215-b4523cffdc16,1,0nKEo2ro1618033201462,222,figural_mixed,1,,0,blue,1189.0000000003492,1,switch,e_b_15.png,color,blue
135135,,c7fbf674-7151-4b31-9215-b4523cffdc16,1,0nKEo2ro1618033201462,223,figural_mixed,1,,0,blue,958.7200000000885,1,repetition,e_b_03.png,color,blue
135135,,c7fbf674-7151-4b31-9215-b4523cffdc16,1,0nKEo2ro1618033201462,224,figural_mixed,1,,0,blue,864.8750000002328,1,repetition,e_b_01.png,color,blue
135135,,c7fbf674-7151-4b31-9215-b4523cffdc16,1,0nKEo2ro1618033201462,225,figural_mixed,1,,0,round,1145.9099999996834,1,switch,r_g_02.png,shape,round
135135,,c7fbf674-7151-4b31-9215-b4523cffdc16,1,0nKEo2ro1618033201462,226,figural_mixed,1,,0,green,1055.2050000000745,1,switch,e_g_05.png,color,green
135135,,c7fbf674-7151-4b31-9215-b4523cffdc16,1,0nKEo2ro1618033201462,227,figural_mixed,1,,0,round,1101.0050000000047,1,switch,r_b_06.png,shape,round
135135,,c7fbf674-7151-4b31-9215-b4523cffdc16,1,0nKEo2ro1618033201462,228,figural_mixed,1,,0,green,1040.450000000419,1,switch,e_g_08.png,color,green
135135,,c7fbf674-7151-4b31-9215-b4523cffdc16,1,0nKEo2ro1618033201462,229,figural_mixed,1,,0,green,907.1550000002608,1,repetition,e_g_02.png,color,green
135135,,c7fbf674-7151-4b31-9215-b4523cffdc16,1,0nKEo2ro1618033201462,230,figural_mixed,1,,0,blue,969.4500000000698,1,repetition,e_b_06.png,color,blue
135135,,c7fbf674-7151-4b31-9215-b4523cffdc16,1,0nKEo2ro1618033201462,231,figural_mixed,1,,0,angular,969.7449999998789,1,switch,e_b_08.png,shape,angular
135135,,c7fbf674-7151-4b31-9215-b4523cffdc16,1,0nKEo2ro1618033201462,232,figural_mixed,1,,0,green,1371.9849999997532,1,switch,r_g_09.png,color,green
135135,,c7fbf674-7151-4b31-9215-b4523cffdc16,1,0nKEo2ro1618033201462,233,figural_mixed,1,,0,blue,1844.8250000000698,1,repetition,e_b_13.png,color,blue
135135,,c7fbf674-7151-4b31-9215-b4523cffdc16,1,0nKEo2ro1618033201462,234,figural_mixed,1,,0,round,1162.1149999999907,1,switch,r_b_10.png,shape,round
135135,,c7fbf674-7151-4b31-9215-b4523cffdc16,1,0nKEo2ro1618033201462,235,figural_mixed,1,,0,round,3178.3549999999814,1,repetition,r_b_13.png,shape,round
135135,,c7fbf674-7151-4b31-9215-b4523cffdc16,1,0nKEo2ro1618033201462,236,figural_mixed,1,,0,green,858.3399999997346,0,switch,e_b_11.png,color,blue
135135,,c7fbf674-7151-4b31-9215-b4523cffdc16,1,0nKEo2ro1618033201462,237,figural_mixed,1,,0,green,1032.905000000028,1,repetition,r_g_08.png,color,green
135135,,c7fbf674-7151-4b31-9215-b4523cffdc16,1,0nKEo2ro1618033201462,238,figural_mixed,1,,0,angular,1469.2500000001164,1,switch,e_b_10.png,shape,angular
135135,,c7fbf674-7151-4b31-9215-b4523cffdc16,1,0nKEo2ro1618033201462,239,figural_mixed,1,,0,angular,1804.8450000000885,1,repetition,e_g_06.png,shape,angular
135135,,c7fbf674-7151-4b31-9215-b4523cffdc16,1,0nKEo2ro1618033201462,240,figural_mixed,1,,0,angular,1200.3949999997858,1,repetition,e_g_11.png,shape,angular
135135,,c7fbf674-7151-4b31-9215-b4523cffdc16,1,0nKEo2ro1618033201462,241,figural_mixed,1,,0,round,1277.8450000000885,1,repetition,r_b_07.png,shape,round
135135,,c7fbf674-7151-4b31-9215-b4523cffdc16,1,0nKEo2ro1618033201462,242,figural_mixed,1,,0,blue,1463.8799999998882,1,switch,r_b_06.png,color,blue
135135,,c7fbf674-7151-4b31-9215-b4523cffdc16,1,0nKEo2ro1618033201462,243,figural_mixed,1,,0,blue,731.1749999999302,1,repetition,e_b_07.png,color,blue
135135,,c7fbf674-7151-4b31-9215-b4523cffdc16,1,0nKEo2ro1618033201462,244,figural_mixed,1,,0,blue,681.9800000002142,1,repetition,r_b_14.png,color,blue
135135,,c7fbf674-7151-4b31-9215-b4523cffdc16,1,0nKEo2ro1618033201462,245,figural_mixed,1,,0,green,1025.7999999999302,1,repetition,r_g_16.png,color,green
135135,,c7fbf674-7151-4b31-9215-b4523cffdc16,1,0nKEo2ro1618033201462,246,figural_mixed,1,,0,angular,1561.8300000000745,1,switch,e_b_09.png,shape,angular
135135,,c7fbf674-7151-4b31-9215-b4523cffdc16,1,0nKEo2ro1618033201462,247,figural_mixed,1,,0,round,1559.6199999999953,1,repetition,r_g_05.png,shape,round
135135,,c7fbf674-7151-4b31-9215-b4523cffdc16,1,0nKEo2ro1618033201462,248,figural_mixed,1,,0,round,1916.7150000003166,0,repetition,e_b_12.png,shape,angular
135135,,c7fbf674-7151-4b31-9215-b4523cffdc16,1,0nKEo2ro1618033201462,249,figural_mixed,1,,0,blue,1723.4349999999395,1,switch,e_b_05.png,color,blue
135135,,c7fbf674-7151-4b31-9215-b4523cffdc16,1,0nKEo2ro1618033201462,250,figural_mixed,1,,0,round,1430.1950000004144,1,switch,r_g_06.png,shape,round
135135,,c7fbf674-7151-4b31-9215-b4523cffdc16,1,0nKEo2ro1618033201462,251,figural_mixed,1,,0,blue,2063.93499999959,1,switch,e_b_16.png,color,blue
135135,,c7fbf674-7151-4b31-9215-b4523cffdc16,1,0nKEo2ro1618033201462,252,figural_mixed,1,,0,green,1417.015000000014,1,repetition,r_g_13.png,color,green
135135,,c7fbf674-7151-4b31-9215-b4523cffdc16,1,0nKEo2ro1618033201462,253,figural_mixed,1,,0,angular,1326.0749999999534,1,switch,e_g_02.png,shape,angular
135135,,c7fbf674-7151-4b31-9215-b4523cffdc16,1,0nKEo2ro1618033201462,254,figural_mixed,1,,0,round,1560.5950000004377,1,repetition,r_b_03.png,shape,round
135135,,c7fbf674-7151-4b31-9215-b4523cffdc16,1,0nKEo2ro1618033201462,255,figural_mixed,1,,0,round,848.184999999823,1,repetition,r_b_14.png,shape,round
135135,,c7fbf674-7151-4b31-9215-b4523cffdc16,1,0nKEo2ro1618033201462,256,figural_mixed,1,,0,angular,1953.7649999997811,1,repetition,e_g_12.png,shape,angular
135135,,c7fbf674-7151-4b31-9215-b4523cffdc16,1,0nKEo2ro1618033201462,257,figural_mixed,1,,0,blue,1790.565000000177,1,switch,r_b_04.png,color,blue
135135,,c7fbf674-7151-4b31-9215-b4523cffdc16,1,0nKEo2ro1618033201462,258,figural_mixed,1,,0,round,2155.6750000000466,1,switch,r_g_15.png,shape,round
135135,,c7fbf674-7151-4b31-9215-b4523cffdc16,1,0nKEo2ro1618033201462,259,figural_mixed,1,,0,angular,2428.2449999999953,1,repetition,e_g_08.png,shape,angular
135135,,c7fbf674-7151-4b31-9215-b4523cffdc16,1,0nKEo2ro1618033201462,260,figural_mixed,1,,0,round,1617.6149999997579,1,repetition,r_b_16.png,shape,round
135135,,c7fbf674-7151-4b31-9215-b4523cffdc16,1,0nKEo2ro1618033201462,261,figural_mixed,1,,0,green,1543.9599999999627,1,switch,r_g_10.png,color,green
135135,,c7fbf674-7151-4b31-9215-b4523cffdc16,1,0nKEo2ro1618033201462,262,figural_mixed,1,,0,green,861.1699999996927,1,repetition,e_g_06.png,color,green
135135,,c7fbf674-7151-4b31-9215-b4523cffdc16,1,0nKEo2ro1618033201462,263,figural_mixed,1,,0,round,1202.1549999999115,1,switch,r_g_13.png,shape,round
135135,,c7fbf674-7151-4b31-9215-b4523cffdc16,1,0nKEo2ro1618033201462,264,figural_mixed,1,,0,blue,19163.95000000007,1,switch,r_b_03.png,color,blue
135135,,c7fbf674-7151-4b31-9215-b4523cffdc16,1,0nKEo2ro1618033201462,265,figural_mixed,1,,0,angular,1179.7799999999115,1,switch,e_b_02.png,shape,angular
135135,,c7fbf674-7151-4b31-9215-b4523cffdc16,1,0nKEo2ro1618033201462,266,figural_mixed,1,,0,angular,3001.6900000000605,1,repetition,e_b_03.png,shape,angular
135135,,c7fbf674-7151-4b31-9215-b4523cffdc16,1,0nKEo2ro1618033201462,267,figural_mixed,1,,0,green,1361.9050000002608,1,switch,e_g_07.png,color,green
135135,,c7fbf674-7151-4b31-9215-b4523cffdc16,1,0nKEo2ro1618033201462,268,figural_mixed,1,,0,blue,1335.6199999997625,1,repetition,r_b_08.png,color,blue
135135,,c7fbf674-7151-4b31-9215-b4523cffdc16,1,0nKEo2ro1618033201462,269,figural_mixed,1,,0,blue,1025.344999999972,1,repetition,r_b_01.png,color,blue
135135,,c7fbf674-7151-4b31-9215-b4523cffdc16,1,0nKEo2ro1618033201462,270,figural_mixed,1,,0,angular,1053.5899999999674,1,switch,e_b_05.png,shape,angular
135135,,c7fbf674-7151-4b31-9215-b4523cffdc16,1,0nKEo2ro1618033201462,271,figural_mixed,1,,0,green,1727.0100000001257,1,switch,r_g_16.png,color,green
135135,,c7fbf674-7151-4b31-9215-b4523cffdc16,1,0nKEo2ro1618033201462,272,figural_mixed,1,,0,angular,1554.9399999999441,1,switch,e_g_04.png,shape,angular
135135,,c7fbf674-7151-4b31-9215-b4523cffdc16,1,0nKEo2ro1618033201462,273,figural_mixed,1,,0,round,906.8849999998929,1,repetition,r_b_05.png,shape,round
135135,,c7fbf674-7151-4b31-9215-b4523cffdc16,1,0nKEo2ro1618033201462,274,figural_mixed,1,,0,round,1055.4449999999488,1,repetition,r_g_03.png,shape,round
135135,,c7fbf674-7151-4b31-9215-b4523cffdc16,1,0nKEo2ro1618033201462,275,figural_mixed,1,,0,blue,3069.25,1,switch,r_b_15.png,color,blue
135135,,c7fbf674-7151-4b31-9215-b4523cffdc16,1,0nKEo2ro1618033201462,276,figural_mixed,1,,0,green,995.8049999999348,1,repetition,r_g_14.png,color,green
135135,,c7fbf674-7151-4b31-9215-b4523cffdc16,1,0nKEo2ro1618033201462,277,figural_mixed,1,,0,angular,1151.6449999999022,1,switch,e_g_01.png,shape,angular
135135,,c7fbf674-7151-4b31-9215-b4523cffdc16,1,0nKEo2ro1618033201462,278,figural_mixed,1,,0,round,1201.7900000001537,1,repetition,r_b_15.png,shape,round
135135,,c7fbf674-7151-4b31-9215-b4523cffdc16,1,0nKEo2ro1618033201462,279,figural_mixed,1,,0,round,1575.0950000000885,1,repetition,r_b_08.png,shape,round
135135,,c7fbf674-7151-4b31-9215-b4523cffdc16,1,0nKEo2ro1618033201462,280,figural_mixed,1,,0,green,956.855000000447,1,switch,e_g_12.png,color,green
135135,,c7fbf674-7151-4b31-9215-b4523cffdc16,1,0nKEo2ro1618033201462,281,figural_mixed,1,,0,angular,1082.4350000002887,1,switch,e_b_13.png,shape,angular
135135,,c7fbf674-7151-4b31-9215-b4523cffdc16,1,0nKEo2ro1618033201462,282,figural_mixed,1,,0,green,1043.7899999998044,1,switch,r_g_03.png,color,green
135135,,c7fbf674-7151-4b31-9215-b4523cffdc16,1,0nKEo2ro1618033201462,283,figural_mixed,1,,0,blue,887.9699999997392,1,repetition,r_b_12.png,color,blue
135135,,c7fbf674-7151-4b31-9215-b4523cffdc16,1,0nKEo2ro1618033201462,284,figural_mixed,1,,0,angular,1063.0900000000838,1,switch,e_b_06.png,shape,angular
135135,,c7fbf674-7151-4b31-9215-b4523cffdc16,1,0nKEo2ro1618033201462,285,figural_mixed,1,,0,angular,1891.4399999998277,1,repetition,e_g_05.png,shape,angular
135135,,c7fbf674-7151-4b31-9215-b4523cffdc16,1,0nKEo2ro1618033201462,286,figural_mixed,1,,0,blue,2654.0899999999674,1,switch,r_b_11.png,color,blue
135135,,c7fbf674-7151-4b31-9215-b4523cffdc16,1,0nKEo2ro1618033201462,287,figural_mixed,1,,0,angular,1565.6100000001024,1,switch,e_b_16.png,shape,angular
135135,,c7fbf674-7151-4b31-9215-b4523cffdc16,1,0nKEo2ro1618033201462,288,figural_mixed,1,,0,green,1121.7249999999767,1,switch,e_g_01.png,color,green
135135,,c7fbf674-7151-4b31-9215-b4523cffdc16,1,0nKEo2ro1618033201462,289,figural_mixed,1,,0,green,994.8749999998836,1,repetition,e_g_13.png,color,green
135135,,c7fbf674-7151-4b31-9215-b4523cffdc16,1,0nKEo2ro1618033201462,290,figural_mixed,1,,0,round,1102.6199999997625,1,switch,r_b_12.png,shape,round
135135,,c7fbf674-7151-4b31-9215-b4523cffdc16,1,0nKEo2ro1618033201462,291,figural_mixed,1,,0,blue,1316.7899999998044,1,switch,e_b_08.png,color,blue
135135,,c7fbf674-7151-4b31-9215-b4523cffdc16,1,0nKEo2ro1618033201462,292,figural_mixed,1,,0,green,892.3599999997532,1,repetition,e_g_09.png,color,green
135135,,c7fbf674-7151-4b31-9215-b4523cffdc16,1,0nKEo2ro1618033201462,293,figural_mixed,1,,0,green,918.3449999999721,1,repetition,r_g_12.png,color,green
135135,,c7fbf674-7151-4b31-9215-b4523cffdc16,1,0nKEo2ro1618033201462,294,figural_single_2_2,1,,0,blue,1104.3949999997858,1,single,e_b_01.png,color,blue
135135,,c7fbf674-7151-4b31-9215-b4523cffdc16,1,0nKEo2ro1618033201462,295,figural_single_2_2,1,,0,blue,796.0250000000233,1,single,r_b_03.png,color,blue
135135,,c7fbf674-7151-4b31-9215-b4523cffdc16,1,0nKEo2ro1618033201462,296,figural_single_2_2,1,,0,green,804.8449999996228,1,single,e_g_01.png,color,green
135135,,c7fbf674-7151-4b31-9215-b4523cffdc16,1,0nKEo2ro1618033201462,297,figural_single_2_2,1,,0,green,1267.75,1,single,e_g_13.png,color,green
135135,,c7fbf674-7151-4b31-9215-b4523cffdc16,1,0nKEo2ro1618033201462,298,figural_single_2_2,1,,0,blue,1037.8499999996275,1,single,r_b_16.png,color,blue
135135,,c7fbf674-7151-4b31-9215-b4523cffdc16,1,0nKEo2ro1618033201462,299,figural_single_2_2,1,,0,blue,1400.5600000000559,1,single,r_b_07.png,color,blue
135135,,c7fbf674-7151-4b31-9215-b4523cffdc16,1,0nKEo2ro1618033201462,300,figural_single_2_2,1,,0,green,786.5349999996834,1,single,r_g_08.png,color,green
135135,,c7fbf674-7151-4b31-9215-b4523cffdc16,1,0nKEo2ro1618033201462,301,figural_single_2_2,1,,0,blue,778.5300000000279,1,single,r_b_09.png,color,blue
135135,,c7fbf674-7151-4b31-9215-b4523cffdc16,1,0nKEo2ro1618033201462,302,figural_single_2_2,1,,0,green,686.2000000001863,1,single,r_g_02.png,color,green
135135,,c7fbf674-7151-4b31-9215-b4523cffdc16,1,0nKEo2ro1618033201462,303,figural_single_2_2,1,,0,green,1342.8149999999441,1,single,r_g_12.png,color,green
135135,,c7fbf674-7151-4b31-9215-b4523cffdc16,1,0nKEo2ro1618033201462,304,figural_single_2_2,1,,0,blue,743.4699999999721,1,single,e_b_08.png,color,blue
135135,,c7fbf674-7151-4b31-9215-b4523cffdc16,1,0nKEo2ro1618033201462,305,figural_single_2_2,1,,0,green,826.2949999998091,1,single,r_g_04.png,color,green
135135,,c7fbf674-7151-4b31-9215-b4523cffdc16,1,0nKEo2ro1618033201462,306,figural_single_2_2,1,,0,blue,720.214999999851,1,single,e_b_03.png,color,blue
135135,,c7fbf674-7151-4b31-9215-b4523cffdc16,1,0nKEo2ro1618033201462,307,figural_single_2_2,1,,0,green,732.4550000003073,0,single,e_b_11.png,color,blue
135135,,c7fbf674-7151-4b31-9215-b4523cffdc16,1,0nKEo2ro1618033201462,308,figural_single_2_2,1,,0,blue,979.1549999999115,1,single,r_b_14.png,color,blue
135135,,c7fbf674-7151-4b31-9215-b4523cffdc16,1,0nKEo2ro1618033201462,309,figural_single_2_2,1,,0,green,701.6400000002468,1,single,e_g_07.png,color,green
135135,,c7fbf674-7151-4b31-9215-b4523cffdc16,1,0nKEo2ro1618033201462,310,figural_single_2_2,1,,0,blue,659.645000000135,1,single,r_b_13.png,color,blue
135135,,c7fbf674-7151-4b31-9215-b4523cffdc16,1,0nKEo2ro1618033201462,311,figural_single_2_2,1,,0,green,685.9849999996368,1,single,e_g_16.png,color,green
135135,,c7fbf674-7151-4b31-9215-b4523cffdc16,1,0nKEo2ro1618033201462,312,figural_single_2_2,1,,0,blue,598.5449999998091,1,single,e_b_14.png,color,blue
135135,,c7fbf674-7151-4b31-9215-b4523cffdc16,1,0nKEo2ro1618033201462,313,figural_single_2_2,1,,0,green,607.3850000002421,1,single,e_g_12.png,color,green
135135,,c7fbf674-7151-4b31-9215-b4523cffdc16,1,0nKEo2ro1618033201462,314,figural_single_2_2,1,,0,green,773.9299999998184,1,single,r_g_07.png,color,green
135135,,c7fbf674-7151-4b31-9215-b4523cffdc16,1,0nKEo2ro1618033201462,315,figural_single_2_2,1,,0,blue,707.6399999996647,1,single,e_b_15.png,color,blue
135135,,c7fbf674-7151-4b31-9215-b4523cffdc16,1,0nKEo2ro1618033201462,316,figural_single_2_2,1,,0,blue,453.199999999837,1,single,e_b_05.png,color,blue
135135,,c7fbf674-7151-4b31-9215-b4523cffdc16,1,0nKEo2ro1618033201462,317,figural_single_2_2,1,,0,green,556.9900000001071,1,single,r_g_15.png,color,green
135135,,c7fbf674-7151-4b31-9215-b4523cffdc16,1,0nKEo2ro1618033201462,318,figural_single_2_2,1,,0,blue,729.2499999998836,1,single,r_b_06.png,color,blue
135135,,c7fbf674-7151-4b31-9215-b4523cffdc16,1,0nKEo2ro1618033201462,319,figural_single_2_2,1,,0,green,801.7150000000838,1,single,e_g_02.png,color,green
135135,,c7fbf674-7151-4b31-9215-b4523cffdc16,1,0nKEo2ro1618033201462,320,figural_single_2_2,1,,0,green,906.1299999998882,1,single,r_g_16.png,color,green
135135,,c7fbf674-7151-4b31-9215-b4523cffdc16,1,0nKEo2ro1618033201462,321,figural_single_2_2,1,,0,blue,582.0750000001863,1,single,e_b_10.png,color,blue
135135,,c7fbf674-7151-4b31-9215-b4523cffdc16,1,0nKEo2ro1618033201462,322,figural_single_2_2,1,,0,green,747.8600000003353,1,single,e_g_05.png,color,green
135135,,c7fbf674-7151-4b31-9215-b4523cffdc16,1,0nKEo2ro1618033201462,323,figural_single_2_2,1,,0,green,881.0950000002049,1,single,e_g_03.png,color,green
135135,,c7fbf674-7151-4b31-9215-b4523cffdc16,1,0nKEo2ro1618033201462,324,figural_single_2_2,1,,0,green,669.8650000003399,1,single,e_g_11.png,color,green
135135,,c7fbf674-7151-4b31-9215-b4523cffdc16,1,0nKEo2ro1618033201462,325,figural_single_2_2,1,,0,blue,711.2400000001071,1,single,r_b_15.png,color,blue
135135,,c7fbf674-7151-4b31-9215-b4523cffdc16,1,0nKEo2ro1618033201462,326,figural_single_2_2,1,,0,blue,621.4450000001816,1,single,e_b_02.png,color,blue
135135,,c7fbf674-7151-4b31-9215-b4523cffdc16,1,0nKEo2ro1618033201462,327,figural_single_2_2,1,,0,blue,472.76500000001397,1,single,r_b_08.png,color,blue
135135,,c7fbf674-7151-4b31-9215-b4523cffdc16,1,0nKEo2ro1618033201462,328,figural_single_2_2,1,,0,green,853.7049999999581,1,single,e_g_06.png,color,green
135135,,c7fbf674-7151-4b31-9215-b4523cffdc16,1,0nKEo2ro1618033201462,329,figural_single_2_2,1,,0,blue,605.4199999998091,1,single,e_b_16.png,color,blue
135135,,c7fbf674-7151-4b31-9215-b4523cffdc16,1,0nKEo2ro1618033201462,330,figural_single_2_2,1,,0,green,642.5699999999488,0,single,e_b_06.png,color,blue
135135,,c7fbf674-7151-4b31-9215-b4523cffdc16,1,0nKEo2ro1618033201462,331,figural_single_2_2,1,,0,green,1220.5599999997066,1,single,r_g_09.png,color,green
135135,,c7fbf674-7151-4b31-9215-b4523cffdc16,1,0nKEo2ro1618033201462,332,figural_single_2_2,1,,0,blue,527.4049999997951,0,single,e_g_10.png,color,green
135135,,c7fbf674-7151-4b31-9215-b4523cffdc16,1,0nKEo2ro1618033201462,333,figural_single_2_2,1,,0,blue,1115.3699999999953,1,single,e_b_12.png,color,blue
135135,,c7fbf674-7151-4b31-9215-b4523cffdc16,1,0nKEo2ro1618033201462,334,figural_single_2_2,1,,0,green,829.7649999998976,1,single,r_g_11.png,color,green
135135,,c7fbf674-7151-4b31-9215-b4523cffdc16,1,0nKEo2ro1618033201462,335,figural_single_2_2,1,,0,green,765.4449999999488,1,single,r_g_06.png,color,green
135135,,c7fbf674-7151-4b31-9215-b4523cffdc16,1,0nKEo2ro1618033201462,336,figural_single_2_2,1,,0,green,860.4650000002002,1,single,e_g_04.png,color,green
135135,,c7fbf674-7151-4b31-9215-b4523cffdc16,1,0nKEo2ro1618033201462,337,figural_single_2_2,1,,0,blue,692.6499999999069,1,single,r_b_01.png,color,blue
135135,,c7fbf674-7151-4b31-9215-b4523cffdc16,1,0nKEo2ro1618033201462,338,figural_single_2_2,1,,0,green,803.9549999998417,1,single,r_g_03.png,color,green
135135,,c7fbf674-7151-4b31-9215-b4523cffdc16,1,0nKEo2ro1618033201462,339,figural_single_2_2,1,,0,blue,754.0949999997392,1,single,e_b_04.png,color,blue
135135,,c7fbf674-7151-4b31-9215-b4523cffdc16,1,0nKEo2ro1618033201462,340,figural_single_2_2,1,,0,blue,716.9499999999534,1,single,r_b_12.png,color,blue
135135,,c7fbf674-7151-4b31-9215-b4523cffdc16,1,0nKEo2ro1618033201462,341,figural_single_2_2,1,,0,green,676.1999999999534,1,single,r_g_13.png,color,green
135135,,c7fbf674-7151-4b31-9215-b4523cffdc16,1,0nKEo2ro1618033201462,342,figural_single_2_2,1,,0,blue,787.0049999996554,1,single,r_b_02.png,color,blue
135135,,c7fbf674-7151-4b31-9215-b4523cffdc16,1,0nKEo2ro1618033201462,343,figural_single_2_2,1,,0,green,707.3499999996275,1,single,e_g_09.png,color,green
135135,,c7fbf674-7151-4b31-9215-b4523cffdc16,1,0nKEo2ro1618033201462,344,figural_single_2_2,1,,0,green,915.5200000000186,1,single,e_g_15.png,color,green
135135,,c7fbf674-7151-4b31-9215-b4523cffdc16,1,0nKEo2ro1618033201462,345,figural_single_2_2,1,,0,green,590.7900000002701,1,single,e_g_08.png,color,green
135135,,c7fbf674-7151-4b31-9215-b4523cffdc16,1,0nKEo2ro1618033201462,346,figural_single_2_2,1,,0,blue,828.184999999823,1,single,r_b_05.png,color,blue
135135,,c7fbf674-7151-4b31-9215-b4523cffdc16,1,0nKEo2ro1618033201462,347,figural_single_2_2,1,,0,green,813.2949999999255,1,single,r_g_14.png,color,green
135135,,c7fbf674-7151-4b31-9215-b4523cffdc16,1,0nKEo2ro1618033201462,348,figural_single_2_2,1,,0,blue,1118.1449999999022,1,single,r_b_04.png,color,blue
135135,,c7fbf674-7151-4b31-9215-b4523cffdc16,1,0nKEo2ro1618033201462,349,figural_single_2_2,1,,0,green,661.2450000002282,1,single,r_g_10.png,color,green
135135,,c7fbf674-7151-4b31-9215-b4523cffdc16,1,0nKEo2ro1618033201462,350,figural_single_2_2,1,,0,green,797.9700000000885,1,single,r_g_01.png,color,green
135135,,c7fbf674-7151-4b31-9215-b4523cffdc16,1,0nKEo2ro1618033201462,351,figural_single_2_2,1,,0,blue,780.354999999865,1,single,r_b_11.png,color,blue
135135,,c7fbf674-7151-4b31-9215-b4523cffdc16,1,0nKEo2ro1618033201462,352,figural_single_2_2,1,,0,green,2137.1549999999115,1,single,r_g_05.png,color,green
135135,,c7fbf674-7151-4b31-9215-b4523cffdc16,1,0nKEo2ro1618033201462,353,figural_single_2_2,1,,0,blue,1217.7249999999767,1,single,r_b_10.png,color,blue
135135,,c7fbf674-7151-4b31-9215-b4523cffdc16,1,0nKEo2ro1618033201462,354,figural_single_2_2,1,,0,blue,1306.8300000000745,1,single,e_b_13.png,color,blue
135135,,c7fbf674-7151-4b31-9215-b4523cffdc16,1,0nKEo2ro1618033201462,355,figural_single_2_2,1,,0,green,600.5999999997439,1,single,e_g_14.png,color,green
135135,,c7fbf674-7151-4b31-9215-b4523cffdc16,1,0nKEo2ro1618033201462,356,figural_single_2_2,1,,0,blue,957.3449999998556,1,single,e_b_07.png,color,blue
135135,,c7fbf674-7151-4b31-9215-b4523cffdc16,1,0nKEo2ro1618033201462,357,figural_single_2_2,1,,0,blue,840.9349999997066,1,single,e_b_09.png,color,blue
135135,,c7fbf674-7151-4b31-9215-b4523cffdc16,1,0nKEo2ro1618033201462,358,figural_single_1_2,1,,0,angular,1139.9899999996414,1,single,e_g_11.png,shape,angular
135135,,c7fbf674-7151-4b31-9215-b4523cffdc16,1,0nKEo2ro1618033201462,359,figural_single_1_2,1,,0,round,1367.470000000205,1,single,r_b_16.png,shape,round
135135,,c7fbf674-7151-4b31-9215-b4523cffdc16,1,0nKEo2ro1618033201462,360,figural_single_1_2,1,,0,angular,983.4999999997672,1,single,e_b_10.png,shape,angular
135135,,c7fbf674-7151-4b31-9215-b4523cffdc16,1,0nKEo2ro1618033201462,361,figural_single_1_2,1,,0,round,1160.4799999999814,1,single,r_b_02.png,shape,round
135135,,c7fbf674-7151-4b31-9215-b4523cffdc16,1,0nKEo2ro1618033201462,362,figural_single_1_2,1,,0,round,800.1600000002654,1,single,r_g_08.png,shape,round
135135,,c7fbf674-7151-4b31-9215-b4523cffdc16,1,0nKEo2ro1618033201462,363,figural_single_1_2,1,,0,angular,1292.299999999581,1,single,e_g_02.png,shape,angular
135135,,c7fbf674-7151-4b31-9215-b4523cffdc16,1,0nKEo2ro1618033201462,364,figural_single_1_2,1,,0,round,975.7550000000047,1,single,r_g_05.png,shape,round
135135,,c7fbf674-7151-4b31-9215-b4523cffdc16,1,0nKEo2ro1618033201462,365,figural_single_1_2,1,,0,round,1009.8299999999581,0,single,e_b_15.png,shape,angular
135135,,c7fbf674-7151-4b31-9215-b4523cffdc16,1,0nKEo2ro1618033201462,366,figural_single_1_2,1,,0,round,1033.7850000000326,1,single,r_b_09.png,shape,round
135135,,c7fbf674-7151-4b31-9215-b4523cffdc16,1,0nKEo2ro1618033201462,367,figural_single_1_2,1,,0,angular,695.7300000003306,1,single,e_b_12.png,shape,angular
135135,,c7fbf674-7151-4b31-9215-b4523cffdc16,1,0nKEo2ro1618033201462,368,figural_single_1_2,1,,0,angular,1108.6099999997532,1,single,e_g_15.png,shape,angular
135135,,c7fbf674-7151-4b31-9215-b4523cffdc16,1,0nKEo2ro1618033201462,369,figural_single_1_2,1,,0,round,988.3349999999627,1,single,r_g_04.png,shape,round
135135,,c7fbf674-7151-4b31-9215-b4523cffdc16,1,0nKEo2ro1618033201462,370,figural_single_1_2,1,,0,angular,1105.6499999999069,1,single,e_b_14.png,shape,angular
135135,,c7fbf674-7151-4b31-9215-b4523cffdc16,1,0nKEo2ro1618033201462,371,figural_single_1_2,1,,0,angular,1706.069999999716,1,single,e_b_02.png,shape,angular
135135,,c7fbf674-7151-4b31-9215-b4523cffdc16,1,0nKEo2ro1618033201462,372,figural_single_1_2,1,,0,round,759.0449999998091,1,single,r_g_15.png,shape,round
135135,,c7fbf674-7151-4b31-9215-b4523cffdc16,1,0nKEo2ro1618033201462,373,figural_single_1_2,1,,0,angular,708.1800000000512,1,single,e_b_11.png,shape,angular
135135,,c7fbf674-7151-4b31-9215-b4523cffdc16,1,0nKEo2ro1618033201462,374,figural_single_1_2,1,,0,round,972.0150000003632,1,single,r_b_07.png,shape,round
135135,,c7fbf674-7151-4b31-9215-b4523cffdc16,1,0nKEo2ro1618033201462,375,figural_single_1_2,1,,0,round,813.0100000002421,1,single,r_g_06.png,shape,round
135135,,c7fbf674-7151-4b31-9215-b4523cffdc16,1,0nKEo2ro1618033201462,376,figural_single_1_2,1,,0,round,849.0400000000373,1,single,r_g_02.png,shape,round
135135,,c7fbf674-7151-4b31-9215-b4523cffdc16,1,0nKEo2ro1618033201462,377,figural_single_1_2,1,,0,angular,1031.5550000000512,1,single,e_b_09.png,shape,angular
135135,,c7fbf674-7151-4b31-9215-b4523cffdc16,1,0nKEo2ro1618033201462,378,figural_single_1_2,1,,0,round,2670.7200000000885,1,single,r_b_15.png,shape,round
135135,,c7fbf674-7151-4b31-9215-b4523cffdc16,1,0nKEo2ro1618033201462,379,figural_single_1_2,1,,0,angular,1451.5199999996694,1,single,e_g_14.png,shape,angular
135135,,c7fbf674-7151-4b31-9215-b4523cffdc16,1,0nKEo2ro1618033201462,380,figural_single_1_2,1,,0,round,1441.5199999997858,1,single,r_b_04.png,shape,round
135135,,c7fbf674-7151-4b31-9215-b4523cffdc16,1,0nKEo2ro1618033201462,381,figural_single_1_2,1,,0,round,894.1300000001211,1,single,r_g_09.png,shape,round
135135,,c7fbf674-7151-4b31-9215-b4523cffdc16,1,0nKEo2ro1618033201462,382,figural_single_1_2,1,,0,angular,1126.479999999865,1,single,e_g_03.png,shape,angular
135135,,c7fbf674-7151-4b31-9215-b4523cffdc16,1,0nKEo2ro1618033201462,383,figural_single_1_2,1,,0,round,832.3950000002515,1,single,r_b_13.png,shape,round
135135,,c7fbf674-7151-4b31-9215-b4523cffdc16,1,0nKEo2ro1618033201462,384,figural_single_1_2,1,,0,round,844.1349999998929,1,single,r_b_03.png,shape,round
135135,,c7fbf674-7151-4b31-9215-b4523cffdc16,1,0nKEo2ro1618033201462,385,figural_single_1_2,1,,0,round,1378.4849999997532,1,single,r_g_14.png,shape,round
135135,,c7fbf674-7151-4b31-9215-b4523cffdc16,1,0nKEo2ro1618033201462,386,figural_single_1_2,1,,0,angular,1380.079999999958,1,single,e_b_05.png,shape,angular
135135,,c7fbf674-7151-4b31-9215-b4523cffdc16,1,0nKEo2ro1618033201462,387,figural_single_1_2,1,,0,round,1077.690000000177,1,single,r_b_10.png,shape,round
135135,,c7fbf674-7151-4b31-9215-b4523cffdc16,1,0nKEo2ro1618033201462,388,figural_single_1_2,1,,0,round,997.5200000003679,1,single,r_b_12.png,shape,round
135135,,c7fbf674-7151-4b31-9215-b4523cffdc16,1,0nKEo2ro1618033201462,389,figural_single_1_2,1,,0,round,1098.4399999997113,1,single,r_b_14.png,shape,round
135135,,c7fbf674-7151-4b31-9215-b4523cffdc16,1,0nKEo2ro1618033201462,390,figural_single_1_2,1,,0,angular,713.2099999998463,1,single,e_g_16.png,shape,angular
135135,,c7fbf674-7151-4b31-9215-b4523cffdc16,1,0nKEo2ro1618033201462,391,figural_single_1_2,1,,0,round,712.9149999995716,1,single,r_g_12.png,shape,round
135135,,c7fbf674-7151-4b31-9215-b4523cffdc16,1,0nKEo2ro1618033201462,392,figural_single_1_2,1,,0,round,792.0949999997392,1,single,r_g_11.png,shape,round
135135,,c7fbf674-7151-4b31-9215-b4523cffdc16,1,0nKEo2ro1618033201462,393,figural_single_1_2,1,,0,angular,633.3699999999953,1,single,e_b_03.png,shape,angular
135135,,c7fbf674-7151-4b31-9215-b4523cffdc16,1,0nKEo2ro1618033201462,394,figural_single_1_2,1,,0,angular,866.0699999999488,1,single,e_b_04.png,shape,angular
135135,,c7fbf674-7151-4b31-9215-b4523cffdc16,1,0nKEo2ro1618033201462,395,figural_single_1_2,1,,0,round,642.6200000001118,1,single,r_b_11.png,shape,round
135135,,c7fbf674-7151-4b31-9215-b4523cffdc16,1,0nKEo2ro1618033201462,396,figural_single_1_2,1,,0,angular,616.5299999997951,1,single,e_g_05.png,shape,angular
135135,,c7fbf674-7151-4b31-9215-b4523cffdc16,1,0nKEo2ro1618033201462,397,figural_single_1_2,1,,0,angular,845.0649999999441,1,single,e_b_16.png,shape,angular
135135,,c7fbf674-7151-4b31-9215-b4523cffdc16,1,0nKEo2ro1618033201462,398,figural_single_1_2,1,,0,angular,1150.7649999998976,1,single,e_g_13.png,shape,angular
135135,,c7fbf674-7151-4b31-9215-b4523cffdc16,1,0nKEo2ro1618033201462,399,figural_single_1_2,1,,0,round,662.8950000003679,1,single,r_g_01.png,shape,round
135135,,c7fbf674-7151-4b31-9215-b4523cffdc16,1,0nKEo2ro1618033201462,400,figural_single_1_2,1,,0,angular,670.2150000002002,1,single,e_b_08.png,shape,angular
135135,,c7fbf674-7151-4b31-9215-b4523cffdc16,1,0nKEo2ro1618033201462,401,figural_single_1_2,1,,0,angular,673.9199999996927,1,single,e_g_10.png,shape,angular
135135,,c7fbf674-7151-4b31-9215-b4523cffdc16,1,0nKEo2ro1618033201462,402,figural_single_1_2,1,,0,round,706.0249999999069,1,single,r_g_13.png,shape,round
135135,,c7fbf674-7151-4b31-9215-b4523cffdc16,1,0nKEo2ro1618033201462,403,figural_single_1_2,1,,0,angular,638.6500000003725,1,single,e_b_01.png,shape,angular
135135,,c7fbf674-7151-4b31-9215-b4523cffdc16,1,0nKEo2ro1618033201462,404,figural_single_1_2,1,,0,angular,590.9700000002049,1,single,e_b_06.png,shape,angular
135135,,c7fbf674-7151-4b31-9215-b4523cffdc16,1,0nKEo2ro1618033201462,405,figural_single_1_2,1,,0,round,1059.0000000002328,1,single,r_g_10.png,shape,round
135135,,c7fbf674-7151-4b31-9215-b4523cffdc16,1,0nKEo2ro1618033201462,406,figural_single_1_2,1,,0,angular,694.5350000000326,1,single,e_g_08.png,shape,angular
135135,,c7fbf674-7151-4b31-9215-b4523cffdc16,1,0nKEo2ro1618033201462,407,figural_single_1_2,1,,0,angular,903.9299999999348,1,single,e_g_07.png,shape,angular
135135,,c7fbf674-7151-4b31-9215-b4523cffdc16,1,0nKEo2ro1618033201462,408,figural_single_1_2,1,,0,round,813.2450000002282,1,single,r_b_06.png,shape,round
135135,,c7fbf674-7151-4b31-9215-b4523cffdc16,1,0nKEo2ro1618033201462,409,figural_single_1_2,1,,0,angular,727.0650000000605,1,single,e_g_09.png,shape,angular
135135,,c7fbf674-7151-4b31-9215-b4523cffdc16,1,0nKEo2ro1618033201462,410,figural_single_1_2,1,,0,round,625.9150000000373,1,single,r_b_01.png,shape,round
135135,,c7fbf674-7151-4b31-9215-b4523cffdc16,1,0nKEo2ro1618033201462,411,figural_single_1_2,1,,0,angular,739.2100000001956,1,single,e_b_13.png,shape,angular
135135,,c7fbf674-7151-4b31-9215-b4523cffdc16,1,0nKEo2ro1618033201462,412,figural_single_1_2,1,,0,angular,830.6650000003865,1,single,e_g_04.png,shape,angular
135135,,c7fbf674-7151-4b31-9215-b4523cffdc16,1,0nKEo2ro1618033201462,413,figural_single_1_2,1,,0,angular,945.8150000000605,1,single,e_g_12.png,shape,angular
135135,,c7fbf674-7151-4b31-9215-b4523cffdc16,1,0nKEo2ro1618033201462,414,figural_single_1_2,1,,0,round,828.5550000000512,1,single,r_b_08.png,shape,round
135135,,c7fbf674-7151-4b31-9215-b4523cffdc16,1,0nKEo2ro1618033201462,415,figural_single_1_2,1,,0,angular,731.5499999999302,1,single,e_b_07.png,shape,angular
135135,,c7fbf674-7151-4b31-9215-b4523cffdc16,1,0nKEo2ro1618033201462,416,figural_single_1_2,1,,0,round,756.6449999999022,1,single,r_g_03.png,shape,round
135135,,c7fbf674-7151-4b31-9215-b4523cffdc16,1,0nKEo2ro1618033201462,417,figural_single_1_2,1,,0,angular,638.375,1,single,e_g_06.png,shape,angular
135135,,c7fbf674-7151-4b31-9215-b4523cffdc16,1,0nKEo2ro1618033201462,418,figural_single_1_2,1,,0,round,632.5050000000047,1,single,r_g_16.png,shape,round
135135,,c7fbf674-7151-4b31-9215-b4523cffdc16,1,0nKEo2ro1618033201462,419,figural_single_1_2,1,,0,angular,733.3949999997858,0,single,r_b_05.png,shape,round
135135,,c7fbf674-7151-4b31-9215-b4523cffdc16,1,0nKEo2ro1618033201462,420,figural_single_1_2,1,,0,angular,1033.1699999996927,1,single,e_g_01.png,shape,angular
135135,,c7fbf674-7151-4b31-9215-b4523cffdc16,1,0nKEo2ro1618033201462,421,figural_single_1_2,1,,0,round,792.265000000014,1,single,r_g_07.png,shape,round