userCode,extId,moduleId,sessionId,sessionToken,trialId,executableId,session.complete,session.condition,session.forceExit,givenResponse,reactionTime,score,shiftingType,stimulusValue,stimulusType,correctResponse
135116,,c7fbf674-7151-4b31-9215-b4523cffdc16,1,BFjYtIPU1617996806053,1,figural_single_1_practice,1,,0,angular,2039.4699999596924,0,single,r_b_10.png,shape,round
135116,,c7fbf674-7151-4b31-9215-b4523cffdc16,1,BFjYtIPU1617996806053,2,figural_single_1_practice,1,,0,angular,1596.239999984391,1,single,e_b_09.png,shape,angular
135116,,c7fbf674-7151-4b31-9215-b4523cffdc16,1,BFjYtIPU1617996806053,3,figural_single_1_practice,1,,0,round,902.0299999974668,1,single,r_b_11.png,shape,round
135116,,c7fbf674-7151-4b31-9215-b4523cffdc16,1,BFjYtIPU1617996806053,4,figural_single_1_practice,1,,0,round,626.6700000269338,1,single,r_g_05.png,shape,round
135116,,c7fbf674-7151-4b31-9215-b4523cffdc16,1,BFjYtIPU1617996806053,5,figural_single_1_practice,1,,0,round,956.220000050962,0,single,e_b_14.png,shape,angular
135116,,c7fbf674-7151-4b31-9215-b4523cffdc16,1,BFjYtIPU1617996806053,6,figural_single_1_practice,1,,0,angular,462.3549999669194,1,single,e_g_07.png,shape,angular
135116,,c7fbf674-7151-4b31-9215-b4523cffdc16,1,BFjYtIPU1617996806053,7,figural_single_1_practice,1,,0,angular,492.25999996997416,1,single,e_g_12.png,shape,angular
135116,,c7fbf674-7151-4b31-9215-b4523cffdc16,1,BFjYtIPU1617996806053,8,figural_single_1_practice,1,,0,angular,779.1900000302121,0,single,r_b_16.png,shape,round
135116,,c7fbf674-7151-4b31-9215-b4523cffdc16,1,BFjYtIPU1617996806053,9,figural_single_1_practice,1,,0,angular,566.5049999952316,0,single,r_g_02.png,shape,round
135116,,c7fbf674-7151-4b31-9215-b4523cffdc16,1,BFjYtIPU1617996806053,10,figural_single_1_practice,1,,0,round,638.4300000499934,0,single,e_b_04.png,shape,angular
135116,,c7fbf674-7151-4b31-9215-b4523cffdc16,1,BFjYtIPU1617996806053,11,figural_single_1_practice,1,,0,angular,425.32999999821186,1,single,e_g_06.png,shape,angular
135116,,c7fbf674-7151-4b31-9215-b4523cffdc16,1,BFjYtIPU1617996806053,12,figural_single_1_practice,1,,0,round,694.590000086464,1,single,r_g_15.png,shape,round
135116,,c7fbf674-7151-4b31-9215-b4523cffdc16,1,BFjYtIPU1617996806053,13,figural_single_1_1,1,,0,round,587.375000002794,1,single,r_b_01.png,shape,round
135116,,c7fbf674-7151-4b31-9215-b4523cffdc16,1,BFjYtIPU1617996806053,14,figural_single_1_1,1,,0,round,859.5150000182912,0,single,e_g_11.png,shape,angular
135116,,c7fbf674-7151-4b31-9215-b4523cffdc16,1,BFjYtIPU1617996806053,15,figural_single_1_1,1,,0,round,1093.2699999539182,1,single,r_b_10.png,shape,round
135116,,c7fbf674-7151-4b31-9215-b4523cffdc16,1,BFjYtIPU1617996806053,16,figural_single_1_1,1,,0,round,579.2450000299141,1,single,r_b_06.png,shape,round
135116,,c7fbf674-7151-4b31-9215-b4523cffdc16,1,BFjYtIPU1617996806053,17,figural_single_1_1,1,,0,angular,516.4949999889359,1,single,e_g_07.png,shape,angular
135116,,c7fbf674-7151-4b31-9215-b4523cffdc16,1,BFjYtIPU1617996806053,18,figural_single_1_1,1,,0,angular,573.865000042133,1,single,e_g_13.png,shape,angular
135116,,c7fbf674-7151-4b31-9215-b4523cffdc16,1,BFjYtIPU1617996806053,19,figural_single_1_1,1,,0,round,502.21499998588115,1,single,r_g_06.png,shape,round
135116,,c7fbf674-7151-4b31-9215-b4523cffdc16,1,BFjYtIPU1617996806053,20,figural_single_1_1,1,,0,round,632.7749999472871,0,single,e_g_16.png,shape,angular
135116,,c7fbf674-7151-4b31-9215-b4523cffdc16,1,BFjYtIPU1617996806053,21,figural_single_1_1,1,,0,angular,485.7299999566749,1,single,e_b_09.png,shape,angular
135116,,c7fbf674-7151-4b31-9215-b4523cffdc16,1,BFjYtIPU1617996806053,22,figural_single_1_1,1,,0,angular,510.44500002171844,1,single,e_b_08.png,shape,angular
135116,,c7fbf674-7151-4b31-9215-b4523cffdc16,1,BFjYtIPU1617996806053,23,figural_single_1_1,1,,0,round,447.9249999858439,1,single,r_b_12.png,shape,round
135116,,c7fbf674-7151-4b31-9215-b4523cffdc16,1,BFjYtIPU1617996806053,24,figural_single_1_1,1,,0,angular,914.7599999560043,1,single,e_b_10.png,shape,angular
135116,,c7fbf674-7151-4b31-9215-b4523cffdc16,1,BFjYtIPU1617996806053,25,figural_single_1_1,1,,0,round,596.0850000847131,0,single,e_b_05.png,shape,angular
135116,,c7fbf674-7151-4b31-9215-b4523cffdc16,1,BFjYtIPU1617996806053,26,figural_single_1_1,1,,0,round,816.8299999088049,1,single,r_b_13.png,shape,round
135116,,c7fbf674-7151-4b31-9215-b4523cffdc16,1,BFjYtIPU1617996806053,27,figural_single_1_1,1,,0,angular,658.9249999960884,0,single,r_g_15.png,shape,round
135116,,c7fbf674-7151-4b31-9215-b4523cffdc16,1,BFjYtIPU1617996806053,28,figural_single_1_1,1,,0,angular,555.8550000423566,1,single,e_g_09.png,shape,angular
135116,,c7fbf674-7151-4b31-9215-b4523cffdc16,1,BFjYtIPU1617996806053,29,figural_single_1_1,1,,0,round,558.7600000435486,1,single,r_g_02.png,shape,round
135116,,c7fbf674-7151-4b31-9215-b4523cffdc16,1,BFjYtIPU1617996806053,30,figural_single_1_1,1,,0,round,537.4650000594556,1,single,r_b_07.png,shape,round
135116,,c7fbf674-7151-4b31-9215-b4523cffdc16,1,BFjYtIPU1617996806053,31,figural_single_1_1,1,,0,angular,727.7900000335649,1,single,e_b_06.png,shape,angular
135116,,c7fbf674-7151-4b31-9215-b4523cffdc16,1,BFjYtIPU1617996806053,32,figural_single_1_1,1,,0,round,505.6099999928847,1,single,r_b_16.png,shape,round
135116,,c7fbf674-7151-4b31-9215-b4523cffdc16,1,BFjYtIPU1617996806053,33,figural_single_1_1,1,,0,angular,498.73999995179474,0,single,r_b_02.png,shape,round
135116,,c7fbf674-7151-4b31-9215-b4523cffdc16,1,BFjYtIPU1617996806053,34,figural_single_1_1,1,,0,angular,815.1500000385568,1,single,e_g_06.png,shape,angular
135116,,c7fbf674-7151-4b31-9215-b4523cffdc16,1,BFjYtIPU1617996806053,35,figural_single_1_1,1,,0,round,388.8849999057129,1,single,r_g_03.png,shape,round
135116,,c7fbf674-7151-4b31-9215-b4523cffdc16,1,BFjYtIPU1617996806053,36,figural_single_1_1,1,,0,angular,719.8799999896437,1,single,e_g_05.png,shape,angular
135116,,c7fbf674-7151-4b31-9215-b4523cffdc16,1,BFjYtIPU1617996806053,37,figural_single_1_1,1,,0,angular,597.1600000048056,1,single,e_b_13.png,shape,angular
135116,,c7fbf674-7151-4b31-9215-b4523cffdc16,1,BFjYtIPU1617996806053,38,figural_single_1_1,1,,0,angular,776.7350000794977,1,single,e_g_15.png,shape,angular
135116,,c7fbf674-7151-4b31-9215-b4523cffdc16,1,BFjYtIPU1617996806053,39,figural_single_1_1,1,,0,round,630.295000039041,1,single,r_g_08.png,shape,round
135116,,c7fbf674-7151-4b31-9215-b4523cffdc16,1,BFjYtIPU1617996806053,40,figural_single_1_1,1,,0,round,560.2100000251085,1,single,r_b_05.png,shape,round
135116,,c7fbf674-7151-4b31-9215-b4523cffdc16,1,BFjYtIPU1617996806053,41,figural_single_1_1,1,,0,angular,559.8450000397861,1,single,e_b_02.png,shape,angular
135116,,c7fbf674-7151-4b31-9215-b4523cffdc16,1,BFjYtIPU1617996806053,42,figural_single_1_1,1,,0,round,437.63000005856156,0,single,e_g_14.png,shape,angular
135116,,c7fbf674-7151-4b31-9215-b4523cffdc16,1,BFjYtIPU1617996806053,43,figural_single_1_1,1,,0,round,1522.6499999407679,1,single,r_b_03.png,shape,round
135116,,c7fbf674-7151-4b31-9215-b4523cffdc16,1,BFjYtIPU1617996806053,44,figural_single_1_1,1,,0,round,610.5899999383837,0,single,e_b_14.png,shape,angular
135116,,c7fbf674-7151-4b31-9215-b4523cffdc16,1,BFjYtIPU1617996806053,45,figural_single_1_1,1,,0,angular,1435.2799999760464,1,single,e_b_04.png,shape,angular
135116,,c7fbf674-7151-4b31-9215-b4523cffdc16,1,BFjYtIPU1617996806053,46,figural_single_1_1,1,,0,angular,442.3500000266358,1,single,e_b_03.png,shape,angular
135116,,c7fbf674-7151-4b31-9215-b4523cffdc16,1,BFjYtIPU1617996806053,47,figural_single_1_1,1,,0,round,489.3400000873953,1,single,r_g_16.png,shape,round
135116,,c7fbf674-7151-4b31-9215-b4523cffdc16,1,BFjYtIPU1617996806053,48,figural_single_1_1,1,,0,round,704.8450000584126,1,single,r_g_13.png,shape,round
135116,,c7fbf674-7151-4b31-9215-b4523cffdc16,1,BFjYtIPU1617996806053,49,figural_single_1_1,1,,0,round,546.0949999978766,1,single,r_g_14.png,shape,round
135116,,c7fbf674-7151-4b31-9215-b4523cffdc16,1,BFjYtIPU1617996806053,50,figural_single_1_1,1,,0,angular,598.6500000581145,1,single,e_g_08.png,shape,angular
135116,,c7fbf674-7151-4b31-9215-b4523cffdc16,1,BFjYtIPU1617996806053,51,figural_single_1_1,1,,0,round,517.1449999324977,1,single,r_g_09.png,shape,round
135116,,c7fbf674-7151-4b31-9215-b4523cffdc16,1,BFjYtIPU1617996806053,52,figural_single_1_1,1,,0,round,932.0649999426678,0,single,e_g_04.png,shape,angular
135116,,c7fbf674-7151-4b31-9215-b4523cffdc16,1,BFjYtIPU1617996806053,53,figural_single_1_1,1,,0,round,512.5499999849126,0,single,e_b_15.png,shape,angular
135116,,c7fbf674-7151-4b31-9215-b4523cffdc16,1,BFjYtIPU1617996806053,54,figural_single_1_1,1,,0,round,639.9949999758974,1,single,r_g_04.png,shape,round
135116,,c7fbf674-7151-4b31-9215-b4523cffdc16,1,BFjYtIPU1617996806053,55,figural_single_1_1,1,,0,angular,501.16999994497746,1,single,e_b_07.png,shape,angular
135116,,c7fbf674-7151-4b31-9215-b4523cffdc16,1,BFjYtIPU1617996806053,56,figural_single_1_1,1,,0,angular,854.0999999968335,1,single,e_b_16.png,shape,angular
135116,,c7fbf674-7151-4b31-9215-b4523cffdc16,1,BFjYtIPU1617996806053,57,figural_single_1_1,1,,0,round,424.76500000339,1,single,r_b_08.png,shape,round
135116,,c7fbf674-7151-4b31-9215-b4523cffdc16,1,BFjYtIPU1617996806053,58,figural_single_1_1,1,,0,angular,614.7900000214577,1,single,e_g_12.png,shape,angular
135116,,c7fbf674-7151-4b31-9215-b4523cffdc16,1,BFjYtIPU1617996806053,59,figural_single_1_1,1,,0,round,526.6650000121444,1,single,r_b_14.png,shape,round
135116,,c7fbf674-7151-4b31-9215-b4523cffdc16,1,BFjYtIPU1617996806053,60,figural_single_1_1,1,,0,round,794.5550000295043,1,single,r_g_05.png,shape,round
135116,,c7fbf674-7151-4b31-9215-b4523cffdc16,1,BFjYtIPU1617996806053,61,figural_single_1_1,1,,0,round,540.8999999053776,1,single,r_g_01.png,shape,round
135116,,c7fbf674-7151-4b31-9215-b4523cffdc16,1,BFjYtIPU1617996806053,62,figural_single_1_1,1,,0,round,613.139999913983,0,single,e_g_02.png,shape,angular
135116,,c7fbf674-7151-4b31-9215-b4523cffdc16,1,BFjYtIPU1617996806053,63,figural_single_1_1,1,,0,round,560.4149999562651,1,single,r_g_11.png,shape,round
135116,,c7fbf674-7151-4b31-9215-b4523cffdc16,1,BFjYtIPU1617996806053,64,figural_single_1_1,1,,0,round,548.4899999573827,1,single,r_g_10.png,shape,round
135116,,c7fbf674-7151-4b31-9215-b4523cffdc16,1,BFjYtIPU1617996806053,65,figural_single_1_1,1,,0,round,527.7249999344349,1,single,r_b_04.png,shape,round
135116,,c7fbf674-7151-4b31-9215-b4523cffdc16,1,BFjYtIPU1617996806053,66,figural_single_1_1,1,,0,angular,611.975000007078,1,single,e_g_01.png,shape,angular
135116,,c7fbf674-7151-4b31-9215-b4523cffdc16,1,BFjYtIPU1617996806053,67,figural_single_1_1,1,,0,round,476.54999990481883,1,single,r_b_09.png,shape,round
135116,,c7fbf674-7151-4b31-9215-b4523cffdc16,1,BFjYtIPU1617996806053,68,figural_single_1_1,1,,0,round,490.31500006094575,1,single,r_b_15.png,shape,round
135116,,c7fbf674-7151-4b31-9215-b4523cffdc16,1,BFjYtIPU1617996806053,69,figural_single_1_1,1,,0,round,663.6250000447035,1,single,r_g_07.png,shape,round
135116,,c7fbf674-7151-4b31-9215-b4523cffdc16,1,BFjYtIPU1617996806053,70,figural_single_1_1,1,,0,angular,650.7700000656769,1,single,e_b_01.png,shape,angular
135116,,c7fbf674-7151-4b31-9215-b4523cffdc16,1,BFjYtIPU1617996806053,71,figural_single_1_1,1,,0,angular,848.5550000332296,1,single,e_b_12.png,shape,angular
135116,,c7fbf674-7151-4b31-9215-b4523cffdc16,1,BFjYtIPU1617996806053,72,figural_single_1_1,1,,0,round,889.035000000149,1,single,r_b_11.png,shape,round
135116,,c7fbf674-7151-4b31-9215-b4523cffdc16,1,BFjYtIPU1617996806053,73,figural_single_1_1,1,,0,round,533.5649999324232,1,single,r_g_12.png,shape,round
135116,,c7fbf674-7151-4b31-9215-b4523cffdc16,1,BFjYtIPU1617996806053,74,figural_single_1_1,1,,0,angular,697.0699999947101,1,single,e_g_03.png,shape,angular
135116,,c7fbf674-7151-4b31-9215-b4523cffdc16,1,BFjYtIPU1617996806053,75,figural_single_1_1,1,,0,angular,773.6450000666082,1,single,e_g_10.png,shape,angular
135116,,c7fbf674-7151-4b31-9215-b4523cffdc16,1,BFjYtIPU1617996806053,76,figural_single_1_1,1,,0,angular,1486.8849999038503,1,single,e_b_11.png,shape,angular
135116,,c7fbf674-7151-4b31-9215-b4523cffdc16,1,BFjYtIPU1617996806053,77,figural_single_2_practice,1,,0,blue,770.7800000207499,1,single,r_b_07.png,color,blue
135116,,c7fbf674-7151-4b31-9215-b4523cffdc16,1,BFjYtIPU1617996806053,78,figural_single_2_practice,1,,0,blue,700.6550000514835,0,single,r_g_09.png,color,green
135116,,c7fbf674-7151-4b31-9215-b4523cffdc16,1,BFjYtIPU1617996806053,79,figural_single_2_practice,1,,0,green,866.3549999473616,1,single,e_g_04.png,color,green
135116,,c7fbf674-7151-4b31-9215-b4523cffdc16,1,BFjYtIPU1617996806053,80,figural_single_2_practice,1,,0,blue,620.7899999571964,1,single,r_b_14.png,color,blue
135116,,c7fbf674-7151-4b31-9215-b4523cffdc16,1,BFjYtIPU1617996806053,81,figural_single_2_practice,1,,0,green,834.6499999752268,0,single,e_b_06.png,color,blue
135116,,c7fbf674-7151-4b31-9215-b4523cffdc16,1,BFjYtIPU1617996806053,82,figural_single_2_practice,1,,0,blue,426.5450000530109,0,single,e_g_10.png,color,green
135116,,c7fbf674-7151-4b31-9215-b4523cffdc16,1,BFjYtIPU1617996806053,83,figural_single_2_practice,1,,0,blue,526.054999907501,1,single,e_b_16.png,color,blue
135116,,c7fbf674-7151-4b31-9215-b4523cffdc16,1,BFjYtIPU1617996806053,84,figural_single_2_practice,1,,0,blue,423.94999996759,0,single,e_g_08.png,color,green
135116,,c7fbf674-7151-4b31-9215-b4523cffdc16,1,BFjYtIPU1617996806053,85,figural_single_2_practice,1,,0,blue,321.61500002257526,1,single,e_b_02.png,color,blue
135116,,c7fbf674-7151-4b31-9215-b4523cffdc16,1,BFjYtIPU1617996806053,86,figural_single_2_practice,1,,0,blue,270.5500000156462,0,single,r_g_03.png,color,green
135116,,c7fbf674-7151-4b31-9215-b4523cffdc16,1,BFjYtIPU1617996806053,87,figural_single_2_practice,1,,0,blue,148.20499997586012,1,single,r_b_13.png,color,blue
135116,,c7fbf674-7151-4b31-9215-b4523cffdc16,1,BFjYtIPU1617996806053,88,figural_single_2_practice,1,,0,blue,112.56999999750406,0,single,r_g_01.png,color,green
135116,,c7fbf674-7151-4b31-9215-b4523cffdc16,1,BFjYtIPU1617996806053,89,figural_single_2_1,1,,0,blue,63.680000021122396,0,single,r_g_07.png,color,green
135116,,c7fbf674-7151-4b31-9215-b4523cffdc16,1,BFjYtIPU1617996806053,90,figural_single_2_1,1,,0,blue,5.574999959208071,1,single,r_b_03.png,color,blue
135116,,c7fbf674-7151-4b31-9215-b4523cffdc16,1,BFjYtIPU1617996806053,91,figural_single_2_1,1,,0,blue,20.600000047124922,0,single,r_g_08.png,color,green
135116,,c7fbf674-7151-4b31-9215-b4523cffdc16,1,BFjYtIPU1617996806053,92,figural_single_2_1,1,,0,blue,9.764999966137111,0,single,e_g_01.png,color,green
135116,,c7fbf674-7151-4b31-9215-b4523cffdc16,1,BFjYtIPU1617996806053,93,figural_single_2_1,1,,0,blue,14.014999964274466,0,single,e_g_09.png,color,green
135116,,c7fbf674-7151-4b31-9215-b4523cffdc16,1,BFjYtIPU1617996806053,94,figural_single_2_1,1,,0,blue,487.749999971129,1,single,r_b_08.png,color,blue
135116,,c7fbf674-7151-4b31-9215-b4523cffdc16,1,BFjYtIPU1617996806053,95,figural_single_2_1,1,,0,green,305.42999994941056,0,single,e_b_03.png,color,blue
135116,,c7fbf674-7151-4b31-9215-b4523cffdc16,1,BFjYtIPU1617996806053,96,figural_single_2_1,1,,0,green,303.8149999920279,1,single,e_g_07.png,color,green
135116,,c7fbf674-7151-4b31-9215-b4523cffdc16,1,BFjYtIPU1617996806053,97,figural_single_2_1,1,,0,blue,307.23000003490597,1,single,e_b_02.png,color,blue
135116,,c7fbf674-7151-4b31-9215-b4523cffdc16,1,BFjYtIPU1617996806053,98,figural_single_2_1,1,,0,green,251.19500001892447,1,single,e_g_04.png,color,green
135116,,c7fbf674-7151-4b31-9215-b4523cffdc16,1,BFjYtIPU1617996806053,99,figural_single_2_1,1,,0,green,403.6300000734627,1,single,r_g_06.png,color,green
135116,,c7fbf674-7151-4b31-9215-b4523cffdc16,1,BFjYtIPU1617996806053,100,figural_single_2_1,1,,0,blue,1119.6049998980016,1,single,e_b_08.png,color,blue
135116,,c7fbf674-7151-4b31-9215-b4523cffdc16,1,BFjYtIPU1617996806053,101,figural_single_2_1,1,,0,green,1863.8500000815839,1,single,e_g_16.png,color,green
135116,,c7fbf674-7151-4b31-9215-b4523cffdc16,1,BFjYtIPU1617996806053,102,figural_single_2_1,1,,0,blue,528.1799999065697,1,single,e_b_06.png,color,blue
135116,,c7fbf674-7151-4b31-9215-b4523cffdc16,1,BFjYtIPU1617996806053,103,figural_single_2_1,1,,0,blue,410.8900000574067,1,single,e_b_04.png,color,blue
135116,,c7fbf674-7151-4b31-9215-b4523cffdc16,1,BFjYtIPU1617996806053,104,figural_single_2_1,1,,0,green,423.60499990172684,1,single,r_g_10.png,color,green
135116,,c7fbf674-7151-4b31-9215-b4523cffdc16,1,BFjYtIPU1617996806053,105,figural_single_2_1,1,,0,green,545.5300000030547,0,single,e_b_12.png,color,blue
135116,,c7fbf674-7151-4b31-9215-b4523cffdc16,1,BFjYtIPU1617996806053,106,figural_single_2_1,1,,0,blue,1030.9500000439584,1,single,r_b_09.png,color,blue
135116,,c7fbf674-7151-4b31-9215-b4523cffdc16,1,BFjYtIPU1617996806053,107,figural_single_2_1,1,,0,green,1312.1700000483543,1,single,r_g_15.png,color,green
135116,,c7fbf674-7151-4b31-9215-b4523cffdc16,1,BFjYtIPU1617996806053,108,figural_single_2_1,1,,0,green,1048.67499996908,1,single,e_g_08.png,color,green
135116,,c7fbf674-7151-4b31-9215-b4523cffdc16,1,BFjYtIPU1617996806053,109,figural_single_2_1,1,,0,blue,1020.3900000778958,1,single,e_b_11.png,color,blue
135116,,c7fbf674-7151-4b31-9215-b4523cffdc16,1,BFjYtIPU1617996806053,110,figural_single_2_1,1,,0,blue,469.23000004608184,1,single,r_b_13.png,color,blue
135116,,c7fbf674-7151-4b31-9215-b4523cffdc16,1,BFjYtIPU1617996806053,111,figural_single_2_1,1,,0,blue,341.2200000602752,1,single,r_b_12.png,color,blue
135116,,c7fbf674-7151-4b31-9215-b4523cffdc16,1,BFjYtIPU1617996806053,112,figural_single_2_1,1,,0,blue,294.96999992989004,1,single,r_b_15.png,color,blue
135116,,c7fbf674-7151-4b31-9215-b4523cffdc16,1,BFjYtIPU1617996806053,113,figural_single_2_1,1,,0,green,433.6749999783933,1,single,e_g_05.png,color,green
135116,,c7fbf674-7151-4b31-9215-b4523cffdc16,1,BFjYtIPU1617996806053,114,figural_single_2_1,1,,0,blue,463.97499996237457,0,single,r_g_12.png,color,green
135116,,c7fbf674-7151-4b31-9215-b4523cffdc16,1,BFjYtIPU1617996806053,115,figural_single_2_1,1,,0,green,430.0149999326095,0,single,r_b_02.png,color,blue
135116,,c7fbf674-7151-4b31-9215-b4523cffdc16,1,BFjYtIPU1617996806053,116,figural_single_2_1,1,,0,blue,1040.2699999976903,1,single,r_b_01.png,color,blue
135116,,c7fbf674-7151-4b31-9215-b4523cffdc16,1,BFjYtIPU1617996806053,117,figural_single_2_1,1,,0,blue,228.32500003278255,1,single,r_b_07.png,color,blue
135116,,c7fbf674-7151-4b31-9215-b4523cffdc16,1,BFjYtIPU1617996806053,118,figural_single_2_1,1,,0,green,848.2749999966472,1,single,e_g_15.png,color,green
135116,,c7fbf674-7151-4b31-9215-b4523cffdc16,1,BFjYtIPU1617996806053,119,figural_single_2_1,1,,0,green,324.74500010721385,1,single,e_g_11.png,color,green
135116,,c7fbf674-7151-4b31-9215-b4523cffdc16,1,BFjYtIPU1617996806053,120,figural_single_2_1,1,,0,blue,424.4200000539422,1,single,e_b_07.png,color,blue
135116,,c7fbf674-7151-4b31-9215-b4523cffdc16,1,BFjYtIPU1617996806053,121,figural_single_2_1,1,,0,green,363.58499992638826,1,single,r_g_04.png,color,green
135116,,c7fbf674-7151-4b31-9215-b4523cffdc16,1,BFjYtIPU1617996806053,122,figural_single_2_1,1,,0,green,397.34499994665384,1,single,e_g_02.png,color,green
135116,,c7fbf674-7151-4b31-9215-b4523cffdc16,1,BFjYtIPU1617996806053,123,figural_single_2_1,1,,0,blue,417.7299999864772,1,single,e_b_01.png,color,blue
135116,,c7fbf674-7151-4b31-9215-b4523cffdc16,1,BFjYtIPU1617996806053,124,figural_single_2_1,1,,0,blue,604.6349999960512,1,single,r_b_05.png,color,blue
135116,,c7fbf674-7151-4b31-9215-b4523cffdc16,1,BFjYtIPU1617996806053,125,figural_single_2_1,1,,0,green,541.0899999551475,1,single,e_g_03.png,color,green
135116,,c7fbf674-7151-4b31-9215-b4523cffdc16,1,BFjYtIPU1617996806053,126,figural_single_2_1,1,,0,blue,369.2049999954179,1,single,r_b_04.png,color,blue
135116,,c7fbf674-7151-4b31-9215-b4523cffdc16,1,BFjYtIPU1617996806053,127,figural_single_2_1,1,,0,blue,343.6050000600517,0,single,e_g_06.png,color,green
135116,,c7fbf674-7151-4b31-9215-b4523cffdc16,1,BFjYtIPU1617996806053,128,figural_single_2_1,1,,0,green,211.4999999757856,1,single,e_g_12.png,color,green
135116,,c7fbf674-7151-4b31-9215-b4523cffdc16,1,BFjYtIPU1617996806053,129,figural_single_2_1,1,,0,blue,79.3899999698624,0,single,r_g_14.png,color,green
135116,,c7fbf674-7151-4b31-9215-b4523cffdc16,1,BFjYtIPU1617996806053,130,figural_single_2_1,1,,0,blue,60.920000076293945,1,single,e_b_09.png,color,blue
135116,,c7fbf674-7151-4b31-9215-b4523cffdc16,1,BFjYtIPU1617996806053,131,figural_single_2_1,1,,0,blue,32.47500001452863,1,single,e_b_16.png,color,blue
135116,,c7fbf674-7151-4b31-9215-b4523cffdc16,1,BFjYtIPU1617996806053,132,figural_single_2_1,1,,0,blue,29.479999910108745,0,single,r_g_01.png,color,green
135116,,c7fbf674-7151-4b31-9215-b4523cffdc16,1,BFjYtIPU1617996806053,133,figural_single_2_1,1,,0,blue,29.28999997675419,0,single,r_g_09.png,color,green
135116,,c7fbf674-7151-4b31-9215-b4523cffdc16,1,BFjYtIPU1617996806053,134,figural_single_2_1,1,,0,blue,28.440000023692846,0,single,e_g_13.png,color,green
135116,,c7fbf674-7151-4b31-9215-b4523cffdc16,1,BFjYtIPU1617996806053,135,figural_single_2_1,1,,0,blue,50.44000002089888,1,single,r_b_06.png,color,blue
135116,,c7fbf674-7151-4b31-9215-b4523cffdc16,1,BFjYtIPU1617996806053,136,figural_single_2_1,1,,0,blue,30.189999961294234,1,single,r_b_14.png,color,blue
135116,,c7fbf674-7151-4b31-9215-b4523cffdc16,1,BFjYtIPU1617996806053,137,figural_single_2_1,1,,0,blue,34.37000000849366,0,single,r_g_05.png,color,green
135116,,c7fbf674-7151-4b31-9215-b4523cffdc16,1,BFjYtIPU1617996806053,138,figural_single_2_1,1,,0,blue,71.46999996621162,0,single,e_g_10.png,color,green
135116,,c7fbf674-7151-4b31-9215-b4523cffdc16,1,BFjYtIPU1617996806053,139,figural_single_2_1,1,,0,blue,69.56500001251698,0,single,r_g_02.png,color,green
135116,,c7fbf674-7151-4b31-9215-b4523cffdc16,1,BFjYtIPU1617996806053,140,figural_single_2_1,1,,0,blue,49.77000004146248,1,single,e_b_10.png,color,blue
135116,,c7fbf674-7151-4b31-9215-b4523cffdc16,1,BFjYtIPU1617996806053,141,figural_single_2_1,1,,0,blue,38.02500001620501,1,single,r_b_16.png,color,blue
135116,,c7fbf674-7151-4b31-9215-b4523cffdc16,1,BFjYtIPU1617996806053,142,figural_single_2_1,1,,0,blue,69.59500000812113,0,single,r_g_11.png,color,green
135116,,c7fbf674-7151-4b31-9215-b4523cffdc16,1,BFjYtIPU1617996806053,143,figural_single_2_1,1,,0,blue,52.299999981187284,0,single,r_g_03.png,color,green
135116,,c7fbf674-7151-4b31-9215-b4523cffdc16,1,BFjYtIPU1617996806053,144,figural_single_2_1,1,,0,blue,47.679999959655106,1,single,e_b_14.png,color,blue
135116,,c7fbf674-7151-4b31-9215-b4523cffdc16,1,BFjYtIPU1617996806053,145,figural_single_2_1,1,,0,blue,58.13999997917563,1,single,e_b_13.png,color,blue
135116,,c7fbf674-7151-4b31-9215-b4523cffdc16,1,BFjYtIPU1617996806053,146,figural_single_2_1,1,,0,blue,55.6250000372529,1,single,r_b_10.png,color,blue
135116,,c7fbf674-7151-4b31-9215-b4523cffdc16,1,BFjYtIPU1617996806053,147,figural_single_2_1,1,,0,blue,61.75500003155321,0,single,e_g_14.png,color,green
135116,,c7fbf674-7151-4b31-9215-b4523cffdc16,1,BFjYtIPU1617996806053,148,figural_single_2_1,1,,0,blue,36.07000003103167,1,single,e_b_15.png,color,blue
135116,,c7fbf674-7151-4b31-9215-b4523cffdc16,1,BFjYtIPU1617996806053,149,figural_single_2_1,1,,0,blue,56.02999997790903,1,single,e_b_05.png,color,blue
135116,,c7fbf674-7151-4b31-9215-b4523cffdc16,1,BFjYtIPU1617996806053,150,figural_single_2_1,1,,0,green,118.40000003576279,0,single,r_b_11.png,color,blue
135116,,c7fbf674-7151-4b31-9215-b4523cffdc16,1,BFjYtIPU1617996806053,151,figural_single_2_1,1,,0,green,37.04500000458211,1,single,r_g_13.png,color,green
135116,,c7fbf674-7151-4b31-9215-b4523cffdc16,1,BFjYtIPU1617996806053,152,figural_single_2_1,1,,0,blue,267.60499994270504,0,single,r_g_16.png,color,green
135116,,c7fbf674-7151-4b31-9215-b4523cffdc16,1,BFjYtIPU1617996806053,153,figural_mixed_practice,1,,0,angular,18.210000009275973,1,start,e_g_13.png,shape,angular
135116,,c7fbf674-7151-4b31-9215-b4523cffdc16,1,BFjYtIPU1617996806053,154,figural_mixed_practice,1,,0,round,4.3750000186264515,0,repetition,e_g_15.png,shape,angular
135116,,c7fbf674-7151-4b31-9215-b4523cffdc16,1,BFjYtIPU1617996806053,155,figural_mixed_practice,1,,0,blue,74.21500002965331,1,switch,r_b_02.png,color,blue
135116,,c7fbf674-7151-4b31-9215-b4523cffdc16,1,BFjYtIPU1617996806053,156,figural_mixed_practice,1,,0,green,148.38500006590039,1,repetition,r_g_10.png,color,green
135116,,c7fbf674-7151-4b31-9215-b4523cffdc16,1,BFjYtIPU1617996806053,157,figural_mixed_practice,1,,0,angular,261.01499993819743,0,switch,r_b_03.png,shape,round
135116,,c7fbf674-7151-4b31-9215-b4523cffdc16,1,BFjYtIPU1617996806053,158,figural_mixed_practice,1,,0,blue,87.6299999654293,1,switch,e_b_11.png,color,blue
135116,,c7fbf674-7151-4b31-9215-b4523cffdc16,1,BFjYtIPU1617996806053,159,figural_mixed_practice,1,,0,green,151.8950000172481,1,repetition,r_g_06.png,color,green
135116,,c7fbf674-7151-4b31-9215-b4523cffdc16,1,BFjYtIPU1617996806053,160,figural_mixed_practice,1,,0,angular,6.564999930560589,0,switch,r_b_08.png,shape,round
135116,,c7fbf674-7151-4b31-9215-b4523cffdc16,1,BFjYtIPU1617996806053,161,figural_mixed_practice,1,,0,angular,15.74499998241663,1,repetition,e_b_12.png,shape,angular
135116,,c7fbf674-7151-4b31-9215-b4523cffdc16,1,BFjYtIPU1617996806053,162,figural_mixed_practice,1,,0,angular,20.63000004272908,0,repetition,r_g_04.png,shape,round
135116,,c7fbf674-7151-4b31-9215-b4523cffdc16,1,BFjYtIPU1617996806053,163,figural_mixed_practice,1,,0,green,15.989999985322356,0,switch,e_b_01.png,color,blue
135116,,c7fbf674-7151-4b31-9215-b4523cffdc16,1,BFjYtIPU1617996806053,164,figural_mixed_practice,1,,0,green,18.64000002387911,1,repetition,e_g_05.png,color,green
135116,,c7fbf674-7151-4b31-9215-b4523cffdc16,1,BFjYtIPU1617996806053,165,figural_mixed,1,,0,green,84.43499996792525,1,start,r_g_12.png,color,green
135116,,c7fbf674-7151-4b31-9215-b4523cffdc16,1,BFjYtIPU1617996806053,166,figural_mixed,1,,0,green,27.414999902248383,1,repetition,e_g_16.png,color,green
135116,,c7fbf674-7151-4b31-9215-b4523cffdc16,1,BFjYtIPU1617996806053,167,figural_mixed,1,,0,angular,25.759999989531934,0,switch,r_b_01.png,shape,round
135116,,c7fbf674-7151-4b31-9215-b4523cffdc16,1,BFjYtIPU1617996806053,168,figural_mixed,1,,0,green,30.734999920241535,0,switch,e_b_10.png,color,blue
135116,,c7fbf674-7151-4b31-9215-b4523cffdc16,1,BFjYtIPU1617996806053,169,figural_mixed,1,,0,angular,25.15000000130385,0,switch,r_g_07.png,shape,round
135116,,c7fbf674-7151-4b31-9215-b4523cffdc16,1,BFjYtIPU1617996806053,170,figural_mixed,1,,0,angular,34.819999942556024,1,repetition,e_g_16.png,shape,angular
135116,,c7fbf674-7151-4b31-9215-b4523cffdc16,1,BFjYtIPU1617996806053,171,figural_mixed,1,,0,angular,49.3199999909848,1,repetition,e_b_11.png,shape,angular
135116,,c7fbf674-7151-4b31-9215-b4523cffdc16,1,BFjYtIPU1617996806053,172,figural_mixed,1,,0,green,41.17500002030283,0,switch,e_b_12.png,color,blue
135116,,c7fbf674-7151-4b31-9215-b4523cffdc16,1,BFjYtIPU1617996806053,173,figural_mixed,1,,0,green,66.95000000763685,0,repetition,r_b_05.png,color,blue
135116,,c7fbf674-7151-4b31-9215-b4523cffdc16,1,BFjYtIPU1617996806053,174,figural_mixed,1,,0,angular,35.09000001940876,1,switch,e_b_15.png,shape,angular
135116,,c7fbf674-7151-4b31-9215-b4523cffdc16,1,BFjYtIPU1617996806053,175,figural_mixed,1,,0,angular,44.129999936558306,0,repetition,r_g_01.png,shape,round
135116,,c7fbf674-7151-4b31-9215-b4523cffdc16,1,BFjYtIPU1617996806053,176,figural_mixed,1,,0,green,35.819999990053475,1,switch,r_g_11.png,color,green
135116,,c7fbf674-7151-4b31-9215-b4523cffdc16,1,BFjYtIPU1617996806053,177,figural_mixed,1,,0,green,33.32000004593283,0,repetition,e_b_14.png,color,blue
135116,,c7fbf674-7151-4b31-9215-b4523cffdc16,1,BFjYtIPU1617996806053,178,figural_mixed,1,,0,green,46.13999999128282,1,repetition,r_g_05.png,color,green
135116,,c7fbf674-7151-4b31-9215-b4523cffdc16,1,BFjYtIPU1617996806053,179,figural_mixed,1,,0,angular,18.15999997779727,1,switch,e_g_09.png,shape,angular
135116,,c7fbf674-7151-4b31-9215-b4523cffdc16,1,BFjYtIPU1617996806053,180,figural_mixed,1,,0,angular,38.76499994657934,0,repetition,r_b_04.png,shape,round
135116,,c7fbf674-7151-4b31-9215-b4523cffdc16,1,BFjYtIPU1617996806053,181,figural_mixed,1,,0,angular,33.16499991342425,0,repetition,r_g_12.png,shape,round
135116,,c7fbf674-7151-4b31-9215-b4523cffdc16,1,BFjYtIPU1617996806053,182,figural_mixed,1,,0,angular,35.45500000473112,0,repetition,r_b_02.png,shape,round
135116,,c7fbf674-7151-4b31-9215-b4523cffdc16,1,BFjYtIPU1617996806053,183,figural_mixed,1,,0,green,45.320000033825636,1,switch,r_g_04.png,color,green
135116,,c7fbf674-7151-4b31-9215-b4523cffdc16,1,BFjYtIPU1617996806053,184,figural_mixed,1,,0,green,34.140000003390014,0,repetition,e_b_02.png,color,blue
135116,,c7fbf674-7151-4b31-9215-b4523cffdc16,1,BFjYtIPU1617996806053,185,figural_mixed,1,,0,green,47.02999989967793,0,repetition,r_b_16.png,color,blue
135116,,c7fbf674-7151-4b31-9215-b4523cffdc16,1,BFjYtIPU1617996806053,186,figural_mixed,1,,0,angular,32.3050000006333,1,switch,e_g_03.png,shape,angular
135116,,c7fbf674-7151-4b31-9215-b4523cffdc16,1,BFjYtIPU1617996806053,187,figural_mixed,1,,0,green,20.780000020749867,0,switch,r_b_10.png,color,blue
135116,,c7fbf674-7151-4b31-9215-b4523cffdc16,1,BFjYtIPU1617996806053,188,figural_mixed,1,,0,green,6.015000049956143,1,repetition,e_g_03.png,color,green
135116,,c7fbf674-7151-4b31-9215-b4523cffdc16,1,BFjYtIPU1617996806053,189,figural_mixed,1,,0,green,26.749999960884452,1,repetition,r_g_06.png,color,green
135116,,c7fbf674-7151-4b31-9215-b4523cffdc16,1,BFjYtIPU1617996806053,190,figural_mixed,1,,0,angular,9.554999996908009,0,switch,r_b_09.png,shape,round
135116,,c7fbf674-7151-4b31-9215-b4523cffdc16,1,BFjYtIPU1617996806053,191,figural_mixed,1,,0,green,6.754999980330467,0,switch,r_b_02.png,color,blue
135116,,c7fbf674-7151-4b31-9215-b4523cffdc16,1,BFjYtIPU1617996806053,192,figural_mixed,1,,0,green,3.0300000216811895,1,repetition,r_g_01.png,color,green
135116,,c7fbf674-7151-4b31-9215-b4523cffdc16,1,BFjYtIPU1617996806053,193,figural_mixed,1,,0,round,129.36999998055398,0,switch,e_g_07.png,shape,angular
135116,,c7fbf674-7151-4b31-9215-b4523cffdc16,1,BFjYtIPU1617996806053,194,figural_mixed,1,,0,blue,1.2250000145286322,1,switch,r_b_13.png,color,blue
135116,,c7fbf674-7151-4b31-9215-b4523cffdc16,1,BFjYtIPU1617996806053,195,figural_mixed,1,,0,round,2.3449999280273914,0,switch,e_b_14.png,shape,angular
135116,,c7fbf674-7151-4b31-9215-b4523cffdc16,1,BFjYtIPU1617996806053,196,figural_mixed,1,,0,round,4.184999968856573,1,repetition,r_g_09.png,shape,round
135116,,c7fbf674-7151-4b31-9215-b4523cffdc16,1,BFjYtIPU1617996806053,197,figural_mixed,1,,0,angular,148.05499999783933,0,repetition,r_b_11.png,shape,round
135116,,c7fbf674-7151-4b31-9215-b4523cffdc16,1,BFjYtIPU1617996806053,198,figural_mixed,1,,0,blue,14.794999966397882,0,switch,r_g_07.png,color,green
135116,,c7fbf674-7151-4b31-9215-b4523cffdc16,1,BFjYtIPU1617996806053,199,figural_mixed,1,,0,round,67.27500003762543,0,switch,e_b_04.png,shape,angular
135116,,c7fbf674-7151-4b31-9215-b4523cffdc16,1,BFjYtIPU1617996806053,200,figural_mixed,1,,0,angular,6.545000011101365,0,repetition,r_g_14.png,shape,round
135116,,c7fbf674-7151-4b31-9215-b4523cffdc16,1,BFjYtIPU1617996806053,201,figural_mixed,1,,0,green,89.4450000487268,0,switch,e_b_09.png,color,blue
135116,,c7fbf674-7151-4b31-9215-b4523cffdc16,1,BFjYtIPU1617996806053,202,figural_mixed,1,,0,angular,75.04000002518296,1,switch,e_g_10.png,shape,angular
135116,,c7fbf674-7151-4b31-9215-b4523cffdc16,1,BFjYtIPU1617996806053,203,figural_mixed,1,,0,green,75.07999998051673,1,switch,r_g_15.png,color,green
135116,,c7fbf674-7151-4b31-9215-b4523cffdc16,1,BFjYtIPU1617996806053,204,figural_mixed,1,,0,green,49.349999986588955,1,repetition,e_g_14.png,color,green
135116,,c7fbf674-7151-4b31-9215-b4523cffdc16,1,BFjYtIPU1617996806053,205,figural_mixed,1,,0,green,68.40999994892627,0,repetition,r_b_07.png,color,blue
135116,,c7fbf674-7151-4b31-9215-b4523cffdc16,1,BFjYtIPU1617996806053,206,figural_mixed,1,,0,green,65.87500008754432,0,repetition,r_b_09.png,color,blue
135116,,c7fbf674-7151-4b31-9215-b4523cffdc16,1,BFjYtIPU1617996806053,207,figural_mixed,1,,0,angular,65.1049999287352,1,switch,e_g_14.png,shape,angular
135116,,c7fbf674-7151-4b31-9215-b4523cffdc16,1,BFjYtIPU1617996806053,208,figural_mixed,1,,0,angular,72.71999993827194,1,repetition,e_g_13.png,shape,angular
135116,,c7fbf674-7151-4b31-9215-b4523cffdc16,1,BFjYtIPU1617996806053,209,figural_mixed,1,,0,green,78.00999993924052,0,switch,e_b_04.png,color,blue
135116,,c7fbf674-7151-4b31-9215-b4523cffdc16,1,BFjYtIPU1617996806053,210,figural_mixed,1,,0,green,252.37999996170402,1,repetition,e_g_10.png,color,green
135116,,c7fbf674-7151-4b31-9215-b4523cffdc16,1,BFjYtIPU1617996806053,211,figural_mixed,1,,0,green,132.8300000168383,1,repetition,e_g_04.png,color,green
135116,,c7fbf674-7151-4b31-9215-b4523cffdc16,1,BFjYtIPU1617996806053,212,figural_mixed,1,,0,angular,36.730000050738454,1,switch,e_b_07.png,shape,angular
135116,,c7fbf674-7151-4b31-9215-b4523cffdc16,1,BFjYtIPU1617996806053,213,figural_mixed,1,,0,round,91.20500006247312,1,repetition,r_g_11.png,shape,round
135116,,c7fbf674-7151-4b31-9215-b4523cffdc16,1,BFjYtIPU1617996806053,214,figural_mixed,1,,0,angular,224.34499999508262,0,repetition,r_g_04.png,shape,round
135116,,c7fbf674-7151-4b31-9215-b4523cffdc16,1,BFjYtIPU1617996806053,215,figural_mixed,1,,0,round,152.19499997328967,0,repetition,e_g_15.png,shape,angular
135116,,c7fbf674-7151-4b31-9215-b4523cffdc16,1,BFjYtIPU1617996806053,216,figural_mixed,1,,0,blue,87.8299999749288,0,switch,e_g_11.png,color,green
135116,,c7fbf674-7151-4b31-9215-b4523cffdc16,1,BFjYtIPU1617996806053,217,figural_mixed,1,,0,round,69.17000003159046,1,switch,r_g_08.png,shape,round
135116,,c7fbf674-7151-4b31-9215-b4523cffdc16,1,BFjYtIPU1617996806053,218,figural_mixed,1,,0,round,53.66500001400709,1,repetition,r_g_10.png,shape,round
135116,,c7fbf674-7151-4b31-9215-b4523cffdc16,1,BFjYtIPU1617996806053,219,figural_mixed,1,,0,blue,52.23999998997897,0,switch,e_g_15.png,color,green
135116,,c7fbf674-7151-4b31-9215-b4523cffdc16,1,BFjYtIPU1617996806053,220,figural_mixed,1,,0,blue,66.70500000473112,0,repetition,r_g_02.png,color,green
135116,,c7fbf674-7151-4b31-9215-b4523cffdc16,1,BFjYtIPU1617996806053,221,figural_mixed,1,,0,round,58.825000072829425,0,switch,e_b_01.png,shape,angular
135116,,c7fbf674-7151-4b31-9215-b4523cffdc16,1,BFjYtIPU1617996806053,222,figural_mixed,1,,0,blue,80.55500010959804,1,switch,e_b_15.png,color,blue
135116,,c7fbf674-7151-4b31-9215-b4523cffdc16,1,BFjYtIPU1617996806053,223,figural_mixed,1,,0,blue,38.354999967850745,1,repetition,e_b_03.png,color,blue
135116,,c7fbf674-7151-4b31-9215-b4523cffdc16,1,BFjYtIPU1617996806053,224,figural_mixed,1,,0,blue,44.89999997895211,1,repetition,e_b_01.png,color,blue
135116,,c7fbf674-7151-4b31-9215-b4523cffdc16,1,BFjYtIPU1617996806053,225,figural_mixed,1,,0,round,46.98999994434416,1,switch,r_g_02.png,shape,round
135116,,c7fbf674-7151-4b31-9215-b4523cffdc16,1,BFjYtIPU1617996806053,226,figural_mixed,1,,0,blue,16.36000000871718,0,switch,e_g_05.png,color,green
135116,,c7fbf674-7151-4b31-9215-b4523cffdc16,1,BFjYtIPU1617996806053,227,figural_mixed,1,,0,round,38.67500007618219,1,switch,r_b_06.png,shape,round
135116,,c7fbf674-7151-4b31-9215-b4523cffdc16,1,BFjYtIPU1617996806053,228,figural_mixed,1,,0,blue,43.73499995563179,0,switch,e_g_08.png,color,green
135116,,c7fbf674-7151-4b31-9215-b4523cffdc16,1,BFjYtIPU1617996806053,229,figural_mixed,1,,0,blue,51.37999996077269,0,repetition,e_g_02.png,color,green
135116,,c7fbf674-7151-4b31-9215-b4523cffdc16,1,BFjYtIPU1617996806053,230,figural_mixed,1,,0,blue,29.66500003822148,1,repetition,e_b_06.png,color,blue
135116,,c7fbf674-7151-4b31-9215-b4523cffdc16,1,BFjYtIPU1617996806053,231,figural_mixed,1,,0,round,38.66500000003725,0,switch,e_b_08.png,shape,angular
135116,,c7fbf674-7151-4b31-9215-b4523cffdc16,1,BFjYtIPU1617996806053,232,figural_mixed,1,,0,blue,66.50999991688877,0,switch,r_g_09.png,color,green
135116,,c7fbf674-7151-4b31-9215-b4523cffdc16,1,BFjYtIPU1617996806053,233,figural_mixed,1,,0,blue,16.3299998966977,1,repetition,e_b_13.png,color,blue
135116,,c7fbf674-7151-4b31-9215-b4523cffdc16,1,BFjYtIPU1617996806053,234,figural_mixed,1,,0,round,70.5549999838695,1,switch,r_b_10.png,shape,round
135116,,c7fbf674-7151-4b31-9215-b4523cffdc16,1,BFjYtIPU1617996806053,235,figural_mixed,1,,0,round,53.11999993864447,1,repetition,r_b_13.png,shape,round
135116,,c7fbf674-7151-4b31-9215-b4523cffdc16,1,BFjYtIPU1617996806053,236,figural_mixed,1,,0,blue,48.094999976456165,1,switch,e_b_11.png,color,blue
135116,,c7fbf674-7151-4b31-9215-b4523cffdc16,1,BFjYtIPU1617996806053,237,figural_mixed,1,,0,blue,36.19499993510544,0,repetition,r_g_08.png,color,green
135116,,c7fbf674-7151-4b31-9215-b4523cffdc16,1,BFjYtIPU1617996806053,238,figural_mixed,1,,0,round,42.75000002235174,0,switch,e_b_10.png,shape,angular
135116,,c7fbf674-7151-4b31-9215-b4523cffdc16,1,BFjYtIPU1617996806053,239,figural_mixed,1,,0,round,34.35999993234873,0,repetition,e_g_06.png,shape,angular
135116,,c7fbf674-7151-4b31-9215-b4523cffdc16,1,BFjYtIPU1617996806053,240,figural_mixed,1,,0,round,58.794999960809946,0,repetition,e_g_11.png,shape,angular
135116,,c7fbf674-7151-4b31-9215-b4523cffdc16,1,BFjYtIPU1617996806053,241,figural_mixed,1,,0,round,48.67499996908009,1,repetition,r_b_07.png,shape,round
135116,,c7fbf674-7151-4b31-9215-b4523cffdc16,1,BFjYtIPU1617996806053,242,figural_mixed,1,,0,blue,46.319999964907765,1,switch,r_b_06.png,color,blue
135116,,c7fbf674-7151-4b31-9215-b4523cffdc16,1,BFjYtIPU1617996806053,243,figural_mixed,1,,0,blue,52.76999995112419,1,repetition,e_b_07.png,color,blue
135116,,c7fbf674-7151-4b31-9215-b4523cffdc16,1,BFjYtIPU1617996806053,244,figural_mixed,1,,0,blue,56.71000003349036,1,repetition,r_b_14.png,color,blue
135116,,c7fbf674-7151-4b31-9215-b4523cffdc16,1,BFjYtIPU1617996806053,245,figural_mixed,1,,0,blue,42.639999999664724,0,repetition,r_g_16.png,color,green
135116,,c7fbf674-7151-4b31-9215-b4523cffdc16,1,BFjYtIPU1617996806053,246,figural_mixed,1,,0,round,58.17500001285225,0,switch,e_b_09.png,shape,angular
135116,,c7fbf674-7151-4b31-9215-b4523cffdc16,1,BFjYtIPU1617996806053,247,figural_mixed,1,,0,round,33.509999979287386,1,repetition,r_g_05.png,shape,round
135116,,c7fbf674-7151-4b31-9215-b4523cffdc16,1,BFjYtIPU1617996806053,248,figural_mixed,1,,0,round,41.62000003270805,0,repetition,e_b_12.png,shape,angular
135116,,c7fbf674-7151-4b31-9215-b4523cffdc16,1,BFjYtIPU1617996806053,249,figural_mixed,1,,0,blue,55.530000012367964,1,switch,e_b_05.png,color,blue
135116,,c7fbf674-7151-4b31-9215-b4523cffdc16,1,BFjYtIPU1617996806053,250,figural_mixed,1,,0,round,46.6650000307709,1,switch,r_g_06.png,shape,round
135116,,c7fbf674-7151-4b31-9215-b4523cffdc16,1,BFjYtIPU1617996806053,251,figural_mixed,1,,0,blue,53.859999985434115,1,switch,e_b_16.png,color,blue
135116,,c7fbf674-7151-4b31-9215-b4523cffdc16,1,BFjYtIPU1617996806053,252,figural_mixed,1,,0,blue,65.874999971129,0,repetition,r_g_13.png,color,green
135116,,c7fbf674-7151-4b31-9215-b4523cffdc16,1,BFjYtIPU1617996806053,253,figural_mixed,1,,0,round,61.904999893158674,0,switch,e_g_02.png,shape,angular
135116,,c7fbf674-7151-4b31-9215-b4523cffdc16,1,BFjYtIPU1617996806053,254,figural_mixed,1,,0,round,43.09499997179955,1,repetition,r_b_03.png,shape,round
135116,,c7fbf674-7151-4b31-9215-b4523cffdc16,1,BFjYtIPU1617996806053,255,figural_mixed,1,,0,round,39.01499998755753,1,repetition,r_b_14.png,shape,round
135116,,c7fbf674-7151-4b31-9215-b4523cffdc16,1,BFjYtIPU1617996806053,256,figural_mixed,1,,0,round,47.43499995674938,0,repetition,e_g_12.png,shape,angular
135116,,c7fbf674-7151-4b31-9215-b4523cffdc16,1,BFjYtIPU1617996806053,257,figural_mixed,1,,0,blue,42.55999997258186,1,switch,r_b_04.png,color,blue
135116,,c7fbf674-7151-4b31-9215-b4523cffdc16,1,BFjYtIPU1617996806053,258,figural_mixed,1,,0,round,75.01999998930842,1,switch,r_g_15.png,shape,round
135116,,c7fbf674-7151-4b31-9215-b4523cffdc16,1,BFjYtIPU1617996806053,259,figural_mixed,1,,0,round,72.21500005107373,0,repetition,e_g_08.png,shape,angular
135116,,c7fbf674-7151-4b31-9215-b4523cffdc16,1,BFjYtIPU1617996806053,260,figural_mixed,1,,0,round,30.960000003688037,1,repetition,r_b_16.png,shape,round
135116,,c7fbf674-7151-4b31-9215-b4523cffdc16,1,BFjYtIPU1617996806053,261,figural_mixed,1,,0,blue,33.71500002685934,0,switch,r_g_10.png,color,green
135116,,c7fbf674-7151-4b31-9215-b4523cffdc16,1,BFjYtIPU1617996806053,262,figural_mixed,1,,0,blue,55.80500001087785,0,repetition,e_g_06.png,color,green
135116,,c7fbf674-7151-4b31-9215-b4523cffdc16,1,BFjYtIPU1617996806053,263,figural_mixed,1,,0,round,61.79499998688698,1,switch,r_g_13.png,shape,round
135116,,c7fbf674-7151-4b31-9215-b4523cffdc16,1,BFjYtIPU1617996806053,264,figural_mixed,1,,0,blue,61.41500000376254,1,switch,r_b_03.png,color,blue
135116,,c7fbf674-7151-4b31-9215-b4523cffdc16,1,BFjYtIPU1617996806053,265,figural_mixed,1,,0,round,48.285000026226044,0,switch,e_b_02.png,shape,angular
135116,,c7fbf674-7151-4b31-9215-b4523cffdc16,1,BFjYtIPU1617996806053,266,figural_mixed,1,,0,round,45.56499992031604,0,repetition,e_b_03.png,shape,angular
135116,,c7fbf674-7151-4b31-9215-b4523cffdc16,1,BFjYtIPU1617996806053,267,figural_mixed,1,,0,blue,44.38000009395182,0,switch,e_g_07.png,color,green
135116,,c7fbf674-7151-4b31-9215-b4523cffdc16,1,BFjYtIPU1617996806053,268,figural_mixed,1,,0,blue,52.84500005654991,1,repetition,r_b_08.png,color,blue
135116,,c7fbf674-7151-4b31-9215-b4523cffdc16,1,BFjYtIPU1617996806053,269,figural_mixed,1,,0,blue,55.50999997649342,1,repetition,r_b_01.png,color,blue
135116,,c7fbf674-7151-4b31-9215-b4523cffdc16,1,BFjYtIPU1617996806053,270,figural_mixed,1,,0,round,78.37999996263534,0,switch,e_b_05.png,shape,angular
135116,,c7fbf674-7151-4b31-9215-b4523cffdc16,1,BFjYtIPU1617996806053,271,figural_mixed,1,,0,blue,60.880000004544854,0,switch,r_g_16.png,color,green
135116,,c7fbf674-7151-4b31-9215-b4523cffdc16,1,BFjYtIPU1617996806053,272,figural_mixed,1,,0,round,58.650000020861626,0,switch,e_g_04.png,shape,angular
135116,,c7fbf674-7151-4b31-9215-b4523cffdc16,1,BFjYtIPU1617996806053,273,figural_mixed,1,,0,round,49.98500004876405,1,repetition,r_b_05.png,shape,round
135116,,c7fbf674-7151-4b31-9215-b4523cffdc16,1,BFjYtIPU1617996806053,274,figural_mixed,1,,0,round,56.72000010963529,1,repetition,r_g_03.png,shape,round
135116,,c7fbf674-7151-4b31-9215-b4523cffdc16,1,BFjYtIPU1617996806053,275,figural_mixed,1,,0,blue,63.78500000573695,1,switch,r_b_15.png,color,blue
135116,,c7fbf674-7151-4b31-9215-b4523cffdc16,1,BFjYtIPU1617996806053,276,figural_mixed,1,,0,green,197.96000001952052,1,repetition,r_g_14.png,color,green
135116,,c7fbf674-7151-4b31-9215-b4523cffdc16,1,BFjYtIPU1617996806053,277,figural_mixed,1,,0,round,237.6999999396503,0,switch,e_g_01.png,shape,angular
135116,,c7fbf674-7151-4b31-9215-b4523cffdc16,1,BFjYtIPU1617996806053,278,figural_mixed,1,,0,round,176.66999995708466,1,repetition,r_b_15.png,shape,round
135116,,c7fbf674-7151-4b31-9215-b4523cffdc16,1,BFjYtIPU1617996806053,279,figural_mixed,1,,0,angular,154.98999995179474,0,repetition,r_b_08.png,shape,round
135116,,c7fbf674-7151-4b31-9215-b4523cffdc16,1,BFjYtIPU1617996806053,280,figural_mixed,1,,0,blue,261.9900000281632,0,switch,e_g_12.png,color,green
135116,,c7fbf674-7151-4b31-9215-b4523cffdc16,1,BFjYtIPU1617996806053,281,figural_mixed,1,,0,angular,191.69000000692904,1,switch,e_b_13.png,shape,angular
135116,,c7fbf674-7151-4b31-9215-b4523cffdc16,1,BFjYtIPU1617996806053,282,figural_mixed,1,,0,blue,194.4999999832362,0,switch,r_g_03.png,color,green
135116,,c7fbf674-7151-4b31-9215-b4523cffdc16,1,BFjYtIPU1617996806053,283,figural_mixed,1,,0,green,125.92499994207174,0,repetition,r_b_12.png,color,blue
135116,,c7fbf674-7151-4b31-9215-b4523cffdc16,1,BFjYtIPU1617996806053,284,figural_mixed,1,,0,round,124.43500000517815,0,switch,e_b_06.png,shape,angular
135116,,c7fbf674-7151-4b31-9215-b4523cffdc16,1,BFjYtIPU1617996806053,285,figural_mixed,1,,0,angular,100.19500006455928,1,repetition,e_g_05.png,shape,angular
135116,,c7fbf674-7151-4b31-9215-b4523cffdc16,1,BFjYtIPU1617996806053,286,figural_mixed,1,,0,blue,106.76500003319234,1,switch,r_b_11.png,color,blue
135116,,c7fbf674-7151-4b31-9215-b4523cffdc16,1,BFjYtIPU1617996806053,287,figural_mixed,1,,0,angular,56.94999999832362,1,switch,e_b_16.png,shape,angular
135116,,c7fbf674-7151-4b31-9215-b4523cffdc16,1,BFjYtIPU1617996806053,288,figural_mixed,1,,0,blue,31.270000035874546,0,switch,e_g_01.png,color,green
135116,,c7fbf674-7151-4b31-9215-b4523cffdc16,1,BFjYtIPU1617996806053,289,figural_mixed,1,,0,green,130.80499996431172,1,repetition,e_g_13.png,color,green
135116,,c7fbf674-7151-4b31-9215-b4523cffdc16,1,BFjYtIPU1617996806053,290,figural_mixed,1,,0,round,91.41999995335937,1,switch,r_b_12.png,shape,round
135116,,c7fbf674-7151-4b31-9215-b4523cffdc16,1,BFjYtIPU1617996806053,291,figural_mixed,1,,0,green,106.9800000404939,0,switch,e_b_08.png,color,blue
135116,,c7fbf674-7151-4b31-9215-b4523cffdc16,1,BFjYtIPU1617996806053,292,figural_mixed,1,,0,blue,200.22999995853752,0,repetition,e_g_09.png,color,green
135116,,c7fbf674-7151-4b31-9215-b4523cffdc16,1,BFjYtIPU1617996806053,293,figural_mixed,1,,0,green,146.81499998550862,1,repetition,r_g_12.png,color,green
135116,,c7fbf674-7151-4b31-9215-b4523cffdc16,1,BFjYtIPU1617996806053,294,figural_single_2_2,1,,0,green,10282.374999951571,0,single,e_b_01.png,color,blue
135116,,c7fbf674-7151-4b31-9215-b4523cffdc16,1,BFjYtIPU1617996806053,295,figural_single_2_2,1,,0,green,318.7199999811128,0,single,r_b_03.png,color,blue
135116,,c7fbf674-7151-4b31-9215-b4523cffdc16,1,BFjYtIPU1617996806053,296,figural_single_2_2,1,,0,green,250.8549999911338,1,single,e_g_01.png,color,green
135116,,c7fbf674-7151-4b31-9215-b4523cffdc16,1,BFjYtIPU1617996806053,297,figural_single_2_2,1,,0,green,195.71999995969236,1,single,e_g_13.png,color,green
135116,,c7fbf674-7151-4b31-9215-b4523cffdc16,1,BFjYtIPU1617996806053,298,figural_single_2_2,1,,0,green,121.7250000918284,0,single,r_b_16.png,color,blue
135116,,c7fbf674-7151-4b31-9215-b4523cffdc16,1,BFjYtIPU1617996806053,299,figural_single_2_2,1,,0,green,134.04000003356487,0,single,r_b_07.png,color,blue
135116,,c7fbf674-7151-4b31-9215-b4523cffdc16,1,BFjYtIPU1617996806053,300,figural_single_2_2,1,,0,blue,47.7549999486655,0,single,r_g_08.png,color,green
135116,,c7fbf674-7151-4b31-9215-b4523cffdc16,1,BFjYtIPU1617996806053,301,figural_single_2_2,1,,0,green,68.1099999928847,0,single,r_b_09.png,color,blue
135116,,c7fbf674-7151-4b31-9215-b4523cffdc16,1,BFjYtIPU1617996806053,302,figural_single_2_2,1,,0,blue,208.1250000046566,0,single,r_g_02.png,color,green
135116,,c7fbf674-7151-4b31-9215-b4523cffdc16,1,BFjYtIPU1617996806053,303,figural_single_2_2,1,,0,green,441.08000001870096,1,single,r_g_12.png,color,green
135116,,c7fbf674-7151-4b31-9215-b4523cffdc16,1,BFjYtIPU1617996806053,304,figural_single_2_2,1,,0,green,176.6800000332296,0,single,e_b_08.png,color,blue
135116,,c7fbf674-7151-4b31-9215-b4523cffdc16,1,BFjYtIPU1617996806053,305,figural_single_2_2,1,,0,blue,21.354999975301325,0,single,r_g_04.png,color,green
135116,,c7fbf674-7151-4b31-9215-b4523cffdc16,1,BFjYtIPU1617996806053,306,figural_single_2_2,1,,0,green,41.79499996826053,0,single,e_b_03.png,color,blue
135116,,c7fbf674-7151-4b31-9215-b4523cffdc16,1,BFjYtIPU1617996806053,307,figural_single_2_2,1,,0,blue,38.47999998833984,1,single,e_b_11.png,color,blue
135116,,c7fbf674-7151-4b31-9215-b4523cffdc16,1,BFjYtIPU1617996806053,308,figural_single_2_2,1,,0,blue,46.00500001106411,1,single,r_b_14.png,color,blue
135116,,c7fbf674-7151-4b31-9215-b4523cffdc16,1,BFjYtIPU1617996806053,309,figural_single_2_2,1,,0,green,202.8149999678135,1,single,e_g_07.png,color,green
135116,,c7fbf674-7151-4b31-9215-b4523cffdc16,1,BFjYtIPU1617996806053,310,figural_single_2_2,1,,0,green,21.739999996498227,0,single,r_b_13.png,color,blue
135116,,c7fbf674-7151-4b31-9215-b4523cffdc16,1,BFjYtIPU1617996806053,311,figural_single_2_2,1,,0,green,2.7049999916926026,1,single,e_g_16.png,color,green
135116,,c7fbf674-7151-4b31-9215-b4523cffdc16,1,BFjYtIPU1617996806053,312,figural_single_2_2,1,,0,blue,127.19000002834946,1,single,e_b_14.png,color,blue
135116,,c7fbf674-7151-4b31-9215-b4523cffdc16,1,BFjYtIPU1617996806053,313,figural_single_2_2,1,,0,green,122.43000010494143,1,single,e_g_12.png,color,green
135116,,c7fbf674-7151-4b31-9215-b4523cffdc16,1,BFjYtIPU1617996806053,314,figural_single_2_2,1,,0,green,3.384999930858612,1,single,r_g_07.png,color,green
135116,,c7fbf674-7151-4b31-9215-b4523cffdc16,1,BFjYtIPU1617996806053,315,figural_single_2_2,1,,0,green,3.0499999411404133,0,single,e_b_15.png,color,blue
135116,,c7fbf674-7151-4b31-9215-b4523cffdc16,1,BFjYtIPU1617996806053,316,figural_single_2_2,1,,0,blue,69.71499999053776,1,single,e_b_05.png,color,blue
135116,,c7fbf674-7151-4b31-9215-b4523cffdc16,1,BFjYtIPU1617996806053,317,figural_single_2_2,1,,0,blue,9.455000050365925,0,single,r_g_15.png,color,green
135116,,c7fbf674-7151-4b31-9215-b4523cffdc16,1,BFjYtIPU1617996806053,318,figural_single_2_2,1,,0,green,135.82500000484288,0,single,r_b_06.png,color,blue
135116,,c7fbf674-7151-4b31-9215-b4523cffdc16,1,BFjYtIPU1617996806053,319,figural_single_2_2,1,,0,green,22.954999934881926,1,single,e_g_02.png,color,green
135116,,c7fbf674-7151-4b31-9215-b4523cffdc16,1,BFjYtIPU1617996806053,320,figural_single_2_2,1,,0,green,145.03999997396022,1,single,r_g_16.png,color,green
135116,,c7fbf674-7151-4b31-9215-b4523cffdc16,1,BFjYtIPU1617996806053,321,figural_single_2_2,1,,0,blue,90.6599999871105,1,single,e_b_10.png,color,blue
135116,,c7fbf674-7151-4b31-9215-b4523cffdc16,1,BFjYtIPU1617996806053,322,figural_single_2_2,1,,0,blue,55.995000060647726,0,single,e_g_05.png,color,green
135116,,c7fbf674-7151-4b31-9215-b4523cffdc16,1,BFjYtIPU1617996806053,323,figural_single_2_2,1,,0,green,23.314999998547137,1,single,e_g_03.png,color,green
135116,,c7fbf674-7151-4b31-9215-b4523cffdc16,1,BFjYtIPU1617996806053,324,figural_single_2_2,1,,0,green,54.63000002782792,1,single,e_g_11.png,color,green
135116,,c7fbf674-7151-4b31-9215-b4523cffdc16,1,BFjYtIPU1617996806053,325,figural_single_2_2,1,,0,green,75.86000009905547,0,single,r_b_15.png,color,blue
135116,,c7fbf674-7151-4b31-9215-b4523cffdc16,1,BFjYtIPU1617996806053,326,figural_single_2_2,1,,0,green,35.70500004570931,0,single,e_b_02.png,color,blue
135116,,c7fbf674-7151-4b31-9215-b4523cffdc16,1,BFjYtIPU1617996806053,327,figural_single_2_2,1,,0,green,40.25499999988824,0,single,r_b_08.png,color,blue
135116,,c7fbf674-7151-4b31-9215-b4523cffdc16,1,BFjYtIPU1617996806053,328,figural_single_2_2,1,,0,green,59.21500001568347,1,single,e_g_06.png,color,green
135116,,c7fbf674-7151-4b31-9215-b4523cffdc16,1,BFjYtIPU1617996806053,329,figural_single_2_2,1,,0,green,57.60499997995794,0,single,e_b_16.png,color,blue
135116,,c7fbf674-7151-4b31-9215-b4523cffdc16,1,BFjYtIPU1617996806053,330,figural_single_2_2,1,,0,green,78.29500001389533,0,single,e_b_06.png,color,blue
135116,,c7fbf674-7151-4b31-9215-b4523cffdc16,1,BFjYtIPU1617996806053,331,figural_single_2_2,1,,0,green,52.78500006534159,1,single,r_g_09.png,color,green
135116,,c7fbf674-7151-4b31-9215-b4523cffdc16,1,BFjYtIPU1617996806053,332,figural_single_2_2,1,,0,green,51.19499994907528,1,single,e_g_10.png,color,green
135116,,c7fbf674-7151-4b31-9215-b4523cffdc16,1,BFjYtIPU1617996806053,333,figural_single_2_2,1,,0,green,50.670000026002526,0,single,e_b_12.png,color,blue
135116,,c7fbf674-7151-4b31-9215-b4523cffdc16,1,BFjYtIPU1617996806053,334,figural_single_2_2,1,,0,green,55.69500010460615,1,single,r_g_11.png,color,green
135116,,c7fbf674-7151-4b31-9215-b4523cffdc16,1,BFjYtIPU1617996806053,335,figural_single_2_2,1,,0,green,58.009999920614064,1,single,r_g_06.png,color,green
135116,,c7fbf674-7151-4b31-9215-b4523cffdc16,1,BFjYtIPU1617996806053,336,figural_single_2_2,1,,0,green,64.26500005181879,1,single,e_g_04.png,color,green
135116,,c7fbf674-7151-4b31-9215-b4523cffdc16,1,BFjYtIPU1617996806053,337,figural_single_2_2,1,,0,green,46.50499997660518,0,single,r_b_01.png,color,blue
135116,,c7fbf674-7151-4b31-9215-b4523cffdc16,1,BFjYtIPU1617996806053,338,figural_single_2_2,1,,0,green,53.1300000147894,1,single,r_g_03.png,color,green
135116,,c7fbf674-7151-4b31-9215-b4523cffdc16,1,BFjYtIPU1617996806053,339,figural_single_2_2,1,,0,green,47.614999930374324,0,single,e_b_04.png,color,blue
135116,,c7fbf674-7151-4b31-9215-b4523cffdc16,1,BFjYtIPU1617996806053,340,figural_single_2_2,1,,0,green,55.244999937713146,0,single,r_b_12.png,color,blue
135116,,c7fbf674-7151-4b31-9215-b4523cffdc16,1,BFjYtIPU1617996806053,341,figural_single_2_2,1,,0,green,82.80999993439764,1,single,r_g_13.png,color,green
135116,,c7fbf674-7151-4b31-9215-b4523cffdc16,1,BFjYtIPU1617996806053,342,figural_single_2_2,1,,0,green,55.684999912045896,0,single,r_b_02.png,color,blue
135116,,c7fbf674-7151-4b31-9215-b4523cffdc16,1,BFjYtIPU1617996806053,343,figural_single_2_2,1,,0,green,46.78000009153038,1,single,e_g_09.png,color,green
135116,,c7fbf674-7151-4b31-9215-b4523cffdc16,1,BFjYtIPU1617996806053,344,figural_single_2_2,1,,0,green,46.17999994661659,1,single,e_g_15.png,color,green
135116,,c7fbf674-7151-4b31-9215-b4523cffdc16,1,BFjYtIPU1617996806053,345,figural_single_2_2,1,,0,green,43.345000012777746,1,single,e_g_08.png,color,green
135116,,c7fbf674-7151-4b31-9215-b4523cffdc16,1,BFjYtIPU1617996806053,346,figural_single_2_2,1,,0,green,43.78000006545335,0,single,r_b_05.png,color,blue
135116,,c7fbf674-7151-4b31-9215-b4523cffdc16,1,BFjYtIPU1617996806053,347,figural_single_2_2,1,,0,green,33.8700000429526,1,single,r_g_14.png,color,green
135116,,c7fbf674-7151-4b31-9215-b4523cffdc16,1,BFjYtIPU1617996806053,348,figural_single_2_2,1,,0,green,31.124999979510903,0,single,r_b_04.png,color,blue
135116,,c7fbf674-7151-4b31-9215-b4523cffdc16,1,BFjYtIPU1617996806053,349,figural_single_2_2,1,,0,green,44.2549999570474,1,single,r_g_10.png,color,green
135116,,c7fbf674-7151-4b31-9215-b4523cffdc16,1,BFjYtIPU1617996806053,350,figural_single_2_2,1,,0,green,42.744999984279275,1,single,r_g_01.png,color,green
135116,,c7fbf674-7151-4b31-9215-b4523cffdc16,1,BFjYtIPU1617996806053,351,figural_single_2_2,1,,0,green,81.8500000750646,0,single,r_b_11.png,color,blue
135116,,c7fbf674-7151-4b31-9215-b4523cffdc16,1,BFjYtIPU1617996806053,352,figural_single_2_2,1,,0,green,62.120000016875565,1,single,r_g_05.png,color,green
135116,,c7fbf674-7151-4b31-9215-b4523cffdc16,1,BFjYtIPU1617996806053,353,figural_single_2_2,1,,0,green,43.68499992415309,0,single,r_b_10.png,color,blue
135116,,c7fbf674-7151-4b31-9215-b4523cffdc16,1,BFjYtIPU1617996806053,354,figural_single_2_2,1,,0,green,56.73499999102205,0,single,e_b_13.png,color,blue
135116,,c7fbf674-7151-4b31-9215-b4523cffdc16,1,BFjYtIPU1617996806053,355,figural_single_2_2,1,,0,green,72.1700000576675,1,single,e_g_14.png,color,green
135116,,c7fbf674-7151-4b31-9215-b4523cffdc16,1,BFjYtIPU1617996806053,356,figural_single_2_2,1,,0,green,61.495000030845404,0,single,e_b_07.png,color,blue
135116,,c7fbf674-7151-4b31-9215-b4523cffdc16,1,BFjYtIPU1617996806053,357,figural_single_2_2,1,,0,green,56.16499995812774,0,single,e_b_09.png,color,blue
135116,,c7fbf674-7151-4b31-9215-b4523cffdc16,1,BFjYtIPU1617996806053,358,figural_single_1_2,1,,0,round,24.435000028461218,0,single,e_g_11.png,shape,angular
135116,,c7fbf674-7151-4b31-9215-b4523cffdc16,1,BFjYtIPU1617996806053,359,figural_single_1_2,1,,0,round,37.02000004705042,1,single,r_b_16.png,shape,round
135116,,c7fbf674-7151-4b31-9215-b4523cffdc16,1,BFjYtIPU1617996806053,360,figural_single_1_2,1,,0,round,49.765000003390014,0,single,e_b_10.png,shape,angular
135116,,c7fbf674-7151-4b31-9215-b4523cffdc16,1,BFjYtIPU1617996806053,361,figural_single_1_2,1,,0,round,39.649999933317304,1,single,r_b_02.png,shape,round
135116,,c7fbf674-7151-4b31-9215-b4523cffdc16,1,BFjYtIPU1617996806053,362,figural_single_1_2,1,,0,round,62.03499995172024,1,single,r_g_08.png,shape,round
135116,,c7fbf674-7151-4b31-9215-b4523cffdc16,1,BFjYtIPU1617996806053,363,figural_single_1_2,1,,0,round,105.49500002525747,0,single,e_g_02.png,shape,angular
135116,,c7fbf674-7151-4b31-9215-b4523cffdc16,1,BFjYtIPU1617996806053,364,figural_single_1_2,1,,0,round,48.990000039339066,1,single,r_g_05.png,shape,round
135116,,c7fbf674-7151-4b31-9215-b4523cffdc16,1,BFjYtIPU1617996806053,365,figural_single_1_2,1,,0,round,20.804999978281558,0,single,e_b_15.png,shape,angular
135116,,c7fbf674-7151-4b31-9215-b4523cffdc16,1,BFjYtIPU1617996806053,366,figural_single_1_2,1,,0,round,42.449999949894845,1,single,r_b_09.png,shape,round
135116,,c7fbf674-7151-4b31-9215-b4523cffdc16,1,BFjYtIPU1617996806053,367,figural_single_1_2,1,,0,angular,5.754999932833016,1,single,e_b_12.png,shape,angular
135116,,c7fbf674-7151-4b31-9215-b4523cffdc16,1,BFjYtIPU1617996806053,368,figural_single_1_2,1,,0,angular,76.05500007048249,1,single,e_g_15.png,shape,angular
135116,,c7fbf674-7151-4b31-9215-b4523cffdc16,1,BFjYtIPU1617996806053,369,figural_single_1_2,1,,0,angular,52.27500002365559,0,single,r_g_04.png,shape,round
135116,,c7fbf674-7151-4b31-9215-b4523cffdc16,1,BFjYtIPU1617996806053,370,figural_single_1_2,1,,0,angular,81.66000002529472,1,single,e_b_14.png,shape,angular
135116,,c7fbf674-7151-4b31-9215-b4523cffdc16,1,BFjYtIPU1617996806053,371,figural_single_1_2,1,,0,angular,56.53499998152256,1,single,e_b_02.png,shape,angular
135116,,c7fbf674-7151-4b31-9215-b4523cffdc16,1,BFjYtIPU1617996806053,372,figural_single_1_2,1,,0,angular,44.66000001411885,0,single,r_g_15.png,shape,round
135116,,c7fbf674-7151-4b31-9215-b4523cffdc16,1,BFjYtIPU1617996806053,373,figural_single_1_2,1,,0,angular,42.55000001285225,1,single,e_b_11.png,shape,angular
135116,,c7fbf674-7151-4b31-9215-b4523cffdc16,1,BFjYtIPU1617996806053,374,figural_single_1_2,1,,0,angular,133.26000003144145,0,single,r_b_07.png,shape,round
135116,,c7fbf674-7151-4b31-9215-b4523cffdc16,1,BFjYtIPU1617996806053,375,figural_single_1_2,1,,0,angular,43.75000006984919,0,single,r_g_06.png,shape,round
135116,,c7fbf674-7151-4b31-9215-b4523cffdc16,1,BFjYtIPU1617996806053,376,figural_single_1_2,1,,0,angular,87.63500000350177,0,single,r_g_02.png,shape,round
135116,,c7fbf674-7151-4b31-9215-b4523cffdc16,1,BFjYtIPU1617996806053,377,figural_single_1_2,1,,0,angular,10.310000041499734,1,single,e_b_09.png,shape,angular
135116,,c7fbf674-7151-4b31-9215-b4523cffdc16,1,BFjYtIPU1617996806053,378,figural_single_1_2,1,,0,angular,35.75999999884516,0,single,r_b_15.png,shape,round
135116,,c7fbf674-7151-4b31-9215-b4523cffdc16,1,BFjYtIPU1617996806053,379,figural_single_1_2,1,,0,angular,17.819999950006604,1,single,e_g_14.png,shape,angular
135116,,c7fbf674-7151-4b31-9215-b4523cffdc16,1,BFjYtIPU1617996806053,380,figural_single_1_2,1,,0,angular,20.76500002294779,0,single,r_b_04.png,shape,round
135116,,c7fbf674-7151-4b31-9215-b4523cffdc16,1,BFjYtIPU1617996806053,381,figural_single_1_2,1,,0,angular,119.77999994996935,0,single,r_g_09.png,shape,round
135116,,c7fbf674-7151-4b31-9215-b4523cffdc16,1,BFjYtIPU1617996806053,382,figural_single_1_2,1,,0,angular,37.15999994892627,1,single,e_g_03.png,shape,angular
135116,,c7fbf674-7151-4b31-9215-b4523cffdc16,1,BFjYtIPU1617996806053,383,figural_single_1_2,1,,0,angular,10.79500000923872,0,single,r_b_13.png,shape,round
135116,,c7fbf674-7151-4b31-9215-b4523cffdc16,1,BFjYtIPU1617996806053,384,figural_single_1_2,1,,0,angular,38.66000007838011,0,single,r_b_03.png,shape,round
135116,,c7fbf674-7151-4b31-9215-b4523cffdc16,1,BFjYtIPU1617996806053,385,figural_single_1_2,1,,0,angular,20.314999972470105,0,single,r_g_14.png,shape,round
135116,,c7fbf674-7151-4b31-9215-b4523cffdc16,1,BFjYtIPU1617996806053,386,figural_single_1_2,1,,0,angular,24.535000091418624,1,single,e_b_05.png,shape,angular
135116,,c7fbf674-7151-4b31-9215-b4523cffdc16,1,BFjYtIPU1617996806053,387,figural_single_1_2,1,,0,round,68.94999998621643,1,single,r_b_10.png,shape,round
135116,,c7fbf674-7151-4b31-9215-b4523cffdc16,1,BFjYtIPU1617996806053,388,figural_single_1_2,1,,0,round,44.92500005289912,1,single,r_b_12.png,shape,round
135116,,c7fbf674-7151-4b31-9215-b4523cffdc16,1,BFjYtIPU1617996806053,389,figural_single_1_2,1,,0,angular,74.43000003695488,0,single,r_b_14.png,shape,round
135116,,c7fbf674-7151-4b31-9215-b4523cffdc16,1,BFjYtIPU1617996806053,390,figural_single_1_2,1,,0,angular,17.41500000935048,1,single,e_g_16.png,shape,angular
135116,,c7fbf674-7151-4b31-9215-b4523cffdc16,1,BFjYtIPU1617996806053,391,figural_single_1_2,1,,0,angular,115.99500000011176,0,single,r_g_12.png,shape,round
135116,,c7fbf674-7151-4b31-9215-b4523cffdc16,1,BFjYtIPU1617996806053,392,figural_single_1_2,1,,0,angular,19.459999981336296,0,single,r_g_11.png,shape,round
135116,,c7fbf674-7151-4b31-9215-b4523cffdc16,1,BFjYtIPU1617996806053,393,figural_single_1_2,1,,0,angular,6.799999973736703,1,single,e_b_03.png,shape,angular
135116,,c7fbf674-7151-4b31-9215-b4523cffdc16,1,BFjYtIPU1617996806053,394,figural_single_1_2,1,,0,angular,42.35999996308237,1,single,e_b_04.png,shape,angular
135116,,c7fbf674-7151-4b31-9215-b4523cffdc16,1,BFjYtIPU1617996806053,395,figural_single_1_2,1,,0,angular,22.13499997742474,0,single,r_b_11.png,shape,round
135116,,c7fbf674-7151-4b31-9215-b4523cffdc16,1,BFjYtIPU1617996806053,396,figural_single_1_2,1,,0,angular,20.64000000245869,1,single,e_g_05.png,shape,angular
135116,,c7fbf674-7151-4b31-9215-b4523cffdc16,1,BFjYtIPU1617996806053,397,figural_single_1_2,1,,0,angular,17.49500003643334,1,single,e_b_16.png,shape,angular
135116,,c7fbf674-7151-4b31-9215-b4523cffdc16,1,BFjYtIPU1617996806053,398,figural_single_1_2,1,,0,angular,4.519999958574772,1,single,e_g_13.png,shape,angular
135116,,c7fbf674-7151-4b31-9215-b4523cffdc16,1,BFjYtIPU1617996806053,399,figural_single_1_2,1,,0,angular,31.420000013895333,0,single,r_g_01.png,shape,round
135116,,c7fbf674-7151-4b31-9215-b4523cffdc16,1,BFjYtIPU1617996806053,400,figural_single_1_2,1,,0,round,17.79000007081777,0,single,e_b_08.png,shape,angular
135116,,c7fbf674-7151-4b31-9215-b4523cffdc16,1,BFjYtIPU1617996806053,401,figural_single_1_2,1,,0,round,12.769999913871288,0,single,e_g_10.png,shape,angular
135116,,c7fbf674-7151-4b31-9215-b4523cffdc16,1,BFjYtIPU1617996806053,402,figural_single_1_2,1,,0,round,39.55999994650483,1,single,r_g_13.png,shape,round
135116,,c7fbf674-7151-4b31-9215-b4523cffdc16,1,BFjYtIPU1617996806053,403,figural_single_1_2,1,,0,angular,55.67999999038875,1,single,e_b_01.png,shape,angular
135116,,c7fbf674-7151-4b31-9215-b4523cffdc16,1,BFjYtIPU1617996806053,404,figural_single_1_2,1,,0,angular,6.889999960549176,1,single,e_b_06.png,shape,angular
135116,,c7fbf674-7151-4b31-9215-b4523cffdc16,1,BFjYtIPU1617996806053,405,figural_single_1_2,1,,0,round,20.075000007636845,1,single,r_g_10.png,shape,round
135116,,c7fbf674-7151-4b31-9215-b4523cffdc16,1,BFjYtIPU1617996806053,406,figural_single_1_2,1,,0,angular,32.069999957457185,1,single,e_g_08.png,shape,angular
135116,,c7fbf674-7151-4b31-9215-b4523cffdc16,1,BFjYtIPU1617996806053,407,figural_single_1_2,1,,0,angular,27.105000102892518,1,single,e_g_07.png,shape,angular
135116,,c7fbf674-7151-4b31-9215-b4523cffdc16,1,BFjYtIPU1617996806053,408,figural_single_1_2,1,,0,angular,35.349999903701246,0,single,r_b_06.png,shape,round
135116,,c7fbf674-7151-4b31-9215-b4523cffdc16,1,BFjYtIPU1617996806053,409,figural_single_1_2,1,,0,angular,35.539999953471124,1,single,e_g_09.png,shape,angular
135116,,c7fbf674-7151-4b31-9215-b4523cffdc16,1,BFjYtIPU1617996806053,410,figural_single_1_2,1,,0,angular,22.475000005215406,0,single,r_b_01.png,shape,round
135116,,c7fbf674-7151-4b31-9215-b4523cffdc16,1,BFjYtIPU1617996806053,411,figural_single_1_2,1,,0,angular,22.995000006631017,1,single,e_b_13.png,shape,angular
135116,,c7fbf674-7151-4b31-9215-b4523cffdc16,1,BFjYtIPU1617996806053,412,figural_single_1_2,1,,0,angular,26.814999990165234,1,single,e_g_04.png,shape,angular
135116,,c7fbf674-7151-4b31-9215-b4523cffdc16,1,BFjYtIPU1617996806053,413,figural_single_1_2,1,,0,angular,46.78500001318753,1,single,e_g_12.png,shape,angular
135116,,c7fbf674-7151-4b31-9215-b4523cffdc16,1,BFjYtIPU1617996806053,414,figural_single_1_2,1,,0,angular,35.21000000182539,0,single,r_b_08.png,shape,round
135116,,c7fbf674-7151-4b31-9215-b4523cffdc16,1,BFjYtIPU1617996806053,415,figural_single_1_2,1,,0,round,0.23999996483325958,0,single,e_b_07.png,shape,angular
135116,,c7fbf674-7151-4b31-9215-b4523cffdc16,1,BFjYtIPU1617996806053,416,figural_single_1_2,1,,0,round,45.769999967888,1,single,r_g_03.png,shape,round
135116,,c7fbf674-7151-4b31-9215-b4523cffdc16,1,BFjYtIPU1617996806053,417,figural_single_1_2,1,,0,angular,41.07000003568828,1,single,e_g_06.png,shape,angular
135116,,c7fbf674-7151-4b31-9215-b4523cffdc16,1,BFjYtIPU1617996806053,418,figural_single_1_2,1,,0,angular,45.28500000014901,0,single,r_g_16.png,shape,round
135116,,c7fbf674-7151-4b31-9215-b4523cffdc16,1,BFjYtIPU1617996806053,419,figural_single_1_2,1,,0,angular,42.83499997109175,0,single,r_b_05.png,shape,round
135116,,c7fbf674-7151-4b31-9215-b4523cffdc16,1,BFjYtIPU1617996806053,420,figural_single_1_2,1,,0,angular,10.260000010021031,1,single,e_g_01.png,shape,angular
135116,,c7fbf674-7151-4b31-9215-b4523cffdc16,1,BFjYtIPU1617996806053,421,figural_single_1_2,1,,0,angular,27.874999912455678,0,single,r_g_07.png,shape,round