userCode,extId,moduleId,sessionId,sessionToken,trialId,executableId,session.complete,session.condition,session.forceExit,givenResponse,reactionTime,score,shiftingType,stimulusValue,stimulusType,correctResponse
135136,,c7fbf674-7151-4b31-9215-b4523cffdc16,1,cRhE1i2A1618033214472,1,figural_single_1_practice,1,,0,round,1005,1,single,r_b_10.png,shape,round
135136,,c7fbf674-7151-4b31-9215-b4523cffdc16,1,cRhE1i2A1618033214472,2,figural_single_1_practice,1,,0,angular,756,1,single,e_b_09.png,shape,angular
135136,,c7fbf674-7151-4b31-9215-b4523cffdc16,1,cRhE1i2A1618033214472,3,figural_single_1_practice,1,,0,round,700,1,single,r_b_11.png,shape,round
135136,,c7fbf674-7151-4b31-9215-b4523cffdc16,1,cRhE1i2A1618033214472,4,figural_single_1_practice,1,,0,round,720,1,single,r_g_05.png,shape,round
135136,,c7fbf674-7151-4b31-9215-b4523cffdc16,1,cRhE1i2A1618033214472,5,figural_single_1_practice,1,,0,angular,716,1,single,e_b_14.png,shape,angular
135136,,c7fbf674-7151-4b31-9215-b4523cffdc16,1,cRhE1i2A1618033214472,6,figural_single_1_practice,1,,0,angular,639,1,single,e_g_07.png,shape,angular
135136,,c7fbf674-7151-4b31-9215-b4523cffdc16,1,cRhE1i2A1618033214472,7,figural_single_1_practice,1,,0,angular,682,1,single,e_g_12.png,shape,angular
135136,,c7fbf674-7151-4b31-9215-b4523cffdc16,1,cRhE1i2A1618033214472,8,figural_single_1_practice,1,,0,round,575,1,single,r_b_16.png,shape,round
135136,,c7fbf674-7151-4b31-9215-b4523cffdc16,1,cRhE1i2A1618033214472,9,figural_single_1_practice,1,,0,round,565,1,single,r_g_02.png,shape,round
135136,,c7fbf674-7151-4b31-9215-b4523cffdc16,1,cRhE1i2A1618033214472,10,figural_single_1_practice,1,,0,angular,878,1,single,e_b_04.png,shape,angular
135136,,c7fbf674-7151-4b31-9215-b4523cffdc16,1,cRhE1i2A1618033214472,11,figural_single_1_practice,1,,0,angular,625,1,single,e_g_06.png,shape,angular
135136,,c7fbf674-7151-4b31-9215-b4523cffdc16,1,cRhE1i2A1618033214472,12,figural_single_1_practice,1,,0,round,607,1,single,r_g_15.png,shape,round
135136,,c7fbf674-7151-4b31-9215-b4523cffdc16,1,cRhE1i2A1618033214472,13,figural_single_1_1,1,,0,round,880,1,single,r_b_01.png,shape,round
135136,,c7fbf674-7151-4b31-9215-b4523cffdc16,1,cRhE1i2A1618033214472,14,figural_single_1_1,1,,0,angular,582,1,single,e_g_11.png,shape,angular
135136,,c7fbf674-7151-4b31-9215-b4523cffdc16,1,cRhE1i2A1618033214472,15,figural_single_1_1,1,,0,round,570,1,single,r_b_10.png,shape,round
135136,,c7fbf674-7151-4b31-9215-b4523cffdc16,1,cRhE1i2A1618033214472,16,figural_single_1_1,1,,0,round,499,1,single,r_b_06.png,shape,round
135136,,c7fbf674-7151-4b31-9215-b4523cffdc16,1,cRhE1i2A1618033214472,17,figural_single_1_1,1,,0,angular,578,1,single,e_g_07.png,shape,angular
135136,,c7fbf674-7151-4b31-9215-b4523cffdc16,1,cRhE1i2A1618033214472,18,figural_single_1_1,1,,0,angular,545,1,single,e_g_13.png,shape,angular
135136,,c7fbf674-7151-4b31-9215-b4523cffdc16,1,cRhE1i2A1618033214472,19,figural_single_1_1,1,,0,round,615,1,single,r_g_06.png,shape,round
135136,,c7fbf674-7151-4b31-9215-b4523cffdc16,1,cRhE1i2A1618033214472,20,figural_single_1_1,1,,0,angular,633,1,single,e_g_16.png,shape,angular
135136,,c7fbf674-7151-4b31-9215-b4523cffdc16,1,cRhE1i2A1618033214472,21,figural_single_1_1,1,,0,angular,662,1,single,e_b_09.png,shape,angular
135136,,c7fbf674-7151-4b31-9215-b4523cffdc16,1,cRhE1i2A1618033214472,22,figural_single_1_1,1,,0,angular,535,1,single,e_b_08.png,shape,angular
135136,,c7fbf674-7151-4b31-9215-b4523cffdc16,1,cRhE1i2A1618033214472,23,figural_single_1_1,1,,0,round,531,1,single,r_b_12.png,shape,round
135136,,c7fbf674-7151-4b31-9215-b4523cffdc16,1,cRhE1i2A1618033214472,24,figural_single_1_1,1,,0,angular,588,1,single,e_b_10.png,shape,angular
135136,,c7fbf674-7151-4b31-9215-b4523cffdc16,1,cRhE1i2A1618033214472,25,figural_single_1_1,1,,0,angular,545,1,single,e_b_05.png,shape,angular
135136,,c7fbf674-7151-4b31-9215-b4523cffdc16,1,cRhE1i2A1618033214472,26,figural_single_1_1,1,,0,round,588,1,single,r_b_13.png,shape,round
135136,,c7fbf674-7151-4b31-9215-b4523cffdc16,1,cRhE1i2A1618033214472,27,figural_single_1_1,1,,0,angular,486,0,single,r_g_15.png,shape,round
135136,,c7fbf674-7151-4b31-9215-b4523cffdc16,1,cRhE1i2A1618033214472,28,figural_single_1_1,1,,0,angular,769,1,single,e_g_09.png,shape,angular
135136,,c7fbf674-7151-4b31-9215-b4523cffdc16,1,cRhE1i2A1618033214472,29,figural_single_1_1,1,,0,round,557,1,single,r_g_02.png,shape,round
135136,,c7fbf674-7151-4b31-9215-b4523cffdc16,1,cRhE1i2A1618033214472,30,figural_single_1_1,1,,0,round,659,1,single,r_b_07.png,shape,round
135136,,c7fbf674-7151-4b31-9215-b4523cffdc16,1,cRhE1i2A1618033214472,31,figural_single_1_1,1,,0,angular,546,1,single,e_b_06.png,shape,angular
135136,,c7fbf674-7151-4b31-9215-b4523cffdc16,1,cRhE1i2A1618033214472,32,figural_single_1_1,1,,0,round,584,1,single,r_b_16.png,shape,round
135136,,c7fbf674-7151-4b31-9215-b4523cffdc16,1,cRhE1i2A1618033214472,33,figural_single_1_1,1,,0,round,662,1,single,r_b_02.png,shape,round
135136,,c7fbf674-7151-4b31-9215-b4523cffdc16,1,cRhE1i2A1618033214472,34,figural_single_1_1,1,,0,angular,482,1,single,e_g_06.png,shape,angular
135136,,c7fbf674-7151-4b31-9215-b4523cffdc16,1,cRhE1i2A1618033214472,35,figural_single_1_1,1,,0,round,986,1,single,r_g_03.png,shape,round
135136,,c7fbf674-7151-4b31-9215-b4523cffdc16,1,cRhE1i2A1618033214472,36,figural_single_1_1,1,,0,angular,617,1,single,e_g_05.png,shape,angular
135136,,c7fbf674-7151-4b31-9215-b4523cffdc16,1,cRhE1i2A1618033214472,37,figural_single_1_1,1,,0,angular,623,1,single,e_b_13.png,shape,angular
135136,,c7fbf674-7151-4b31-9215-b4523cffdc16,1,cRhE1i2A1618033214472,38,figural_single_1_1,1,,0,angular,707,1,single,e_g_15.png,shape,angular
135136,,c7fbf674-7151-4b31-9215-b4523cffdc16,1,cRhE1i2A1618033214472,39,figural_single_1_1,1,,0,round,593,1,single,r_g_08.png,shape,round
135136,,c7fbf674-7151-4b31-9215-b4523cffdc16,1,cRhE1i2A1618033214472,40,figural_single_1_1,1,,0,round,596,1,single,r_b_05.png,shape,round
135136,,c7fbf674-7151-4b31-9215-b4523cffdc16,1,cRhE1i2A1618033214472,41,figural_single_1_1,1,,0,angular,768,1,single,e_b_02.png,shape,angular
135136,,c7fbf674-7151-4b31-9215-b4523cffdc16,1,cRhE1i2A1618033214472,42,figural_single_1_1,1,,0,angular,1033,1,single,e_g_14.png,shape,angular
135136,,c7fbf674-7151-4b31-9215-b4523cffdc16,1,cRhE1i2A1618033214472,43,figural_single_1_1,1,,0,round,793,1,single,r_b_03.png,shape,round
135136,,c7fbf674-7151-4b31-9215-b4523cffdc16,1,cRhE1i2A1618033214472,44,figural_single_1_1,1,,0,angular,703,1,single,e_b_14.png,shape,angular
135136,,c7fbf674-7151-4b31-9215-b4523cffdc16,1,cRhE1i2A1618033214472,45,figural_single_1_1,1,,0,angular,692,1,single,e_b_04.png,shape,angular
135136,,c7fbf674-7151-4b31-9215-b4523cffdc16,1,cRhE1i2A1618033214472,46,figural_single_1_1,1,,0,angular,506,1,single,e_b_03.png,shape,angular
135136,,c7fbf674-7151-4b31-9215-b4523cffdc16,1,cRhE1i2A1618033214472,47,figural_single_1_1,1,,0,round,578,1,single,r_g_16.png,shape,round
135136,,c7fbf674-7151-4b31-9215-b4523cffdc16,1,cRhE1i2A1618033214472,48,figural_single_1_1,1,,0,round,537,1,single,r_g_13.png,shape,round
135136,,c7fbf674-7151-4b31-9215-b4523cffdc16,1,cRhE1i2A1618033214472,49,figural_single_1_1,1,,0,round,456,1,single,r_g_14.png,shape,round
135136,,c7fbf674-7151-4b31-9215-b4523cffdc16,1,cRhE1i2A1618033214472,50,figural_single_1_1,1,,0,angular,490,1,single,e_g_08.png,shape,angular
135136,,c7fbf674-7151-4b31-9215-b4523cffdc16,1,cRhE1i2A1618033214472,51,figural_single_1_1,1,,0,round,556,1,single,r_g_09.png,shape,round
135136,,c7fbf674-7151-4b31-9215-b4523cffdc16,1,cRhE1i2A1618033214472,52,figural_single_1_1,1,,0,round,492,0,single,e_g_04.png,shape,angular
135136,,c7fbf674-7151-4b31-9215-b4523cffdc16,1,cRhE1i2A1618033214472,53,figural_single_1_1,1,,0,angular,1021,1,single,e_b_15.png,shape,angular
135136,,c7fbf674-7151-4b31-9215-b4523cffdc16,1,cRhE1i2A1618033214472,54,figural_single_1_1,1,,0,round,753,1,single,r_g_04.png,shape,round
135136,,c7fbf674-7151-4b31-9215-b4523cffdc16,1,cRhE1i2A1618033214472,55,figural_single_1_1,1,,0,angular,705,1,single,e_b_07.png,shape,angular
135136,,c7fbf674-7151-4b31-9215-b4523cffdc16,1,cRhE1i2A1618033214472,56,figural_single_1_1,1,,0,angular,726,1,single,e_b_16.png,shape,angular
135136,,c7fbf674-7151-4b31-9215-b4523cffdc16,1,cRhE1i2A1618033214472,57,figural_single_1_1,1,,0,round,774,1,single,r_b_08.png,shape,round
135136,,c7fbf674-7151-4b31-9215-b4523cffdc16,1,cRhE1i2A1618033214472,58,figural_single_1_1,1,,0,angular,599,1,single,e_g_12.png,shape,angular
135136,,c7fbf674-7151-4b31-9215-b4523cffdc16,1,cRhE1i2A1618033214472,59,figural_single_1_1,1,,0,round,750,1,single,r_b_14.png,shape,round
135136,,c7fbf674-7151-4b31-9215-b4523cffdc16,1,cRhE1i2A1618033214472,60,figural_single_1_1,1,,0,round,1017,1,single,r_g_05.png,shape,round
135136,,c7fbf674-7151-4b31-9215-b4523cffdc16,1,cRhE1i2A1618033214472,61,figural_single_1_1,1,,0,round,597,1,single,r_g_01.png,shape,round
135136,,c7fbf674-7151-4b31-9215-b4523cffdc16,1,cRhE1i2A1618033214472,62,figural_single_1_1,1,,0,angular,540,1,single,e_g_02.png,shape,angular
135136,,c7fbf674-7151-4b31-9215-b4523cffdc16,1,cRhE1i2A1618033214472,63,figural_single_1_1,1,,0,round,574,1,single,r_g_11.png,shape,round
135136,,c7fbf674-7151-4b31-9215-b4523cffdc16,1,cRhE1i2A1618033214472,64,figural_single_1_1,1,,0,round,650,1,single,r_g_10.png,shape,round
135136,,c7fbf674-7151-4b31-9215-b4523cffdc16,1,cRhE1i2A1618033214472,65,figural_single_1_1,1,,0,round,511,1,single,r_b_04.png,shape,round
135136,,c7fbf674-7151-4b31-9215-b4523cffdc16,1,cRhE1i2A1618033214472,66,figural_single_1_1,1,,0,angular,543,1,single,e_g_01.png,shape,angular
135136,,c7fbf674-7151-4b31-9215-b4523cffdc16,1,cRhE1i2A1618033214472,67,figural_single_1_1,1,,0,round,640,1,single,r_b_09.png,shape,round
135136,,c7fbf674-7151-4b31-9215-b4523cffdc16,1,cRhE1i2A1618033214472,68,figural_single_1_1,1,,0,round,562,1,single,r_b_15.png,shape,round
135136,,c7fbf674-7151-4b31-9215-b4523cffdc16,1,cRhE1i2A1618033214472,69,figural_single_1_1,1,,0,round,566,1,single,r_g_07.png,shape,round
135136,,c7fbf674-7151-4b31-9215-b4523cffdc16,1,cRhE1i2A1618033214472,70,figural_single_1_1,1,,0,round,513,0,single,e_b_01.png,shape,angular
135136,,c7fbf674-7151-4b31-9215-b4523cffdc16,1,cRhE1i2A1618033214472,71,figural_single_1_1,1,,0,angular,739,1,single,e_b_12.png,shape,angular
135136,,c7fbf674-7151-4b31-9215-b4523cffdc16,1,cRhE1i2A1618033214472,72,figural_single_1_1,1,,0,round,607,1,single,r_b_11.png,shape,round
135136,,c7fbf674-7151-4b31-9215-b4523cffdc16,1,cRhE1i2A1618033214472,73,figural_single_1_1,1,,0,round,823,1,single,r_g_12.png,shape,round
135136,,c7fbf674-7151-4b31-9215-b4523cffdc16,1,cRhE1i2A1618033214472,74,figural_single_1_1,1,,0,angular,537,1,single,e_g_03.png,shape,angular
135136,,c7fbf674-7151-4b31-9215-b4523cffdc16,1,cRhE1i2A1618033214472,75,figural_single_1_1,1,,0,angular,841,1,single,e_g_10.png,shape,angular
135136,,c7fbf674-7151-4b31-9215-b4523cffdc16,1,cRhE1i2A1618033214472,76,figural_single_1_1,1,,0,angular,903,1,single,e_b_11.png,shape,angular
135136,,c7fbf674-7151-4b31-9215-b4523cffdc16,1,cRhE1i2A1618033214472,77,figural_single_2_practice,1,,0,blue,818,1,single,r_b_07.png,color,blue
135136,,c7fbf674-7151-4b31-9215-b4523cffdc16,1,cRhE1i2A1618033214472,78,figural_single_2_practice,1,,0,green,1261,1,single,r_g_09.png,color,green
135136,,c7fbf674-7151-4b31-9215-b4523cffdc16,1,cRhE1i2A1618033214472,79,figural_single_2_practice,1,,0,green,666,1,single,e_g_04.png,color,green
135136,,c7fbf674-7151-4b31-9215-b4523cffdc16,1,cRhE1i2A1618033214472,80,figural_single_2_practice,1,,0,blue,508,1,single,r_b_14.png,color,blue
135136,,c7fbf674-7151-4b31-9215-b4523cffdc16,1,cRhE1i2A1618033214472,81,figural_single_2_practice,1,,0,green,566,0,single,e_b_06.png,color,blue
135136,,c7fbf674-7151-4b31-9215-b4523cffdc16,1,cRhE1i2A1618033214472,82,figural_single_2_practice,1,,0,green,1712,1,single,e_g_10.png,color,green
135136,,c7fbf674-7151-4b31-9215-b4523cffdc16,1,cRhE1i2A1618033214472,83,figural_single_2_practice,1,,0,blue,547,1,single,e_b_16.png,color,blue
135136,,c7fbf674-7151-4b31-9215-b4523cffdc16,1,cRhE1i2A1618033214472,84,figural_single_2_practice,1,,0,green,594,1,single,e_g_08.png,color,green
135136,,c7fbf674-7151-4b31-9215-b4523cffdc16,1,cRhE1i2A1618033214472,85,figural_single_2_practice,1,,0,blue,612,1,single,e_b_02.png,color,blue
135136,,c7fbf674-7151-4b31-9215-b4523cffdc16,1,cRhE1i2A1618033214472,86,figural_single_2_practice,1,,0,green,440,1,single,r_g_03.png,color,green
135136,,c7fbf674-7151-4b31-9215-b4523cffdc16,1,cRhE1i2A1618033214472,87,figural_single_2_practice,1,,0,green,462,0,single,r_b_13.png,color,blue
135136,,c7fbf674-7151-4b31-9215-b4523cffdc16,1,cRhE1i2A1618033214472,88,figural_single_2_practice,1,,0,green,719,1,single,r_g_01.png,color,green
135136,,c7fbf674-7151-4b31-9215-b4523cffdc16,1,cRhE1i2A1618033214472,89,figural_single_2_1,1,,0,green,546,1,single,r_g_07.png,color,green
135136,,c7fbf674-7151-4b31-9215-b4523cffdc16,1,cRhE1i2A1618033214472,90,figural_single_2_1,1,,0,blue,422,1,single,r_b_03.png,color,blue
135136,,c7fbf674-7151-4b31-9215-b4523cffdc16,1,cRhE1i2A1618033214472,91,figural_single_2_1,1,,0,green,477,1,single,r_g_08.png,color,green
135136,,c7fbf674-7151-4b31-9215-b4523cffdc16,1,cRhE1i2A1618033214472,92,figural_single_2_1,1,,0,green,488,1,single,e_g_01.png,color,green
135136,,c7fbf674-7151-4b31-9215-b4523cffdc16,1,cRhE1i2A1618033214472,93,figural_single_2_1,1,,0,blue,428,0,single,e_g_09.png,color,green
135136,,c7fbf674-7151-4b31-9215-b4523cffdc16,1,cRhE1i2A1618033214472,94,figural_single_2_1,1,,0,blue,497,1,single,r_b_08.png,color,blue
135136,,c7fbf674-7151-4b31-9215-b4523cffdc16,1,cRhE1i2A1618033214472,95,figural_single_2_1,1,,0,blue,720,1,single,e_b_03.png,color,blue
135136,,c7fbf674-7151-4b31-9215-b4523cffdc16,1,cRhE1i2A1618033214472,96,figural_single_2_1,1,,0,green,652,1,single,e_g_07.png,color,green
135136,,c7fbf674-7151-4b31-9215-b4523cffdc16,1,cRhE1i2A1618033214472,97,figural_single_2_1,1,,0,blue,969,1,single,e_b_02.png,color,blue
135136,,c7fbf674-7151-4b31-9215-b4523cffdc16,1,cRhE1i2A1618033214472,98,figural_single_2_1,1,,0,green,500,1,single,e_g_04.png,color,green
135136,,c7fbf674-7151-4b31-9215-b4523cffdc16,1,cRhE1i2A1618033214472,99,figural_single_2_1,1,,0,green,500,1,single,r_g_06.png,color,green
135136,,c7fbf674-7151-4b31-9215-b4523cffdc16,1,cRhE1i2A1618033214472,100,figural_single_2_1,1,,0,blue,758,1,single,e_b_08.png,color,blue
135136,,c7fbf674-7151-4b31-9215-b4523cffdc16,1,cRhE1i2A1618033214472,101,figural_single_2_1,1,,0,green,997,1,single,e_g_16.png,color,green
135136,,c7fbf674-7151-4b31-9215-b4523cffdc16,1,cRhE1i2A1618033214472,102,figural_single_2_1,1,,0,blue,956,1,single,e_b_06.png,color,blue
135136,,c7fbf674-7151-4b31-9215-b4523cffdc16,1,cRhE1i2A1618033214472,103,figural_single_2_1,1,,0,blue,535,1,single,e_b_04.png,color,blue
135136,,c7fbf674-7151-4b31-9215-b4523cffdc16,1,cRhE1i2A1618033214472,104,figural_single_2_1,1,,0,green,530,1,single,r_g_10.png,color,green
135136,,c7fbf674-7151-4b31-9215-b4523cffdc16,1,cRhE1i2A1618033214472,105,figural_single_2_1,1,,0,green,670,0,single,e_b_12.png,color,blue
135136,,c7fbf674-7151-4b31-9215-b4523cffdc16,1,cRhE1i2A1618033214472,106,figural_single_2_1,1,,0,blue,744,1,single,r_b_09.png,color,blue
135136,,c7fbf674-7151-4b31-9215-b4523cffdc16,1,cRhE1i2A1618033214472,107,figural_single_2_1,1,,0,green,744,1,single,r_g_15.png,color,green
135136,,c7fbf674-7151-4b31-9215-b4523cffdc16,1,cRhE1i2A1618033214472,108,figural_single_2_1,1,,0,green,477,1,single,e_g_08.png,color,green
135136,,c7fbf674-7151-4b31-9215-b4523cffdc16,1,cRhE1i2A1618033214472,109,figural_single_2_1,1,,0,blue,491,1,single,e_b_11.png,color,blue
135136,,c7fbf674-7151-4b31-9215-b4523cffdc16,1,cRhE1i2A1618033214472,110,figural_single_2_1,1,,0,blue,573,1,single,r_b_13.png,color,blue
135136,,c7fbf674-7151-4b31-9215-b4523cffdc16,1,cRhE1i2A1618033214472,111,figural_single_2_1,1,,0,blue,368,1,single,r_b_12.png,color,blue
135136,,c7fbf674-7151-4b31-9215-b4523cffdc16,1,cRhE1i2A1618033214472,112,figural_single_2_1,1,,0,blue,331,1,single,r_b_15.png,color,blue
135136,,c7fbf674-7151-4b31-9215-b4523cffdc16,1,cRhE1i2A1618033214472,113,figural_single_2_1,1,,0,green,544,1,single,e_g_05.png,color,green
135136,,c7fbf674-7151-4b31-9215-b4523cffdc16,1,cRhE1i2A1618033214472,114,figural_single_2_1,1,,0,green,383,1,single,r_g_12.png,color,green
135136,,c7fbf674-7151-4b31-9215-b4523cffdc16,1,cRhE1i2A1618033214472,115,figural_single_2_1,1,,0,blue,486,1,single,r_b_02.png,color,blue
135136,,c7fbf674-7151-4b31-9215-b4523cffdc16,1,cRhE1i2A1618033214472,116,figural_single_2_1,1,,0,blue,521,1,single,r_b_01.png,color,blue
135136,,c7fbf674-7151-4b31-9215-b4523cffdc16,1,cRhE1i2A1618033214472,117,figural_single_2_1,1,,0,blue,372,1,single,r_b_07.png,color,blue
135136,,c7fbf674-7151-4b31-9215-b4523cffdc16,1,cRhE1i2A1618033214472,118,figural_single_2_1,1,,0,green,630,1,single,e_g_15.png,color,green
135136,,c7fbf674-7151-4b31-9215-b4523cffdc16,1,cRhE1i2A1618033214472,119,figural_single_2_1,1,,0,green,525,1,single,e_g_11.png,color,green
135136,,c7fbf674-7151-4b31-9215-b4523cffdc16,1,cRhE1i2A1618033214472,120,figural_single_2_1,1,,0,blue,576,1,single,e_b_07.png,color,blue
135136,,c7fbf674-7151-4b31-9215-b4523cffdc16,1,cRhE1i2A1618033214472,121,figural_single_2_1,1,,0,green,493,1,single,r_g_04.png,color,green
135136,,c7fbf674-7151-4b31-9215-b4523cffdc16,1,cRhE1i2A1618033214472,122,figural_single_2_1,1,,0,green,542,1,single,e_g_02.png,color,green
135136,,c7fbf674-7151-4b31-9215-b4523cffdc16,1,cRhE1i2A1618033214472,123,figural_single_2_1,1,,0,blue,536,1,single,e_b_01.png,color,blue
135136,,c7fbf674-7151-4b31-9215-b4523cffdc16,1,cRhE1i2A1618033214472,124,figural_single_2_1,1,,0,blue,412,1,single,r_b_05.png,color,blue
135136,,c7fbf674-7151-4b31-9215-b4523cffdc16,1,cRhE1i2A1618033214472,125,figural_single_2_1,1,,0,green,608,1,single,e_g_03.png,color,green
135136,,c7fbf674-7151-4b31-9215-b4523cffdc16,1,cRhE1i2A1618033214472,126,figural_single_2_1,1,,0,blue,886,1,single,r_b_04.png,color,blue
135136,,c7fbf674-7151-4b31-9215-b4523cffdc16,1,cRhE1i2A1618033214472,127,figural_single_2_1,1,,0,green,538,1,single,e_g_06.png,color,green
135136,,c7fbf674-7151-4b31-9215-b4523cffdc16,1,cRhE1i2A1618033214472,128,figural_single_2_1,1,,0,green,613,1,single,e_g_12.png,color,green
135136,,c7fbf674-7151-4b31-9215-b4523cffdc16,1,cRhE1i2A1618033214472,129,figural_single_2_1,1,,0,blue,697,0,single,r_g_14.png,color,green
135136,,c7fbf674-7151-4b31-9215-b4523cffdc16,1,cRhE1i2A1618033214472,130,figural_single_2_1,1,,0,blue,596,1,single,e_b_09.png,color,blue
135136,,c7fbf674-7151-4b31-9215-b4523cffdc16,1,cRhE1i2A1618033214472,131,figural_single_2_1,1,,0,blue,485,1,single,e_b_16.png,color,blue
135136,,c7fbf674-7151-4b31-9215-b4523cffdc16,1,cRhE1i2A1618033214472,132,figural_single_2_1,1,,0,blue,359,0,single,r_g_01.png,color,green
135136,,c7fbf674-7151-4b31-9215-b4523cffdc16,1,cRhE1i2A1618033214472,133,figural_single_2_1,1,,0,green,586,1,single,r_g_09.png,color,green
135136,,c7fbf674-7151-4b31-9215-b4523cffdc16,1,cRhE1i2A1618033214472,134,figural_single_2_1,1,,0,green,428,1,single,e_g_13.png,color,green
135136,,c7fbf674-7151-4b31-9215-b4523cffdc16,1,cRhE1i2A1618033214472,135,figural_single_2_1,1,,0,blue,460,1,single,r_b_06.png,color,blue
135136,,c7fbf674-7151-4b31-9215-b4523cffdc16,1,cRhE1i2A1618033214472,136,figural_single_2_1,1,,0,blue,537,1,single,r_b_14.png,color,blue
135136,,c7fbf674-7151-4b31-9215-b4523cffdc16,1,cRhE1i2A1618033214472,137,figural_single_2_1,1,,0,green,435,1,single,r_g_05.png,color,green
135136,,c7fbf674-7151-4b31-9215-b4523cffdc16,1,cRhE1i2A1618033214472,138,figural_single_2_1,1,,0,green,490,1,single,e_g_10.png,color,green
135136,,c7fbf674-7151-4b31-9215-b4523cffdc16,1,cRhE1i2A1618033214472,139,figural_single_2_1,1,,0,green,480,1,single,r_g_02.png,color,green
135136,,c7fbf674-7151-4b31-9215-b4523cffdc16,1,cRhE1i2A1618033214472,140,figural_single_2_1,1,,0,blue,464,1,single,e_b_10.png,color,blue
135136,,c7fbf674-7151-4b31-9215-b4523cffdc16,1,cRhE1i2A1618033214472,141,figural_single_2_1,1,,0,blue,400,1,single,r_b_16.png,color,blue
135136,,c7fbf674-7151-4b31-9215-b4523cffdc16,1,cRhE1i2A1618033214472,142,figural_single_2_1,1,,0,green,660,1,single,r_g_11.png,color,green
135136,,c7fbf674-7151-4b31-9215-b4523cffdc16,1,cRhE1i2A1618033214472,143,figural_single_2_1,1,,0,green,552,1,single,r_g_03.png,color,green
135136,,c7fbf674-7151-4b31-9215-b4523cffdc16,1,cRhE1i2A1618033214472,144,figural_single_2_1,1,,0,blue,461,1,single,e_b_14.png,color,blue
135136,,c7fbf674-7151-4b31-9215-b4523cffdc16,1,cRhE1i2A1618033214472,145,figural_single_2_1,1,,0,blue,469,1,single,e_b_13.png,color,blue
135136,,c7fbf674-7151-4b31-9215-b4523cffdc16,1,cRhE1i2A1618033214472,146,figural_single_2_1,1,,0,blue,317,1,single,r_b_10.png,color,blue
135136,,c7fbf674-7151-4b31-9215-b4523cffdc16,1,cRhE1i2A1618033214472,147,figural_single_2_1,1,,0,green,480,1,single,e_g_14.png,color,green
135136,,c7fbf674-7151-4b31-9215-b4523cffdc16,1,cRhE1i2A1618033214472,148,figural_single_2_1,1,,0,blue,615,1,single,e_b_15.png,color,blue
135136,,c7fbf674-7151-4b31-9215-b4523cffdc16,1,cRhE1i2A1618033214472,149,figural_single_2_1,1,,0,blue,390,1,single,e_b_05.png,color,blue
135136,,c7fbf674-7151-4b31-9215-b4523cffdc16,1,cRhE1i2A1618033214472,150,figural_single_2_1,1,,0,blue,379,1,single,r_b_11.png,color,blue
135136,,c7fbf674-7151-4b31-9215-b4523cffdc16,1,cRhE1i2A1618033214472,151,figural_single_2_1,1,,0,green,451,1,single,r_g_13.png,color,green
135136,,c7fbf674-7151-4b31-9215-b4523cffdc16,1,cRhE1i2A1618033214472,152,figural_single_2_1,1,,0,blue,272,0,single,r_g_16.png,color,green
135136,,c7fbf674-7151-4b31-9215-b4523cffdc16,1,cRhE1i2A1618033214472,153,figural_mixed_practice,1,,0,angular,2723,1,start,e_g_13.png,shape,angular
135136,,c7fbf674-7151-4b31-9215-b4523cffdc16,1,cRhE1i2A1618033214472,154,figural_mixed_practice,1,,0,angular,838,1,repetition,e_g_15.png,shape,angular
135136,,c7fbf674-7151-4b31-9215-b4523cffdc16,1,cRhE1i2A1618033214472,155,figural_mixed_practice,1,,0,blue,1577,1,switch,r_b_02.png,color,blue
135136,,c7fbf674-7151-4b31-9215-b4523cffdc16,1,cRhE1i2A1618033214472,156,figural_mixed_practice,1,,0,green,864,1,repetition,r_g_10.png,color,green
135136,,c7fbf674-7151-4b31-9215-b4523cffdc16,1,cRhE1i2A1618033214472,157,figural_mixed_practice,1,,0,round,1337,1,switch,r_b_03.png,shape,round
135136,,c7fbf674-7151-4b31-9215-b4523cffdc16,1,cRhE1i2A1618033214472,158,figural_mixed_practice,1,,0,green,1297,0,switch,e_b_11.png,color,blue
135136,,c7fbf674-7151-4b31-9215-b4523cffdc16,1,cRhE1i2A1618033214472,159,figural_mixed_practice,1,,0,green,2435,1,repetition,r_g_06.png,color,green
135136,,c7fbf674-7151-4b31-9215-b4523cffdc16,1,cRhE1i2A1618033214472,160,figural_mixed_practice,1,,0,round,1266,1,switch,r_b_08.png,shape,round
135136,,c7fbf674-7151-4b31-9215-b4523cffdc16,1,cRhE1i2A1618033214472,161,figural_mixed_practice,1,,0,angular,1247,1,repetition,e_b_12.png,shape,angular
135136,,c7fbf674-7151-4b31-9215-b4523cffdc16,1,cRhE1i2A1618033214472,162,figural_mixed_practice,1,,0,round,2339,1,repetition,r_g_04.png,shape,round
135136,,c7fbf674-7151-4b31-9215-b4523cffdc16,1,cRhE1i2A1618033214472,163,figural_mixed_practice,1,,0,blue,1181,1,switch,e_b_01.png,color,blue
135136,,c7fbf674-7151-4b31-9215-b4523cffdc16,1,cRhE1i2A1618033214472,164,figural_mixed_practice,1,,0,blue,1274,0,repetition,e_g_05.png,color,green
135136,,c7fbf674-7151-4b31-9215-b4523cffdc16,1,cRhE1i2A1618033214472,165,figural_mixed,1,,0,green,951,1,start,r_g_12.png,color,green
135136,,c7fbf674-7151-4b31-9215-b4523cffdc16,1,cRhE1i2A1618033214472,166,figural_mixed,1,,0,green,875,1,repetition,e_g_16.png,color,green
135136,,c7fbf674-7151-4b31-9215-b4523cffdc16,1,cRhE1i2A1618033214472,167,figural_mixed,1,,0,round,867,1,switch,r_b_01.png,shape,round
135136,,c7fbf674-7151-4b31-9215-b4523cffdc16,1,cRhE1i2A1618033214472,168,figural_mixed,1,,0,blue,1393,1,switch,e_b_10.png,color,blue
135136,,c7fbf674-7151-4b31-9215-b4523cffdc16,1,cRhE1i2A1618033214472,169,figural_mixed,1,,0,round,1799,1,switch,r_g_07.png,shape,round
135136,,c7fbf674-7151-4b31-9215-b4523cffdc16,1,cRhE1i2A1618033214472,170,figural_mixed,1,,0,angular,2015,1,repetition,e_g_16.png,shape,angular
135136,,c7fbf674-7151-4b31-9215-b4523cffdc16,1,cRhE1i2A1618033214472,171,figural_mixed,1,,0,angular,758,1,repetition,e_b_11.png,shape,angular
135136,,c7fbf674-7151-4b31-9215-b4523cffdc16,1,cRhE1i2A1618033214472,172,figural_mixed,1,,0,blue,1445,1,switch,e_b_12.png,color,blue
135136,,c7fbf674-7151-4b31-9215-b4523cffdc16,1,cRhE1i2A1618033214472,173,figural_mixed,1,,0,blue,958,1,repetition,r_b_05.png,color,blue
135136,,c7fbf674-7151-4b31-9215-b4523cffdc16,1,cRhE1i2A1618033214472,174,figural_mixed,1,,0,angular,1948,1,switch,e_b_15.png,shape,angular
135136,,c7fbf674-7151-4b31-9215-b4523cffdc16,1,cRhE1i2A1618033214472,175,figural_mixed,1,,0,angular,1265,0,repetition,r_g_01.png,shape,round
135136,,c7fbf674-7151-4b31-9215-b4523cffdc16,1,cRhE1i2A1618033214472,176,figural_mixed,1,,0,green,1499,1,switch,r_g_11.png,color,green
135136,,c7fbf674-7151-4b31-9215-b4523cffdc16,1,cRhE1i2A1618033214472,177,figural_mixed,1,,0,blue,1342,1,repetition,e_b_14.png,color,blue
135136,,c7fbf674-7151-4b31-9215-b4523cffdc16,1,cRhE1i2A1618033214472,178,figural_mixed,1,,0,green,1371,1,repetition,r_g_05.png,color,green
135136,,c7fbf674-7151-4b31-9215-b4523cffdc16,1,cRhE1i2A1618033214472,179,figural_mixed,1,,0,angular,1202,1,switch,e_g_09.png,shape,angular
135136,,c7fbf674-7151-4b31-9215-b4523cffdc16,1,cRhE1i2A1618033214472,180,figural_mixed,1,,0,round,1538,1,repetition,r_b_04.png,shape,round
135136,,c7fbf674-7151-4b31-9215-b4523cffdc16,1,cRhE1i2A1618033214472,181,figural_mixed,1,,0,round,1120,1,repetition,r_g_12.png,shape,round
135136,,c7fbf674-7151-4b31-9215-b4523cffdc16,1,cRhE1i2A1618033214472,182,figural_mixed,1,,0,round,756,1,repetition,r_b_02.png,shape,round
135136,,c7fbf674-7151-4b31-9215-b4523cffdc16,1,cRhE1i2A1618033214472,183,figural_mixed,1,,0,green,1100,1,switch,r_g_04.png,color,green
135136,,c7fbf674-7151-4b31-9215-b4523cffdc16,1,cRhE1i2A1618033214472,184,figural_mixed,1,,0,blue,1605,1,repetition,e_b_02.png,color,blue
135136,,c7fbf674-7151-4b31-9215-b4523cffdc16,1,cRhE1i2A1618033214472,185,figural_mixed,1,,0,blue,1295,1,repetition,r_b_16.png,color,blue
135136,,c7fbf674-7151-4b31-9215-b4523cffdc16,1,cRhE1i2A1618033214472,186,figural_mixed,1,,0,angular,1379,1,switch,e_g_03.png,shape,angular
135136,,c7fbf674-7151-4b31-9215-b4523cffdc16,1,cRhE1i2A1618033214472,187,figural_mixed,1,,0,blue,1054,1,switch,r_b_10.png,color,blue
135136,,c7fbf674-7151-4b31-9215-b4523cffdc16,1,cRhE1i2A1618033214472,188,figural_mixed,1,,0,green,846,1,repetition,e_g_03.png,color,green
135136,,c7fbf674-7151-4b31-9215-b4523cffdc16,1,cRhE1i2A1618033214472,189,figural_mixed,1,,0,green,1182,1,repetition,r_g_06.png,color,green
135136,,c7fbf674-7151-4b31-9215-b4523cffdc16,1,cRhE1i2A1618033214472,190,figural_mixed,1,,0,round,1230,1,switch,r_b_09.png,shape,round
135136,,c7fbf674-7151-4b31-9215-b4523cffdc16,1,cRhE1i2A1618033214472,191,figural_mixed,1,,0,blue,1176,1,switch,r_b_02.png,color,blue
135136,,c7fbf674-7151-4b31-9215-b4523cffdc16,1,cRhE1i2A1618033214472,192,figural_mixed,1,,0,green,1154,1,repetition,r_g_01.png,color,green
135136,,c7fbf674-7151-4b31-9215-b4523cffdc16,1,cRhE1i2A1618033214472,193,figural_mixed,1,,0,angular,1181,1,switch,e_g_07.png,shape,angular
135136,,c7fbf674-7151-4b31-9215-b4523cffdc16,1,cRhE1i2A1618033214472,194,figural_mixed,1,,0,blue,1472,1,switch,r_b_13.png,color,blue
135136,,c7fbf674-7151-4b31-9215-b4523cffdc16,1,cRhE1i2A1618033214472,195,figural_mixed,1,,0,angular,1186,1,switch,e_b_14.png,shape,angular
135136,,c7fbf674-7151-4b31-9215-b4523cffdc16,1,cRhE1i2A1618033214472,196,figural_mixed,1,,0,round,1886,1,repetition,r_g_09.png,shape,round
135136,,c7fbf674-7151-4b31-9215-b4523cffdc16,1,cRhE1i2A1618033214472,197,figural_mixed,1,,0,round,969,1,repetition,r_b_11.png,shape,round
135136,,c7fbf674-7151-4b31-9215-b4523cffdc16,1,cRhE1i2A1618033214472,198,figural_mixed,1,,0,blue,1877,0,switch,r_g_07.png,color,green
135136,,c7fbf674-7151-4b31-9215-b4523cffdc16,1,cRhE1i2A1618033214472,199,figural_mixed,1,,0,angular,2018,1,switch,e_b_04.png,shape,angular
135136,,c7fbf674-7151-4b31-9215-b4523cffdc16,1,cRhE1i2A1618033214472,200,figural_mixed,1,,0,round,1387,1,repetition,r_g_14.png,shape,round
135136,,c7fbf674-7151-4b31-9215-b4523cffdc16,1,cRhE1i2A1618033214472,201,figural_mixed,1,,0,blue,1251,1,switch,e_b_09.png,color,blue
135136,,c7fbf674-7151-4b31-9215-b4523cffdc16,1,cRhE1i2A1618033214472,202,figural_mixed,1,,0,angular,1484,1,switch,e_g_10.png,shape,angular
135136,,c7fbf674-7151-4b31-9215-b4523cffdc16,1,cRhE1i2A1618033214472,203,figural_mixed,1,,0,green,2126,1,switch,r_g_15.png,color,green
135136,,c7fbf674-7151-4b31-9215-b4523cffdc16,1,cRhE1i2A1618033214472,204,figural_mixed,1,,0,green,931,1,repetition,e_g_14.png,color,green
135136,,c7fbf674-7151-4b31-9215-b4523cffdc16,1,cRhE1i2A1618033214472,205,figural_mixed,1,,0,blue,1291,1,repetition,r_b_07.png,color,blue
135136,,c7fbf674-7151-4b31-9215-b4523cffdc16,1,cRhE1i2A1618033214472,206,figural_mixed,1,,0,blue,1158,1,repetition,r_b_09.png,color,blue
135136,,c7fbf674-7151-4b31-9215-b4523cffdc16,1,cRhE1i2A1618033214472,207,figural_mixed,1,,0,angular,1273,1,switch,e_g_14.png,shape,angular
135136,,c7fbf674-7151-4b31-9215-b4523cffdc16,1,cRhE1i2A1618033214472,208,figural_mixed,1,,0,angular,1044,1,repetition,e_g_13.png,shape,angular
135136,,c7fbf674-7151-4b31-9215-b4523cffdc16,1,cRhE1i2A1618033214472,209,figural_mixed,1,,0,blue,1110,1,switch,e_b_04.png,color,blue
135136,,c7fbf674-7151-4b31-9215-b4523cffdc16,1,cRhE1i2A1618033214472,210,figural_mixed,1,,0,blue,977,0,repetition,e_g_10.png,color,green
135136,,c7fbf674-7151-4b31-9215-b4523cffdc16,1,cRhE1i2A1618033214472,211,figural_mixed,1,,0,green,1127,1,repetition,e_g_04.png,color,green
135136,,c7fbf674-7151-4b31-9215-b4523cffdc16,1,cRhE1i2A1618033214472,212,figural_mixed,1,,0,angular,1635,1,switch,e_b_07.png,shape,angular
135136,,c7fbf674-7151-4b31-9215-b4523cffdc16,1,cRhE1i2A1618033214472,213,figural_mixed,1,,0,round,1339,1,repetition,r_g_11.png,shape,round
135136,,c7fbf674-7151-4b31-9215-b4523cffdc16,1,cRhE1i2A1618033214472,214,figural_mixed,1,,0,round,1187,1,repetition,r_g_04.png,shape,round
135136,,c7fbf674-7151-4b31-9215-b4523cffdc16,1,cRhE1i2A1618033214472,215,figural_mixed,1,,0,angular,1154,1,repetition,e_g_15.png,shape,angular
135136,,c7fbf674-7151-4b31-9215-b4523cffdc16,1,cRhE1i2A1618033214472,216,figural_mixed,1,,0,green,1484,1,switch,e_g_11.png,color,green
135136,,c7fbf674-7151-4b31-9215-b4523cffdc16,1,cRhE1i2A1618033214472,217,figural_mixed,1,,0,round,1225,1,switch,r_g_08.png,shape,round
135136,,c7fbf674-7151-4b31-9215-b4523cffdc16,1,cRhE1i2A1618033214472,218,figural_mixed,1,,0,round,947,1,repetition,r_g_10.png,shape,round
135136,,c7fbf674-7151-4b31-9215-b4523cffdc16,1,cRhE1i2A1618033214472,219,figural_mixed,1,,0,green,965,1,switch,e_g_15.png,color,green
135136,,c7fbf674-7151-4b31-9215-b4523cffdc16,1,cRhE1i2A1618033214472,220,figural_mixed,1,,0,green,1496,1,repetition,r_g_02.png,color,green
135136,,c7fbf674-7151-4b31-9215-b4523cffdc16,1,cRhE1i2A1618033214472,221,figural_mixed,1,,0,angular,1843,1,switch,e_b_01.png,shape,angular
135136,,c7fbf674-7151-4b31-9215-b4523cffdc16,1,cRhE1i2A1618033214472,222,figural_mixed,1,,0,blue,1630,1,switch,e_b_15.png,color,blue
135136,,c7fbf674-7151-4b31-9215-b4523cffdc16,1,cRhE1i2A1618033214472,223,figural_mixed,1,,0,blue,822,1,repetition,e_b_03.png,color,blue
135136,,c7fbf674-7151-4b31-9215-b4523cffdc16,1,cRhE1i2A1618033214472,224,figural_mixed,1,,0,blue,656,1,repetition,e_b_01.png,color,blue
135136,,c7fbf674-7151-4b31-9215-b4523cffdc16,1,cRhE1i2A1618033214472,225,figural_mixed,1,,0,angular,1142,0,switch,r_g_02.png,shape,round
135136,,c7fbf674-7151-4b31-9215-b4523cffdc16,1,cRhE1i2A1618033214472,226,figural_mixed,1,,0,green,1449,1,switch,e_g_05.png,color,green
135136,,c7fbf674-7151-4b31-9215-b4523cffdc16,1,cRhE1i2A1618033214472,227,figural_mixed,1,,0,round,1417,1,switch,r_b_06.png,shape,round
135136,,c7fbf674-7151-4b31-9215-b4523cffdc16,1,cRhE1i2A1618033214472,228,figural_mixed,1,,0,green,1266,1,switch,e_g_08.png,color,green
135136,,c7fbf674-7151-4b31-9215-b4523cffdc16,1,cRhE1i2A1618033214472,229,figural_mixed,1,,0,green,1182,1,repetition,e_g_02.png,color,green
135136,,c7fbf674-7151-4b31-9215-b4523cffdc16,1,cRhE1i2A1618033214472,230,figural_mixed,1,,0,blue,1652,1,repetition,e_b_06.png,color,blue
135136,,c7fbf674-7151-4b31-9215-b4523cffdc16,1,cRhE1i2A1618033214472,231,figural_mixed,1,,0,angular,1345,1,switch,e_b_08.png,shape,angular
135136,,c7fbf674-7151-4b31-9215-b4523cffdc16,1,cRhE1i2A1618033214472,232,figural_mixed,1,,0,green,1540,1,switch,r_g_09.png,color,green
135136,,c7fbf674-7151-4b31-9215-b4523cffdc16,1,cRhE1i2A1618033214472,233,figural_mixed,1,,0,blue,1067,1,repetition,e_b_13.png,color,blue
135136,,c7fbf674-7151-4b31-9215-b4523cffdc16,1,cRhE1i2A1618033214472,234,figural_mixed,1,,0,round,1074,1,switch,r_b_10.png,shape,round
135136,,c7fbf674-7151-4b31-9215-b4523cffdc16,1,cRhE1i2A1618033214472,235,figural_mixed,1,,0,round,944,1,repetition,r_b_13.png,shape,round
135136,,c7fbf674-7151-4b31-9215-b4523cffdc16,1,cRhE1i2A1618033214472,236,figural_mixed,1,,0,blue,1530,1,switch,e_b_11.png,color,blue
135136,,c7fbf674-7151-4b31-9215-b4523cffdc16,1,cRhE1i2A1618033214472,237,figural_mixed,1,,0,green,931,1,repetition,r_g_08.png,color,green
135136,,c7fbf674-7151-4b31-9215-b4523cffdc16,1,cRhE1i2A1618033214472,238,figural_mixed,1,,0,angular,1232,1,switch,e_b_10.png,shape,angular
135136,,c7fbf674-7151-4b31-9215-b4523cffdc16,1,cRhE1i2A1618033214472,239,figural_mixed,1,,0,angular,1372,1,repetition,e_g_06.png,shape,angular
135136,,c7fbf674-7151-4b31-9215-b4523cffdc16,1,cRhE1i2A1618033214472,240,figural_mixed,1,,0,angular,771,1,repetition,e_g_11.png,shape,angular
135136,,c7fbf674-7151-4b31-9215-b4523cffdc16,1,cRhE1i2A1618033214472,241,figural_mixed,1,,0,round,1106,1,repetition,r_b_07.png,shape,round
135136,,c7fbf674-7151-4b31-9215-b4523cffdc16,1,cRhE1i2A1618033214472,242,figural_mixed,1,,0,blue,907,1,switch,r_b_06.png,color,blue
135136,,c7fbf674-7151-4b31-9215-b4523cffdc16,1,cRhE1i2A1618033214472,243,figural_mixed,1,,0,blue,1034,1,repetition,e_b_07.png,color,blue
135136,,c7fbf674-7151-4b31-9215-b4523cffdc16,1,cRhE1i2A1618033214472,244,figural_mixed,1,,0,blue,704,1,repetition,r_b_14.png,color,blue
135136,,c7fbf674-7151-4b31-9215-b4523cffdc16,1,cRhE1i2A1618033214472,245,figural_mixed,1,,0,green,1092,1,repetition,r_g_16.png,color,green
135136,,c7fbf674-7151-4b31-9215-b4523cffdc16,1,cRhE1i2A1618033214472,246,figural_mixed,1,,0,angular,1137,1,switch,e_b_09.png,shape,angular
135136,,c7fbf674-7151-4b31-9215-b4523cffdc16,1,cRhE1i2A1618033214472,247,figural_mixed,1,,0,round,1043,1,repetition,r_g_05.png,shape,round
135136,,c7fbf674-7151-4b31-9215-b4523cffdc16,1,cRhE1i2A1618033214472,248,figural_mixed,1,,0,angular,1032,1,repetition,e_b_12.png,shape,angular
135136,,c7fbf674-7151-4b31-9215-b4523cffdc16,1,cRhE1i2A1618033214472,249,figural_mixed,1,,0,blue,1551,1,switch,e_b_05.png,color,blue
135136,,c7fbf674-7151-4b31-9215-b4523cffdc16,1,cRhE1i2A1618033214472,250,figural_mixed,1,,0,round,1218,1,switch,r_g_06.png,shape,round
135136,,c7fbf674-7151-4b31-9215-b4523cffdc16,1,cRhE1i2A1618033214472,251,figural_mixed,1,,0,blue,1137,1,switch,e_b_16.png,color,blue
135136,,c7fbf674-7151-4b31-9215-b4523cffdc16,1,cRhE1i2A1618033214472,252,figural_mixed,1,,0,green,987,1,repetition,r_g_13.png,color,green
135136,,c7fbf674-7151-4b31-9215-b4523cffdc16,1,cRhE1i2A1618033214472,253,figural_mixed,1,,0,angular,1110,1,switch,e_g_02.png,shape,angular
135136,,c7fbf674-7151-4b31-9215-b4523cffdc16,1,cRhE1i2A1618033214472,254,figural_mixed,1,,0,round,1044,1,repetition,r_b_03.png,shape,round
135136,,c7fbf674-7151-4b31-9215-b4523cffdc16,1,cRhE1i2A1618033214472,255,figural_mixed,1,,0,round,1341,1,repetition,r_b_14.png,shape,round
135136,,c7fbf674-7151-4b31-9215-b4523cffdc16,1,cRhE1i2A1618033214472,256,figural_mixed,1,,0,round,1053,0,repetition,e_g_12.png,shape,angular
135136,,c7fbf674-7151-4b31-9215-b4523cffdc16,1,cRhE1i2A1618033214472,257,figural_mixed,1,,0,blue,1099,1,switch,r_b_04.png,color,blue
135136,,c7fbf674-7151-4b31-9215-b4523cffdc16,1,cRhE1i2A1618033214472,258,figural_mixed,1,,0,round,2023,1,switch,r_g_15.png,shape,round
135136,,c7fbf674-7151-4b31-9215-b4523cffdc16,1,cRhE1i2A1618033214472,259,figural_mixed,1,,0,angular,1532,1,repetition,e_g_08.png,shape,angular
135136,,c7fbf674-7151-4b31-9215-b4523cffdc16,1,cRhE1i2A1618033214472,260,figural_mixed,1,,0,round,1144,1,repetition,r_b_16.png,shape,round
135136,,c7fbf674-7151-4b31-9215-b4523cffdc16,1,cRhE1i2A1618033214472,261,figural_mixed,1,,0,green,2824,1,switch,r_g_10.png,color,green
135136,,c7fbf674-7151-4b31-9215-b4523cffdc16,1,cRhE1i2A1618033214472,262,figural_mixed,1,,0,green,990,1,repetition,e_g_06.png,color,green
135136,,c7fbf674-7151-4b31-9215-b4523cffdc16,1,cRhE1i2A1618033214472,263,figural_mixed,1,,0,round,1305,1,switch,r_g_13.png,shape,round
135136,,c7fbf674-7151-4b31-9215-b4523cffdc16,1,cRhE1i2A1618033214472,264,figural_mixed,1,,0,blue,1090,1,switch,r_b_03.png,color,blue
135136,,c7fbf674-7151-4b31-9215-b4523cffdc16,1,cRhE1i2A1618033214472,265,figural_mixed,1,,0,angular,1234,1,switch,e_b_02.png,shape,angular
135136,,c7fbf674-7151-4b31-9215-b4523cffdc16,1,cRhE1i2A1618033214472,266,figural_mixed,1,,0,angular,1634,1,repetition,e_b_03.png,shape,angular
135136,,c7fbf674-7151-4b31-9215-b4523cffdc16,1,cRhE1i2A1618033214472,267,figural_mixed,1,,0,green,1713,1,switch,e_g_07.png,color,green
135136,,c7fbf674-7151-4b31-9215-b4523cffdc16,1,cRhE1i2A1618033214472,268,figural_mixed,1,,0,blue,1937,1,repetition,r_b_08.png,color,blue
135136,,c7fbf674-7151-4b31-9215-b4523cffdc16,1,cRhE1i2A1618033214472,269,figural_mixed,1,,0,blue,944,1,repetition,r_b_01.png,color,blue
135136,,c7fbf674-7151-4b31-9215-b4523cffdc16,1,cRhE1i2A1618033214472,270,figural_mixed,1,,0,angular,1634,1,switch,e_b_05.png,shape,angular
135136,,c7fbf674-7151-4b31-9215-b4523cffdc16,1,cRhE1i2A1618033214472,271,figural_mixed,1,,0,green,1263,1,switch,r_g_16.png,color,green
135136,,c7fbf674-7151-4b31-9215-b4523cffdc16,1,cRhE1i2A1618033214472,272,figural_mixed,1,,0,angular,1601,1,switch,e_g_04.png,shape,angular
135136,,c7fbf674-7151-4b31-9215-b4523cffdc16,1,cRhE1i2A1618033214472,273,figural_mixed,1,,0,round,1197,1,repetition,r_b_05.png,shape,round
135136,,c7fbf674-7151-4b31-9215-b4523cffdc16,1,cRhE1i2A1618033214472,274,figural_mixed,1,,0,round,876,1,repetition,r_g_03.png,shape,round
135136,,c7fbf674-7151-4b31-9215-b4523cffdc16,1,cRhE1i2A1618033214472,275,figural_mixed,1,,0,blue,1042,1,switch,r_b_15.png,color,blue
135136,,c7fbf674-7151-4b31-9215-b4523cffdc16,1,cRhE1i2A1618033214472,276,figural_mixed,1,,0,green,1692,1,repetition,r_g_14.png,color,green
135136,,c7fbf674-7151-4b31-9215-b4523cffdc16,1,cRhE1i2A1618033214472,277,figural_mixed,1,,0,angular,1056,1,switch,e_g_01.png,shape,angular
135136,,c7fbf674-7151-4b31-9215-b4523cffdc16,1,cRhE1i2A1618033214472,278,figural_mixed,1,,0,round,1469,1,repetition,r_b_15.png,shape,round
135136,,c7fbf674-7151-4b31-9215-b4523cffdc16,1,cRhE1i2A1618033214472,279,figural_mixed,1,,0,round,1670,1,repetition,r_b_08.png,shape,round
135136,,c7fbf674-7151-4b31-9215-b4523cffdc16,1,cRhE1i2A1618033214472,280,figural_mixed,1,,0,green,1618,1,switch,e_g_12.png,color,green
135136,,c7fbf674-7151-4b31-9215-b4523cffdc16,1,cRhE1i2A1618033214472,281,figural_mixed,1,,0,angular,906,1,switch,e_b_13.png,shape,angular
135136,,c7fbf674-7151-4b31-9215-b4523cffdc16,1,cRhE1i2A1618033214472,282,figural_mixed,1,,0,green,2840,1,switch,r_g_03.png,color,green
135136,,c7fbf674-7151-4b31-9215-b4523cffdc16,1,cRhE1i2A1618033214472,283,figural_mixed,1,,0,blue,1023,1,repetition,r_b_12.png,color,blue
135136,,c7fbf674-7151-4b31-9215-b4523cffdc16,1,cRhE1i2A1618033214472,284,figural_mixed,1,,0,angular,2544,1,switch,e_b_06.png,shape,angular
135136,,c7fbf674-7151-4b31-9215-b4523cffdc16,1,cRhE1i2A1618033214472,285,figural_mixed,1,,0,angular,1150,1,repetition,e_g_05.png,shape,angular
135136,,c7fbf674-7151-4b31-9215-b4523cffdc16,1,cRhE1i2A1618033214472,286,figural_mixed,1,,0,blue,1172,1,switch,r_b_11.png,color,blue
135136,,c7fbf674-7151-4b31-9215-b4523cffdc16,1,cRhE1i2A1618033214472,287,figural_mixed,1,,0,angular,958,1,switch,e_b_16.png,shape,angular
135136,,c7fbf674-7151-4b31-9215-b4523cffdc16,1,cRhE1i2A1618033214472,288,figural_mixed,1,,0,green,905,1,switch,e_g_01.png,color,green
135136,,c7fbf674-7151-4b31-9215-b4523cffdc16,1,cRhE1i2A1618033214472,289,figural_mixed,1,,0,green,1571,1,repetition,e_g_13.png,color,green
135136,,c7fbf674-7151-4b31-9215-b4523cffdc16,1,cRhE1i2A1618033214472,290,figural_mixed,1,,0,round,1542,1,switch,r_b_12.png,shape,round
135136,,c7fbf674-7151-4b31-9215-b4523cffdc16,1,cRhE1i2A1618033214472,291,figural_mixed,1,,0,blue,941,1,switch,e_b_08.png,color,blue
135136,,c7fbf674-7151-4b31-9215-b4523cffdc16,1,cRhE1i2A1618033214472,292,figural_mixed,1,,0,green,1178,1,repetition,e_g_09.png,color,green
135136,,c7fbf674-7151-4b31-9215-b4523cffdc16,1,cRhE1i2A1618033214472,293,figural_mixed,1,,0,green,825,1,repetition,r_g_12.png,color,green
135136,,c7fbf674-7151-4b31-9215-b4523cffdc16,1,cRhE1i2A1618033214472,294,figural_single_2_2,1,,0,blue,826,1,single,e_b_01.png,color,blue
135136,,c7fbf674-7151-4b31-9215-b4523cffdc16,1,cRhE1i2A1618033214472,295,figural_single_2_2,1,,0,blue,404,1,single,r_b_03.png,color,blue
135136,,c7fbf674-7151-4b31-9215-b4523cffdc16,1,cRhE1i2A1618033214472,296,figural_single_2_2,1,,0,green,441,1,single,e_g_01.png,color,green
135136,,c7fbf674-7151-4b31-9215-b4523cffdc16,1,cRhE1i2A1618033214472,297,figural_single_2_2,1,,0,green,450,1,single,e_g_13.png,color,green
135136,,c7fbf674-7151-4b31-9215-b4523cffdc16,1,cRhE1i2A1618033214472,298,figural_single_2_2,1,,0,blue,402,1,single,r_b_16.png,color,blue
135136,,c7fbf674-7151-4b31-9215-b4523cffdc16,1,cRhE1i2A1618033214472,299,figural_single_2_2,1,,0,blue,441,1,single,r_b_07.png,color,blue
135136,,c7fbf674-7151-4b31-9215-b4523cffdc16,1,cRhE1i2A1618033214472,300,figural_single_2_2,1,,0,green,1013,1,single,r_g_08.png,color,green
135136,,c7fbf674-7151-4b31-9215-b4523cffdc16,1,cRhE1i2A1618033214472,301,figural_single_2_2,1,,0,blue,503,1,single,r_b_09.png,color,blue
135136,,c7fbf674-7151-4b31-9215-b4523cffdc16,1,cRhE1i2A1618033214472,302,figural_single_2_2,1,,0,green,451,1,single,r_g_02.png,color,green
135136,,c7fbf674-7151-4b31-9215-b4523cffdc16,1,cRhE1i2A1618033214472,303,figural_single_2_2,1,,0,green,398,1,single,r_g_12.png,color,green
135136,,c7fbf674-7151-4b31-9215-b4523cffdc16,1,cRhE1i2A1618033214472,304,figural_single_2_2,1,,0,blue,469,1,single,e_b_08.png,color,blue
135136,,c7fbf674-7151-4b31-9215-b4523cffdc16,1,cRhE1i2A1618033214472,305,figural_single_2_2,1,,0,green,814,1,single,r_g_04.png,color,green
135136,,c7fbf674-7151-4b31-9215-b4523cffdc16,1,cRhE1i2A1618033214472,306,figural_single_2_2,1,,0,blue,519,1,single,e_b_03.png,color,blue
135136,,c7fbf674-7151-4b31-9215-b4523cffdc16,1,cRhE1i2A1618033214472,307,figural_single_2_2,1,,0,blue,356,1,single,e_b_11.png,color,blue
135136,,c7fbf674-7151-4b31-9215-b4523cffdc16,1,cRhE1i2A1618033214472,308,figural_single_2_2,1,,0,blue,342,1,single,r_b_14.png,color,blue
135136,,c7fbf674-7151-4b31-9215-b4523cffdc16,1,cRhE1i2A1618033214472,309,figural_single_2_2,1,,0,green,430,1,single,e_g_07.png,color,green
135136,,c7fbf674-7151-4b31-9215-b4523cffdc16,1,cRhE1i2A1618033214472,310,figural_single_2_2,1,,0,blue,561,1,single,r_b_13.png,color,blue
135136,,c7fbf674-7151-4b31-9215-b4523cffdc16,1,cRhE1i2A1618033214472,311,figural_single_2_2,1,,0,green,574,1,single,e_g_16.png,color,green
135136,,c7fbf674-7151-4b31-9215-b4523cffdc16,1,cRhE1i2A1618033214472,312,figural_single_2_2,1,,0,blue,353,1,single,e_b_14.png,color,blue
135136,,c7fbf674-7151-4b31-9215-b4523cffdc16,1,cRhE1i2A1618033214472,313,figural_single_2_2,1,,0,green,497,1,single,e_g_12.png,color,green
135136,,c7fbf674-7151-4b31-9215-b4523cffdc16,1,cRhE1i2A1618033214472,314,figural_single_2_2,1,,0,green,506,1,single,r_g_07.png,color,green
135136,,c7fbf674-7151-4b31-9215-b4523cffdc16,1,cRhE1i2A1618033214472,315,figural_single_2_2,1,,0,blue,429,1,single,e_b_15.png,color,blue
135136,,c7fbf674-7151-4b31-9215-b4523cffdc16,1,cRhE1i2A1618033214472,316,figural_single_2_2,1,,0,blue,365,1,single,e_b_05.png,color,blue
135136,,c7fbf674-7151-4b31-9215-b4523cffdc16,1,cRhE1i2A1618033214472,317,figural_single_2_2,1,,0,blue,316,0,single,r_g_15.png,color,green
135136,,c7fbf674-7151-4b31-9215-b4523cffdc16,1,cRhE1i2A1618033214472,318,figural_single_2_2,1,,0,blue,502,1,single,r_b_06.png,color,blue
135136,,c7fbf674-7151-4b31-9215-b4523cffdc16,1,cRhE1i2A1618033214472,319,figural_single_2_2,1,,0,green,460,1,single,e_g_02.png,color,green
135136,,c7fbf674-7151-4b31-9215-b4523cffdc16,1,cRhE1i2A1618033214472,320,figural_single_2_2,1,,0,green,422,1,single,r_g_16.png,color,green
135136,,c7fbf674-7151-4b31-9215-b4523cffdc16,1,cRhE1i2A1618033214472,321,figural_single_2_2,1,,0,blue,478,1,single,e_b_10.png,color,blue
135136,,c7fbf674-7151-4b31-9215-b4523cffdc16,1,cRhE1i2A1618033214472,322,figural_single_2_2,1,,0,green,498,1,single,e_g_05.png,color,green
135136,,c7fbf674-7151-4b31-9215-b4523cffdc16,1,cRhE1i2A1618033214472,323,figural_single_2_2,1,,0,green,479,1,single,e_g_03.png,color,green
135136,,c7fbf674-7151-4b31-9215-b4523cffdc16,1,cRhE1i2A1618033214472,324,figural_single_2_2,1,,0,blue,433,0,single,e_g_11.png,color,green
135136,,c7fbf674-7151-4b31-9215-b4523cffdc16,1,cRhE1i2A1618033214472,325,figural_single_2_2,1,,0,blue,457,1,single,r_b_15.png,color,blue
135136,,c7fbf674-7151-4b31-9215-b4523cffdc16,1,cRhE1i2A1618033214472,326,figural_single_2_2,1,,0,blue,403,1,single,e_b_02.png,color,blue
135136,,c7fbf674-7151-4b31-9215-b4523cffdc16,1,cRhE1i2A1618033214472,327,figural_single_2_2,1,,0,blue,387,1,single,r_b_08.png,color,blue
135136,,c7fbf674-7151-4b31-9215-b4523cffdc16,1,cRhE1i2A1618033214472,328,figural_single_2_2,1,,0,green,437,1,single,e_g_06.png,color,green
135136,,c7fbf674-7151-4b31-9215-b4523cffdc16,1,cRhE1i2A1618033214472,329,figural_single_2_2,1,,0,blue,541,1,single,e_b_16.png,color,blue
135136,,c7fbf674-7151-4b31-9215-b4523cffdc16,1,cRhE1i2A1618033214472,330,figural_single_2_2,1,,0,blue,532,1,single,e_b_06.png,color,blue
135136,,c7fbf674-7151-4b31-9215-b4523cffdc16,1,cRhE1i2A1618033214472,331,figural_single_2_2,1,,0,green,439,1,single,r_g_09.png,color,green
135136,,c7fbf674-7151-4b31-9215-b4523cffdc16,1,cRhE1i2A1618033214472,332,figural_single_2_2,1,,0,green,517,1,single,e_g_10.png,color,green
135136,,c7fbf674-7151-4b31-9215-b4523cffdc16,1,cRhE1i2A1618033214472,333,figural_single_2_2,1,,0,blue,431,1,single,e_b_12.png,color,blue
135136,,c7fbf674-7151-4b31-9215-b4523cffdc16,1,cRhE1i2A1618033214472,334,figural_single_2_2,1,,0,green,541,1,single,r_g_11.png,color,green
135136,,c7fbf674-7151-4b31-9215-b4523cffdc16,1,cRhE1i2A1618033214472,335,figural_single_2_2,1,,0,green,478,1,single,r_g_06.png,color,green
135136,,c7fbf674-7151-4b31-9215-b4523cffdc16,1,cRhE1i2A1618033214472,336,figural_single_2_2,1,,0,green,464,1,single,e_g_04.png,color,green
135136,,c7fbf674-7151-4b31-9215-b4523cffdc16,1,cRhE1i2A1618033214472,337,figural_single_2_2,1,,0,blue,503,1,single,r_b_01.png,color,blue
135136,,c7fbf674-7151-4b31-9215-b4523cffdc16,1,cRhE1i2A1618033214472,338,figural_single_2_2,1,,0,green,583,1,single,r_g_03.png,color,green
135136,,c7fbf674-7151-4b31-9215-b4523cffdc16,1,cRhE1i2A1618033214472,339,figural_single_2_2,1,,0,blue,600,1,single,e_b_04.png,color,blue
135136,,c7fbf674-7151-4b31-9215-b4523cffdc16,1,cRhE1i2A1618033214472,340,figural_single_2_2,1,,0,blue,354,1,single,r_b_12.png,color,blue
135136,,c7fbf674-7151-4b31-9215-b4523cffdc16,1,cRhE1i2A1618033214472,341,figural_single_2_2,1,,0,green,495,1,single,r_g_13.png,color,green
135136,,c7fbf674-7151-4b31-9215-b4523cffdc16,1,cRhE1i2A1618033214472,342,figural_single_2_2,1,,0,blue,550,1,single,r_b_02.png,color,blue
135136,,c7fbf674-7151-4b31-9215-b4523cffdc16,1,cRhE1i2A1618033214472,343,figural_single_2_2,1,,0,green,492,1,single,e_g_09.png,color,green
135136,,c7fbf674-7151-4b31-9215-b4523cffdc16,1,cRhE1i2A1618033214472,344,figural_single_2_2,1,,0,green,432,1,single,e_g_15.png,color,green
135136,,c7fbf674-7151-4b31-9215-b4523cffdc16,1,cRhE1i2A1618033214472,345,figural_single_2_2,1,,0,green,426,1,single,e_g_08.png,color,green
135136,,c7fbf674-7151-4b31-9215-b4523cffdc16,1,cRhE1i2A1618033214472,346,figural_single_2_2,1,,0,blue,443,1,single,r_b_05.png,color,blue
135136,,c7fbf674-7151-4b31-9215-b4523cffdc16,1,cRhE1i2A1618033214472,347,figural_single_2_2,1,,0,green,467,1,single,r_g_14.png,color,green
135136,,c7fbf674-7151-4b31-9215-b4523cffdc16,1,cRhE1i2A1618033214472,348,figural_single_2_2,1,,0,blue,395,1,single,r_b_04.png,color,blue
135136,,c7fbf674-7151-4b31-9215-b4523cffdc16,1,cRhE1i2A1618033214472,349,figural_single_2_2,1,,0,green,484,1,single,r_g_10.png,color,green
135136,,c7fbf674-7151-4b31-9215-b4523cffdc16,1,cRhE1i2A1618033214472,350,figural_single_2_2,1,,0,green,722,1,single,r_g_01.png,color,green
135136,,c7fbf674-7151-4b31-9215-b4523cffdc16,1,cRhE1i2A1618033214472,351,figural_single_2_2,1,,0,blue,511,1,single,r_b_11.png,color,blue
135136,,c7fbf674-7151-4b31-9215-b4523cffdc16,1,cRhE1i2A1618033214472,352,figural_single_2_2,1,,0,green,465,1,single,r_g_05.png,color,green
135136,,c7fbf674-7151-4b31-9215-b4523cffdc16,1,cRhE1i2A1618033214472,353,figural_single_2_2,1,,0,blue,398,1,single,r_b_10.png,color,blue
135136,,c7fbf674-7151-4b31-9215-b4523cffdc16,1,cRhE1i2A1618033214472,354,figural_single_2_2,1,,0,green,304,0,single,e_b_13.png,color,blue
135136,,c7fbf674-7151-4b31-9215-b4523cffdc16,1,cRhE1i2A1618033214472,355,figural_single_2_2,1,,0,green,839,1,single,e_g_14.png,color,green
135136,,c7fbf674-7151-4b31-9215-b4523cffdc16,1,cRhE1i2A1618033214472,356,figural_single_2_2,1,,0,blue,553,1,single,e_b_07.png,color,blue
135136,,c7fbf674-7151-4b31-9215-b4523cffdc16,1,cRhE1i2A1618033214472,357,figural_single_2_2,1,,0,blue,568,1,single,e_b_09.png,color,blue
135136,,c7fbf674-7151-4b31-9215-b4523cffdc16,1,cRhE1i2A1618033214472,358,figural_single_1_2,1,,0,angular,548,1,single,e_g_11.png,shape,angular
135136,,c7fbf674-7151-4b31-9215-b4523cffdc16,1,cRhE1i2A1618033214472,359,figural_single_1_2,1,,0,round,650,1,single,r_b_16.png,shape,round
135136,,c7fbf674-7151-4b31-9215-b4523cffdc16,1,cRhE1i2A1618033214472,360,figural_single_1_2,1,,0,angular,561,1,single,e_b_10.png,shape,angular
135136,,c7fbf674-7151-4b31-9215-b4523cffdc16,1,cRhE1i2A1618033214472,361,figural_single_1_2,1,,0,round,1039,1,single,r_b_02.png,shape,round
135136,,c7fbf674-7151-4b31-9215-b4523cffdc16,1,cRhE1i2A1618033214472,362,figural_single_1_2,1,,0,round,895,1,single,r_g_08.png,shape,round
135136,,c7fbf674-7151-4b31-9215-b4523cffdc16,1,cRhE1i2A1618033214472,363,figural_single_1_2,1,,0,angular,650,1,single,e_g_02.png,shape,angular
135136,,c7fbf674-7151-4b31-9215-b4523cffdc16,1,cRhE1i2A1618033214472,364,figural_single_1_2,1,,0,round,677,1,single,r_g_05.png,shape,round
135136,,c7fbf674-7151-4b31-9215-b4523cffdc16,1,cRhE1i2A1618033214472,365,figural_single_1_2,1,,0,angular,715,1,single,e_b_15.png,shape,angular
135136,,c7fbf674-7151-4b31-9215-b4523cffdc16,1,cRhE1i2A1618033214472,366,figural_single_1_2,1,,0,round,606,1,single,r_b_09.png,shape,round
135136,,c7fbf674-7151-4b31-9215-b4523cffdc16,1,cRhE1i2A1618033214472,367,figural_single_1_2,1,,0,angular,872,1,single,e_b_12.png,shape,angular
135136,,c7fbf674-7151-4b31-9215-b4523cffdc16,1,cRhE1i2A1618033214472,368,figural_single_1_2,1,,0,round,607,0,single,e_g_15.png,shape,angular
135136,,c7fbf674-7151-4b31-9215-b4523cffdc16,1,cRhE1i2A1618033214472,369,figural_single_1_2,1,,0,round,611,1,single,r_g_04.png,shape,round
135136,,c7fbf674-7151-4b31-9215-b4523cffdc16,1,cRhE1i2A1618033214472,370,figural_single_1_2,1,,0,angular,644,1,single,e_b_14.png,shape,angular
135136,,c7fbf674-7151-4b31-9215-b4523cffdc16,1,cRhE1i2A1618033214472,371,figural_single_1_2,1,,0,angular,559,1,single,e_b_02.png,shape,angular
135136,,c7fbf674-7151-4b31-9215-b4523cffdc16,1,cRhE1i2A1618033214472,372,figural_single_1_2,1,,0,round,556,1,single,r_g_15.png,shape,round
135136,,c7fbf674-7151-4b31-9215-b4523cffdc16,1,cRhE1i2A1618033214472,373,figural_single_1_2,1,,0,angular,581,1,single,e_b_11.png,shape,angular
135136,,c7fbf674-7151-4b31-9215-b4523cffdc16,1,cRhE1i2A1618033214472,374,figural_single_1_2,1,,0,round,695,1,single,r_b_07.png,shape,round
135136,,c7fbf674-7151-4b31-9215-b4523cffdc16,1,cRhE1i2A1618033214472,375,figural_single_1_2,1,,0,round,970,1,single,r_g_06.png,shape,round
135136,,c7fbf674-7151-4b31-9215-b4523cffdc16,1,cRhE1i2A1618033214472,376,figural_single_1_2,1,,0,round,574,1,single,r_g_02.png,shape,round
135136,,c7fbf674-7151-4b31-9215-b4523cffdc16,1,cRhE1i2A1618033214472,377,figural_single_1_2,1,,0,angular,448,1,single,e_b_09.png,shape,angular
135136,,c7fbf674-7151-4b31-9215-b4523cffdc16,1,cRhE1i2A1618033214472,378,figural_single_1_2,1,,0,round,581,1,single,r_b_15.png,shape,round
135136,,c7fbf674-7151-4b31-9215-b4523cffdc16,1,cRhE1i2A1618033214472,379,figural_single_1_2,1,,0,angular,497,1,single,e_g_14.png,shape,angular
135136,,c7fbf674-7151-4b31-9215-b4523cffdc16,1,cRhE1i2A1618033214472,380,figural_single_1_2,1,,0,round,530,1,single,r_b_04.png,shape,round
135136,,c7fbf674-7151-4b31-9215-b4523cffdc16,1,cRhE1i2A1618033214472,381,figural_single_1_2,1,,0,angular,594,0,single,r_g_09.png,shape,round
135136,,c7fbf674-7151-4b31-9215-b4523cffdc16,1,cRhE1i2A1618033214472,382,figural_single_1_2,1,,0,angular,814,1,single,e_g_03.png,shape,angular
135136,,c7fbf674-7151-4b31-9215-b4523cffdc16,1,cRhE1i2A1618033214472,383,figural_single_1_2,1,,0,round,736,1,single,r_b_13.png,shape,round
135136,,c7fbf674-7151-4b31-9215-b4523cffdc16,1,cRhE1i2A1618033214472,384,figural_single_1_2,1,,0,round,770,1,single,r_b_03.png,shape,round
135136,,c7fbf674-7151-4b31-9215-b4523cffdc16,1,cRhE1i2A1618033214472,385,figural_single_1_2,1,,0,round,688,1,single,r_g_14.png,shape,round
135136,,c7fbf674-7151-4b31-9215-b4523cffdc16,1,cRhE1i2A1618033214472,386,figural_single_1_2,1,,0,angular,581,1,single,e_b_05.png,shape,angular
135136,,c7fbf674-7151-4b31-9215-b4523cffdc16,1,cRhE1i2A1618033214472,387,figural_single_1_2,1,,0,round,687,1,single,r_b_10.png,shape,round
135136,,c7fbf674-7151-4b31-9215-b4523cffdc16,1,cRhE1i2A1618033214472,388,figural_single_1_2,1,,0,round,421,1,single,r_b_12.png,shape,round
135136,,c7fbf674-7151-4b31-9215-b4523cffdc16,1,cRhE1i2A1618033214472,389,figural_single_1_2,1,,0,round,425,1,single,r_b_14.png,shape,round
135136,,c7fbf674-7151-4b31-9215-b4523cffdc16,1,cRhE1i2A1618033214472,390,figural_single_1_2,1,,0,angular,507,1,single,e_g_16.png,shape,angular
135136,,c7fbf674-7151-4b31-9215-b4523cffdc16,1,cRhE1i2A1618033214472,391,figural_single_1_2,1,,0,round,657,1,single,r_g_12.png,shape,round
135136,,c7fbf674-7151-4b31-9215-b4523cffdc16,1,cRhE1i2A1618033214472,392,figural_single_1_2,1,,0,round,660,1,single,r_g_11.png,shape,round
135136,,c7fbf674-7151-4b31-9215-b4523cffdc16,1,cRhE1i2A1618033214472,393,figural_single_1_2,1,,0,angular,623,1,single,e_b_03.png,shape,angular
135136,,c7fbf674-7151-4b31-9215-b4523cffdc16,1,cRhE1i2A1618033214472,394,figural_single_1_2,1,,0,angular,859,1,single,e_b_04.png,shape,angular
135136,,c7fbf674-7151-4b31-9215-b4523cffdc16,1,cRhE1i2A1618033214472,395,figural_single_1_2,1,,0,round,533,1,single,r_b_11.png,shape,round
135136,,c7fbf674-7151-4b31-9215-b4523cffdc16,1,cRhE1i2A1618033214472,396,figural_single_1_2,1,,0,angular,676,1,single,e_g_05.png,shape,angular
135136,,c7fbf674-7151-4b31-9215-b4523cffdc16,1,cRhE1i2A1618033214472,397,figural_single_1_2,1,,0,round,460,0,single,e_b_16.png,shape,angular
135136,,c7fbf674-7151-4b31-9215-b4523cffdc16,1,cRhE1i2A1618033214472,398,figural_single_1_2,1,,0,angular,840,1,single,e_g_13.png,shape,angular
135136,,c7fbf674-7151-4b31-9215-b4523cffdc16,1,cRhE1i2A1618033214472,399,figural_single_1_2,1,,0,round,595,1,single,r_g_01.png,shape,round
135136,,c7fbf674-7151-4b31-9215-b4523cffdc16,1,cRhE1i2A1618033214472,400,figural_single_1_2,1,,0,angular,580,1,single,e_b_08.png,shape,angular
135136,,c7fbf674-7151-4b31-9215-b4523cffdc16,1,cRhE1i2A1618033214472,401,figural_single_1_2,1,,0,angular,604,1,single,e_g_10.png,shape,angular
135136,,c7fbf674-7151-4b31-9215-b4523cffdc16,1,cRhE1i2A1618033214472,402,figural_single_1_2,1,,0,round,618,1,single,r_g_13.png,shape,round
135136,,c7fbf674-7151-4b31-9215-b4523cffdc16,1,cRhE1i2A1618033214472,403,figural_single_1_2,1,,0,angular,594,1,single,e_b_01.png,shape,angular
135136,,c7fbf674-7151-4b31-9215-b4523cffdc16,1,cRhE1i2A1618033214472,404,figural_single_1_2,1,,0,angular,559,1,single,e_b_06.png,shape,angular
135136,,c7fbf674-7151-4b31-9215-b4523cffdc16,1,cRhE1i2A1618033214472,405,figural_single_1_2,1,,0,round,1057,1,single,r_g_10.png,shape,round
135136,,c7fbf674-7151-4b31-9215-b4523cffdc16,1,cRhE1i2A1618033214472,406,figural_single_1_2,1,,0,angular,536,1,single,e_g_08.png,shape,angular
135136,,c7fbf674-7151-4b31-9215-b4523cffdc16,1,cRhE1i2A1618033214472,407,figural_single_1_2,1,,0,round,529,0,single,e_g_07.png,shape,angular
135136,,c7fbf674-7151-4b31-9215-b4523cffdc16,1,cRhE1i2A1618033214472,408,figural_single_1_2,1,,0,round,683,1,single,r_b_06.png,shape,round
135136,,c7fbf674-7151-4b31-9215-b4523cffdc16,1,cRhE1i2A1618033214472,409,figural_single_1_2,1,,0,angular,568,1,single,e_g_09.png,shape,angular
135136,,c7fbf674-7151-4b31-9215-b4523cffdc16,1,cRhE1i2A1618033214472,410,figural_single_1_2,1,,0,round,516,1,single,r_b_01.png,shape,round
135136,,c7fbf674-7151-4b31-9215-b4523cffdc16,1,cRhE1i2A1618033214472,411,figural_single_1_2,1,,0,angular,622,1,single,e_b_13.png,shape,angular
135136,,c7fbf674-7151-4b31-9215-b4523cffdc16,1,cRhE1i2A1618033214472,412,figural_single_1_2,1,,0,angular,760,1,single,e_g_04.png,shape,angular
135136,,c7fbf674-7151-4b31-9215-b4523cffdc16,1,cRhE1i2A1618033214472,413,figural_single_1_2,1,,0,angular,526,1,single,e_g_12.png,shape,angular
135136,,c7fbf674-7151-4b31-9215-b4523cffdc16,1,cRhE1i2A1618033214472,414,figural_single_1_2,1,,0,angular,542,0,single,r_b_08.png,shape,round
135136,,c7fbf674-7151-4b31-9215-b4523cffdc16,1,cRhE1i2A1618033214472,415,figural_single_1_2,1,,0,angular,873,1,single,e_b_07.png,shape,angular
135136,,c7fbf674-7151-4b31-9215-b4523cffdc16,1,cRhE1i2A1618033214472,416,figural_single_1_2,1,,0,round,576,1,single,r_g_03.png,shape,round
135136,,c7fbf674-7151-4b31-9215-b4523cffdc16,1,cRhE1i2A1618033214472,417,figural_single_1_2,1,,0,angular,853,1,single,e_g_06.png,shape,angular
135136,,c7fbf674-7151-4b31-9215-b4523cffdc16,1,cRhE1i2A1618033214472,418,figural_single_1_2,1,,0,round,522,1,single,r_g_16.png,shape,round
135136,,c7fbf674-7151-4b31-9215-b4523cffdc16,1,cRhE1i2A1618033214472,419,figural_single_1_2,1,,0,round,675,1,single,r_b_05.png,shape,round
135136,,c7fbf674-7151-4b31-9215-b4523cffdc16,1,cRhE1i2A1618033214472,420,figural_single_1_2,1,,0,angular,619,1,single,e_g_01.png,shape,angular
135136,,c7fbf674-7151-4b31-9215-b4523cffdc16,1,cRhE1i2A1618033214472,421,figural_single_1_2,1,,0,round,556,1,single,r_g_07.png,shape,round