userCode,extId,moduleId,sessionId,sessionToken,trialId,executableId,session.complete,session.condition,session.forceExit,givenResponse,reactionTime,score,shiftingType,stimulusValue,stimulusType,correctResponse
135225,,c7fbf674-7151-4b31-9215-b4523cffdc16,1,jv1J33p21618245755459,1,figural_single_1_practice,1,,0,round,11745.199999999255,1,single,r_b_10.png,shape,round
135225,,c7fbf674-7151-4b31-9215-b4523cffdc16,1,jv1J33p21618245755459,2,figural_single_1_practice,1,,0,angular,648.9999999993015,1,single,e_b_09.png,shape,angular
135225,,c7fbf674-7151-4b31-9215-b4523cffdc16,1,jv1J33p21618245755459,3,figural_single_1_practice,1,,0,round,1119.3999999994412,1,single,r_b_11.png,shape,round
135225,,c7fbf674-7151-4b31-9215-b4523cffdc16,1,jv1J33p21618245755459,4,figural_single_1_practice,1,,0,round,569.9999999997672,1,single,r_g_05.png,shape,round
135225,,c7fbf674-7151-4b31-9215-b4523cffdc16,1,jv1J33p21618245755459,5,figural_single_1_practice,1,,0,angular,753.6999999992549,1,single,e_b_14.png,shape,angular
135225,,c7fbf674-7151-4b31-9215-b4523cffdc16,1,jv1J33p21618245755459,6,figural_single_1_practice,1,,0,angular,489.99999999976717,1,single,e_g_07.png,shape,angular
135225,,c7fbf674-7151-4b31-9215-b4523cffdc16,1,jv1J33p21618245755459,7,figural_single_1_practice,1,,0,angular,400.8000000012107,1,single,e_g_12.png,shape,angular
135225,,c7fbf674-7151-4b31-9215-b4523cffdc16,1,jv1J33p21618245755459,8,figural_single_1_practice,1,,0,angular,455.7000000004191,0,single,r_b_16.png,shape,round
135225,,c7fbf674-7151-4b31-9215-b4523cffdc16,1,jv1J33p21618245755459,9,figural_single_1_practice,1,,0,round,649.6999999999534,1,single,r_g_02.png,shape,round
135225,,c7fbf674-7151-4b31-9215-b4523cffdc16,1,jv1J33p21618245755459,10,figural_single_1_practice,1,,0,angular,719.4999999990687,1,single,e_b_04.png,shape,angular
135225,,c7fbf674-7151-4b31-9215-b4523cffdc16,1,jv1J33p21618245755459,11,figural_single_1_practice,1,,0,angular,593.3000000005122,1,single,e_g_06.png,shape,angular
135225,,c7fbf674-7151-4b31-9215-b4523cffdc16,1,jv1J33p21618245755459,12,figural_single_1_practice,1,,0,round,568.5999999986961,1,single,r_g_15.png,shape,round
135225,,c7fbf674-7151-4b31-9215-b4523cffdc16,1,jv1J33p21618245755459,13,figural_single_1_1,1,,0,round,2412.2999999998137,1,single,r_b_01.png,shape,round
135225,,c7fbf674-7151-4b31-9215-b4523cffdc16,1,jv1J33p21618245755459,14,figural_single_1_1,1,,0,angular,563.2000000004191,1,single,e_g_11.png,shape,angular
135225,,c7fbf674-7151-4b31-9215-b4523cffdc16,1,jv1J33p21618245755459,15,figural_single_1_1,1,,0,round,990.5,1,single,r_b_10.png,shape,round
135225,,c7fbf674-7151-4b31-9215-b4523cffdc16,1,jv1J33p21618245755459,16,figural_single_1_1,1,,0,round,720.9999999995343,1,single,r_b_06.png,shape,round
135225,,c7fbf674-7151-4b31-9215-b4523cffdc16,1,jv1J33p21618245755459,17,figural_single_1_1,1,,0,angular,658.9000000003725,1,single,e_g_07.png,shape,angular
135225,,c7fbf674-7151-4b31-9215-b4523cffdc16,1,jv1J33p21618245755459,18,figural_single_1_1,1,,0,angular,1400.799999999348,1,single,e_g_13.png,shape,angular
135225,,c7fbf674-7151-4b31-9215-b4523cffdc16,1,jv1J33p21618245755459,19,figural_single_1_1,1,,0,round,543.5999999991618,1,single,r_g_06.png,shape,round
135225,,c7fbf674-7151-4b31-9215-b4523cffdc16,1,jv1J33p21618245755459,20,figural_single_1_1,1,,0,angular,804.5999999993946,1,single,e_g_16.png,shape,angular
135225,,c7fbf674-7151-4b31-9215-b4523cffdc16,1,jv1J33p21618245755459,21,figural_single_1_1,1,,0,angular,502.8999999994412,1,single,e_b_09.png,shape,angular
135225,,c7fbf674-7151-4b31-9215-b4523cffdc16,1,jv1J33p21618245755459,22,figural_single_1_1,1,,0,angular,448.30000000004657,1,single,e_b_08.png,shape,angular
135225,,c7fbf674-7151-4b31-9215-b4523cffdc16,1,jv1J33p21618245755459,23,figural_single_1_1,1,,0,round,534.8999999987427,1,single,r_b_12.png,shape,round
135225,,c7fbf674-7151-4b31-9215-b4523cffdc16,1,jv1J33p21618245755459,24,figural_single_1_1,1,,0,angular,521.8000000005122,1,single,e_b_10.png,shape,angular
135225,,c7fbf674-7151-4b31-9215-b4523cffdc16,1,jv1J33p21618245755459,25,figural_single_1_1,1,,0,angular,454.8999999987427,1,single,e_b_05.png,shape,angular
135225,,c7fbf674-7151-4b31-9215-b4523cffdc16,1,jv1J33p21618245755459,26,figural_single_1_1,1,,0,round,606.4000000006054,1,single,r_b_13.png,shape,round
135225,,c7fbf674-7151-4b31-9215-b4523cffdc16,1,jv1J33p21618245755459,27,figural_single_1_1,1,,0,round,514.6000000005588,1,single,r_g_15.png,shape,round
135225,,c7fbf674-7151-4b31-9215-b4523cffdc16,1,jv1J33p21618245755459,28,figural_single_1_1,1,,0,angular,513.5000000009313,1,single,e_g_09.png,shape,angular
135225,,c7fbf674-7151-4b31-9215-b4523cffdc16,1,jv1J33p21618245755459,29,figural_single_1_1,1,,0,round,522.8999999999069,1,single,r_g_02.png,shape,round
135225,,c7fbf674-7151-4b31-9215-b4523cffdc16,1,jv1J33p21618245755459,30,figural_single_1_1,1,,0,round,541.4999999995343,1,single,r_b_07.png,shape,round
135225,,c7fbf674-7151-4b31-9215-b4523cffdc16,1,jv1J33p21618245755459,31,figural_single_1_1,1,,0,angular,551.8000000012107,1,single,e_b_06.png,shape,angular
135225,,c7fbf674-7151-4b31-9215-b4523cffdc16,1,jv1J33p21618245755459,32,figural_single_1_1,1,,0,round,571.7000000004191,1,single,r_b_16.png,shape,round
135225,,c7fbf674-7151-4b31-9215-b4523cffdc16,1,jv1J33p21618245755459,33,figural_single_1_1,1,,0,round,538.3000000000466,1,single,r_b_02.png,shape,round
135225,,c7fbf674-7151-4b31-9215-b4523cffdc16,1,jv1J33p21618245755459,34,figural_single_1_1,1,,0,angular,622.9999999995343,1,single,e_g_06.png,shape,angular
135225,,c7fbf674-7151-4b31-9215-b4523cffdc16,1,jv1J33p21618245755459,35,figural_single_1_1,1,,0,round,574.2000000008848,1,single,r_g_03.png,shape,round
135225,,c7fbf674-7151-4b31-9215-b4523cffdc16,1,jv1J33p21618245755459,36,figural_single_1_1,1,,0,angular,647.1000000000931,1,single,e_g_05.png,shape,angular
135225,,c7fbf674-7151-4b31-9215-b4523cffdc16,1,jv1J33p21618245755459,37,figural_single_1_1,1,,0,round,538.7000000008848,0,single,e_b_13.png,shape,angular
135225,,c7fbf674-7151-4b31-9215-b4523cffdc16,1,jv1J33p21618245755459,38,figural_single_1_1,1,,0,angular,834.8000000005122,1,single,e_g_15.png,shape,angular
135225,,c7fbf674-7151-4b31-9215-b4523cffdc16,1,jv1J33p21618245755459,39,figural_single_1_1,1,,0,round,543.9999999997672,1,single,r_g_08.png,shape,round
135225,,c7fbf674-7151-4b31-9215-b4523cffdc16,1,jv1J33p21618245755459,40,figural_single_1_1,1,,0,round,664.2000000011176,1,single,r_b_05.png,shape,round
135225,,c7fbf674-7151-4b31-9215-b4523cffdc16,1,jv1J33p21618245755459,41,figural_single_1_1,1,,0,angular,759.7000000004191,1,single,e_b_02.png,shape,angular
135225,,c7fbf674-7151-4b31-9215-b4523cffdc16,1,jv1J33p21618245755459,42,figural_single_1_1,1,,0,angular,1140.2999999991152,1,single,e_g_14.png,shape,angular
135225,,c7fbf674-7151-4b31-9215-b4523cffdc16,1,jv1J33p21618245755459,43,figural_single_1_1,1,,0,round,572.2000000004191,1,single,r_b_03.png,shape,round
135225,,c7fbf674-7151-4b31-9215-b4523cffdc16,1,jv1J33p21618245755459,44,figural_single_1_1,1,,0,angular,551.1999999999534,1,single,e_b_14.png,shape,angular
135225,,c7fbf674-7151-4b31-9215-b4523cffdc16,1,jv1J33p21618245755459,45,figural_single_1_1,1,,0,angular,688.5000000002328,1,single,e_b_04.png,shape,angular
135225,,c7fbf674-7151-4b31-9215-b4523cffdc16,1,jv1J33p21618245755459,46,figural_single_1_1,1,,0,angular,491.4000000008382,1,single,e_b_03.png,shape,angular
135225,,c7fbf674-7151-4b31-9215-b4523cffdc16,1,jv1J33p21618245755459,47,figural_single_1_1,1,,0,round,629.8000000005122,1,single,r_g_16.png,shape,round
135225,,c7fbf674-7151-4b31-9215-b4523cffdc16,1,jv1J33p21618245755459,48,figural_single_1_1,1,,0,round,726.5000000006985,1,single,r_g_13.png,shape,round
135225,,c7fbf674-7151-4b31-9215-b4523cffdc16,1,jv1J33p21618245755459,49,figural_single_1_1,1,,0,round,591.3000000000466,1,single,r_g_14.png,shape,round
135225,,c7fbf674-7151-4b31-9215-b4523cffdc16,1,jv1J33p21618245755459,50,figural_single_1_1,1,,0,angular,469.60000000032596,1,single,e_g_08.png,shape,angular
135225,,c7fbf674-7151-4b31-9215-b4523cffdc16,1,jv1J33p21618245755459,51,figural_single_1_1,1,,0,round,571.2000000004191,1,single,r_g_09.png,shape,round
135225,,c7fbf674-7151-4b31-9215-b4523cffdc16,1,jv1J33p21618245755459,52,figural_single_1_1,1,,0,angular,701.3000000005122,1,single,e_g_04.png,shape,angular
135225,,c7fbf674-7151-4b31-9215-b4523cffdc16,1,jv1J33p21618245755459,53,figural_single_1_1,1,,0,angular,564.3000000000466,1,single,e_b_15.png,shape,angular
135225,,c7fbf674-7151-4b31-9215-b4523cffdc16,1,jv1J33p21618245755459,54,figural_single_1_1,1,,0,round,589.3999999989755,1,single,r_g_04.png,shape,round
135225,,c7fbf674-7151-4b31-9215-b4523cffdc16,1,jv1J33p21618245755459,55,figural_single_1_1,1,,0,angular,591.0999999996275,1,single,e_b_07.png,shape,angular
135225,,c7fbf674-7151-4b31-9215-b4523cffdc16,1,jv1J33p21618245755459,56,figural_single_1_1,1,,0,angular,815.1999999990221,1,single,e_b_16.png,shape,angular
135225,,c7fbf674-7151-4b31-9215-b4523cffdc16,1,jv1J33p21618245755459,57,figural_single_1_1,1,,0,round,880.9999999993015,1,single,r_b_08.png,shape,round
135225,,c7fbf674-7151-4b31-9215-b4523cffdc16,1,jv1J33p21618245755459,58,figural_single_1_1,1,,0,angular,753.9999999990687,1,single,e_g_12.png,shape,angular
135225,,c7fbf674-7151-4b31-9215-b4523cffdc16,1,jv1J33p21618245755459,59,figural_single_1_1,1,,0,round,702.9000000001397,1,single,r_b_14.png,shape,round
135225,,c7fbf674-7151-4b31-9215-b4523cffdc16,1,jv1J33p21618245755459,60,figural_single_1_1,1,,0,round,560.4999999995343,1,single,r_g_05.png,shape,round
135225,,c7fbf674-7151-4b31-9215-b4523cffdc16,1,jv1J33p21618245755459,61,figural_single_1_1,1,,0,round,593.1000000000931,1,single,r_g_01.png,shape,round
135225,,c7fbf674-7151-4b31-9215-b4523cffdc16,1,jv1J33p21618245755459,62,figural_single_1_1,1,,0,angular,654.2999999984168,1,single,e_g_02.png,shape,angular
135225,,c7fbf674-7151-4b31-9215-b4523cffdc16,1,jv1J33p21618245755459,63,figural_single_1_1,1,,0,round,759.4000000008382,1,single,r_g_11.png,shape,round
135225,,c7fbf674-7151-4b31-9215-b4523cffdc16,1,jv1J33p21618245755459,64,figural_single_1_1,1,,0,round,675.3999999999069,1,single,r_g_10.png,shape,round
135225,,c7fbf674-7151-4b31-9215-b4523cffdc16,1,jv1J33p21618245755459,65,figural_single_1_1,1,,0,round,518.7000000006519,1,single,r_b_04.png,shape,round
135225,,c7fbf674-7151-4b31-9215-b4523cffdc16,1,jv1J33p21618245755459,66,figural_single_1_1,1,,0,angular,517.7999999995809,1,single,e_g_01.png,shape,angular
135225,,c7fbf674-7151-4b31-9215-b4523cffdc16,1,jv1J33p21618245755459,67,figural_single_1_1,1,,0,angular,426.3000000009779,0,single,r_b_09.png,shape,round
135225,,c7fbf674-7151-4b31-9215-b4523cffdc16,1,jv1J33p21618245755459,68,figural_single_1_1,1,,0,round,626.0000000002328,1,single,r_b_15.png,shape,round
135225,,c7fbf674-7151-4b31-9215-b4523cffdc16,1,jv1J33p21618245755459,69,figural_single_1_1,1,,0,round,659.1999999999534,1,single,r_g_07.png,shape,round
135225,,c7fbf674-7151-4b31-9215-b4523cffdc16,1,jv1J33p21618245755459,70,figural_single_1_1,1,,0,angular,510.09999999962747,1,single,e_b_01.png,shape,angular
135225,,c7fbf674-7151-4b31-9215-b4523cffdc16,1,jv1J33p21618245755459,71,figural_single_1_1,1,,0,angular,460.7999999988824,1,single,e_b_12.png,shape,angular
135225,,c7fbf674-7151-4b31-9215-b4523cffdc16,1,jv1J33p21618245755459,72,figural_single_1_1,1,,0,round,483.7000000006519,1,single,r_b_11.png,shape,round
135225,,c7fbf674-7151-4b31-9215-b4523cffdc16,1,jv1J33p21618245755459,73,figural_single_1_1,1,,0,round,532.100000000326,1,single,r_g_12.png,shape,round
135225,,c7fbf674-7151-4b31-9215-b4523cffdc16,1,jv1J33p21618245755459,74,figural_single_1_1,1,,0,angular,651.7999999998137,1,single,e_g_03.png,shape,angular
135225,,c7fbf674-7151-4b31-9215-b4523cffdc16,1,jv1J33p21618245755459,75,figural_single_1_1,1,,0,angular,814.0999999993946,1,single,e_g_10.png,shape,angular
135225,,c7fbf674-7151-4b31-9215-b4523cffdc16,1,jv1J33p21618245755459,76,figural_single_1_1,1,,0,angular,584.1000000000931,1,single,e_b_11.png,shape,angular
135225,,c7fbf674-7151-4b31-9215-b4523cffdc16,1,jv1J33p21618245755459,77,figural_single_2_practice,1,,0,blue,1142.4000000008382,1,single,r_b_07.png,color,blue
135225,,c7fbf674-7151-4b31-9215-b4523cffdc16,1,jv1J33p21618245755459,78,figural_single_2_practice,1,,0,green,509.59999999939464,1,single,r_g_09.png,color,green
135225,,c7fbf674-7151-4b31-9215-b4523cffdc16,1,jv1J33p21618245755459,79,figural_single_2_practice,1,,0,green,429.79999999981374,1,single,e_g_04.png,color,green
135225,,c7fbf674-7151-4b31-9215-b4523cffdc16,1,jv1J33p21618245755459,80,figural_single_2_practice,1,,0,blue,442.4999999993015,1,single,r_b_14.png,color,blue
135225,,c7fbf674-7151-4b31-9215-b4523cffdc16,1,jv1J33p21618245755459,81,figural_single_2_practice,1,,0,blue,384,1,single,e_b_06.png,color,blue
135225,,c7fbf674-7151-4b31-9215-b4523cffdc16,1,jv1J33p21618245755459,82,figural_single_2_practice,1,,0,green,464.60000000102445,1,single,e_g_10.png,color,green
135225,,c7fbf674-7151-4b31-9215-b4523cffdc16,1,jv1J33p21618245755459,83,figural_single_2_practice,1,,0,blue,482.40000000060536,1,single,e_b_16.png,color,blue
135225,,c7fbf674-7151-4b31-9215-b4523cffdc16,1,jv1J33p21618245755459,84,figural_single_2_practice,1,,0,green,612.9000000001397,1,single,e_g_08.png,color,green
135225,,c7fbf674-7151-4b31-9215-b4523cffdc16,1,jv1J33p21618245755459,85,figural_single_2_practice,1,,0,blue,917.7999999993481,1,single,e_b_02.png,color,blue
135225,,c7fbf674-7151-4b31-9215-b4523cffdc16,1,jv1J33p21618245755459,86,figural_single_2_practice,1,,0,green,956.7999999998137,1,single,r_g_03.png,color,green
135225,,c7fbf674-7151-4b31-9215-b4523cffdc16,1,jv1J33p21618245755459,87,figural_single_2_practice,1,,0,blue,481.20000000018626,1,single,r_b_13.png,color,blue
135225,,c7fbf674-7151-4b31-9215-b4523cffdc16,1,jv1J33p21618245755459,88,figural_single_2_practice,1,,0,green,372.00000000116415,1,single,r_g_01.png,color,green
135225,,c7fbf674-7151-4b31-9215-b4523cffdc16,1,jv1J33p21618245755459,89,figural_single_2_1,1,,0,green,926.4999999995343,1,single,r_g_07.png,color,green
135225,,c7fbf674-7151-4b31-9215-b4523cffdc16,1,jv1J33p21618245755459,90,figural_single_2_1,1,,0,blue,1245.399999999674,1,single,r_b_03.png,color,blue
135225,,c7fbf674-7151-4b31-9215-b4523cffdc16,1,jv1J33p21618245755459,91,figural_single_2_1,1,,0,blue,1071.3999999989755,0,single,r_g_08.png,color,green
135225,,c7fbf674-7151-4b31-9215-b4523cffdc16,1,jv1J33p21618245755459,92,figural_single_2_1,1,,0,green,871.7999999988824,1,single,e_g_01.png,color,green
135225,,c7fbf674-7151-4b31-9215-b4523cffdc16,1,jv1J33p21618245755459,93,figural_single_2_1,1,,0,green,472.40000000060536,1,single,e_g_09.png,color,green
135225,,c7fbf674-7151-4b31-9215-b4523cffdc16,1,jv1J33p21618245755459,94,figural_single_2_1,1,,0,blue,1017.9000000008382,1,single,r_b_08.png,color,blue
135225,,c7fbf674-7151-4b31-9215-b4523cffdc16,1,jv1J33p21618245755459,95,figural_single_2_1,1,,0,blue,1156.3000000005122,1,single,e_b_03.png,color,blue
135225,,c7fbf674-7151-4b31-9215-b4523cffdc16,1,jv1J33p21618245755459,96,figural_single_2_1,1,,0,green,587.6999999999534,1,single,e_g_07.png,color,green
135225,,c7fbf674-7151-4b31-9215-b4523cffdc16,1,jv1J33p21618245755459,97,figural_single_2_1,1,,0,blue,506.4000000001397,1,single,e_b_02.png,color,blue
135225,,c7fbf674-7151-4b31-9215-b4523cffdc16,1,jv1J33p21618245755459,98,figural_single_2_1,1,,0,green,560.1000000005588,1,single,e_g_04.png,color,green
135225,,c7fbf674-7151-4b31-9215-b4523cffdc16,1,jv1J33p21618245755459,99,figural_single_2_1,1,,0,green,604.7999999991152,1,single,r_g_06.png,color,green
135225,,c7fbf674-7151-4b31-9215-b4523cffdc16,1,jv1J33p21618245755459,100,figural_single_2_1,1,,0,blue,437.7000000004191,1,single,e_b_08.png,color,blue
135225,,c7fbf674-7151-4b31-9215-b4523cffdc16,1,jv1J33p21618245755459,101,figural_single_2_1,1,,0,green,482.29999999981374,1,single,e_g_16.png,color,green
135225,,c7fbf674-7151-4b31-9215-b4523cffdc16,1,jv1J33p21618245755459,102,figural_single_2_1,1,,0,blue,473.6000000012573,1,single,e_b_06.png,color,blue
135225,,c7fbf674-7151-4b31-9215-b4523cffdc16,1,jv1J33p21618245755459,103,figural_single_2_1,1,,0,blue,325.39999999967404,1,single,e_b_04.png,color,blue
135225,,c7fbf674-7151-4b31-9215-b4523cffdc16,1,jv1J33p21618245755459,104,figural_single_2_1,1,,0,green,488.90000000037253,1,single,r_g_10.png,color,green
135225,,c7fbf674-7151-4b31-9215-b4523cffdc16,1,jv1J33p21618245755459,105,figural_single_2_1,1,,0,blue,779.5000000006985,1,single,e_b_12.png,color,blue
135225,,c7fbf674-7151-4b31-9215-b4523cffdc16,1,jv1J33p21618245755459,106,figural_single_2_1,1,,0,blue,454.3999999987427,1,single,r_b_09.png,color,blue
135225,,c7fbf674-7151-4b31-9215-b4523cffdc16,1,jv1J33p21618245755459,107,figural_single_2_1,1,,0,green,605.2999999993481,1,single,r_g_15.png,color,green
135225,,c7fbf674-7151-4b31-9215-b4523cffdc16,1,jv1J33p21618245755459,108,figural_single_2_1,1,,0,green,910.1000000010245,1,single,e_g_08.png,color,green
135225,,c7fbf674-7151-4b31-9215-b4523cffdc16,1,jv1J33p21618245755459,109,figural_single_2_1,1,,0,blue,562.8999999989755,1,single,e_b_11.png,color,blue
135225,,c7fbf674-7151-4b31-9215-b4523cffdc16,1,jv1J33p21618245755459,110,figural_single_2_1,1,,0,blue,731.5,1,single,r_b_13.png,color,blue
135225,,c7fbf674-7151-4b31-9215-b4523cffdc16,1,jv1J33p21618245755459,111,figural_single_2_1,1,,0,blue,957.8000000000466,1,single,r_b_12.png,color,blue
135225,,c7fbf674-7151-4b31-9215-b4523cffdc16,1,jv1J33p21618245755459,112,figural_single_2_1,1,,0,blue,951.4999999993015,1,single,r_b_15.png,color,blue
135225,,c7fbf674-7151-4b31-9215-b4523cffdc16,1,jv1J33p21618245755459,113,figural_single_2_1,1,,0,green,648.6000000005588,1,single,e_g_05.png,color,green
135225,,c7fbf674-7151-4b31-9215-b4523cffdc16,1,jv1J33p21618245755459,114,figural_single_2_1,1,,0,green,507.20000000018626,1,single,r_g_12.png,color,green
135225,,c7fbf674-7151-4b31-9215-b4523cffdc16,1,jv1J33p21618245755459,115,figural_single_2_1,1,,0,blue,577.4000000001397,1,single,r_b_02.png,color,blue
135225,,c7fbf674-7151-4b31-9215-b4523cffdc16,1,jv1J33p21618245755459,116,figural_single_2_1,1,,0,blue,597.1000000007916,1,single,r_b_01.png,color,blue
135225,,c7fbf674-7151-4b31-9215-b4523cffdc16,1,jv1J33p21618245755459,117,figural_single_2_1,1,,0,blue,579.3000000012107,1,single,r_b_07.png,color,blue
135225,,c7fbf674-7151-4b31-9215-b4523cffdc16,1,jv1J33p21618245755459,118,figural_single_2_1,1,,0,green,599.7000000006519,1,single,e_g_15.png,color,green
135225,,c7fbf674-7151-4b31-9215-b4523cffdc16,1,jv1J33p21618245755459,119,figural_single_2_1,1,,0,green,913.3999999994412,1,single,e_g_11.png,color,green
135225,,c7fbf674-7151-4b31-9215-b4523cffdc16,1,jv1J33p21618245755459,120,figural_single_2_1,1,,0,blue,544.8999999989755,1,single,e_b_07.png,color,blue
135225,,c7fbf674-7151-4b31-9215-b4523cffdc16,1,jv1J33p21618245755459,121,figural_single_2_1,1,,0,green,825.6999999994878,1,single,r_g_04.png,color,green
135225,,c7fbf674-7151-4b31-9215-b4523cffdc16,1,jv1J33p21618245755459,122,figural_single_2_1,1,,0,green,1008,1,single,e_g_02.png,color,green
135225,,c7fbf674-7151-4b31-9215-b4523cffdc16,1,jv1J33p21618245755459,123,figural_single_2_1,1,,0,blue,709.6000000000931,1,single,e_b_01.png,color,blue
135225,,c7fbf674-7151-4b31-9215-b4523cffdc16,1,jv1J33p21618245755459,124,figural_single_2_1,1,,0,blue,556.0999999996275,1,single,r_b_05.png,color,blue
135225,,c7fbf674-7151-4b31-9215-b4523cffdc16,1,jv1J33p21618245755459,125,figural_single_2_1,1,,0,green,679,1,single,e_g_03.png,color,green
135225,,c7fbf674-7151-4b31-9215-b4523cffdc16,1,jv1J33p21618245755459,126,figural_single_2_1,1,,0,blue,886.7000000008848,1,single,r_b_04.png,color,blue
135225,,c7fbf674-7151-4b31-9215-b4523cffdc16,1,jv1J33p21618245755459,127,figural_single_2_1,1,,0,green,782.9000000001397,1,single,e_g_06.png,color,green
135225,,c7fbf674-7151-4b31-9215-b4523cffdc16,1,jv1J33p21618245755459,128,figural_single_2_1,1,,0,green,427.49999999976717,1,single,e_g_12.png,color,green
135225,,c7fbf674-7151-4b31-9215-b4523cffdc16,1,jv1J33p21618245755459,129,figural_single_2_1,1,,0,green,430.6999999990221,1,single,r_g_14.png,color,green
135225,,c7fbf674-7151-4b31-9215-b4523cffdc16,1,jv1J33p21618245755459,130,figural_single_2_1,1,,0,blue,399.79999999911524,1,single,e_b_09.png,color,blue
135225,,c7fbf674-7151-4b31-9215-b4523cffdc16,1,jv1J33p21618245755459,131,figural_single_2_1,1,,0,blue,356.20000000018626,1,single,e_b_16.png,color,blue
135225,,c7fbf674-7151-4b31-9215-b4523cffdc16,1,jv1J33p21618245755459,132,figural_single_2_1,1,,0,green,468.89999999990687,1,single,r_g_01.png,color,green
135225,,c7fbf674-7151-4b31-9215-b4523cffdc16,1,jv1J33p21618245755459,133,figural_single_2_1,1,,0,green,423.7999999986496,1,single,r_g_09.png,color,green
135225,,c7fbf674-7151-4b31-9215-b4523cffdc16,1,jv1J33p21618245755459,134,figural_single_2_1,1,,0,green,397.9999999993015,1,single,e_g_13.png,color,green
135225,,c7fbf674-7151-4b31-9215-b4523cffdc16,1,jv1J33p21618245755459,135,figural_single_2_1,1,,0,blue,411.59999999939464,1,single,r_b_06.png,color,blue
135225,,c7fbf674-7151-4b31-9215-b4523cffdc16,1,jv1J33p21618245755459,136,figural_single_2_1,1,,0,blue,474.3999999992084,1,single,r_b_14.png,color,blue
135225,,c7fbf674-7151-4b31-9215-b4523cffdc16,1,jv1J33p21618245755459,137,figural_single_2_1,1,,0,green,469.2999999986496,1,single,r_g_05.png,color,green
135225,,c7fbf674-7151-4b31-9215-b4523cffdc16,1,jv1J33p21618245755459,138,figural_single_2_1,1,,0,green,415.30000000074506,1,single,e_g_10.png,color,green
135225,,c7fbf674-7151-4b31-9215-b4523cffdc16,1,jv1J33p21618245755459,139,figural_single_2_1,1,,0,green,530.3000000002794,1,single,r_g_02.png,color,green
135225,,c7fbf674-7151-4b31-9215-b4523cffdc16,1,jv1J33p21618245755459,140,figural_single_2_1,1,,0,blue,414.89999999967404,1,single,e_b_10.png,color,blue
135225,,c7fbf674-7151-4b31-9215-b4523cffdc16,1,jv1J33p21618245755459,141,figural_single_2_1,1,,0,blue,535.7000000004191,1,single,r_b_16.png,color,blue
135225,,c7fbf674-7151-4b31-9215-b4523cffdc16,1,jv1J33p21618245755459,142,figural_single_2_1,1,,0,green,590.2999999998137,1,single,r_g_11.png,color,green
135225,,c7fbf674-7151-4b31-9215-b4523cffdc16,1,jv1J33p21618245755459,143,figural_single_2_1,1,,0,green,548.3000000005122,1,single,r_g_03.png,color,green
135225,,c7fbf674-7151-4b31-9215-b4523cffdc16,1,jv1J33p21618245755459,144,figural_single_2_1,1,,0,blue,448.1999999990221,1,single,e_b_14.png,color,blue
135225,,c7fbf674-7151-4b31-9215-b4523cffdc16,1,jv1J33p21618245755459,145,figural_single_2_1,1,,0,blue,437.7000000004191,1,single,e_b_13.png,color,blue
135225,,c7fbf674-7151-4b31-9215-b4523cffdc16,1,jv1J33p21618245755459,146,figural_single_2_1,1,,0,blue,391.2999999993481,1,single,r_b_10.png,color,blue
135225,,c7fbf674-7151-4b31-9215-b4523cffdc16,1,jv1J33p21618245755459,147,figural_single_2_1,1,,0,green,399.599999998929,1,single,e_g_14.png,color,green
135225,,c7fbf674-7151-4b31-9215-b4523cffdc16,1,jv1J33p21618245755459,148,figural_single_2_1,1,,0,blue,549.0000000009313,1,single,e_b_15.png,color,blue
135225,,c7fbf674-7151-4b31-9215-b4523cffdc16,1,jv1J33p21618245755459,149,figural_single_2_1,1,,0,blue,447.7000000006519,1,single,e_b_05.png,color,blue
135225,,c7fbf674-7151-4b31-9215-b4523cffdc16,1,jv1J33p21618245755459,150,figural_single_2_1,1,,0,blue,476.0999999998603,1,single,r_b_11.png,color,blue
135225,,c7fbf674-7151-4b31-9215-b4523cffdc16,1,jv1J33p21618245755459,151,figural_single_2_1,1,,0,green,449.3999999994412,1,single,r_g_13.png,color,green
135225,,c7fbf674-7151-4b31-9215-b4523cffdc16,1,jv1J33p21618245755459,152,figural_single_2_1,1,,0,green,402.6999999987893,1,single,r_g_16.png,color,green
135225,,c7fbf674-7151-4b31-9215-b4523cffdc16,1,jv1J33p21618245755459,153,figural_mixed_practice,1,,0,angular,2059.9000000001397,1,start,e_g_13.png,shape,angular
135225,,c7fbf674-7151-4b31-9215-b4523cffdc16,1,jv1J33p21618245755459,154,figural_mixed_practice,1,,0,angular,1791.4000000001397,1,repetition,e_g_15.png,shape,angular
135225,,c7fbf674-7151-4b31-9215-b4523cffdc16,1,jv1J33p21618245755459,155,figural_mixed_practice,1,,0,blue,949.9999999988358,1,switch,r_b_02.png,color,blue
135225,,c7fbf674-7151-4b31-9215-b4523cffdc16,1,jv1J33p21618245755459,156,figural_mixed_practice,1,,0,blue,831,0,repetition,r_g_10.png,color,green
135225,,c7fbf674-7151-4b31-9215-b4523cffdc16,1,jv1J33p21618245755459,157,figural_mixed_practice,1,,0,round,1875.6999999987893,1,switch,r_b_03.png,shape,round
135225,,c7fbf674-7151-4b31-9215-b4523cffdc16,1,jv1J33p21618245755459,158,figural_mixed_practice,1,,0,blue,1434.800000000745,1,switch,e_b_11.png,color,blue
135225,,c7fbf674-7151-4b31-9215-b4523cffdc16,1,jv1J33p21618245755459,159,figural_mixed_practice,1,,0,green,1491.4000000008382,1,repetition,r_g_06.png,color,green
135225,,c7fbf674-7151-4b31-9215-b4523cffdc16,1,jv1J33p21618245755459,160,figural_mixed_practice,1,,0,round,1204.5000000016298,1,switch,r_b_08.png,shape,round
135225,,c7fbf674-7151-4b31-9215-b4523cffdc16,1,jv1J33p21618245755459,161,figural_mixed_practice,1,,0,angular,1067.2999999986496,1,repetition,e_b_12.png,shape,angular
135225,,c7fbf674-7151-4b31-9215-b4523cffdc16,1,jv1J33p21618245755459,162,figural_mixed_practice,1,,0,round,2150.1999999999534,1,repetition,r_g_04.png,shape,round
135225,,c7fbf674-7151-4b31-9215-b4523cffdc16,1,jv1J33p21618245755459,163,figural_mixed_practice,1,,0,blue,1691.0000000006985,1,switch,e_b_01.png,color,blue
135225,,c7fbf674-7151-4b31-9215-b4523cffdc16,1,jv1J33p21618245755459,164,figural_mixed_practice,1,,0,green,914.9999999990687,1,repetition,e_g_05.png,color,green
135225,,c7fbf674-7151-4b31-9215-b4523cffdc16,1,jv1J33p21618245755459,165,figural_mixed,1,,0,green,1130.0000000009313,1,start,r_g_12.png,color,green
135225,,c7fbf674-7151-4b31-9215-b4523cffdc16,1,jv1J33p21618245755459,166,figural_mixed,1,,0,green,1033.8000000012107,1,repetition,e_g_16.png,color,green
135225,,c7fbf674-7151-4b31-9215-b4523cffdc16,1,jv1J33p21618245755459,167,figural_mixed,1,,0,round,1040.4999999993015,1,switch,r_b_01.png,shape,round
135225,,c7fbf674-7151-4b31-9215-b4523cffdc16,1,jv1J33p21618245755459,168,figural_mixed,1,,0,blue,1560.300000000978,1,switch,e_b_10.png,color,blue
135225,,c7fbf674-7151-4b31-9215-b4523cffdc16,1,jv1J33p21618245755459,169,figural_mixed,1,,0,round,1014.9999999995343,1,switch,r_g_07.png,shape,round
135225,,c7fbf674-7151-4b31-9215-b4523cffdc16,1,jv1J33p21618245755459,170,figural_mixed,1,,0,round,1332.200000000652,0,repetition,e_g_16.png,shape,angular
135225,,c7fbf674-7151-4b31-9215-b4523cffdc16,1,jv1J33p21618245755459,171,figural_mixed,1,,0,angular,1177.1000000007916,1,repetition,e_b_11.png,shape,angular
135225,,c7fbf674-7151-4b31-9215-b4523cffdc16,1,jv1J33p21618245755459,172,figural_mixed,1,,0,blue,1375.200000000419,1,switch,e_b_12.png,color,blue
135225,,c7fbf674-7151-4b31-9215-b4523cffdc16,1,jv1J33p21618245755459,173,figural_mixed,1,,0,blue,945.2999999993481,1,repetition,r_b_05.png,color,blue
135225,,c7fbf674-7151-4b31-9215-b4523cffdc16,1,jv1J33p21618245755459,174,figural_mixed,1,,0,angular,1274.9000000003725,1,switch,e_b_15.png,shape,angular
135225,,c7fbf674-7151-4b31-9215-b4523cffdc16,1,jv1J33p21618245755459,175,figural_mixed,1,,0,round,1546.9000000013039,1,repetition,r_g_01.png,shape,round
135225,,c7fbf674-7151-4b31-9215-b4523cffdc16,1,jv1J33p21618245755459,176,figural_mixed,1,,0,blue,537.1999999990221,0,switch,r_g_11.png,color,green
135225,,c7fbf674-7151-4b31-9215-b4523cffdc16,1,jv1J33p21618245755459,177,figural_mixed,1,,0,blue,1834.6000000000931,1,repetition,e_b_14.png,color,blue
135225,,c7fbf674-7151-4b31-9215-b4523cffdc16,1,jv1J33p21618245755459,178,figural_mixed,1,,0,green,1349.0000000002328,1,repetition,r_g_05.png,color,green
135225,,c7fbf674-7151-4b31-9215-b4523cffdc16,1,jv1J33p21618245755459,179,figural_mixed,1,,0,angular,1173.9999999990687,1,switch,e_g_09.png,shape,angular
135225,,c7fbf674-7151-4b31-9215-b4523cffdc16,1,jv1J33p21618245755459,180,figural_mixed,1,,0,round,1402.7999999998137,1,repetition,r_b_04.png,shape,round
135225,,c7fbf674-7151-4b31-9215-b4523cffdc16,1,jv1J33p21618245755459,181,figural_mixed,1,,0,round,1073.2000000008848,1,repetition,r_g_12.png,shape,round
135225,,c7fbf674-7151-4b31-9215-b4523cffdc16,1,jv1J33p21618245755459,182,figural_mixed,1,,0,round,1552.500000001397,1,repetition,r_b_02.png,shape,round
135225,,c7fbf674-7151-4b31-9215-b4523cffdc16,1,jv1J33p21618245755459,183,figural_mixed,1,,0,green,1209.6000000000931,1,switch,r_g_04.png,color,green
135225,,c7fbf674-7151-4b31-9215-b4523cffdc16,1,jv1J33p21618245755459,184,figural_mixed,1,,0,blue,1153.8000000000466,1,repetition,e_b_02.png,color,blue
135225,,c7fbf674-7151-4b31-9215-b4523cffdc16,1,jv1J33p21618245755459,185,figural_mixed,1,,0,blue,2324.400000001304,1,repetition,r_b_16.png,color,blue
135225,,c7fbf674-7151-4b31-9215-b4523cffdc16,1,jv1J33p21618245755459,186,figural_mixed,1,,0,round,1336.5000000011642,0,switch,e_g_03.png,shape,angular
135225,,c7fbf674-7151-4b31-9215-b4523cffdc16,1,jv1J33p21618245755459,187,figural_mixed,1,,0,blue,3790.100000000093,1,switch,r_b_10.png,color,blue
135225,,c7fbf674-7151-4b31-9215-b4523cffdc16,1,jv1J33p21618245755459,188,figural_mixed,1,,0,green,1767.799999999581,1,repetition,e_g_03.png,color,green
135225,,c7fbf674-7151-4b31-9215-b4523cffdc16,1,jv1J33p21618245755459,189,figural_mixed,1,,0,green,1138.2000000011176,1,repetition,r_g_06.png,color,green
135225,,c7fbf674-7151-4b31-9215-b4523cffdc16,1,jv1J33p21618245755459,190,figural_mixed,1,,0,round,937.5,1,switch,r_b_09.png,shape,round
135225,,c7fbf674-7151-4b31-9215-b4523cffdc16,1,jv1J33p21618245755459,191,figural_mixed,1,,0,green,1107,0,switch,r_b_02.png,color,blue
135225,,c7fbf674-7151-4b31-9215-b4523cffdc16,1,jv1J33p21618245755459,192,figural_mixed,1,,0,green,1738.1999999999534,1,repetition,r_g_01.png,color,green
135225,,c7fbf674-7151-4b31-9215-b4523cffdc16,1,jv1J33p21618245755459,193,figural_mixed,1,,0,angular,920.6000000012573,1,switch,e_g_07.png,shape,angular
135225,,c7fbf674-7151-4b31-9215-b4523cffdc16,1,jv1J33p21618245755459,194,figural_mixed,1,,0,blue,1688.3999999992084,1,switch,r_b_13.png,color,blue
135225,,c7fbf674-7151-4b31-9215-b4523cffdc16,1,jv1J33p21618245755459,195,figural_mixed,1,,0,angular,3940.899999999441,1,switch,e_b_14.png,shape,angular
135225,,c7fbf674-7151-4b31-9215-b4523cffdc16,1,jv1J33p21618245755459,196,figural_mixed,1,,0,round,1378.9999999990687,1,repetition,r_g_09.png,shape,round
135225,,c7fbf674-7151-4b31-9215-b4523cffdc16,1,jv1J33p21618245755459,197,figural_mixed,1,,0,round,2243.0000000004657,1,repetition,r_b_11.png,shape,round
135225,,c7fbf674-7151-4b31-9215-b4523cffdc16,1,jv1J33p21618245755459,198,figural_mixed,1,,0,green,1305.0000000002328,1,switch,r_g_07.png,color,green
135225,,c7fbf674-7151-4b31-9215-b4523cffdc16,1,jv1J33p21618245755459,199,figural_mixed,1,,0,angular,1222.299999999348,1,switch,e_b_04.png,shape,angular
135225,,c7fbf674-7151-4b31-9215-b4523cffdc16,1,jv1J33p21618245755459,200,figural_mixed,1,,0,round,1207.3000000000466,1,repetition,r_g_14.png,shape,round
135225,,c7fbf674-7151-4b31-9215-b4523cffdc16,1,jv1J33p21618245755459,201,figural_mixed,1,,0,blue,1230.4999999997672,1,switch,e_b_09.png,color,blue
135225,,c7fbf674-7151-4b31-9215-b4523cffdc16,1,jv1J33p21618245755459,202,figural_mixed,1,,0,round,3485.8000000002794,0,switch,e_g_10.png,shape,angular
135225,,c7fbf674-7151-4b31-9215-b4523cffdc16,1,jv1J33p21618245755459,203,figural_mixed,1,,0,green,2358.5999999996275,1,switch,r_g_15.png,color,green
135225,,c7fbf674-7151-4b31-9215-b4523cffdc16,1,jv1J33p21618245755459,204,figural_mixed,1,,0,green,1551.9000000003725,1,repetition,e_g_14.png,color,green
135225,,c7fbf674-7151-4b31-9215-b4523cffdc16,1,jv1J33p21618245755459,205,figural_mixed,1,,0,blue,1267.0999999991618,1,repetition,r_b_07.png,color,blue
135225,,c7fbf674-7151-4b31-9215-b4523cffdc16,1,jv1J33p21618245755459,206,figural_mixed,1,,0,blue,1598.5000000002328,1,repetition,r_b_09.png,color,blue
135225,,c7fbf674-7151-4b31-9215-b4523cffdc16,1,jv1J33p21618245755459,207,figural_mixed,1,,0,angular,1084.3000000002794,1,switch,e_g_14.png,shape,angular
135225,,c7fbf674-7151-4b31-9215-b4523cffdc16,1,jv1J33p21618245755459,208,figural_mixed,1,,0,angular,2542.1999999997206,1,repetition,e_g_13.png,shape,angular
135225,,c7fbf674-7151-4b31-9215-b4523cffdc16,1,jv1J33p21618245755459,209,figural_mixed,1,,0,blue,1127.5000000006985,1,switch,e_b_04.png,color,blue
135225,,c7fbf674-7151-4b31-9215-b4523cffdc16,1,jv1J33p21618245755459,210,figural_mixed,1,,0,green,2936.5,1,repetition,e_g_10.png,color,green
135225,,c7fbf674-7151-4b31-9215-b4523cffdc16,1,jv1J33p21618245755459,211,figural_mixed,1,,0,green,1706.5000000002328,1,repetition,e_g_04.png,color,green
135225,,c7fbf674-7151-4b31-9215-b4523cffdc16,1,jv1J33p21618245755459,212,figural_mixed,1,,0,angular,943.4000000001397,1,switch,e_b_07.png,shape,angular
135225,,c7fbf674-7151-4b31-9215-b4523cffdc16,1,jv1J33p21618245755459,213,figural_mixed,1,,0,round,981.0999999991618,1,repetition,r_g_11.png,shape,round
135225,,c7fbf674-7151-4b31-9215-b4523cffdc16,1,jv1J33p21618245755459,214,figural_mixed,1,,0,round,1143.7999999998137,1,repetition,r_g_04.png,shape,round
135225,,c7fbf674-7151-4b31-9215-b4523cffdc16,1,jv1J33p21618245755459,215,figural_mixed,1,,0,angular,2331.400000001071,1,repetition,e_g_15.png,shape,angular
135225,,c7fbf674-7151-4b31-9215-b4523cffdc16,1,jv1J33p21618245755459,216,figural_mixed,1,,0,green,1117.8000000000466,1,switch,e_g_11.png,color,green
135225,,c7fbf674-7151-4b31-9215-b4523cffdc16,1,jv1J33p21618245755459,217,figural_mixed,1,,0,round,1015.0999999986961,1,switch,r_g_08.png,shape,round
135225,,c7fbf674-7151-4b31-9215-b4523cffdc16,1,jv1J33p21618245755459,218,figural_mixed,1,,0,round,1072.3000000016764,1,repetition,r_g_10.png,shape,round
135225,,c7fbf674-7151-4b31-9215-b4523cffdc16,1,jv1J33p21618245755459,219,figural_mixed,1,,0,green,1384.2999999998137,1,switch,e_g_15.png,color,green
135225,,c7fbf674-7151-4b31-9215-b4523cffdc16,1,jv1J33p21618245755459,220,figural_mixed,1,,0,green,1166.1999999997206,1,repetition,r_g_02.png,color,green
135225,,c7fbf674-7151-4b31-9215-b4523cffdc16,1,jv1J33p21618245755459,221,figural_mixed,1,,0,angular,1184.800000000978,1,switch,e_b_01.png,shape,angular
135225,,c7fbf674-7151-4b31-9215-b4523cffdc16,1,jv1J33p21618245755459,222,figural_mixed,1,,0,blue,1013.5999999984633,1,switch,e_b_15.png,color,blue
135225,,c7fbf674-7151-4b31-9215-b4523cffdc16,1,jv1J33p21618245755459,223,figural_mixed,1,,0,blue,1285.7999999998137,1,repetition,e_b_03.png,color,blue
135225,,c7fbf674-7151-4b31-9215-b4523cffdc16,1,jv1J33p21618245755459,224,figural_mixed,1,,0,blue,2006.9000000001397,1,repetition,e_b_01.png,color,blue
135225,,c7fbf674-7151-4b31-9215-b4523cffdc16,1,jv1J33p21618245755459,225,figural_mixed,1,,0,round,1607.2999999998137,1,switch,r_g_02.png,shape,round
135225,,c7fbf674-7151-4b31-9215-b4523cffdc16,1,jv1J33p21618245755459,226,figural_mixed,1,,0,green,1568.4999999995343,1,switch,e_g_05.png,color,green
135225,,c7fbf674-7151-4b31-9215-b4523cffdc16,1,jv1J33p21618245755459,227,figural_mixed,1,,0,round,953.8000000012107,1,switch,r_b_06.png,shape,round
135225,,c7fbf674-7151-4b31-9215-b4523cffdc16,1,jv1J33p21618245755459,228,figural_mixed,1,,0,green,1979.4999999995343,1,switch,e_g_08.png,color,green
135225,,c7fbf674-7151-4b31-9215-b4523cffdc16,1,jv1J33p21618245755459,229,figural_mixed,1,,0,green,1485.3000000002794,1,repetition,e_g_02.png,color,green
135225,,c7fbf674-7151-4b31-9215-b4523cffdc16,1,jv1J33p21618245755459,230,figural_mixed,1,,0,blue,1553.5999999991618,1,repetition,e_b_06.png,color,blue
135225,,c7fbf674-7151-4b31-9215-b4523cffdc16,1,jv1J33p21618245755459,231,figural_mixed,1,,0,angular,1172.4999999988358,1,switch,e_b_08.png,shape,angular
135225,,c7fbf674-7151-4b31-9215-b4523cffdc16,1,jv1J33p21618245755459,232,figural_mixed,1,,0,green,1526.6999999985565,1,switch,r_g_09.png,color,green
135225,,c7fbf674-7151-4b31-9215-b4523cffdc16,1,jv1J33p21618245755459,233,figural_mixed,1,,0,blue,1614.6999999999534,1,repetition,e_b_13.png,color,blue
135225,,c7fbf674-7151-4b31-9215-b4523cffdc16,1,jv1J33p21618245755459,234,figural_mixed,1,,0,round,1328.1999999997206,1,switch,r_b_10.png,shape,round
135225,,c7fbf674-7151-4b31-9215-b4523cffdc16,1,jv1J33p21618245755459,235,figural_mixed,1,,0,round,1038.8000000002794,1,repetition,r_b_13.png,shape,round
135225,,c7fbf674-7151-4b31-9215-b4523cffdc16,1,jv1J33p21618245755459,236,figural_mixed,1,,0,blue,1475.5999999996275,1,switch,e_b_11.png,color,blue
135225,,c7fbf674-7151-4b31-9215-b4523cffdc16,1,jv1J33p21618245755459,237,figural_mixed,1,,0,green,1637.699999999255,1,repetition,r_g_08.png,color,green
135225,,c7fbf674-7151-4b31-9215-b4523cffdc16,1,jv1J33p21618245755459,238,figural_mixed,1,,0,angular,1285.700000000419,1,switch,e_b_10.png,shape,angular
135225,,c7fbf674-7151-4b31-9215-b4523cffdc16,1,jv1J33p21618245755459,239,figural_mixed,1,,0,angular,3149.4999999995343,1,repetition,e_g_06.png,shape,angular
135225,,c7fbf674-7151-4b31-9215-b4523cffdc16,1,jv1J33p21618245755459,240,figural_mixed,1,,0,angular,2021.7000000013504,1,repetition,e_g_11.png,shape,angular
135225,,c7fbf674-7151-4b31-9215-b4523cffdc16,1,jv1J33p21618245755459,241,figural_mixed,1,,0,round,1155.899999999674,1,repetition,r_b_07.png,shape,round
135225,,c7fbf674-7151-4b31-9215-b4523cffdc16,1,jv1J33p21618245755459,242,figural_mixed,1,,0,blue,1577.0999999986961,1,switch,r_b_06.png,color,blue
135225,,c7fbf674-7151-4b31-9215-b4523cffdc16,1,jv1J33p21618245755459,243,figural_mixed,1,,0,blue,1086.1999999997206,1,repetition,e_b_07.png,color,blue
135225,,c7fbf674-7151-4b31-9215-b4523cffdc16,1,jv1J33p21618245755459,244,figural_mixed,1,,0,blue,1000.0999999991618,1,repetition,r_b_14.png,color,blue
135225,,c7fbf674-7151-4b31-9215-b4523cffdc16,1,jv1J33p21618245755459,245,figural_mixed,1,,0,green,1432.2000000011176,1,repetition,r_g_16.png,color,green
135225,,c7fbf674-7151-4b31-9215-b4523cffdc16,1,jv1J33p21618245755459,246,figural_mixed,1,,0,angular,1143.5,1,switch,e_b_09.png,shape,angular
135225,,c7fbf674-7151-4b31-9215-b4523cffdc16,1,jv1J33p21618245755459,247,figural_mixed,1,,0,round,890.4999999995343,1,repetition,r_g_05.png,shape,round
135225,,c7fbf674-7151-4b31-9215-b4523cffdc16,1,jv1J33p21618245755459,248,figural_mixed,1,,0,angular,1552.2000000001863,1,repetition,e_b_12.png,shape,angular
135225,,c7fbf674-7151-4b31-9215-b4523cffdc16,1,jv1J33p21618245755459,249,figural_mixed,1,,0,blue,1608.400000001071,1,switch,e_b_05.png,color,blue
135225,,c7fbf674-7151-4b31-9215-b4523cffdc16,1,jv1J33p21618245755459,250,figural_mixed,1,,0,round,951.9999999993015,1,switch,r_g_06.png,shape,round
135225,,c7fbf674-7151-4b31-9215-b4523cffdc16,1,jv1J33p21618245755459,251,figural_mixed,1,,0,blue,1577.300000000745,1,switch,e_b_16.png,color,blue
135225,,c7fbf674-7151-4b31-9215-b4523cffdc16,1,jv1J33p21618245755459,252,figural_mixed,1,,0,green,1360.5999999998603,1,repetition,r_g_13.png,color,green
135225,,c7fbf674-7151-4b31-9215-b4523cffdc16,1,jv1J33p21618245755459,253,figural_mixed,1,,0,angular,1982.7999999998137,1,switch,e_g_02.png,shape,angular
135225,,c7fbf674-7151-4b31-9215-b4523cffdc16,1,jv1J33p21618245755459,254,figural_mixed,1,,0,round,3391.2000000001863,1,repetition,r_b_03.png,shape,round
135225,,c7fbf674-7151-4b31-9215-b4523cffdc16,1,jv1J33p21618245755459,255,figural_mixed,1,,0,round,1234.3000000000466,1,repetition,r_b_14.png,shape,round
135225,,c7fbf674-7151-4b31-9215-b4523cffdc16,1,jv1J33p21618245755459,256,figural_mixed,1,,0,angular,1402.299999999581,1,repetition,e_g_12.png,shape,angular
135225,,c7fbf674-7151-4b31-9215-b4523cffdc16,1,jv1J33p21618245755459,257,figural_mixed,1,,0,blue,1763.0000000009313,1,switch,r_b_04.png,color,blue
135225,,c7fbf674-7151-4b31-9215-b4523cffdc16,1,jv1J33p21618245755459,258,figural_mixed,1,,0,round,1485.5000000006985,1,switch,r_g_15.png,shape,round
135225,,c7fbf674-7151-4b31-9215-b4523cffdc16,1,jv1J33p21618245755459,259,figural_mixed,1,,0,angular,1368.5000000004657,1,repetition,e_g_08.png,shape,angular
135225,,c7fbf674-7151-4b31-9215-b4523cffdc16,1,jv1J33p21618245755459,260,figural_mixed,1,,0,round,1333.8000000002794,1,repetition,r_b_16.png,shape,round
135225,,c7fbf674-7151-4b31-9215-b4523cffdc16,1,jv1J33p21618245755459,261,figural_mixed,1,,0,green,1278.5999999996275,1,switch,r_g_10.png,color,green
135225,,c7fbf674-7151-4b31-9215-b4523cffdc16,1,jv1J33p21618245755459,262,figural_mixed,1,,0,green,1342.9000000015367,1,repetition,e_g_06.png,color,green
135225,,c7fbf674-7151-4b31-9215-b4523cffdc16,1,jv1J33p21618245755459,263,figural_mixed,1,,0,round,3266.9000000003725,1,switch,r_g_13.png,shape,round
135225,,c7fbf674-7151-4b31-9215-b4523cffdc16,1,jv1J33p21618245755459,264,figural_mixed,1,,0,blue,1023.9999999995343,1,switch,r_b_03.png,color,blue
135225,,c7fbf674-7151-4b31-9215-b4523cffdc16,1,jv1J33p21618245755459,265,figural_mixed,1,,0,angular,1293.5999999991618,1,switch,e_b_02.png,shape,angular
135225,,c7fbf674-7151-4b31-9215-b4523cffdc16,1,jv1J33p21618245755459,266,figural_mixed,1,,0,angular,1523.9999999993015,1,repetition,e_b_03.png,shape,angular
135225,,c7fbf674-7151-4b31-9215-b4523cffdc16,1,jv1J33p21618245755459,267,figural_mixed,1,,0,green,2552.099999998929,1,switch,e_g_07.png,color,green
135225,,c7fbf674-7151-4b31-9215-b4523cffdc16,1,jv1J33p21618245755459,268,figural_mixed,1,,0,blue,1301.4999999997672,1,repetition,r_b_08.png,color,blue
135225,,c7fbf674-7151-4b31-9215-b4523cffdc16,1,jv1J33p21618245755459,269,figural_mixed,1,,0,blue,2027,1,repetition,r_b_01.png,color,blue
135225,,c7fbf674-7151-4b31-9215-b4523cffdc16,1,jv1J33p21618245755459,270,figural_mixed,1,,0,angular,1083.3000000002794,1,switch,e_b_05.png,shape,angular
135225,,c7fbf674-7151-4b31-9215-b4523cffdc16,1,jv1J33p21618245755459,271,figural_mixed,1,,0,green,2126.3000000000466,1,switch,r_g_16.png,color,green
135225,,c7fbf674-7151-4b31-9215-b4523cffdc16,1,jv1J33p21618245755459,272,figural_mixed,1,,0,angular,2647.399999999907,1,switch,e_g_04.png,shape,angular
135225,,c7fbf674-7151-4b31-9215-b4523cffdc16,1,jv1J33p21618245755459,273,figural_mixed,1,,0,round,980.000000001397,1,repetition,r_b_05.png,shape,round
135225,,c7fbf674-7151-4b31-9215-b4523cffdc16,1,jv1J33p21618245755459,274,figural_mixed,1,,0,round,1291.9999999993015,1,repetition,r_g_03.png,shape,round
135225,,c7fbf674-7151-4b31-9215-b4523cffdc16,1,jv1J33p21618245755459,275,figural_mixed,1,,0,green,1035.1000000007916,0,switch,r_b_15.png,color,blue
135225,,c7fbf674-7151-4b31-9215-b4523cffdc16,1,jv1J33p21618245755459,276,figural_mixed,1,,0,green,1394.5999999996275,1,repetition,r_g_14.png,color,green
135225,,c7fbf674-7151-4b31-9215-b4523cffdc16,1,jv1J33p21618245755459,277,figural_mixed,1,,0,angular,3001.10000000149,1,switch,e_g_01.png,shape,angular
135225,,c7fbf674-7151-4b31-9215-b4523cffdc16,1,jv1J33p21618245755459,278,figural_mixed,1,,0,round,886.0000000002328,1,repetition,r_b_15.png,shape,round
135225,,c7fbf674-7151-4b31-9215-b4523cffdc16,1,jv1J33p21618245755459,279,figural_mixed,1,,0,round,981.7000000001863,1,repetition,r_b_08.png,shape,round
135225,,c7fbf674-7151-4b31-9215-b4523cffdc16,1,jv1J33p21618245755459,280,figural_mixed,1,,0,green,1145.3999999994412,1,switch,e_g_12.png,color,green
135225,,c7fbf674-7151-4b31-9215-b4523cffdc16,1,jv1J33p21618245755459,281,figural_mixed,1,,0,angular,1397.399999999674,1,switch,e_b_13.png,shape,angular
135225,,c7fbf674-7151-4b31-9215-b4523cffdc16,1,jv1J33p21618245755459,282,figural_mixed,1,,0,green,2458.899999999674,1,switch,r_g_03.png,color,green
135225,,c7fbf674-7151-4b31-9215-b4523cffdc16,1,jv1J33p21618245755459,283,figural_mixed,1,,0,blue,3566.0999999998603,1,repetition,r_b_12.png,color,blue
135225,,c7fbf674-7151-4b31-9215-b4523cffdc16,1,jv1J33p21618245755459,284,figural_mixed,1,,0,angular,1092.3999999994412,1,switch,e_b_06.png,shape,angular
135225,,c7fbf674-7151-4b31-9215-b4523cffdc16,1,jv1J33p21618245755459,285,figural_mixed,1,,0,angular,1396.3000000002794,1,repetition,e_g_05.png,shape,angular
135225,,c7fbf674-7151-4b31-9215-b4523cffdc16,1,jv1J33p21618245755459,286,figural_mixed,1,,0,blue,1349.8000000000466,1,switch,r_b_11.png,color,blue
135225,,c7fbf674-7151-4b31-9215-b4523cffdc16,1,jv1J33p21618245755459,287,figural_mixed,1,,0,angular,1183.1000000000931,1,switch,e_b_16.png,shape,angular
135225,,c7fbf674-7151-4b31-9215-b4523cffdc16,1,jv1J33p21618245755459,288,figural_mixed,1,,0,green,1308.3999999999069,1,switch,e_g_01.png,color,green
135225,,c7fbf674-7151-4b31-9215-b4523cffdc16,1,jv1J33p21618245755459,289,figural_mixed,1,,0,green,949.7000000008848,1,repetition,e_g_13.png,color,green
135225,,c7fbf674-7151-4b31-9215-b4523cffdc16,1,jv1J33p21618245755459,290,figural_mixed,1,,0,round,831.5999999996275,1,switch,r_b_12.png,shape,round
135225,,c7fbf674-7151-4b31-9215-b4523cffdc16,1,jv1J33p21618245755459,291,figural_mixed,1,,0,blue,1309.4999999993015,1,switch,e_b_08.png,color,blue
135225,,c7fbf674-7151-4b31-9215-b4523cffdc16,1,jv1J33p21618245755459,292,figural_mixed,1,,0,blue,1544.9000000008382,0,repetition,e_g_09.png,color,green
135225,,c7fbf674-7151-4b31-9215-b4523cffdc16,1,jv1J33p21618245755459,293,figural_mixed,1,,0,green,3725.699999999022,1,repetition,r_g_12.png,color,green
135225,,c7fbf674-7151-4b31-9215-b4523cffdc16,1,jv1J33p21618245755459,294,figural_single_2_2,1,,0,blue,1809.8999999985099,1,single,e_b_01.png,color,blue
135225,,c7fbf674-7151-4b31-9215-b4523cffdc16,1,jv1J33p21618245755459,295,figural_single_2_2,1,,0,blue,1086.899999998277,1,single,r_b_03.png,color,blue
135225,,c7fbf674-7151-4b31-9215-b4523cffdc16,1,jv1J33p21618245755459,296,figural_single_2_2,1,,0,green,988.7000000018161,1,single,e_g_01.png,color,green
135225,,c7fbf674-7151-4b31-9215-b4523cffdc16,1,jv1J33p21618245755459,297,figural_single_2_2,1,,0,green,1526.5999999991618,1,single,e_g_13.png,color,green
135225,,c7fbf674-7151-4b31-9215-b4523cffdc16,1,jv1J33p21618245755459,298,figural_single_2_2,1,,0,blue,1324.7999999984168,1,single,r_b_16.png,color,blue
135225,,c7fbf674-7151-4b31-9215-b4523cffdc16,1,jv1J33p21618245755459,299,figural_single_2_2,1,,0,blue,1175.0000000011642,1,single,r_b_07.png,color,blue
135225,,c7fbf674-7151-4b31-9215-b4523cffdc16,1,jv1J33p21618245755459,300,figural_single_2_2,1,,0,green,741.7999999998137,1,single,r_g_08.png,color,green
135225,,c7fbf674-7151-4b31-9215-b4523cffdc16,1,jv1J33p21618245755459,301,figural_single_2_2,1,,0,blue,833.3000000002794,1,single,r_b_09.png,color,blue
135225,,c7fbf674-7151-4b31-9215-b4523cffdc16,1,jv1J33p21618245755459,302,figural_single_2_2,1,,0,green,918.9999999997672,1,single,r_g_02.png,color,green
135225,,c7fbf674-7151-4b31-9215-b4523cffdc16,1,jv1J33p21618245755459,303,figural_single_2_2,1,,0,green,450.3000000002794,1,single,r_g_12.png,color,green
135225,,c7fbf674-7151-4b31-9215-b4523cffdc16,1,jv1J33p21618245755459,304,figural_single_2_2,1,,0,blue,1054.5999999993946,1,single,e_b_08.png,color,blue
135225,,c7fbf674-7151-4b31-9215-b4523cffdc16,1,jv1J33p21618245755459,305,figural_single_2_2,1,,0,green,558.9000000001397,1,single,r_g_04.png,color,green
135225,,c7fbf674-7151-4b31-9215-b4523cffdc16,1,jv1J33p21618245755459,306,figural_single_2_2,1,,0,blue,800.4999999995343,1,single,e_b_03.png,color,blue
135225,,c7fbf674-7151-4b31-9215-b4523cffdc16,1,jv1J33p21618245755459,307,figural_single_2_2,1,,0,blue,608.5999999996275,1,single,e_b_11.png,color,blue
135225,,c7fbf674-7151-4b31-9215-b4523cffdc16,1,jv1J33p21618245755459,308,figural_single_2_2,1,,0,blue,1157.4999999993015,1,single,r_b_14.png,color,blue
135225,,c7fbf674-7151-4b31-9215-b4523cffdc16,1,jv1J33p21618245755459,309,figural_single_2_2,1,,0,green,524.9000000003725,1,single,e_g_07.png,color,green
135225,,c7fbf674-7151-4b31-9215-b4523cffdc16,1,jv1J33p21618245755459,310,figural_single_2_2,1,,0,blue,544.7999999998137,1,single,r_b_13.png,color,blue
135225,,c7fbf674-7151-4b31-9215-b4523cffdc16,1,jv1J33p21618245755459,311,figural_single_2_2,1,,0,green,532.7999999991152,1,single,e_g_16.png,color,green
135225,,c7fbf674-7151-4b31-9215-b4523cffdc16,1,jv1J33p21618245755459,312,figural_single_2_2,1,,0,blue,547.4999999988358,1,single,e_b_14.png,color,blue
135225,,c7fbf674-7151-4b31-9215-b4523cffdc16,1,jv1J33p21618245755459,313,figural_single_2_2,1,,0,green,802.7000000001863,1,single,e_g_12.png,color,green
135225,,c7fbf674-7151-4b31-9215-b4523cffdc16,1,jv1J33p21618245755459,314,figural_single_2_2,1,,0,green,637.0999999998603,1,single,r_g_07.png,color,green
135225,,c7fbf674-7151-4b31-9215-b4523cffdc16,1,jv1J33p21618245755459,315,figural_single_2_2,1,,0,blue,531.6999999994878,1,single,e_b_15.png,color,blue
135225,,c7fbf674-7151-4b31-9215-b4523cffdc16,1,jv1J33p21618245755459,316,figural_single_2_2,1,,0,blue,444.99999999976717,1,single,e_b_05.png,color,blue
135225,,c7fbf674-7151-4b31-9215-b4523cffdc16,1,jv1J33p21618245755459,317,figural_single_2_2,1,,0,green,441.9999999990687,1,single,r_g_15.png,color,green
135225,,c7fbf674-7151-4b31-9215-b4523cffdc16,1,jv1J33p21618245755459,318,figural_single_2_2,1,,0,blue,591.7000000006519,1,single,r_b_06.png,color,blue
135225,,c7fbf674-7151-4b31-9215-b4523cffdc16,1,jv1J33p21618245755459,319,figural_single_2_2,1,,0,green,590.0999999993946,1,single,e_g_02.png,color,green
135225,,c7fbf674-7151-4b31-9215-b4523cffdc16,1,jv1J33p21618245755459,320,figural_single_2_2,1,,0,green,629.600000000326,1,single,r_g_16.png,color,green
135225,,c7fbf674-7151-4b31-9215-b4523cffdc16,1,jv1J33p21618245755459,321,figural_single_2_2,1,,0,blue,490.69999999855645,1,single,e_b_10.png,color,blue
135225,,c7fbf674-7151-4b31-9215-b4523cffdc16,1,jv1J33p21618245755459,322,figural_single_2_2,1,,0,green,588.2999999993481,1,single,e_g_05.png,color,green
135225,,c7fbf674-7151-4b31-9215-b4523cffdc16,1,jv1J33p21618245755459,323,figural_single_2_2,1,,0,green,460.80000000074506,1,single,e_g_03.png,color,green
135225,,c7fbf674-7151-4b31-9215-b4523cffdc16,1,jv1J33p21618245755459,324,figural_single_2_2,1,,0,green,443.69999999995343,1,single,e_g_11.png,color,green
135225,,c7fbf674-7151-4b31-9215-b4523cffdc16,1,jv1J33p21618245755459,325,figural_single_2_2,1,,0,blue,797.5000000006985,1,single,r_b_15.png,color,blue
135225,,c7fbf674-7151-4b31-9215-b4523cffdc16,1,jv1J33p21618245755459,326,figural_single_2_2,1,,0,blue,547.899999999674,1,single,e_b_02.png,color,blue
135225,,c7fbf674-7151-4b31-9215-b4523cffdc16,1,jv1J33p21618245755459,327,figural_single_2_2,1,,0,blue,1504.4999999990687,1,single,r_b_08.png,color,blue
135225,,c7fbf674-7151-4b31-9215-b4523cffdc16,1,jv1J33p21618245755459,328,figural_single_2_2,1,,0,green,535.2000000001863,1,single,e_g_06.png,color,green
135225,,c7fbf674-7151-4b31-9215-b4523cffdc16,1,jv1J33p21618245755459,329,figural_single_2_2,1,,0,blue,554.7999999998137,1,single,e_b_16.png,color,blue
135225,,c7fbf674-7151-4b31-9215-b4523cffdc16,1,jv1J33p21618245755459,330,figural_single_2_2,1,,0,blue,529.3000000000466,1,single,e_b_06.png,color,blue
135225,,c7fbf674-7151-4b31-9215-b4523cffdc16,1,jv1J33p21618245755459,331,figural_single_2_2,1,,0,green,665.3999999999069,1,single,r_g_09.png,color,green
135225,,c7fbf674-7151-4b31-9215-b4523cffdc16,1,jv1J33p21618245755459,332,figural_single_2_2,1,,0,green,1239.6000000007916,1,single,e_g_10.png,color,green
135225,,c7fbf674-7151-4b31-9215-b4523cffdc16,1,jv1J33p21618245755459,333,figural_single_2_2,1,,0,blue,607.5999999991618,1,single,e_b_12.png,color,blue
135225,,c7fbf674-7151-4b31-9215-b4523cffdc16,1,jv1J33p21618245755459,334,figural_single_2_2,1,,0,green,548.1999999992549,1,single,r_g_11.png,color,green
135225,,c7fbf674-7151-4b31-9215-b4523cffdc16,1,jv1J33p21618245755459,335,figural_single_2_2,1,,0,green,565.6000000000931,1,single,r_g_06.png,color,green
135225,,c7fbf674-7151-4b31-9215-b4523cffdc16,1,jv1J33p21618245755459,336,figural_single_2_2,1,,0,green,536.9000000008382,1,single,e_g_04.png,color,green
135225,,c7fbf674-7151-4b31-9215-b4523cffdc16,1,jv1J33p21618245755459,337,figural_single_2_2,1,,0,blue,500.10000000102445,1,single,r_b_01.png,color,blue
135225,,c7fbf674-7151-4b31-9215-b4523cffdc16,1,jv1J33p21618245755459,338,figural_single_2_2,1,,0,green,684.7999999991152,1,single,r_g_03.png,color,green
135225,,c7fbf674-7151-4b31-9215-b4523cffdc16,1,jv1J33p21618245755459,339,figural_single_2_2,1,,0,blue,526.9000000006054,1,single,e_b_04.png,color,blue
135225,,c7fbf674-7151-4b31-9215-b4523cffdc16,1,jv1J33p21618245755459,340,figural_single_2_2,1,,0,blue,427.1000000007916,1,single,r_b_12.png,color,blue
135225,,c7fbf674-7151-4b31-9215-b4523cffdc16,1,jv1J33p21618245755459,341,figural_single_2_2,1,,0,green,539.399999999674,1,single,r_g_13.png,color,green
135225,,c7fbf674-7151-4b31-9215-b4523cffdc16,1,jv1J33p21618245755459,342,figural_single_2_2,1,,0,blue,651.6999999985565,1,single,r_b_02.png,color,blue
135225,,c7fbf674-7151-4b31-9215-b4523cffdc16,1,jv1J33p21618245755459,343,figural_single_2_2,1,,0,green,528.400000001071,1,single,e_g_09.png,color,green
135225,,c7fbf674-7151-4b31-9215-b4523cffdc16,1,jv1J33p21618245755459,344,figural_single_2_2,1,,0,green,475.8999999994412,1,single,e_g_15.png,color,green
135225,,c7fbf674-7151-4b31-9215-b4523cffdc16,1,jv1J33p21618245755459,345,figural_single_2_2,1,,0,green,519.0000000002328,1,single,e_g_08.png,color,green
135225,,c7fbf674-7151-4b31-9215-b4523cffdc16,1,jv1J33p21618245755459,346,figural_single_2_2,1,,0,blue,634.3000000014435,1,single,r_b_05.png,color,blue
135225,,c7fbf674-7151-4b31-9215-b4523cffdc16,1,jv1J33p21618245755459,347,figural_single_2_2,1,,0,green,558.9000000001397,1,single,r_g_14.png,color,green
135225,,c7fbf674-7151-4b31-9215-b4523cffdc16,1,jv1J33p21618245755459,348,figural_single_2_2,1,,0,blue,638.2999999988824,1,single,r_b_04.png,color,blue
135225,,c7fbf674-7151-4b31-9215-b4523cffdc16,1,jv1J33p21618245755459,349,figural_single_2_2,1,,0,green,459.5000000009313,1,single,r_g_10.png,color,green
135225,,c7fbf674-7151-4b31-9215-b4523cffdc16,1,jv1J33p21618245755459,350,figural_single_2_2,1,,0,green,437,1,single,r_g_01.png,color,green
135225,,c7fbf674-7151-4b31-9215-b4523cffdc16,1,jv1J33p21618245755459,351,figural_single_2_2,1,,0,blue,526.0000000016298,1,single,r_b_11.png,color,blue
135225,,c7fbf674-7151-4b31-9215-b4523cffdc16,1,jv1J33p21618245755459,352,figural_single_2_2,1,,0,green,524.4000000003725,1,single,r_g_05.png,color,green
135225,,c7fbf674-7151-4b31-9215-b4523cffdc16,1,jv1J33p21618245755459,353,figural_single_2_2,1,,0,blue,697.7999999998137,1,single,r_b_10.png,color,blue
135225,,c7fbf674-7151-4b31-9215-b4523cffdc16,1,jv1J33p21618245755459,354,figural_single_2_2,1,,0,blue,661.0000000002328,1,single,e_b_13.png,color,blue
135225,,c7fbf674-7151-4b31-9215-b4523cffdc16,1,jv1J33p21618245755459,355,figural_single_2_2,1,,0,green,487.10000000032596,1,single,e_g_14.png,color,green
135225,,c7fbf674-7151-4b31-9215-b4523cffdc16,1,jv1J33p21618245755459,356,figural_single_2_2,1,,0,blue,542.3999999985099,1,single,e_b_07.png,color,blue
135225,,c7fbf674-7151-4b31-9215-b4523cffdc16,1,jv1J33p21618245755459,357,figural_single_2_2,1,,0,blue,605.6000000007916,1,single,e_b_09.png,color,blue
135225,,c7fbf674-7151-4b31-9215-b4523cffdc16,1,jv1J33p21618245755459,358,figural_single_1_2,1,,0,angular,1579.7000000001863,1,single,e_g_11.png,shape,angular
135225,,c7fbf674-7151-4b31-9215-b4523cffdc16,1,jv1J33p21618245755459,359,figural_single_1_2,1,,0,round,1640.6999999997206,1,single,r_b_16.png,shape,round
135225,,c7fbf674-7151-4b31-9215-b4523cffdc16,1,jv1J33p21618245755459,360,figural_single_1_2,1,,0,angular,896.8000000005122,1,single,e_b_10.png,shape,angular
135225,,c7fbf674-7151-4b31-9215-b4523cffdc16,1,jv1J33p21618245755459,361,figural_single_1_2,1,,0,round,1149.5999999986961,1,single,r_b_02.png,shape,round
135225,,c7fbf674-7151-4b31-9215-b4523cffdc16,1,jv1J33p21618245755459,362,figural_single_1_2,1,,0,round,623.7999999993481,1,single,r_g_08.png,shape,round
135225,,c7fbf674-7151-4b31-9215-b4523cffdc16,1,jv1J33p21618245755459,363,figural_single_1_2,1,,0,angular,1437.9000000008382,1,single,e_g_02.png,shape,angular
135225,,c7fbf674-7151-4b31-9215-b4523cffdc16,1,jv1J33p21618245755459,364,figural_single_1_2,1,,0,round,665.1999999997206,1,single,r_g_05.png,shape,round
135225,,c7fbf674-7151-4b31-9215-b4523cffdc16,1,jv1J33p21618245755459,365,figural_single_1_2,1,,0,angular,581.7000000006519,1,single,e_b_15.png,shape,angular
135225,,c7fbf674-7151-4b31-9215-b4523cffdc16,1,jv1J33p21618245755459,366,figural_single_1_2,1,,0,round,767.7999999993481,1,single,r_b_09.png,shape,round
135225,,c7fbf674-7151-4b31-9215-b4523cffdc16,1,jv1J33p21618245755459,367,figural_single_1_2,1,,0,angular,648.3999999999069,1,single,e_b_12.png,shape,angular
135225,,c7fbf674-7151-4b31-9215-b4523cffdc16,1,jv1J33p21618245755459,368,figural_single_1_2,1,,0,angular,730.2000000001863,1,single,e_g_15.png,shape,angular
135225,,c7fbf674-7151-4b31-9215-b4523cffdc16,1,jv1J33p21618245755459,369,figural_single_1_2,1,,0,round,675.5000000009313,1,single,r_g_04.png,shape,round
135225,,c7fbf674-7151-4b31-9215-b4523cffdc16,1,jv1J33p21618245755459,370,figural_single_1_2,1,,0,angular,604.6999999997206,1,single,e_b_14.png,shape,angular
135225,,c7fbf674-7151-4b31-9215-b4523cffdc16,1,jv1J33p21618245755459,371,figural_single_1_2,1,,0,angular,765.9000000003725,1,single,e_b_02.png,shape,angular
135225,,c7fbf674-7151-4b31-9215-b4523cffdc16,1,jv1J33p21618245755459,372,figural_single_1_2,1,,0,round,625.2000000006519,1,single,r_g_15.png,shape,round
135225,,c7fbf674-7151-4b31-9215-b4523cffdc16,1,jv1J33p21618245755459,373,figural_single_1_2,1,,0,angular,533.4999999995343,1,single,e_b_11.png,shape,angular
135225,,c7fbf674-7151-4b31-9215-b4523cffdc16,1,jv1J33p21618245755459,374,figural_single_1_2,1,,0,round,788.3000000002794,1,single,r_b_07.png,shape,round
135225,,c7fbf674-7151-4b31-9215-b4523cffdc16,1,jv1J33p21618245755459,375,figural_single_1_2,1,,0,round,724.7000000006519,1,single,r_g_06.png,shape,round
135225,,c7fbf674-7151-4b31-9215-b4523cffdc16,1,jv1J33p21618245755459,376,figural_single_1_2,1,,0,round,612.2000000011176,1,single,r_g_02.png,shape,round
135225,,c7fbf674-7151-4b31-9215-b4523cffdc16,1,jv1J33p21618245755459,377,figural_single_1_2,1,,0,angular,584.3999999994412,1,single,e_b_09.png,shape,angular
135225,,c7fbf674-7151-4b31-9215-b4523cffdc16,1,jv1J33p21618245755459,378,figural_single_1_2,1,,0,round,665.1000000000931,1,single,r_b_15.png,shape,round
135225,,c7fbf674-7151-4b31-9215-b4523cffdc16,1,jv1J33p21618245755459,379,figural_single_1_2,1,,0,angular,706.0999999996275,1,single,e_g_14.png,shape,angular
135225,,c7fbf674-7151-4b31-9215-b4523cffdc16,1,jv1J33p21618245755459,380,figural_single_1_2,1,,0,round,589,1,single,r_b_04.png,shape,round
135225,,c7fbf674-7151-4b31-9215-b4523cffdc16,1,jv1J33p21618245755459,381,figural_single_1_2,1,,0,round,1270.200000000652,1,single,r_g_09.png,shape,round
135225,,c7fbf674-7151-4b31-9215-b4523cffdc16,1,jv1J33p21618245755459,382,figural_single_1_2,1,,0,angular,788.8999999994412,1,single,e_g_03.png,shape,angular
135225,,c7fbf674-7151-4b31-9215-b4523cffdc16,1,jv1J33p21618245755459,383,figural_single_1_2,1,,0,round,1068.8999999999069,1,single,r_b_13.png,shape,round
135225,,c7fbf674-7151-4b31-9215-b4523cffdc16,1,jv1J33p21618245755459,384,figural_single_1_2,1,,0,round,771.8000000002794,1,single,r_b_03.png,shape,round
135225,,c7fbf674-7151-4b31-9215-b4523cffdc16,1,jv1J33p21618245755459,385,figural_single_1_2,1,,0,round,553,1,single,r_g_14.png,shape,round
135225,,c7fbf674-7151-4b31-9215-b4523cffdc16,1,jv1J33p21618245755459,386,figural_single_1_2,1,,0,angular,594.3000000002794,1,single,e_b_05.png,shape,angular
135225,,c7fbf674-7151-4b31-9215-b4523cffdc16,1,jv1J33p21618245755459,387,figural_single_1_2,1,,0,round,730.6000000005588,1,single,r_b_10.png,shape,round
135225,,c7fbf674-7151-4b31-9215-b4523cffdc16,1,jv1J33p21618245755459,388,figural_single_1_2,1,,0,round,530.3999999999069,1,single,r_b_12.png,shape,round
135225,,c7fbf674-7151-4b31-9215-b4523cffdc16,1,jv1J33p21618245755459,389,figural_single_1_2,1,,0,round,1633.5,1,single,r_b_14.png,shape,round
135225,,c7fbf674-7151-4b31-9215-b4523cffdc16,1,jv1J33p21618245755459,390,figural_single_1_2,1,,0,angular,712.1999999997206,1,single,e_g_16.png,shape,angular
135225,,c7fbf674-7151-4b31-9215-b4523cffdc16,1,jv1J33p21618245755459,391,figural_single_1_2,1,,0,round,549.6000000000931,1,single,r_g_12.png,shape,round
135225,,c7fbf674-7151-4b31-9215-b4523cffdc16,1,jv1J33p21618245755459,392,figural_single_1_2,1,,0,round,656.2000000011176,1,single,r_g_11.png,shape,round
135225,,c7fbf674-7151-4b31-9215-b4523cffdc16,1,jv1J33p21618245755459,393,figural_single_1_2,1,,0,angular,699.0999999996275,1,single,e_b_03.png,shape,angular
135225,,c7fbf674-7151-4b31-9215-b4523cffdc16,1,jv1J33p21618245755459,394,figural_single_1_2,1,,0,angular,884.2999999998137,1,single,e_b_04.png,shape,angular
135225,,c7fbf674-7151-4b31-9215-b4523cffdc16,1,jv1J33p21618245755459,395,figural_single_1_2,1,,0,angular,1548.4999999990687,0,single,r_b_11.png,shape,round
135225,,c7fbf674-7151-4b31-9215-b4523cffdc16,1,jv1J33p21618245755459,396,figural_single_1_2,1,,0,angular,1966.3000000002794,1,single,e_g_05.png,shape,angular
135225,,c7fbf674-7151-4b31-9215-b4523cffdc16,1,jv1J33p21618245755459,397,figural_single_1_2,1,,0,angular,701.9999999995343,1,single,e_b_16.png,shape,angular
135225,,c7fbf674-7151-4b31-9215-b4523cffdc16,1,jv1J33p21618245755459,398,figural_single_1_2,1,,0,angular,507.99999999953434,1,single,e_g_13.png,shape,angular
135225,,c7fbf674-7151-4b31-9215-b4523cffdc16,1,jv1J33p21618245755459,399,figural_single_1_2,1,,0,angular,1012.8000000002794,0,single,r_g_01.png,shape,round
135225,,c7fbf674-7151-4b31-9215-b4523cffdc16,1,jv1J33p21618245755459,400,figural_single_1_2,1,,0,angular,885.5000000004657,1,single,e_b_08.png,shape,angular
135225,,c7fbf674-7151-4b31-9215-b4523cffdc16,1,jv1J33p21618245755459,401,figural_single_1_2,1,,0,angular,590.6000000014901,1,single,e_g_10.png,shape,angular
135225,,c7fbf674-7151-4b31-9215-b4523cffdc16,1,jv1J33p21618245755459,402,figural_single_1_2,1,,0,round,996.9000000003725,1,single,r_g_13.png,shape,round
135225,,c7fbf674-7151-4b31-9215-b4523cffdc16,1,jv1J33p21618245755459,403,figural_single_1_2,1,,0,angular,611.5000000009313,1,single,e_b_01.png,shape,angular
135225,,c7fbf674-7151-4b31-9215-b4523cffdc16,1,jv1J33p21618245755459,404,figural_single_1_2,1,,0,angular,941.6000000000931,1,single,e_b_06.png,shape,angular
135225,,c7fbf674-7151-4b31-9215-b4523cffdc16,1,jv1J33p21618245755459,405,figural_single_1_2,1,,0,round,611.6000000000931,1,single,r_g_10.png,shape,round
135225,,c7fbf674-7151-4b31-9215-b4523cffdc16,1,jv1J33p21618245755459,406,figural_single_1_2,1,,0,angular,583.7000000011176,1,single,e_g_08.png,shape,angular
135225,,c7fbf674-7151-4b31-9215-b4523cffdc16,1,jv1J33p21618245755459,407,figural_single_1_2,1,,0,angular,615.9000000003725,1,single,e_g_07.png,shape,angular
135225,,c7fbf674-7151-4b31-9215-b4523cffdc16,1,jv1J33p21618245755459,408,figural_single_1_2,1,,0,round,773.2000000015832,1,single,r_b_06.png,shape,round
135225,,c7fbf674-7151-4b31-9215-b4523cffdc16,1,jv1J33p21618245755459,409,figural_single_1_2,1,,0,angular,601.6999999992549,1,single,e_g_09.png,shape,angular
135225,,c7fbf674-7151-4b31-9215-b4523cffdc16,1,jv1J33p21618245755459,410,figural_single_1_2,1,,0,round,1058.7999999988824,1,single,r_b_01.png,shape,round
135225,,c7fbf674-7151-4b31-9215-b4523cffdc16,1,jv1J33p21618245755459,411,figural_single_1_2,1,,0,angular,452.90000000037253,1,single,e_b_13.png,shape,angular
135225,,c7fbf674-7151-4b31-9215-b4523cffdc16,1,jv1J33p21618245755459,412,figural_single_1_2,1,,0,angular,832.6000000000931,1,single,e_g_04.png,shape,angular
135225,,c7fbf674-7151-4b31-9215-b4523cffdc16,1,jv1J33p21618245755459,413,figural_single_1_2,1,,0,angular,574.3999999994412,1,single,e_g_12.png,shape,angular
135225,,c7fbf674-7151-4b31-9215-b4523cffdc16,1,jv1J33p21618245755459,414,figural_single_1_2,1,,0,round,576.7000000015832,1,single,r_b_08.png,shape,round
135225,,c7fbf674-7151-4b31-9215-b4523cffdc16,1,jv1J33p21618245755459,415,figural_single_1_2,1,,0,angular,451.5000000009313,1,single,e_b_07.png,shape,angular
135225,,c7fbf674-7151-4b31-9215-b4523cffdc16,1,jv1J33p21618245755459,416,figural_single_1_2,1,,0,round,678.2000000006519,1,single,r_g_03.png,shape,round
135225,,c7fbf674-7151-4b31-9215-b4523cffdc16,1,jv1J33p21618245755459,417,figural_single_1_2,1,,0,angular,1484.499999998603,1,single,e_g_06.png,shape,angular
135225,,c7fbf674-7151-4b31-9215-b4523cffdc16,1,jv1J33p21618245755459,418,figural_single_1_2,1,,0,round,3635.7999999998137,1,single,r_g_16.png,shape,round
135225,,c7fbf674-7151-4b31-9215-b4523cffdc16,1,jv1J33p21618245755459,419,figural_single_1_2,1,,0,round,1564.5000000004657,1,single,r_b_05.png,shape,round
135225,,c7fbf674-7151-4b31-9215-b4523cffdc16,1,jv1J33p21618245755459,420,figural_single_1_2,1,,0,angular,827.2999999988824,1,single,e_g_01.png,shape,angular
135225,,c7fbf674-7151-4b31-9215-b4523cffdc16,1,jv1J33p21618245755459,421,figural_single_1_2,1,,0,round,1178.2000000001863,1,single,r_g_07.png,shape,round