userCode,extId,moduleId,sessionId,sessionToken,trialId,executableId,session.complete,session.condition,session.forceExit,givenResponse,reactionTime,score,shiftingType,stimulusValue,stimulusType,correctResponse
135229,,c7fbf674-7151-4b31-9215-b4523cffdc16,1,zivDDe0q1618257507861,1,figural_single_1_practice,1,,0,round,1239.6000000007916,1,single,r_b_10.png,shape,round
135229,,c7fbf674-7151-4b31-9215-b4523cffdc16,1,zivDDe0q1618257507861,2,figural_single_1_practice,1,,0,angular,596.1999999999534,1,single,e_b_09.png,shape,angular
135229,,c7fbf674-7151-4b31-9215-b4523cffdc16,1,zivDDe0q1618257507861,3,figural_single_1_practice,1,,0,round,644.5000000021537,1,single,r_b_11.png,shape,round
135229,,c7fbf674-7151-4b31-9215-b4523cffdc16,1,zivDDe0q1618257507861,4,figural_single_1_practice,1,,0,round,600.5000000004657,1,single,r_g_05.png,shape,round
135229,,c7fbf674-7151-4b31-9215-b4523cffdc16,1,zivDDe0q1618257507861,5,figural_single_1_practice,1,,0,angular,511.8000000002212,1,single,e_b_14.png,shape,angular
135229,,c7fbf674-7151-4b31-9215-b4523cffdc16,1,zivDDe0q1618257507861,6,figural_single_1_practice,1,,0,angular,431.5000000024156,1,single,e_g_07.png,shape,angular
135229,,c7fbf674-7151-4b31-9215-b4523cffdc16,1,zivDDe0q1618257507861,7,figural_single_1_practice,1,,0,angular,617.5999999977648,1,single,e_g_12.png,shape,angular
135229,,c7fbf674-7151-4b31-9215-b4523cffdc16,1,zivDDe0q1618257507861,8,figural_single_1_practice,1,,0,round,629.400000001624,1,single,r_b_16.png,shape,round
135229,,c7fbf674-7151-4b31-9215-b4523cffdc16,1,zivDDe0q1618257507861,9,figural_single_1_practice,1,,0,angular,590.7000000006519,0,single,r_g_02.png,shape,round
135229,,c7fbf674-7151-4b31-9215-b4523cffdc16,1,zivDDe0q1618257507861,10,figural_single_1_practice,1,,0,angular,763.4999999972933,1,single,e_b_04.png,shape,angular
135229,,c7fbf674-7151-4b31-9215-b4523cffdc16,1,zivDDe0q1618257507861,11,figural_single_1_practice,1,,0,angular,673.2000000010885,1,single,e_g_06.png,shape,angular
135229,,c7fbf674-7151-4b31-9215-b4523cffdc16,1,zivDDe0q1618257507861,12,figural_single_1_practice,1,,0,round,703.1999999999243,1,single,r_g_15.png,shape,round
135229,,c7fbf674-7151-4b31-9215-b4523cffdc16,1,zivDDe0q1618257507861,13,figural_single_1_1,1,,0,round,665.0000000008731,1,single,r_b_01.png,shape,round
135229,,c7fbf674-7151-4b31-9215-b4523cffdc16,1,zivDDe0q1618257507861,14,figural_single_1_1,1,,0,angular,491.5000000000873,1,single,e_g_11.png,shape,angular
135229,,c7fbf674-7151-4b31-9215-b4523cffdc16,1,zivDDe0q1618257507861,15,figural_single_1_1,1,,0,round,494.0000000024156,1,single,r_b_10.png,shape,round
135229,,c7fbf674-7151-4b31-9215-b4523cffdc16,1,zivDDe0q1618257507861,16,figural_single_1_1,1,,0,round,581.6000000013446,1,single,r_b_06.png,shape,round
135229,,c7fbf674-7151-4b31-9215-b4523cffdc16,1,zivDDe0q1618257507861,17,figural_single_1_1,1,,0,angular,489.09999999887077,1,single,e_g_07.png,shape,angular
135229,,c7fbf674-7151-4b31-9215-b4523cffdc16,1,zivDDe0q1618257507861,18,figural_single_1_1,1,,0,angular,500.4999999982829,1,single,e_g_13.png,shape,angular
135229,,c7fbf674-7151-4b31-9215-b4523cffdc16,1,zivDDe0q1618257507861,19,figural_single_1_1,1,,0,round,621.9999999993888,1,single,r_g_06.png,shape,round
135229,,c7fbf674-7151-4b31-9215-b4523cffdc16,1,zivDDe0q1618257507861,20,figural_single_1_1,1,,0,angular,626.299999999901,1,single,e_g_16.png,shape,angular
135229,,c7fbf674-7151-4b31-9215-b4523cffdc16,1,zivDDe0q1618257507861,21,figural_single_1_1,1,,0,angular,517.8999999989173,1,single,e_b_09.png,shape,angular
135229,,c7fbf674-7151-4b31-9215-b4523cffdc16,1,zivDDe0q1618257507861,22,figural_single_1_1,1,,0,angular,586.699999999837,1,single,e_b_08.png,shape,angular
135229,,c7fbf674-7151-4b31-9215-b4523cffdc16,1,zivDDe0q1618257507861,23,figural_single_1_1,1,,0,round,564.4000000029337,1,single,r_b_12.png,shape,round
135229,,c7fbf674-7151-4b31-9215-b4523cffdc16,1,zivDDe0q1618257507861,24,figural_single_1_1,1,,0,angular,710.6999999996333,1,single,e_b_10.png,shape,angular
135229,,c7fbf674-7151-4b31-9215-b4523cffdc16,1,zivDDe0q1618257507861,25,figural_single_1_1,1,,0,angular,557.199999999284,1,single,e_b_05.png,shape,angular
135229,,c7fbf674-7151-4b31-9215-b4523cffdc16,1,zivDDe0q1618257507861,26,figural_single_1_1,1,,0,round,631.0000000012224,1,single,r_b_13.png,shape,round
135229,,c7fbf674-7151-4b31-9215-b4523cffdc16,1,zivDDe0q1618257507861,27,figural_single_1_1,1,,0,angular,666.9999999976426,0,single,r_g_15.png,shape,round
135229,,c7fbf674-7151-4b31-9215-b4523cffdc16,1,zivDDe0q1618257507861,28,figural_single_1_1,1,,0,angular,601.2999999984459,1,single,e_g_09.png,shape,angular
135229,,c7fbf674-7151-4b31-9215-b4523cffdc16,1,zivDDe0q1618257507861,29,figural_single_1_1,1,,0,round,524.4999999995343,1,single,r_g_02.png,shape,round
135229,,c7fbf674-7151-4b31-9215-b4523cffdc16,1,zivDDe0q1618257507861,30,figural_single_1_1,1,,0,round,498.9999999997963,1,single,r_b_07.png,shape,round
135229,,c7fbf674-7151-4b31-9215-b4523cffdc16,1,zivDDe0q1618257507861,31,figural_single_1_1,1,,0,angular,602.1999999975378,1,single,e_b_06.png,shape,angular
135229,,c7fbf674-7151-4b31-9215-b4523cffdc16,1,zivDDe0q1618257507861,32,figural_single_1_1,1,,0,round,554.8000000017055,1,single,r_b_16.png,shape,round
135229,,c7fbf674-7151-4b31-9215-b4523cffdc16,1,zivDDe0q1618257507861,33,figural_single_1_1,1,,0,round,564.0999999995984,1,single,r_b_02.png,shape,round
135229,,c7fbf674-7151-4b31-9215-b4523cffdc16,1,zivDDe0q1618257507861,34,figural_single_1_1,1,,0,angular,573.1000000014319,1,single,e_g_06.png,shape,angular
135229,,c7fbf674-7151-4b31-9215-b4523cffdc16,1,zivDDe0q1618257507861,35,figural_single_1_1,1,,0,round,547.6000000016938,1,single,r_g_03.png,shape,round
135229,,c7fbf674-7151-4b31-9215-b4523cffdc16,1,zivDDe0q1618257507861,36,figural_single_1_1,1,,0,angular,662.0000000002619,1,single,e_g_05.png,shape,angular
135229,,c7fbf674-7151-4b31-9215-b4523cffdc16,1,zivDDe0q1618257507861,37,figural_single_1_1,1,,0,angular,671.5000000003783,1,single,e_b_13.png,shape,angular
135229,,c7fbf674-7151-4b31-9215-b4523cffdc16,1,zivDDe0q1618257507861,38,figural_single_1_1,1,,0,angular,718.0000000007567,1,single,e_g_15.png,shape,angular
135229,,c7fbf674-7151-4b31-9215-b4523cffdc16,1,zivDDe0q1618257507861,39,figural_single_1_1,1,,0,round,664.8999999997613,1,single,r_g_08.png,shape,round
135229,,c7fbf674-7151-4b31-9215-b4523cffdc16,1,zivDDe0q1618257507861,40,figural_single_1_1,1,,0,round,619.299999998475,1,single,r_b_05.png,shape,round
135229,,c7fbf674-7151-4b31-9215-b4523cffdc16,1,zivDDe0q1618257507861,41,figural_single_1_1,1,,0,angular,595.8000000027823,1,single,e_b_02.png,shape,angular
135229,,c7fbf674-7151-4b31-9215-b4523cffdc16,1,zivDDe0q1618257507861,42,figural_single_1_1,1,,0,angular,661.5000000019791,1,single,e_g_14.png,shape,angular
135229,,c7fbf674-7151-4b31-9215-b4523cffdc16,1,zivDDe0q1618257507861,43,figural_single_1_1,1,,0,round,560.0999999987835,1,single,r_b_03.png,shape,round
135229,,c7fbf674-7151-4b31-9215-b4523cffdc16,1,zivDDe0q1618257507861,44,figural_single_1_1,1,,0,angular,717.000000000553,1,single,e_b_14.png,shape,angular
135229,,c7fbf674-7151-4b31-9215-b4523cffdc16,1,zivDDe0q1618257507861,45,figural_single_1_1,1,,0,angular,880.9000000001106,1,single,e_b_04.png,shape,angular
135229,,c7fbf674-7151-4b31-9215-b4523cffdc16,1,zivDDe0q1618257507861,46,figural_single_1_1,1,,0,angular,603.899999998248,1,single,e_b_03.png,shape,angular
135229,,c7fbf674-7151-4b31-9215-b4523cffdc16,1,zivDDe0q1618257507861,47,figural_single_1_1,1,,0,round,651.5999999974156,1,single,r_g_16.png,shape,round
135229,,c7fbf674-7151-4b31-9215-b4523cffdc16,1,zivDDe0q1618257507861,48,figural_single_1_1,1,,0,round,654.0999999997439,1,single,r_g_13.png,shape,round
135229,,c7fbf674-7151-4b31-9215-b4523cffdc16,1,zivDDe0q1618257507861,49,figural_single_1_1,1,,0,round,668.2000000000698,1,single,r_g_14.png,shape,round
135229,,c7fbf674-7151-4b31-9215-b4523cffdc16,1,zivDDe0q1618257507861,50,figural_single_1_1,1,,0,angular,616.7000000023108,1,single,e_g_08.png,shape,angular
135229,,c7fbf674-7151-4b31-9215-b4523cffdc16,1,zivDDe0q1618257507861,51,figural_single_1_1,1,,0,round,683.099999998376,1,single,r_g_09.png,shape,round
135229,,c7fbf674-7151-4b31-9215-b4523cffdc16,1,zivDDe0q1618257507861,52,figural_single_1_1,1,,0,angular,633.4000000024389,1,single,e_g_04.png,shape,angular
135229,,c7fbf674-7151-4b31-9215-b4523cffdc16,1,zivDDe0q1618257507861,53,figural_single_1_1,1,,0,angular,956.1000000030617,1,single,e_b_15.png,shape,angular
135229,,c7fbf674-7151-4b31-9215-b4523cffdc16,1,zivDDe0q1618257507861,54,figural_single_1_1,1,,0,round,543.7999999994645,1,single,r_g_04.png,shape,round
135229,,c7fbf674-7151-4b31-9215-b4523cffdc16,1,zivDDe0q1618257507861,55,figural_single_1_1,1,,0,angular,572.3000000034517,1,single,e_b_07.png,shape,angular
135229,,c7fbf674-7151-4b31-9215-b4523cffdc16,1,zivDDe0q1618257507861,56,figural_single_1_1,1,,0,angular,603.8000000007742,1,single,e_b_16.png,shape,angular
135229,,c7fbf674-7151-4b31-9215-b4523cffdc16,1,zivDDe0q1618257507861,57,figural_single_1_1,1,,0,round,668.4999999997672,1,single,r_b_08.png,shape,round
135229,,c7fbf674-7151-4b31-9215-b4523cffdc16,1,zivDDe0q1618257507861,58,figural_single_1_1,1,,0,angular,595.9999999977299,1,single,e_g_12.png,shape,angular
135229,,c7fbf674-7151-4b31-9215-b4523cffdc16,1,zivDDe0q1618257507861,59,figural_single_1_1,1,,0,round,680.5999999996857,1,single,r_b_14.png,shape,round
135229,,c7fbf674-7151-4b31-9215-b4523cffdc16,1,zivDDe0q1618257507861,60,figural_single_1_1,1,,0,round,747.6999999998952,1,single,r_g_05.png,shape,round
135229,,c7fbf674-7151-4b31-9215-b4523cffdc16,1,zivDDe0q1618257507861,61,figural_single_1_1,1,,0,round,567.1999999976833,1,single,r_g_01.png,shape,round
135229,,c7fbf674-7151-4b31-9215-b4523cffdc16,1,zivDDe0q1618257507861,62,figural_single_1_1,1,,0,angular,639.100000000326,1,single,e_g_02.png,shape,angular
135229,,c7fbf674-7151-4b31-9215-b4523cffdc16,1,zivDDe0q1618257507861,63,figural_single_1_1,1,,0,round,624.100000000908,1,single,r_g_11.png,shape,round
135229,,c7fbf674-7151-4b31-9215-b4523cffdc16,1,zivDDe0q1618257507861,64,figural_single_1_1,1,,0,round,536.2999999997555,1,single,r_g_10.png,shape,round
135229,,c7fbf674-7151-4b31-9215-b4523cffdc16,1,zivDDe0q1618257507861,65,figural_single_1_1,1,,0,round,544.5999999974447,1,single,r_b_04.png,shape,round
135229,,c7fbf674-7151-4b31-9215-b4523cffdc16,1,zivDDe0q1618257507861,66,figural_single_1_1,1,,0,angular,628.099999998085,1,single,e_g_01.png,shape,angular
135229,,c7fbf674-7151-4b31-9215-b4523cffdc16,1,zivDDe0q1618257507861,67,figural_single_1_1,1,,0,round,679.8000000017055,1,single,r_b_09.png,shape,round
135229,,c7fbf674-7151-4b31-9215-b4523cffdc16,1,zivDDe0q1618257507861,68,figural_single_1_1,1,,0,round,719.7000000014668,1,single,r_b_15.png,shape,round
135229,,c7fbf674-7151-4b31-9215-b4523cffdc16,1,zivDDe0q1618257507861,69,figural_single_1_1,1,,0,round,606.7000000002736,1,single,r_g_07.png,shape,round
135229,,c7fbf674-7151-4b31-9215-b4523cffdc16,1,zivDDe0q1618257507861,70,figural_single_1_1,1,,0,angular,604.3999999965308,1,single,e_b_01.png,shape,angular
135229,,c7fbf674-7151-4b31-9215-b4523cffdc16,1,zivDDe0q1618257507861,71,figural_single_1_1,1,,0,angular,643.2999999997264,1,single,e_b_12.png,shape,angular
135229,,c7fbf674-7151-4b31-9215-b4523cffdc16,1,zivDDe0q1618257507861,72,figural_single_1_1,1,,0,round,576.0999999984051,1,single,r_b_11.png,shape,round
135229,,c7fbf674-7151-4b31-9215-b4523cffdc16,1,zivDDe0q1618257507861,73,figural_single_1_1,1,,0,round,549.8999999981606,1,single,r_g_12.png,shape,round
135229,,c7fbf674-7151-4b31-9215-b4523cffdc16,1,zivDDe0q1618257507861,74,figural_single_1_1,1,,0,angular,601.2000000009721,1,single,e_g_03.png,shape,angular
135229,,c7fbf674-7151-4b31-9215-b4523cffdc16,1,zivDDe0q1618257507861,75,figural_single_1_1,1,,0,angular,654.8000000002503,1,single,e_g_10.png,shape,angular
135229,,c7fbf674-7151-4b31-9215-b4523cffdc16,1,zivDDe0q1618257507861,76,figural_single_1_1,1,,0,angular,548.6999999993714,1,single,e_b_11.png,shape,angular
135229,,c7fbf674-7151-4b31-9215-b4523cffdc16,1,zivDDe0q1618257507861,77,figural_single_2_practice,1,,0,blue,698.8999999994121,1,single,r_b_07.png,color,blue
135229,,c7fbf674-7151-4b31-9215-b4523cffdc16,1,zivDDe0q1618257507861,78,figural_single_2_practice,1,,0,green,1701.4999999992142,1,single,r_g_09.png,color,green
135229,,c7fbf674-7151-4b31-9215-b4523cffdc16,1,zivDDe0q1618257507861,79,figural_single_2_practice,1,,0,green,514.500000001135,1,single,e_g_04.png,color,green
135229,,c7fbf674-7151-4b31-9215-b4523cffdc16,1,zivDDe0q1618257507861,80,figural_single_2_practice,1,,0,blue,834.9999999991269,1,single,r_b_14.png,color,blue
135229,,c7fbf674-7151-4b31-9215-b4523cffdc16,1,zivDDe0q1618257507861,81,figural_single_2_practice,1,,0,blue,685.300000001007,1,single,e_b_06.png,color,blue
135229,,c7fbf674-7151-4b31-9215-b4523cffdc16,1,zivDDe0q1618257507861,82,figural_single_2_practice,1,,0,green,626.299999999901,1,single,e_g_10.png,color,green
135229,,c7fbf674-7151-4b31-9215-b4523cffdc16,1,zivDDe0q1618257507861,83,figural_single_2_practice,1,,0,blue,1094.7999999989406,1,single,e_b_16.png,color,blue
135229,,c7fbf674-7151-4b31-9215-b4523cffdc16,1,zivDDe0q1618257507861,84,figural_single_2_practice,1,,0,green,521.3999999978114,1,single,e_g_08.png,color,green
135229,,c7fbf674-7151-4b31-9215-b4523cffdc16,1,zivDDe0q1618257507861,85,figural_single_2_practice,1,,0,blue,432.3999999978696,1,single,e_b_02.png,color,blue
135229,,c7fbf674-7151-4b31-9215-b4523cffdc16,1,zivDDe0q1618257507861,86,figural_single_2_practice,1,,0,green,509.79999999981374,1,single,r_g_03.png,color,green
135229,,c7fbf674-7151-4b31-9215-b4523cffdc16,1,zivDDe0q1618257507861,87,figural_single_2_practice,1,,0,blue,529.9000000013621,1,single,r_b_13.png,color,blue
135229,,c7fbf674-7151-4b31-9215-b4523cffdc16,1,zivDDe0q1618257507861,88,figural_single_2_practice,1,,0,green,488.9000000002852,1,single,r_g_01.png,color,green
135229,,c7fbf674-7151-4b31-9215-b4523cffdc16,1,zivDDe0q1618257507861,89,figural_single_2_1,1,,0,green,1415.6000000002678,1,single,r_g_07.png,color,green
135229,,c7fbf674-7151-4b31-9215-b4523cffdc16,1,zivDDe0q1618257507861,90,figural_single_2_1,1,,0,blue,1192.9000000018277,1,single,r_b_03.png,color,blue
135229,,c7fbf674-7151-4b31-9215-b4523cffdc16,1,zivDDe0q1618257507861,91,figural_single_2_1,1,,0,green,868.8000000001921,1,single,r_g_08.png,color,green
135229,,c7fbf674-7151-4b31-9215-b4523cffdc16,1,zivDDe0q1618257507861,92,figural_single_2_1,1,,0,green,473.7999999997555,1,single,e_g_01.png,color,green
135229,,c7fbf674-7151-4b31-9215-b4523cffdc16,1,zivDDe0q1618257507861,93,figural_single_2_1,1,,0,green,432.7999999986787,1,single,e_g_09.png,color,green
135229,,c7fbf674-7151-4b31-9215-b4523cffdc16,1,zivDDe0q1618257507861,94,figural_single_2_1,1,,0,blue,396.0000000006403,1,single,r_b_08.png,color,blue
135229,,c7fbf674-7151-4b31-9215-b4523cffdc16,1,zivDDe0q1618257507861,95,figural_single_2_1,1,,0,blue,425.50000000119326,1,single,e_b_03.png,color,blue
135229,,c7fbf674-7151-4b31-9215-b4523cffdc16,1,zivDDe0q1618257507861,96,figural_single_2_1,1,,0,green,384.39999999900465,1,single,e_g_07.png,color,green
135229,,c7fbf674-7151-4b31-9215-b4523cffdc16,1,zivDDe0q1618257507861,97,figural_single_2_1,1,,0,blue,452.1999999997206,1,single,e_b_02.png,color,blue
135229,,c7fbf674-7151-4b31-9215-b4523cffdc16,1,zivDDe0q1618257507861,98,figural_single_2_1,1,,0,green,420.00000000189175,1,single,e_g_04.png,color,green
135229,,c7fbf674-7151-4b31-9215-b4523cffdc16,1,zivDDe0q1618257507861,99,figural_single_2_1,1,,0,green,370.2999999986787,1,single,r_g_06.png,color,green
135229,,c7fbf674-7151-4b31-9215-b4523cffdc16,1,zivDDe0q1618257507861,100,figural_single_2_1,1,,0,blue,448.9000000030501,1,single,e_b_08.png,color,blue
135229,,c7fbf674-7151-4b31-9215-b4523cffdc16,1,zivDDe0q1618257507861,101,figural_single_2_1,1,,0,green,452.8000000027532,1,single,e_g_16.png,color,green
135229,,c7fbf674-7151-4b31-9215-b4523cffdc16,1,zivDDe0q1618257507861,102,figural_single_2_1,1,,0,blue,818.4000000001106,1,single,e_b_06.png,color,blue
135229,,c7fbf674-7151-4b31-9215-b4523cffdc16,1,zivDDe0q1618257507861,103,figural_single_2_1,1,,0,blue,752.4000000012165,1,single,e_b_04.png,color,blue
135229,,c7fbf674-7151-4b31-9215-b4523cffdc16,1,zivDDe0q1618257507861,104,figural_single_2_1,1,,0,green,414.0000000006694,1,single,r_g_10.png,color,green
135229,,c7fbf674-7151-4b31-9215-b4523cffdc16,1,zivDDe0q1618257507861,105,figural_single_2_1,1,,0,blue,485.3000000002794,1,single,e_b_12.png,color,blue
135229,,c7fbf674-7151-4b31-9215-b4523cffdc16,1,zivDDe0q1618257507861,106,figural_single_2_1,1,,0,blue,427.40000000048894,1,single,r_b_09.png,color,blue
135229,,c7fbf674-7151-4b31-9215-b4523cffdc16,1,zivDDe0q1618257507861,107,figural_single_2_1,1,,0,green,396.10000000175205,1,single,r_g_15.png,color,green
135229,,c7fbf674-7151-4b31-9215-b4523cffdc16,1,zivDDe0q1618257507861,108,figural_single_2_1,1,,0,green,381.49999999950523,1,single,e_g_08.png,color,green
135229,,c7fbf674-7151-4b31-9215-b4523cffdc16,1,zivDDe0q1618257507861,109,figural_single_2_1,1,,0,blue,772.899999999936,1,single,e_b_11.png,color,blue
135229,,c7fbf674-7151-4b31-9215-b4523cffdc16,1,zivDDe0q1618257507861,110,figural_single_2_1,1,,0,blue,582.4000000029628,1,single,r_b_13.png,color,blue
135229,,c7fbf674-7151-4b31-9215-b4523cffdc16,1,zivDDe0q1618257507861,111,figural_single_2_1,1,,0,blue,446.29999999961,1,single,r_b_12.png,color,blue
135229,,c7fbf674-7151-4b31-9215-b4523cffdc16,1,zivDDe0q1618257507861,112,figural_single_2_1,1,,0,blue,497.99999999959255,1,single,r_b_15.png,color,blue
135229,,c7fbf674-7151-4b31-9215-b4523cffdc16,1,zivDDe0q1618257507861,113,figural_single_2_1,1,,0,green,584.1999999975087,1,single,e_g_05.png,color,green
135229,,c7fbf674-7151-4b31-9215-b4523cffdc16,1,zivDDe0q1618257507861,114,figural_single_2_1,1,,0,green,687.9999999982829,1,single,r_g_12.png,color,green
135229,,c7fbf674-7151-4b31-9215-b4523cffdc16,1,zivDDe0q1618257507861,115,figural_single_2_1,1,,0,blue,474.89999999743304,1,single,r_b_02.png,color,blue
135229,,c7fbf674-7151-4b31-9215-b4523cffdc16,1,zivDDe0q1618257507861,116,figural_single_2_1,1,,0,blue,665.7999999988533,1,single,r_b_01.png,color,blue
135229,,c7fbf674-7151-4b31-9215-b4523cffdc16,1,zivDDe0q1618257507861,117,figural_single_2_1,1,,0,blue,562.9999999982829,1,single,r_b_07.png,color,blue
135229,,c7fbf674-7151-4b31-9215-b4523cffdc16,1,zivDDe0q1618257507861,118,figural_single_2_1,1,,0,green,642.7000000003318,1,single,e_g_15.png,color,green
135229,,c7fbf674-7151-4b31-9215-b4523cffdc16,1,zivDDe0q1618257507861,119,figural_single_2_1,1,,0,green,497.90000000211876,1,single,e_g_11.png,color,green
135229,,c7fbf674-7151-4b31-9215-b4523cffdc16,1,zivDDe0q1618257507861,120,figural_single_2_1,1,,0,blue,489.90000000048894,1,single,e_b_07.png,color,blue
135229,,c7fbf674-7151-4b31-9215-b4523cffdc16,1,zivDDe0q1618257507861,121,figural_single_2_1,1,,0,green,807.0000000006985,1,single,r_g_04.png,color,green
135229,,c7fbf674-7151-4b31-9215-b4523cffdc16,1,zivDDe0q1618257507861,122,figural_single_2_1,1,,0,green,397.7999999988242,1,single,e_g_02.png,color,green
135229,,c7fbf674-7151-4b31-9215-b4523cffdc16,1,zivDDe0q1618257507861,123,figural_single_2_1,1,,0,blue,360.89999999967404,1,single,e_b_01.png,color,blue
135229,,c7fbf674-7151-4b31-9215-b4523cffdc16,1,zivDDe0q1618257507861,124,figural_single_2_1,1,,0,blue,435.7000000018161,1,single,r_b_05.png,color,blue
135229,,c7fbf674-7151-4b31-9215-b4523cffdc16,1,zivDDe0q1618257507861,125,figural_single_2_1,1,,0,green,449.1999999991094,1,single,e_g_03.png,color,green
135229,,c7fbf674-7151-4b31-9215-b4523cffdc16,1,zivDDe0q1618257507861,126,figural_single_2_1,1,,0,blue,392.40000000063446,1,single,r_b_04.png,color,blue
135229,,c7fbf674-7151-4b31-9215-b4523cffdc16,1,zivDDe0q1618257507861,127,figural_single_2_1,1,,0,green,351.0999999998603,1,single,e_g_06.png,color,green
135229,,c7fbf674-7151-4b31-9215-b4523cffdc16,1,zivDDe0q1618257507861,128,figural_single_2_1,1,,0,green,458.20000000094296,1,single,e_g_12.png,color,green
135229,,c7fbf674-7151-4b31-9215-b4523cffdc16,1,zivDDe0q1618257507861,129,figural_single_2_1,1,,0,green,484.4999999986612,1,single,r_g_14.png,color,green
135229,,c7fbf674-7151-4b31-9215-b4523cffdc16,1,zivDDe0q1618257507861,130,figural_single_2_1,1,,0,blue,388.9000000017404,1,single,e_b_09.png,color,blue
135229,,c7fbf674-7151-4b31-9215-b4523cffdc16,1,zivDDe0q1618257507861,131,figural_single_2_1,1,,0,blue,437.2000000003027,1,single,e_b_16.png,color,blue
135229,,c7fbf674-7151-4b31-9215-b4523cffdc16,1,zivDDe0q1618257507861,132,figural_single_2_1,1,,0,green,449.5000000024447,1,single,r_g_01.png,color,green
135229,,c7fbf674-7151-4b31-9215-b4523cffdc16,1,zivDDe0q1618257507861,133,figural_single_2_1,1,,0,green,383.79999999961,1,single,r_g_09.png,color,green
135229,,c7fbf674-7151-4b31-9215-b4523cffdc16,1,zivDDe0q1618257507861,134,figural_single_2_1,1,,0,green,454.0000000015425,1,single,e_g_13.png,color,green
135229,,c7fbf674-7151-4b31-9215-b4523cffdc16,1,zivDDe0q1618257507861,135,figural_single_2_1,1,,0,blue,372.8999999984808,1,single,r_b_06.png,color,blue
135229,,c7fbf674-7151-4b31-9215-b4523cffdc16,1,zivDDe0q1618257507861,136,figural_single_2_1,1,,0,blue,524.199999999837,1,single,r_b_14.png,color,blue
135229,,c7fbf674-7151-4b31-9215-b4523cffdc16,1,zivDDe0q1618257507861,137,figural_single_2_1,1,,0,green,745.3999999997905,1,single,r_g_05.png,color,green
135229,,c7fbf674-7151-4b31-9215-b4523cffdc16,1,zivDDe0q1618257507861,138,figural_single_2_1,1,,0,green,383.1000000027416,1,single,e_g_10.png,color,green
135229,,c7fbf674-7151-4b31-9215-b4523cffdc16,1,zivDDe0q1618257507861,139,figural_single_2_1,1,,0,green,431.3999999976659,1,single,r_g_02.png,color,green
135229,,c7fbf674-7151-4b31-9215-b4523cffdc16,1,zivDDe0q1618257507861,140,figural_single_2_1,1,,0,blue,430.5000000022119,1,single,e_b_10.png,color,blue
135229,,c7fbf674-7151-4b31-9215-b4523cffdc16,1,zivDDe0q1618257507861,141,figural_single_2_1,1,,0,blue,404.29999999832944,1,single,r_b_16.png,color,blue
135229,,c7fbf674-7151-4b31-9215-b4523cffdc16,1,zivDDe0q1618257507861,142,figural_single_2_1,1,,0,green,459.39999999973224,1,single,r_g_11.png,color,green
135229,,c7fbf674-7151-4b31-9215-b4523cffdc16,1,zivDDe0q1618257507861,143,figural_single_2_1,1,,0,green,427.2999999993772,1,single,r_g_03.png,color,green
135229,,c7fbf674-7151-4b31-9215-b4523cffdc16,1,zivDDe0q1618257507861,144,figural_single_2_1,1,,0,blue,421.3999999992666,1,single,e_b_14.png,color,blue
135229,,c7fbf674-7151-4b31-9215-b4523cffdc16,1,zivDDe0q1618257507861,145,figural_single_2_1,1,,0,blue,493.0000000022119,1,single,e_b_13.png,color,blue
135229,,c7fbf674-7151-4b31-9215-b4523cffdc16,1,zivDDe0q1618257507861,146,figural_single_2_1,1,,0,blue,599.4000000027881,1,single,r_b_10.png,color,blue
135229,,c7fbf674-7151-4b31-9215-b4523cffdc16,1,zivDDe0q1618257507861,147,figural_single_2_1,1,,0,green,395.39999999760767,1,single,e_g_14.png,color,green
135229,,c7fbf674-7151-4b31-9215-b4523cffdc16,1,zivDDe0q1618257507861,148,figural_single_2_1,1,,0,blue,508.3999999988009,1,single,e_b_15.png,color,blue
135229,,c7fbf674-7151-4b31-9215-b4523cffdc16,1,zivDDe0q1618257507861,149,figural_single_2_1,1,,0,blue,631.1999999998079,1,single,e_b_05.png,color,blue
135229,,c7fbf674-7151-4b31-9215-b4523cffdc16,1,zivDDe0q1618257507861,150,figural_single_2_1,1,,0,blue,448.70000000082655,1,single,r_b_11.png,color,blue
135229,,c7fbf674-7151-4b31-9215-b4523cffdc16,1,zivDDe0q1618257507861,151,figural_single_2_1,1,,0,green,455.9000000008382,1,single,r_g_13.png,color,green
135229,,c7fbf674-7151-4b31-9215-b4523cffdc16,1,zivDDe0q1618257507861,152,figural_single_2_1,1,,0,green,502.8000000020256,1,single,r_g_16.png,color,green
135229,,c7fbf674-7151-4b31-9215-b4523cffdc16,1,zivDDe0q1618257507861,153,figural_mixed_practice,1,,0,angular,2419.399999998859,1,start,e_g_13.png,shape,angular
135229,,c7fbf674-7151-4b31-9215-b4523cffdc16,1,zivDDe0q1618257507861,154,figural_mixed_practice,1,,0,angular,1712.599999998929,1,repetition,e_g_15.png,shape,angular
135229,,c7fbf674-7151-4b31-9215-b4523cffdc16,1,zivDDe0q1618257507861,155,figural_mixed_practice,1,,0,blue,1776.9000000007509,1,switch,r_b_02.png,color,blue
135229,,c7fbf674-7151-4b31-9215-b4523cffdc16,1,zivDDe0q1618257507861,156,figural_mixed_practice,1,,0,green,2390.2000000016415,1,repetition,r_g_10.png,color,green
135229,,c7fbf674-7151-4b31-9215-b4523cffdc16,1,zivDDe0q1618257507861,157,figural_mixed_practice,1,,0,round,909.0000000032887,1,switch,r_b_03.png,shape,round
135229,,c7fbf674-7151-4b31-9215-b4523cffdc16,1,zivDDe0q1618257507861,158,figural_mixed_practice,1,,0,blue,1425.8000000008906,1,switch,e_b_11.png,color,blue
135229,,c7fbf674-7151-4b31-9215-b4523cffdc16,1,zivDDe0q1618257507861,159,figural_mixed_practice,1,,0,green,1455.2999999978056,1,repetition,r_g_06.png,color,green
135229,,c7fbf674-7151-4b31-9215-b4523cffdc16,1,zivDDe0q1618257507861,160,figural_mixed_practice,1,,0,round,1140.1000000005297,1,switch,r_b_08.png,shape,round
135229,,c7fbf674-7151-4b31-9215-b4523cffdc16,1,zivDDe0q1618257507861,161,figural_mixed_practice,1,,0,angular,1171.8000000000757,1,repetition,e_b_12.png,shape,angular
135229,,c7fbf674-7151-4b31-9215-b4523cffdc16,1,zivDDe0q1618257507861,162,figural_mixed_practice,1,,0,round,1663.7999999984459,1,repetition,r_g_04.png,shape,round
135229,,c7fbf674-7151-4b31-9215-b4523cffdc16,1,zivDDe0q1618257507861,163,figural_mixed_practice,1,,0,blue,1266.9000000023516,1,switch,e_b_01.png,color,blue
135229,,c7fbf674-7151-4b31-9215-b4523cffdc16,1,zivDDe0q1618257507861,164,figural_mixed_practice,1,,0,green,887.4999999970896,1,repetition,e_g_05.png,color,green
135229,,c7fbf674-7151-4b31-9215-b4523cffdc16,1,zivDDe0q1618257507861,165,figural_mixed,1,,0,green,6487.600000000384,1,start,r_g_12.png,color,green
135229,,c7fbf674-7151-4b31-9215-b4523cffdc16,1,zivDDe0q1618257507861,166,figural_mixed,1,,0,green,979.8999999984517,1,repetition,e_g_16.png,color,green
135229,,c7fbf674-7151-4b31-9215-b4523cffdc16,1,zivDDe0q1618257507861,167,figural_mixed,1,,0,round,2080.500000000029,1,switch,r_b_01.png,shape,round
135229,,c7fbf674-7151-4b31-9215-b4523cffdc16,1,zivDDe0q1618257507861,168,figural_mixed,1,,0,blue,979.6999999998661,1,switch,e_b_10.png,color,blue
135229,,c7fbf674-7151-4b31-9215-b4523cffdc16,1,zivDDe0q1618257507861,169,figural_mixed,1,,0,round,1371.2999999988824,1,switch,r_g_07.png,shape,round
135229,,c7fbf674-7151-4b31-9215-b4523cffdc16,1,zivDDe0q1618257507861,170,figural_mixed,1,,0,angular,2153.9000000011583,1,repetition,e_g_16.png,shape,angular
135229,,c7fbf674-7151-4b31-9215-b4523cffdc16,1,zivDDe0q1618257507861,171,figural_mixed,1,,0,angular,1130.3999999981897,1,repetition,e_b_11.png,shape,angular
135229,,c7fbf674-7151-4b31-9215-b4523cffdc16,1,zivDDe0q1618257507861,172,figural_mixed,1,,0,green,923.5000000007858,0,switch,e_b_12.png,color,blue
135229,,c7fbf674-7151-4b31-9215-b4523cffdc16,1,zivDDe0q1618257507861,173,figural_mixed,1,,0,blue,1428.299999999581,1,repetition,r_b_05.png,color,blue
135229,,c7fbf674-7151-4b31-9215-b4523cffdc16,1,zivDDe0q1618257507861,174,figural_mixed,1,,0,round,1133.2000000002154,0,switch,e_b_15.png,shape,angular
135229,,c7fbf674-7151-4b31-9215-b4523cffdc16,1,zivDDe0q1618257507861,175,figural_mixed,1,,0,round,1471.6000000007625,1,repetition,r_g_01.png,shape,round
135229,,c7fbf674-7151-4b31-9215-b4523cffdc16,1,zivDDe0q1618257507861,176,figural_mixed,1,,0,green,1258.399999998801,1,switch,r_g_11.png,color,green
135229,,c7fbf674-7151-4b31-9215-b4523cffdc16,1,zivDDe0q1618257507861,177,figural_mixed,1,,0,blue,1096.9000000004598,1,repetition,e_b_14.png,color,blue
135229,,c7fbf674-7151-4b31-9215-b4523cffdc16,1,zivDDe0q1618257507861,178,figural_mixed,1,,0,green,860.8000000022002,1,repetition,r_g_05.png,color,green
135229,,c7fbf674-7151-4b31-9215-b4523cffdc16,1,zivDDe0q1618257507861,179,figural_mixed,1,,0,angular,954.2000000001281,1,switch,e_g_09.png,shape,angular
135229,,c7fbf674-7151-4b31-9215-b4523cffdc16,1,zivDDe0q1618257507861,180,figural_mixed,1,,0,round,927.8999999987718,1,repetition,r_b_04.png,shape,round
135229,,c7fbf674-7151-4b31-9215-b4523cffdc16,1,zivDDe0q1618257507861,181,figural_mixed,1,,0,round,973.2999999978347,1,repetition,r_g_12.png,shape,round
135229,,c7fbf674-7151-4b31-9215-b4523cffdc16,1,zivDDe0q1618257507861,182,figural_mixed,1,,0,round,1122.1999999979744,1,repetition,r_b_02.png,shape,round
135229,,c7fbf674-7151-4b31-9215-b4523cffdc16,1,zivDDe0q1618257507861,183,figural_mixed,1,,0,green,1586.5999999987253,1,switch,r_g_04.png,color,green
135229,,c7fbf674-7151-4b31-9215-b4523cffdc16,1,zivDDe0q1618257507861,184,figural_mixed,1,,0,blue,1104.6999999998661,1,repetition,e_b_02.png,color,blue
135229,,c7fbf674-7151-4b31-9215-b4523cffdc16,1,zivDDe0q1618257507861,185,figural_mixed,1,,0,blue,1365.2000000001863,1,repetition,r_b_16.png,color,blue
135229,,c7fbf674-7151-4b31-9215-b4523cffdc16,1,zivDDe0q1618257507861,186,figural_mixed,1,,0,angular,1490.9000000006927,1,switch,e_g_03.png,shape,angular
135229,,c7fbf674-7151-4b31-9215-b4523cffdc16,1,zivDDe0q1618257507861,187,figural_mixed,1,,0,blue,1233.8000000017637,1,switch,r_b_10.png,color,blue
135229,,c7fbf674-7151-4b31-9215-b4523cffdc16,1,zivDDe0q1618257507861,188,figural_mixed,1,,0,green,1595.4999999994761,1,repetition,e_g_03.png,color,green
135229,,c7fbf674-7151-4b31-9215-b4523cffdc16,1,zivDDe0q1618257507861,189,figural_mixed,1,,0,green,1255.400000001886,1,repetition,r_g_06.png,color,green
135229,,c7fbf674-7151-4b31-9215-b4523cffdc16,1,zivDDe0q1618257507861,190,figural_mixed,1,,0,round,1268.8000000016182,1,switch,r_b_09.png,shape,round
135229,,c7fbf674-7151-4b31-9215-b4523cffdc16,1,zivDDe0q1618257507861,191,figural_mixed,1,,0,green,1854.0000000030268,0,switch,r_b_02.png,color,blue
135229,,c7fbf674-7151-4b31-9215-b4523cffdc16,1,zivDDe0q1618257507861,192,figural_mixed,1,,0,green,1650.3000000011525,1,repetition,r_g_01.png,color,green
135229,,c7fbf674-7151-4b31-9215-b4523cffdc16,1,zivDDe0q1618257507861,193,figural_mixed,1,,0,angular,2546.800000000105,1,switch,e_g_07.png,shape,angular
135229,,c7fbf674-7151-4b31-9215-b4523cffdc16,1,zivDDe0q1618257507861,194,figural_mixed,1,,0,blue,1586.5999999987544,1,switch,r_b_13.png,color,blue
135229,,c7fbf674-7151-4b31-9215-b4523cffdc16,1,zivDDe0q1618257507861,195,figural_mixed,1,,0,angular,1330.7999999996973,1,switch,e_b_14.png,shape,angular
135229,,c7fbf674-7151-4b31-9215-b4523cffdc16,1,zivDDe0q1618257507861,196,figural_mixed,1,,0,round,2024.9000000003725,1,repetition,r_g_09.png,shape,round
135229,,c7fbf674-7151-4b31-9215-b4523cffdc16,1,zivDDe0q1618257507861,197,figural_mixed,1,,0,round,1086.1999999979162,1,repetition,r_b_11.png,shape,round
135229,,c7fbf674-7151-4b31-9215-b4523cffdc16,1,zivDDe0q1618257507861,198,figural_mixed,1,,0,green,1346.4999999996508,1,switch,r_g_07.png,color,green
135229,,c7fbf674-7151-4b31-9215-b4523cffdc16,1,zivDDe0q1618257507861,199,figural_mixed,1,,0,round,960.5000000010477,0,switch,e_b_04.png,shape,angular
135229,,c7fbf674-7151-4b31-9215-b4523cffdc16,1,zivDDe0q1618257507861,200,figural_mixed,1,,0,angular,3290.000000000873,0,repetition,r_g_14.png,shape,round
135229,,c7fbf674-7151-4b31-9215-b4523cffdc16,1,zivDDe0q1618257507861,201,figural_mixed,1,,0,blue,1758.2000000001863,1,switch,e_b_09.png,color,blue
135229,,c7fbf674-7151-4b31-9215-b4523cffdc16,1,zivDDe0q1618257507861,202,figural_mixed,1,,0,angular,1800.4000000001397,1,switch,e_g_10.png,shape,angular
135229,,c7fbf674-7151-4b31-9215-b4523cffdc16,1,zivDDe0q1618257507861,203,figural_mixed,1,,0,green,1417.7999999992317,1,switch,r_g_15.png,color,green
135229,,c7fbf674-7151-4b31-9215-b4523cffdc16,1,zivDDe0q1618257507861,204,figural_mixed,1,,0,green,1403.10000000312,1,repetition,e_g_14.png,color,green
135229,,c7fbf674-7151-4b31-9215-b4523cffdc16,1,zivDDe0q1618257507861,205,figural_mixed,1,,0,blue,1064.5000000004075,1,repetition,r_b_07.png,color,blue
135229,,c7fbf674-7151-4b31-9215-b4523cffdc16,1,zivDDe0q1618257507861,206,figural_mixed,1,,0,blue,1375.2999999996973,1,repetition,r_b_09.png,color,blue
135229,,c7fbf674-7151-4b31-9215-b4523cffdc16,1,zivDDe0q1618257507861,207,figural_mixed,1,,0,angular,1183.2999999969034,1,switch,e_g_14.png,shape,angular
135229,,c7fbf674-7151-4b31-9215-b4523cffdc16,1,zivDDe0q1618257507861,208,figural_mixed,1,,0,angular,1079.6999999983818,1,repetition,e_g_13.png,shape,angular
135229,,c7fbf674-7151-4b31-9215-b4523cffdc16,1,zivDDe0q1618257507861,209,figural_mixed,1,,0,blue,931.0000000004657,1,switch,e_b_04.png,color,blue
135229,,c7fbf674-7151-4b31-9215-b4523cffdc16,1,zivDDe0q1618257507861,210,figural_mixed,1,,0,green,1111.5000000027358,1,repetition,e_g_10.png,color,green
135229,,c7fbf674-7151-4b31-9215-b4523cffdc16,1,zivDDe0q1618257507861,211,figural_mixed,1,,0,green,887.1999999973923,1,repetition,e_g_04.png,color,green
135229,,c7fbf674-7151-4b31-9215-b4523cffdc16,1,zivDDe0q1618257507861,212,figural_mixed,1,,0,angular,924.3999999999069,1,switch,e_b_07.png,shape,angular
135229,,c7fbf674-7151-4b31-9215-b4523cffdc16,1,zivDDe0q1618257507861,213,figural_mixed,1,,0,round,1309.6000000005006,1,repetition,r_g_11.png,shape,round
135229,,c7fbf674-7151-4b31-9215-b4523cffdc16,1,zivDDe0q1618257507861,214,figural_mixed,1,,0,round,890.9999999996508,1,repetition,r_g_04.png,shape,round
135229,,c7fbf674-7151-4b31-9215-b4523cffdc16,1,zivDDe0q1618257507861,215,figural_mixed,1,,0,angular,1067.1000000002095,1,repetition,e_g_15.png,shape,angular
135229,,c7fbf674-7151-4b31-9215-b4523cffdc16,1,zivDDe0q1618257507861,216,figural_mixed,1,,0,green,1303.299999999581,1,switch,e_g_11.png,color,green
135229,,c7fbf674-7151-4b31-9215-b4523cffdc16,1,zivDDe0q1618257507861,217,figural_mixed,1,,0,round,1028.3999999992666,1,switch,r_g_08.png,shape,round
135229,,c7fbf674-7151-4b31-9215-b4523cffdc16,1,zivDDe0q1618257507861,218,figural_mixed,1,,0,round,850.4000000029919,1,repetition,r_g_10.png,shape,round
135229,,c7fbf674-7151-4b31-9215-b4523cffdc16,1,zivDDe0q1618257507861,219,figural_mixed,1,,0,green,2506.4999999995343,1,switch,e_g_15.png,color,green
135229,,c7fbf674-7151-4b31-9215-b4523cffdc16,1,zivDDe0q1618257507861,220,figural_mixed,1,,0,green,988.2000000034459,1,repetition,r_g_02.png,color,green
135229,,c7fbf674-7151-4b31-9215-b4523cffdc16,1,zivDDe0q1618257507861,221,figural_mixed,1,,0,angular,1111.6000000002095,1,switch,e_b_01.png,shape,angular
135229,,c7fbf674-7151-4b31-9215-b4523cffdc16,1,zivDDe0q1618257507861,222,figural_mixed,1,,0,blue,1073.2000000025728,1,switch,e_b_15.png,color,blue
135229,,c7fbf674-7151-4b31-9215-b4523cffdc16,1,zivDDe0q1618257507861,223,figural_mixed,1,,0,blue,1030.0999999999767,1,repetition,e_b_03.png,color,blue
135229,,c7fbf674-7151-4b31-9215-b4523cffdc16,1,zivDDe0q1618257507861,224,figural_mixed,1,,0,blue,1049.3999999998487,1,repetition,e_b_01.png,color,blue
135229,,c7fbf674-7151-4b31-9215-b4523cffdc16,1,zivDDe0q1618257507861,225,figural_mixed,1,,0,round,1622.4000000001397,1,switch,r_g_02.png,shape,round
135229,,c7fbf674-7151-4b31-9215-b4523cffdc16,1,zivDDe0q1618257507861,226,figural_mixed,1,,0,green,1466.1000000014901,1,switch,e_g_05.png,color,green
135229,,c7fbf674-7151-4b31-9215-b4523cffdc16,1,zivDDe0q1618257507861,227,figural_mixed,1,,0,round,1032.5999999986961,1,switch,r_b_06.png,shape,round
135229,,c7fbf674-7151-4b31-9215-b4523cffdc16,1,zivDDe0q1618257507861,228,figural_mixed,1,,0,green,871.4000000000233,1,switch,e_g_08.png,color,green
135229,,c7fbf674-7151-4b31-9215-b4523cffdc16,1,zivDDe0q1618257507861,229,figural_mixed,1,,0,green,872.5000000013388,1,repetition,e_g_02.png,color,green
135229,,c7fbf674-7151-4b31-9215-b4523cffdc16,1,zivDDe0q1618257507861,230,figural_mixed,1,,0,green,833.200000000943,0,repetition,e_b_06.png,color,blue
135229,,c7fbf674-7151-4b31-9215-b4523cffdc16,1,zivDDe0q1618257507861,231,figural_mixed,1,,0,angular,1313.400000002759,1,switch,e_b_08.png,shape,angular
135229,,c7fbf674-7151-4b31-9215-b4523cffdc16,1,zivDDe0q1618257507861,232,figural_mixed,1,,0,green,965.8999999992666,1,switch,r_g_09.png,color,green
135229,,c7fbf674-7151-4b31-9215-b4523cffdc16,1,zivDDe0q1618257507861,233,figural_mixed,1,,0,blue,1574.1999999990803,1,repetition,e_b_13.png,color,blue
135229,,c7fbf674-7151-4b31-9215-b4523cffdc16,1,zivDDe0q1618257507861,234,figural_mixed,1,,0,round,1448.5999999996857,1,switch,r_b_10.png,shape,round
135229,,c7fbf674-7151-4b31-9215-b4523cffdc16,1,zivDDe0q1618257507861,235,figural_mixed,1,,0,round,2067.399999999907,1,repetition,r_b_13.png,shape,round
135229,,c7fbf674-7151-4b31-9215-b4523cffdc16,1,zivDDe0q1618257507861,236,figural_mixed,1,,0,blue,2050.8999999983935,1,switch,e_b_11.png,color,blue
135229,,c7fbf674-7151-4b31-9215-b4523cffdc16,1,zivDDe0q1618257507861,237,figural_mixed,1,,0,green,790.6999999977415,1,repetition,r_g_08.png,color,green
135229,,c7fbf674-7151-4b31-9215-b4523cffdc16,1,zivDDe0q1618257507861,238,figural_mixed,1,,0,angular,1601.2999999984168,1,switch,e_b_10.png,shape,angular
135229,,c7fbf674-7151-4b31-9215-b4523cffdc16,1,zivDDe0q1618257507861,239,figural_mixed,1,,0,angular,1467.400000001362,1,repetition,e_g_06.png,shape,angular
135229,,c7fbf674-7151-4b31-9215-b4523cffdc16,1,zivDDe0q1618257507861,240,figural_mixed,1,,0,angular,1673.2000000010594,1,repetition,e_g_11.png,shape,angular
135229,,c7fbf674-7151-4b31-9215-b4523cffdc16,1,zivDDe0q1618257507861,241,figural_mixed,1,,0,round,1213.8000000013271,1,repetition,r_b_07.png,shape,round
135229,,c7fbf674-7151-4b31-9215-b4523cffdc16,1,zivDDe0q1618257507861,242,figural_mixed,1,,0,blue,1138.3999999997905,1,switch,r_b_06.png,color,blue
135229,,c7fbf674-7151-4b31-9215-b4523cffdc16,1,zivDDe0q1618257507861,243,figural_mixed,1,,0,blue,1941.6000000019558,1,repetition,e_b_07.png,color,blue
135229,,c7fbf674-7151-4b31-9215-b4523cffdc16,1,zivDDe0q1618257507861,244,figural_mixed,1,,0,blue,1101.700000002922,1,repetition,r_b_14.png,color,blue
135229,,c7fbf674-7151-4b31-9215-b4523cffdc16,1,zivDDe0q1618257507861,245,figural_mixed,1,,0,green,2866.99999999837,1,repetition,r_g_16.png,color,green
135229,,c7fbf674-7151-4b31-9215-b4523cffdc16,1,zivDDe0q1618257507861,246,figural_mixed,1,,0,angular,2194.199999998091,1,switch,e_b_09.png,shape,angular
135229,,c7fbf674-7151-4b31-9215-b4523cffdc16,1,zivDDe0q1618257507861,247,figural_mixed,1,,0,round,1001.1000000012573,1,repetition,r_g_05.png,shape,round
135229,,c7fbf674-7151-4b31-9215-b4523cffdc16,1,zivDDe0q1618257507861,248,figural_mixed,1,,0,angular,912.899999999383,1,repetition,e_b_12.png,shape,angular
135229,,c7fbf674-7151-4b31-9215-b4523cffdc16,1,zivDDe0q1618257507861,249,figural_mixed,1,,0,blue,1274.0000000012224,1,switch,e_b_05.png,color,blue
135229,,c7fbf674-7151-4b31-9215-b4523cffdc16,1,zivDDe0q1618257507861,250,figural_mixed,1,,0,angular,781.3999999997905,0,switch,r_g_06.png,shape,round
135229,,c7fbf674-7151-4b31-9215-b4523cffdc16,1,zivDDe0q1618257507861,251,figural_mixed,1,,0,blue,2029.3000000019674,1,switch,e_b_16.png,color,blue
135229,,c7fbf674-7151-4b31-9215-b4523cffdc16,1,zivDDe0q1618257507861,252,figural_mixed,1,,0,green,1109.3000000000466,1,repetition,r_g_13.png,color,green
135229,,c7fbf674-7151-4b31-9215-b4523cffdc16,1,zivDDe0q1618257507861,253,figural_mixed,1,,0,angular,1480.5000000015134,1,switch,e_g_02.png,shape,angular
135229,,c7fbf674-7151-4b31-9215-b4523cffdc16,1,zivDDe0q1618257507861,254,figural_mixed,1,,0,round,997.8000000010361,1,repetition,r_b_03.png,shape,round
135229,,c7fbf674-7151-4b31-9215-b4523cffdc16,1,zivDDe0q1618257507861,255,figural_mixed,1,,0,round,1775.4000000022934,1,repetition,r_b_14.png,shape,round
135229,,c7fbf674-7151-4b31-9215-b4523cffdc16,1,zivDDe0q1618257507861,256,figural_mixed,1,,0,angular,1190.200000000943,1,repetition,e_g_12.png,shape,angular
135229,,c7fbf674-7151-4b31-9215-b4523cffdc16,1,zivDDe0q1618257507861,257,figural_mixed,1,,0,blue,1468.8000000023749,1,switch,r_b_04.png,color,blue
135229,,c7fbf674-7151-4b31-9215-b4523cffdc16,1,zivDDe0q1618257507861,258,figural_mixed,1,,0,round,1045.6000000012573,1,switch,r_g_15.png,shape,round
135229,,c7fbf674-7151-4b31-9215-b4523cffdc16,1,zivDDe0q1618257507861,259,figural_mixed,1,,0,angular,1903.8000000000466,1,repetition,e_g_08.png,shape,angular
135229,,c7fbf674-7151-4b31-9215-b4523cffdc16,1,zivDDe0q1618257507861,260,figural_mixed,1,,0,round,1362.7999999989988,1,repetition,r_b_16.png,shape,round
135229,,c7fbf674-7151-4b31-9215-b4523cffdc16,1,zivDDe0q1618257507861,261,figural_mixed,1,,0,green,1366.3999999989755,1,switch,r_g_10.png,color,green
135229,,c7fbf674-7151-4b31-9215-b4523cffdc16,1,zivDDe0q1618257507861,262,figural_mixed,1,,0,green,1452.4000000020023,1,repetition,e_g_06.png,color,green
135229,,c7fbf674-7151-4b31-9215-b4523cffdc16,1,zivDDe0q1618257507861,263,figural_mixed,1,,0,round,1064.5999999978812,1,switch,r_g_13.png,shape,round
135229,,c7fbf674-7151-4b31-9215-b4523cffdc16,1,zivDDe0q1618257507861,264,figural_mixed,1,,0,blue,1061.999999998021,1,switch,r_b_03.png,color,blue
135229,,c7fbf674-7151-4b31-9215-b4523cffdc16,1,zivDDe0q1618257507861,265,figural_mixed,1,,0,angular,1164.8999999997905,1,switch,e_b_02.png,shape,angular
135229,,c7fbf674-7151-4b31-9215-b4523cffdc16,1,zivDDe0q1618257507861,266,figural_mixed,1,,0,angular,1404.3000000019674,1,repetition,e_b_03.png,shape,angular
135229,,c7fbf674-7151-4b31-9215-b4523cffdc16,1,zivDDe0q1618257507861,267,figural_mixed,1,,0,green,1598.09999999922,1,switch,e_g_07.png,color,green
135229,,c7fbf674-7151-4b31-9215-b4523cffdc16,1,zivDDe0q1618257507861,268,figural_mixed,1,,0,blue,1325.199999999255,1,repetition,r_b_08.png,color,blue
135229,,c7fbf674-7151-4b31-9215-b4523cffdc16,1,zivDDe0q1618257507861,269,figural_mixed,1,,0,blue,1238.3000000009197,1,repetition,r_b_01.png,color,blue
135229,,c7fbf674-7151-4b31-9215-b4523cffdc16,1,zivDDe0q1618257507861,270,figural_mixed,1,,0,round,1658.2000000016415,0,switch,e_b_05.png,shape,angular
135229,,c7fbf674-7151-4b31-9215-b4523cffdc16,1,zivDDe0q1618257507861,271,figural_mixed,1,,0,green,1854.2000000015832,1,switch,r_g_16.png,color,green
135229,,c7fbf674-7151-4b31-9215-b4523cffdc16,1,zivDDe0q1618257507861,272,figural_mixed,1,,0,angular,2148.0999999985215,1,switch,e_g_04.png,shape,angular
135229,,c7fbf674-7151-4b31-9215-b4523cffdc16,1,zivDDe0q1618257507861,273,figural_mixed,1,,0,round,973.599999997532,1,repetition,r_b_05.png,shape,round
135229,,c7fbf674-7151-4b31-9215-b4523cffdc16,1,zivDDe0q1618257507861,274,figural_mixed,1,,0,round,1547.899999997695,1,repetition,r_g_03.png,shape,round
135229,,c7fbf674-7151-4b31-9215-b4523cffdc16,1,zivDDe0q1618257507861,275,figural_mixed,1,,0,blue,1025.9000000006054,1,switch,r_b_15.png,color,blue
135229,,c7fbf674-7151-4b31-9215-b4523cffdc16,1,zivDDe0q1618257507861,276,figural_mixed,1,,0,green,2070.599999999162,1,repetition,r_g_14.png,color,green
135229,,c7fbf674-7151-4b31-9215-b4523cffdc16,1,zivDDe0q1618257507861,277,figural_mixed,1,,0,angular,1118.000000002212,1,switch,e_g_01.png,shape,angular
135229,,c7fbf674-7151-4b31-9215-b4523cffdc16,1,zivDDe0q1618257507861,278,figural_mixed,1,,0,round,1880.700000001525,1,repetition,r_b_15.png,shape,round
135229,,c7fbf674-7151-4b31-9215-b4523cffdc16,1,zivDDe0q1618257507861,279,figural_mixed,1,,0,round,898.0000000010477,1,repetition,r_b_08.png,shape,round
135229,,c7fbf674-7151-4b31-9215-b4523cffdc16,1,zivDDe0q1618257507861,280,figural_mixed,1,,0,green,1273.300000000745,1,switch,e_g_12.png,color,green
135229,,c7fbf674-7151-4b31-9215-b4523cffdc16,1,zivDDe0q1618257507861,281,figural_mixed,1,,0,angular,1140.8000000010943,1,switch,e_b_13.png,shape,angular
135229,,c7fbf674-7151-4b31-9215-b4523cffdc16,1,zivDDe0q1618257507861,282,figural_mixed,1,,0,green,1350.699999999022,1,switch,r_g_03.png,color,green
135229,,c7fbf674-7151-4b31-9215-b4523cffdc16,1,zivDDe0q1618257507861,283,figural_mixed,1,,0,blue,1153.6000000014901,1,repetition,r_b_12.png,color,blue
135229,,c7fbf674-7151-4b31-9215-b4523cffdc16,1,zivDDe0q1618257507861,284,figural_mixed,1,,0,angular,1468.1999999993714,1,switch,e_b_06.png,shape,angular
135229,,c7fbf674-7151-4b31-9215-b4523cffdc16,1,zivDDe0q1618257507861,285,figural_mixed,1,,0,angular,1343.7999999987078,1,repetition,e_g_05.png,shape,angular
135229,,c7fbf674-7151-4b31-9215-b4523cffdc16,1,zivDDe0q1618257507861,286,figural_mixed,1,,0,blue,1168.7000000019907,1,switch,r_b_11.png,color,blue
135229,,c7fbf674-7151-4b31-9215-b4523cffdc16,1,zivDDe0q1618257507861,287,figural_mixed,1,,0,angular,1459.1999999975087,1,switch,e_b_16.png,shape,angular
135229,,c7fbf674-7151-4b31-9215-b4523cffdc16,1,zivDDe0q1618257507861,288,figural_mixed,1,,0,green,1304.60000000312,1,switch,e_g_01.png,color,green
135229,,c7fbf674-7151-4b31-9215-b4523cffdc16,1,zivDDe0q1618257507861,289,figural_mixed,1,,0,green,1693.5000000012224,1,repetition,e_g_13.png,color,green
135229,,c7fbf674-7151-4b31-9215-b4523cffdc16,1,zivDDe0q1618257507861,290,figural_mixed,1,,0,round,2624.899999998859,1,switch,r_b_12.png,shape,round
135229,,c7fbf674-7151-4b31-9215-b4523cffdc16,1,zivDDe0q1618257507861,291,figural_mixed,1,,0,blue,1723.8999999972293,1,switch,e_b_08.png,color,blue
135229,,c7fbf674-7151-4b31-9215-b4523cffdc16,1,zivDDe0q1618257507861,292,figural_mixed,1,,0,green,1182.3000000003958,1,repetition,e_g_09.png,color,green
135229,,c7fbf674-7151-4b31-9215-b4523cffdc16,1,zivDDe0q1618257507861,293,figural_mixed,1,,0,green,1026.3000000013853,1,repetition,r_g_12.png,color,green
135229,,c7fbf674-7151-4b31-9215-b4523cffdc16,1,zivDDe0q1618257507861,294,figural_single_2_2,1,,0,blue,9936.100000002654,1,single,e_b_01.png,color,blue
135229,,c7fbf674-7151-4b31-9215-b4523cffdc16,1,zivDDe0q1618257507861,295,figural_single_2_2,1,,0,blue,3501.700000000652,1,single,r_b_03.png,color,blue
135229,,c7fbf674-7151-4b31-9215-b4523cffdc16,1,zivDDe0q1618257507861,296,figural_single_2_2,1,,0,green,1333.8999999978114,1,single,e_g_01.png,color,green
135229,,c7fbf674-7151-4b31-9215-b4523cffdc16,1,zivDDe0q1618257507861,297,figural_single_2_2,1,,0,green,656.3999999998487,1,single,e_g_13.png,color,green
135229,,c7fbf674-7151-4b31-9215-b4523cffdc16,1,zivDDe0q1618257507861,298,figural_single_2_2,1,,0,blue,1515.5000000013388,1,single,r_b_16.png,color,blue
135229,,c7fbf674-7151-4b31-9215-b4523cffdc16,1,zivDDe0q1618257507861,299,figural_single_2_2,1,,0,blue,1096.5000000032596,1,single,r_b_07.png,color,blue
135229,,c7fbf674-7151-4b31-9215-b4523cffdc16,1,zivDDe0q1618257507861,300,figural_single_2_2,1,,0,green,1035.7999999978347,1,single,r_g_08.png,color,green
135229,,c7fbf674-7151-4b31-9215-b4523cffdc16,1,zivDDe0q1618257507861,301,figural_single_2_2,1,,0,blue,1746.399999999965,1,single,r_b_09.png,color,blue
135229,,c7fbf674-7151-4b31-9215-b4523cffdc16,1,zivDDe0q1618257507861,302,figural_single_2_2,1,,0,green,1278.699999998964,1,single,r_g_02.png,color,green
135229,,c7fbf674-7151-4b31-9215-b4523cffdc16,1,zivDDe0q1618257507861,303,figural_single_2_2,1,,0,green,874.7999999978347,1,single,r_g_12.png,color,green
135229,,c7fbf674-7151-4b31-9215-b4523cffdc16,1,zivDDe0q1618257507861,304,figural_single_2_2,1,,0,blue,1070.7000000002445,1,single,e_b_08.png,color,blue
135229,,c7fbf674-7151-4b31-9215-b4523cffdc16,1,zivDDe0q1618257507861,305,figural_single_2_2,1,,0,green,1829.6000000009662,1,single,r_g_04.png,color,green
135229,,c7fbf674-7151-4b31-9215-b4523cffdc16,1,zivDDe0q1618257507861,306,figural_single_2_2,1,,0,blue,1348.09999999922,1,single,e_b_03.png,color,blue
135229,,c7fbf674-7151-4b31-9215-b4523cffdc16,1,zivDDe0q1618257507861,307,figural_single_2_2,1,,0,blue,1036,1,single,e_b_11.png,color,blue
135229,,c7fbf674-7151-4b31-9215-b4523cffdc16,1,zivDDe0q1618257507861,308,figural_single_2_2,1,,0,blue,2684.1999999997206,1,single,r_b_14.png,color,blue
135229,,c7fbf674-7151-4b31-9215-b4523cffdc16,1,zivDDe0q1618257507861,309,figural_single_2_2,1,,0,green,1471.5000000033178,1,single,e_g_07.png,color,green
135229,,c7fbf674-7151-4b31-9215-b4523cffdc16,1,zivDDe0q1618257507861,310,figural_single_2_2,1,,0,blue,1101.6000000018394,1,single,r_b_13.png,color,blue
135229,,c7fbf674-7151-4b31-9215-b4523cffdc16,1,zivDDe0q1618257507861,311,figural_single_2_2,1,,0,green,1078.1999999998952,1,single,e_g_16.png,color,green
135229,,c7fbf674-7151-4b31-9215-b4523cffdc16,1,zivDDe0q1618257507861,312,figural_single_2_2,1,,0,blue,1802.299999999348,1,single,e_b_14.png,color,blue
135229,,c7fbf674-7151-4b31-9215-b4523cffdc16,1,zivDDe0q1618257507861,313,figural_single_2_2,1,,0,green,1751.5000000021537,1,single,e_g_12.png,color,green
135229,,c7fbf674-7151-4b31-9215-b4523cffdc16,1,zivDDe0q1618257507861,314,figural_single_2_2,1,,0,green,1465.299999999872,1,single,r_g_07.png,color,green
135229,,c7fbf674-7151-4b31-9215-b4523cffdc16,1,zivDDe0q1618257507861,315,figural_single_2_2,1,,0,blue,1373.9999999998254,1,single,e_b_15.png,color,blue
135229,,c7fbf674-7151-4b31-9215-b4523cffdc16,1,zivDDe0q1618257507861,316,figural_single_2_2,1,,0,blue,1412.7999999983003,1,single,e_b_05.png,color,blue
135229,,c7fbf674-7151-4b31-9215-b4523cffdc16,1,zivDDe0q1618257507861,317,figural_single_2_2,1,,0,green,868.2000000007683,1,single,r_g_15.png,color,green
135229,,c7fbf674-7151-4b31-9215-b4523cffdc16,1,zivDDe0q1618257507861,318,figural_single_2_2,1,,0,blue,1760.099999999511,1,single,r_b_06.png,color,blue
135229,,c7fbf674-7151-4b31-9215-b4523cffdc16,1,zivDDe0q1618257507861,319,figural_single_2_2,1,,0,green,1445.2000000019325,1,single,e_g_02.png,color,green
135229,,c7fbf674-7151-4b31-9215-b4523cffdc16,1,zivDDe0q1618257507861,320,figural_single_2_2,1,,0,green,2494.300000002084,1,single,r_g_16.png,color,green
135229,,c7fbf674-7151-4b31-9215-b4523cffdc16,1,zivDDe0q1618257507861,321,figural_single_2_2,1,,0,blue,1461.299999999057,1,single,e_b_10.png,color,blue
135229,,c7fbf674-7151-4b31-9215-b4523cffdc16,1,zivDDe0q1618257507861,322,figural_single_2_2,1,,0,green,1153.099999999511,1,single,e_g_05.png,color,green
135229,,c7fbf674-7151-4b31-9215-b4523cffdc16,1,zivDDe0q1618257507861,323,figural_single_2_2,1,,0,green,926.4999999977881,1,single,e_g_03.png,color,green
135229,,c7fbf674-7151-4b31-9215-b4523cffdc16,1,zivDDe0q1618257507861,324,figural_single_2_2,1,,0,green,1354.4000000001397,1,single,e_g_11.png,color,green
135229,,c7fbf674-7151-4b31-9215-b4523cffdc16,1,zivDDe0q1618257507861,325,figural_single_2_2,1,,0,blue,831.2000000005355,1,single,r_b_15.png,color,blue
135229,,c7fbf674-7151-4b31-9215-b4523cffdc16,1,zivDDe0q1618257507861,326,figural_single_2_2,1,,0,blue,1085.6000000021886,1,single,e_b_02.png,color,blue
135229,,c7fbf674-7151-4b31-9215-b4523cffdc16,1,zivDDe0q1618257507861,327,figural_single_2_2,1,,0,blue,1372.0999999968335,1,single,r_b_08.png,color,blue
135229,,c7fbf674-7151-4b31-9215-b4523cffdc16,1,zivDDe0q1618257507861,328,figural_single_2_2,1,,0,green,1676.2999999991152,1,single,e_g_06.png,color,green
135229,,c7fbf674-7151-4b31-9215-b4523cffdc16,1,zivDDe0q1618257507861,329,figural_single_2_2,1,,0,blue,877.1999999989639,1,single,e_b_16.png,color,blue
135229,,c7fbf674-7151-4b31-9215-b4523cffdc16,1,zivDDe0q1618257507861,330,figural_single_2_2,1,,0,blue,1039.4000000014203,1,single,e_b_06.png,color,blue
135229,,c7fbf674-7151-4b31-9215-b4523cffdc16,1,zivDDe0q1618257507861,331,figural_single_2_2,1,,0,green,854.299999999057,1,single,r_g_09.png,color,green
135229,,c7fbf674-7151-4b31-9215-b4523cffdc16,1,zivDDe0q1618257507861,332,figural_single_2_2,1,,0,green,812.7999999996973,1,single,e_g_10.png,color,green
135229,,c7fbf674-7151-4b31-9215-b4523cffdc16,1,zivDDe0q1618257507861,333,figural_single_2_2,1,,0,blue,939.6000000014901,1,single,e_b_12.png,color,blue
135229,,c7fbf674-7151-4b31-9215-b4523cffdc16,1,zivDDe0q1618257507861,334,figural_single_2_2,1,,0,green,1069.6000000025379,1,single,r_g_11.png,color,green
135229,,c7fbf674-7151-4b31-9215-b4523cffdc16,1,zivDDe0q1618257507861,335,figural_single_2_2,1,,0,green,1425.9999999994761,1,single,r_g_06.png,color,green
135229,,c7fbf674-7151-4b31-9215-b4523cffdc16,1,zivDDe0q1618257507861,336,figural_single_2_2,1,,0,green,1161.7000000005355,1,single,e_g_04.png,color,green
135229,,c7fbf674-7151-4b31-9215-b4523cffdc16,1,zivDDe0q1618257507861,337,figural_single_2_2,1,,0,blue,818.5000000012224,1,single,r_b_01.png,color,blue
135229,,c7fbf674-7151-4b31-9215-b4523cffdc16,1,zivDDe0q1618257507861,338,figural_single_2_2,1,,0,green,1017.2999999994645,1,single,r_g_03.png,color,green
135229,,c7fbf674-7151-4b31-9215-b4523cffdc16,1,zivDDe0q1618257507861,339,figural_single_2_2,1,,0,blue,1062.5,1,single,e_b_04.png,color,blue
135229,,c7fbf674-7151-4b31-9215-b4523cffdc16,1,zivDDe0q1618257507861,340,figural_single_2_2,1,,0,green,1530.5999999982305,0,single,r_b_12.png,color,blue
135229,,c7fbf674-7151-4b31-9215-b4523cffdc16,1,zivDDe0q1618257507861,341,figural_single_2_2,1,,0,green,1738.3999999983353,1,single,r_g_13.png,color,green
135229,,c7fbf674-7151-4b31-9215-b4523cffdc16,1,zivDDe0q1618257507861,342,figural_single_2_2,1,,0,blue,1921.5000000004075,1,single,r_b_02.png,color,blue
135229,,c7fbf674-7151-4b31-9215-b4523cffdc16,1,zivDDe0q1618257507861,343,figural_single_2_2,1,,0,green,1040.499999999185,1,single,e_g_09.png,color,green
135229,,c7fbf674-7151-4b31-9215-b4523cffdc16,1,zivDDe0q1618257507861,344,figural_single_2_2,1,,0,green,1042.0000000012806,1,single,e_g_15.png,color,green
135229,,c7fbf674-7151-4b31-9215-b4523cffdc16,1,zivDDe0q1618257507861,345,figural_single_2_2,1,,0,green,940.2999999983003,1,single,e_g_08.png,color,green
135229,,c7fbf674-7151-4b31-9215-b4523cffdc16,1,zivDDe0q1618257507861,346,figural_single_2_2,1,,0,blue,887.8000000003958,1,single,r_b_05.png,color,blue
135229,,c7fbf674-7151-4b31-9215-b4523cffdc16,1,zivDDe0q1618257507861,347,figural_single_2_2,1,,0,green,932.3999999978114,1,single,r_g_14.png,color,green
135229,,c7fbf674-7151-4b31-9215-b4523cffdc16,1,zivDDe0q1618257507861,348,figural_single_2_2,1,,0,blue,1087.1000000005588,1,single,r_b_04.png,color,blue
135229,,c7fbf674-7151-4b31-9215-b4523cffdc16,1,zivDDe0q1618257507861,349,figural_single_2_2,1,,0,green,1515.799999997369,1,single,r_g_10.png,color,green
135229,,c7fbf674-7151-4b31-9215-b4523cffdc16,1,zivDDe0q1618257507861,350,figural_single_2_2,1,,0,green,527.9000000009546,1,single,r_g_01.png,color,green
135229,,c7fbf674-7151-4b31-9215-b4523cffdc16,1,zivDDe0q1618257507861,351,figural_single_2_2,1,,0,blue,1049.5000000010477,1,single,r_b_11.png,color,blue
135229,,c7fbf674-7151-4b31-9215-b4523cffdc16,1,zivDDe0q1618257507861,352,figural_single_2_2,1,,0,green,572.2999999998137,1,single,r_g_05.png,color,green
135229,,c7fbf674-7151-4b31-9215-b4523cffdc16,1,zivDDe0q1618257507861,353,figural_single_2_2,1,,0,blue,537.8999999993248,1,single,r_b_10.png,color,blue
135229,,c7fbf674-7151-4b31-9215-b4523cffdc16,1,zivDDe0q1618257507861,354,figural_single_2_2,1,,0,blue,583.5000000005821,1,single,e_b_13.png,color,blue
135229,,c7fbf674-7151-4b31-9215-b4523cffdc16,1,zivDDe0q1618257507861,355,figural_single_2_2,1,,0,green,660.8999999988591,1,single,e_g_14.png,color,green
135229,,c7fbf674-7151-4b31-9215-b4523cffdc16,1,zivDDe0q1618257507861,356,figural_single_2_2,1,,0,blue,566.6999999993714,1,single,e_b_07.png,color,blue
135229,,c7fbf674-7151-4b31-9215-b4523cffdc16,1,zivDDe0q1618257507861,357,figural_single_2_2,1,,0,blue,859.7999999983003,1,single,e_b_09.png,color,blue
135229,,c7fbf674-7151-4b31-9215-b4523cffdc16,1,zivDDe0q1618257507861,358,figural_single_1_2,1,,0,angular,1833.3000000020256,1,single,e_g_11.png,shape,angular
135229,,c7fbf674-7151-4b31-9215-b4523cffdc16,1,zivDDe0q1618257507861,359,figural_single_1_2,1,,0,round,1185.7999999992317,1,single,r_b_16.png,shape,round
135229,,c7fbf674-7151-4b31-9215-b4523cffdc16,1,zivDDe0q1618257507861,360,figural_single_1_2,1,,0,angular,1333.3000000020256,1,single,e_b_10.png,shape,angular
135229,,c7fbf674-7151-4b31-9215-b4523cffdc16,1,zivDDe0q1618257507861,361,figural_single_1_2,1,,0,round,1454.2999999974854,1,single,r_b_02.png,shape,round
135229,,c7fbf674-7151-4b31-9215-b4523cffdc16,1,zivDDe0q1618257507861,362,figural_single_1_2,1,,0,round,1626.4999999984866,1,single,r_g_08.png,shape,round
135229,,c7fbf674-7151-4b31-9215-b4523cffdc16,1,zivDDe0q1618257507861,363,figural_single_1_2,1,,0,angular,733.5999999996275,1,single,e_g_02.png,shape,angular
135229,,c7fbf674-7151-4b31-9215-b4523cffdc16,1,zivDDe0q1618257507861,364,figural_single_1_2,1,,0,round,680.8999999993248,1,single,r_g_05.png,shape,round
135229,,c7fbf674-7151-4b31-9215-b4523cffdc16,1,zivDDe0q1618257507861,365,figural_single_1_2,1,,0,angular,1034.299999999348,1,single,e_b_15.png,shape,angular
135229,,c7fbf674-7151-4b31-9215-b4523cffdc16,1,zivDDe0q1618257507861,366,figural_single_1_2,1,,0,round,646.1999999992549,1,single,r_b_09.png,shape,round
135229,,c7fbf674-7151-4b31-9215-b4523cffdc16,1,zivDDe0q1618257507861,367,figural_single_1_2,1,,0,angular,840.7000000006519,1,single,e_b_12.png,shape,angular
135229,,c7fbf674-7151-4b31-9215-b4523cffdc16,1,zivDDe0q1618257507861,368,figural_single_1_2,1,,0,angular,934.7999999991152,1,single,e_g_15.png,shape,angular
135229,,c7fbf674-7151-4b31-9215-b4523cffdc16,1,zivDDe0q1618257507861,369,figural_single_1_2,1,,0,round,611.6000000000931,1,single,r_g_04.png,shape,round
135229,,c7fbf674-7151-4b31-9215-b4523cffdc16,1,zivDDe0q1618257507861,370,figural_single_1_2,1,,0,angular,756.3000000009779,1,single,e_b_14.png,shape,angular
135229,,c7fbf674-7151-4b31-9215-b4523cffdc16,1,zivDDe0q1618257507861,371,figural_single_1_2,1,,0,angular,771.1999999992549,1,single,e_b_02.png,shape,angular
135229,,c7fbf674-7151-4b31-9215-b4523cffdc16,1,zivDDe0q1618257507861,372,figural_single_1_2,1,,0,round,1998.200000001816,1,single,r_g_15.png,shape,round
135229,,c7fbf674-7151-4b31-9215-b4523cffdc16,1,zivDDe0q1618257507861,373,figural_single_1_2,1,,0,angular,764.5000000011642,1,single,e_b_11.png,shape,angular
135229,,c7fbf674-7151-4b31-9215-b4523cffdc16,1,zivDDe0q1618257507861,374,figural_single_1_2,1,,0,round,1573.0999999977648,1,single,r_b_07.png,shape,round
135229,,c7fbf674-7151-4b31-9215-b4523cffdc16,1,zivDDe0q1618257507861,375,figural_single_1_2,1,,0,round,1120.3000000022585,1,single,r_g_06.png,shape,round
135229,,c7fbf674-7151-4b31-9215-b4523cffdc16,1,zivDDe0q1618257507861,376,figural_single_1_2,1,,0,round,1288.3000000000466,1,single,r_g_02.png,shape,round
135229,,c7fbf674-7151-4b31-9215-b4523cffdc16,1,zivDDe0q1618257507861,377,figural_single_1_2,1,,0,angular,572.099999997532,1,single,e_b_09.png,shape,angular
135229,,c7fbf674-7151-4b31-9215-b4523cffdc16,1,zivDDe0q1618257507861,378,figural_single_1_2,1,,0,round,1467.1999999991385,1,single,r_b_15.png,shape,round
135229,,c7fbf674-7151-4b31-9215-b4523cffdc16,1,zivDDe0q1618257507861,379,figural_single_1_2,1,,0,angular,1730.200000001816,1,single,e_g_14.png,shape,angular
135229,,c7fbf674-7151-4b31-9215-b4523cffdc16,1,zivDDe0q1618257507861,380,figural_single_1_2,1,,0,round,588.900000002468,1,single,r_b_04.png,shape,round
135229,,c7fbf674-7151-4b31-9215-b4523cffdc16,1,zivDDe0q1618257507861,381,figural_single_1_2,1,,0,round,696.6000000028871,1,single,r_g_09.png,shape,round
135229,,c7fbf674-7151-4b31-9215-b4523cffdc16,1,zivDDe0q1618257507861,382,figural_single_1_2,1,,0,angular,585.3999999999069,1,single,e_g_03.png,shape,angular
135229,,c7fbf674-7151-4b31-9215-b4523cffdc16,1,zivDDe0q1618257507861,383,figural_single_1_2,1,,0,round,673.9999999990687,1,single,r_b_13.png,shape,round
135229,,c7fbf674-7151-4b31-9215-b4523cffdc16,1,zivDDe0q1618257507861,384,figural_single_1_2,1,,0,round,557.3999999978114,1,single,r_b_03.png,shape,round
135229,,c7fbf674-7151-4b31-9215-b4523cffdc16,1,zivDDe0q1618257507861,385,figural_single_1_2,1,,0,round,678.4000000007218,1,single,r_g_14.png,shape,round
135229,,c7fbf674-7151-4b31-9215-b4523cffdc16,1,zivDDe0q1618257507861,386,figural_single_1_2,1,,0,angular,674.8000000006286,1,single,e_b_05.png,shape,angular
135229,,c7fbf674-7151-4b31-9215-b4523cffdc16,1,zivDDe0q1618257507861,387,figural_single_1_2,1,,0,round,605.4000000003725,1,single,r_b_10.png,shape,round
135229,,c7fbf674-7151-4b31-9215-b4523cffdc16,1,zivDDe0q1618257507861,388,figural_single_1_2,1,,0,round,687.4000000025844,1,single,r_b_12.png,shape,round
135229,,c7fbf674-7151-4b31-9215-b4523cffdc16,1,zivDDe0q1618257507861,389,figural_single_1_2,1,,0,round,946.7000000004191,1,single,r_b_14.png,shape,round
135229,,c7fbf674-7151-4b31-9215-b4523cffdc16,1,zivDDe0q1618257507861,390,figural_single_1_2,1,,0,angular,1309.7000000016997,1,single,e_g_16.png,shape,angular
135229,,c7fbf674-7151-4b31-9215-b4523cffdc16,1,zivDDe0q1618257507861,391,figural_single_1_2,1,,0,round,703.9000000003725,1,single,r_g_12.png,shape,round
135229,,c7fbf674-7151-4b31-9215-b4523cffdc16,1,zivDDe0q1618257507861,392,figural_single_1_2,1,,0,round,1122.1000000004424,1,single,r_g_11.png,shape,round
135229,,c7fbf674-7151-4b31-9215-b4523cffdc16,1,zivDDe0q1618257507861,393,figural_single_1_2,1,,0,angular,708.9000000014203,1,single,e_b_03.png,shape,angular
135229,,c7fbf674-7151-4b31-9215-b4523cffdc16,1,zivDDe0q1618257507861,394,figural_single_1_2,1,,0,angular,1522.799999998766,1,single,e_b_04.png,shape,angular
135229,,c7fbf674-7151-4b31-9215-b4523cffdc16,1,zivDDe0q1618257507861,395,figural_single_1_2,1,,0,round,689.8999999975786,1,single,r_b_11.png,shape,round
135229,,c7fbf674-7151-4b31-9215-b4523cffdc16,1,zivDDe0q1618257507861,396,figural_single_1_2,1,,0,angular,1159.7000000001863,1,single,e_g_05.png,shape,angular
135229,,c7fbf674-7151-4b31-9215-b4523cffdc16,1,zivDDe0q1618257507861,397,figural_single_1_2,1,,0,angular,1076.4000000017695,1,single,e_b_16.png,shape,angular
135229,,c7fbf674-7151-4b31-9215-b4523cffdc16,1,zivDDe0q1618257507861,398,figural_single_1_2,1,,0,angular,1855.300000002957,1,single,e_g_13.png,shape,angular
135229,,c7fbf674-7151-4b31-9215-b4523cffdc16,1,zivDDe0q1618257507861,399,figural_single_1_2,1,,0,round,493.99999999883585,1,single,r_g_01.png,shape,round
135229,,c7fbf674-7151-4b31-9215-b4523cffdc16,1,zivDDe0q1618257507861,400,figural_single_1_2,1,,0,angular,633.9000000008382,1,single,e_b_08.png,shape,angular
135229,,c7fbf674-7151-4b31-9215-b4523cffdc16,1,zivDDe0q1618257507861,401,figural_single_1_2,1,,0,angular,728.8999999981606,1,single,e_g_10.png,shape,angular
135229,,c7fbf674-7151-4b31-9215-b4523cffdc16,1,zivDDe0q1618257507861,402,figural_single_1_2,1,,0,round,564.6999999990221,1,single,r_g_13.png,shape,round
135229,,c7fbf674-7151-4b31-9215-b4523cffdc16,1,zivDDe0q1618257507861,403,figural_single_1_2,1,,0,angular,1014.8000000007451,1,single,e_b_01.png,shape,angular
135229,,c7fbf674-7151-4b31-9215-b4523cffdc16,1,zivDDe0q1618257507861,404,figural_single_1_2,1,,0,angular,665.3000000006286,1,single,e_b_06.png,shape,angular
135229,,c7fbf674-7151-4b31-9215-b4523cffdc16,1,zivDDe0q1618257507861,405,figural_single_1_2,1,,0,round,516.8999999986263,1,single,r_g_10.png,shape,round
135229,,c7fbf674-7151-4b31-9215-b4523cffdc16,1,zivDDe0q1618257507861,406,figural_single_1_2,1,,0,angular,684.1000000021886,1,single,e_g_08.png,shape,angular
135229,,c7fbf674-7151-4b31-9215-b4523cffdc16,1,zivDDe0q1618257507861,407,figural_single_1_2,1,,0,round,590.7000000006519,0,single,e_g_07.png,shape,angular
135229,,c7fbf674-7151-4b31-9215-b4523cffdc16,1,zivDDe0q1618257507861,408,figural_single_1_2,1,,0,angular,6.099999998696148,0,single,r_b_06.png,shape,round
135229,,c7fbf674-7151-4b31-9215-b4523cffdc16,1,zivDDe0q1618257507861,409,figural_single_1_2,1,,0,angular,689.9999999987194,1,single,e_g_09.png,shape,angular
135229,,c7fbf674-7151-4b31-9215-b4523cffdc16,1,zivDDe0q1618257507861,410,figural_single_1_2,1,,0,round,526.3999999987427,1,single,r_b_01.png,shape,round
135229,,c7fbf674-7151-4b31-9215-b4523cffdc16,1,zivDDe0q1618257507861,411,figural_single_1_2,1,,0,angular,539.5999999999767,1,single,e_b_13.png,shape,angular
135229,,c7fbf674-7151-4b31-9215-b4523cffdc16,1,zivDDe0q1618257507861,412,figural_single_1_2,1,,0,round,454.4999999998836,0,single,e_g_04.png,shape,angular
135229,,c7fbf674-7151-4b31-9215-b4523cffdc16,1,zivDDe0q1618257507861,413,figural_single_1_2,1,,0,angular,723.9000000009546,1,single,e_g_12.png,shape,angular
135229,,c7fbf674-7151-4b31-9215-b4523cffdc16,1,zivDDe0q1618257507861,414,figural_single_1_2,1,,0,angular,453.90000000048894,0,single,r_b_08.png,shape,round
135229,,c7fbf674-7151-4b31-9215-b4523cffdc16,1,zivDDe0q1618257507861,415,figural_single_1_2,1,,0,angular,749.0999999972992,1,single,e_b_07.png,shape,angular
135229,,c7fbf674-7151-4b31-9215-b4523cffdc16,1,zivDDe0q1618257507861,416,figural_single_1_2,1,,0,round,454.49999999976717,1,single,r_g_03.png,shape,round
135229,,c7fbf674-7151-4b31-9215-b4523cffdc16,1,zivDDe0q1618257507861,417,figural_single_1_2,1,,0,angular,692.9000000017695,1,single,e_g_06.png,shape,angular
135229,,c7fbf674-7151-4b31-9215-b4523cffdc16,1,zivDDe0q1618257507861,418,figural_single_1_2,1,,0,round,1011.5000000004657,1,single,r_g_16.png,shape,round
135229,,c7fbf674-7151-4b31-9215-b4523cffdc16,1,zivDDe0q1618257507861,419,figural_single_1_2,1,,0,round,615.3999999988591,1,single,r_b_05.png,shape,round
135229,,c7fbf674-7151-4b31-9215-b4523cffdc16,1,zivDDe0q1618257507861,420,figural_single_1_2,1,,0,angular,1355.7999999976018,1,single,e_g_01.png,shape,angular
135229,,c7fbf674-7151-4b31-9215-b4523cffdc16,1,zivDDe0q1618257507861,421,figural_single_1_2,1,,0,round,600.800000000163,1,single,r_g_07.png,shape,round