userCode,extId,moduleId,sessionId,sessionToken,trialId,executableId,session.complete,session.condition,session.forceExit,givenResponse,reactionTime,score,shiftingType,stimulusValue,stimulusType,correctResponse
135206,,c7fbf674-7151-4b31-9215-b4523cffdc16,1,2KWqIyhv1618229344264,1,figural_single_1_practice,1,,0,round,3267.100000000937,1,single,r_b_10.png,shape,round
135206,,c7fbf674-7151-4b31-9215-b4523cffdc16,1,2KWqIyhv1618229344264,2,figural_single_1_practice,1,,0,angular,937.9000000008091,1,single,e_b_09.png,shape,angular
135206,,c7fbf674-7151-4b31-9215-b4523cffdc16,1,2KWqIyhv1618229344264,3,figural_single_1_practice,1,,0,round,697.200000000521,1,single,r_b_11.png,shape,round
135206,,c7fbf674-7151-4b31-9215-b4523cffdc16,1,2KWqIyhv1618229344264,4,figural_single_1_practice,1,,0,round,698.3999999993102,1,single,r_g_05.png,shape,round
135206,,c7fbf674-7151-4b31-9215-b4523cffdc16,1,2KWqIyhv1618229344264,5,figural_single_1_practice,1,,0,angular,715.2000000005501,1,single,e_b_14.png,shape,angular
135206,,c7fbf674-7151-4b31-9215-b4523cffdc16,1,2KWqIyhv1618229344264,6,figural_single_1_practice,1,,0,angular,2110.5999999999767,1,single,e_g_07.png,shape,angular
135206,,c7fbf674-7151-4b31-9215-b4523cffdc16,1,2KWqIyhv1618229344264,7,figural_single_1_practice,1,,0,angular,614.7000000000844,1,single,e_g_12.png,shape,angular
135206,,c7fbf674-7151-4b31-9215-b4523cffdc16,1,2KWqIyhv1618229344264,8,figural_single_1_practice,1,,0,round,675.0000000010914,1,single,r_b_16.png,shape,round
135206,,c7fbf674-7151-4b31-9215-b4523cffdc16,1,2KWqIyhv1618229344264,9,figural_single_1_practice,1,,0,round,631.9000000003143,1,single,r_g_02.png,shape,round
135206,,c7fbf674-7151-4b31-9215-b4523cffdc16,1,2KWqIyhv1618229344264,10,figural_single_1_practice,1,,0,angular,621.500000001106,1,single,e_b_04.png,shape,angular
135206,,c7fbf674-7151-4b31-9215-b4523cffdc16,1,2KWqIyhv1618229344264,11,figural_single_1_practice,1,,0,angular,801.6999999999825,1,single,e_g_06.png,shape,angular
135206,,c7fbf674-7151-4b31-9215-b4523cffdc16,1,2KWqIyhv1618229344264,12,figural_single_1_practice,1,,0,round,613.5000000012951,1,single,r_g_15.png,shape,round
135206,,c7fbf674-7151-4b31-9215-b4523cffdc16,1,2KWqIyhv1618229344264,13,figural_single_1_1,1,,0,round,772.3999999998341,1,single,r_b_01.png,shape,round
135206,,c7fbf674-7151-4b31-9215-b4523cffdc16,1,2KWqIyhv1618229344264,14,figural_single_1_1,1,,0,angular,693.0000000011205,1,single,e_g_11.png,shape,angular
135206,,c7fbf674-7151-4b31-9215-b4523cffdc16,1,2KWqIyhv1618229344264,15,figural_single_1_1,1,,0,round,2023.6000000004424,1,single,r_b_10.png,shape,round
135206,,c7fbf674-7151-4b31-9215-b4523cffdc16,1,2KWqIyhv1618229344264,16,figural_single_1_1,1,,0,round,634.2999999997119,1,single,r_b_06.png,shape,round
135206,,c7fbf674-7151-4b31-9215-b4523cffdc16,1,2KWqIyhv1618229344264,17,figural_single_1_1,1,,0,angular,574.399999999514,1,single,e_g_07.png,shape,angular
135206,,c7fbf674-7151-4b31-9215-b4523cffdc16,1,2KWqIyhv1618229344264,18,figural_single_1_1,1,,0,angular,582.300000000032,1,single,e_g_13.png,shape,angular
135206,,c7fbf674-7151-4b31-9215-b4523cffdc16,1,2KWqIyhv1618229344264,19,figural_single_1_1,1,,0,round,574.1999999991094,1,single,r_g_06.png,shape,round
135206,,c7fbf674-7151-4b31-9215-b4523cffdc16,1,2KWqIyhv1618229344264,20,figural_single_1_1,1,,0,angular,546.2999999999738,1,single,e_g_16.png,shape,angular
135206,,c7fbf674-7151-4b31-9215-b4523cffdc16,1,2KWqIyhv1618229344264,21,figural_single_1_1,1,,0,angular,486.4999999990687,1,single,e_b_09.png,shape,angular
135206,,c7fbf674-7151-4b31-9215-b4523cffdc16,1,2KWqIyhv1618229344264,22,figural_single_1_1,1,,0,angular,513.8999999999214,1,single,e_b_08.png,shape,angular
135206,,c7fbf674-7151-4b31-9215-b4523cffdc16,1,2KWqIyhv1618229344264,23,figural_single_1_1,1,,0,round,541.4000000000669,1,single,r_b_12.png,shape,round
135206,,c7fbf674-7151-4b31-9215-b4523cffdc16,1,2KWqIyhv1618229344264,24,figural_single_1_1,1,,0,angular,484.4999999986612,1,single,e_b_10.png,shape,angular
135206,,c7fbf674-7151-4b31-9215-b4523cffdc16,1,2KWqIyhv1618229344264,25,figural_single_1_1,1,,0,angular,450.699999999415,1,single,e_b_05.png,shape,angular
135206,,c7fbf674-7151-4b31-9215-b4523cffdc16,1,2KWqIyhv1618229344264,26,figural_single_1_1,1,,0,round,531.8000000006869,1,single,r_b_13.png,shape,round
135206,,c7fbf674-7151-4b31-9215-b4523cffdc16,1,2KWqIyhv1618229344264,27,figural_single_1_1,1,,0,round,407.30000000077416,1,single,r_g_15.png,shape,round
135206,,c7fbf674-7151-4b31-9215-b4523cffdc16,1,2KWqIyhv1618229344264,28,figural_single_1_1,1,,0,angular,566.6000000001222,1,single,e_g_09.png,shape,angular
135206,,c7fbf674-7151-4b31-9215-b4523cffdc16,1,2KWqIyhv1618229344264,29,figural_single_1_1,1,,0,round,543.2000000000698,1,single,r_g_02.png,shape,round
135206,,c7fbf674-7151-4b31-9215-b4523cffdc16,1,2KWqIyhv1618229344264,30,figural_single_1_1,1,,0,round,590.7000000006519,1,single,r_b_07.png,shape,round
135206,,c7fbf674-7151-4b31-9215-b4523cffdc16,1,2KWqIyhv1618229344264,31,figural_single_1_1,1,,0,angular,543.4999999997672,1,single,e_b_06.png,shape,angular
135206,,c7fbf674-7151-4b31-9215-b4523cffdc16,1,2KWqIyhv1618229344264,32,figural_single_1_1,1,,0,round,522.699999999546,1,single,r_b_16.png,shape,round
135206,,c7fbf674-7151-4b31-9215-b4523cffdc16,1,2KWqIyhv1618229344264,33,figural_single_1_1,1,,0,round,501.0000000001746,1,single,r_b_02.png,shape,round
135206,,c7fbf674-7151-4b31-9215-b4523cffdc16,1,2KWqIyhv1618229344264,34,figural_single_1_1,1,,0,angular,695.3999999986845,1,single,e_g_06.png,shape,angular
135206,,c7fbf674-7151-4b31-9215-b4523cffdc16,1,2KWqIyhv1618229344264,35,figural_single_1_1,1,,0,round,520.6999999991385,1,single,r_g_03.png,shape,round
135206,,c7fbf674-7151-4b31-9215-b4523cffdc16,1,2KWqIyhv1618229344264,36,figural_single_1_1,1,,0,angular,709.300000000454,1,single,e_g_05.png,shape,angular
135206,,c7fbf674-7151-4b31-9215-b4523cffdc16,1,2KWqIyhv1618229344264,37,figural_single_1_1,1,,0,round,520.1999999990221,0,single,e_b_13.png,shape,angular
135206,,c7fbf674-7151-4b31-9215-b4523cffdc16,1,2KWqIyhv1618229344264,38,figural_single_1_1,1,,0,round,637.9000000015367,0,single,e_g_15.png,shape,angular
135206,,c7fbf674-7151-4b31-9215-b4523cffdc16,1,2KWqIyhv1618229344264,39,figural_single_1_1,1,,0,angular,747.6999999998952,0,single,r_g_08.png,shape,round
135206,,c7fbf674-7151-4b31-9215-b4523cffdc16,1,2KWqIyhv1618229344264,40,figural_single_1_1,1,,0,round,665.2000000012922,1,single,r_b_05.png,shape,round
135206,,c7fbf674-7151-4b31-9215-b4523cffdc16,1,2KWqIyhv1618229344264,41,figural_single_1_1,1,,0,angular,499.60000000099535,1,single,e_b_02.png,shape,angular
135206,,c7fbf674-7151-4b31-9215-b4523cffdc16,1,2KWqIyhv1618229344264,42,figural_single_1_1,1,,0,angular,668.4999999997672,1,single,e_g_14.png,shape,angular
135206,,c7fbf674-7151-4b31-9215-b4523cffdc16,1,2KWqIyhv1618229344264,43,figural_single_1_1,1,,0,round,618.3000000000757,1,single,r_b_03.png,shape,round
135206,,c7fbf674-7151-4b31-9215-b4523cffdc16,1,2KWqIyhv1618229344264,44,figural_single_1_1,1,,0,angular,666.2000000014668,1,single,e_b_14.png,shape,angular
135206,,c7fbf674-7151-4b31-9215-b4523cffdc16,1,2KWqIyhv1618229344264,45,figural_single_1_1,1,,0,angular,768,1,single,e_b_04.png,shape,angular
135206,,c7fbf674-7151-4b31-9215-b4523cffdc16,1,2KWqIyhv1618229344264,46,figural_single_1_1,1,,0,angular,696.3999999988882,1,single,e_b_03.png,shape,angular
135206,,c7fbf674-7151-4b31-9215-b4523cffdc16,1,2KWqIyhv1618229344264,47,figural_single_1_1,1,,0,round,613.099999998667,1,single,r_g_16.png,shape,round
135206,,c7fbf674-7151-4b31-9215-b4523cffdc16,1,2KWqIyhv1618229344264,48,figural_single_1_1,1,,0,round,696.7999999996973,1,single,r_g_13.png,shape,round
135206,,c7fbf674-7151-4b31-9215-b4523cffdc16,1,2KWqIyhv1618229344264,49,figural_single_1_1,1,,0,angular,709.0000000007276,0,single,r_g_14.png,shape,round
135206,,c7fbf674-7151-4b31-9215-b4523cffdc16,1,2KWqIyhv1618229344264,50,figural_single_1_1,1,,0,angular,671.200000000681,1,single,e_g_08.png,shape,angular
135206,,c7fbf674-7151-4b31-9215-b4523cffdc16,1,2KWqIyhv1618229344264,51,figural_single_1_1,1,,0,round,1412.2999999999302,1,single,r_g_09.png,shape,round
135206,,c7fbf674-7151-4b31-9215-b4523cffdc16,1,2KWqIyhv1618229344264,52,figural_single_1_1,1,,0,angular,707.5000000004075,1,single,e_g_04.png,shape,angular
135206,,c7fbf674-7151-4b31-9215-b4523cffdc16,1,2KWqIyhv1618229344264,53,figural_single_1_1,1,,0,angular,638.1000000001222,1,single,e_b_15.png,shape,angular
135206,,c7fbf674-7151-4b31-9215-b4523cffdc16,1,2KWqIyhv1618229344264,54,figural_single_1_1,1,,0,round,1483.0000000001746,1,single,r_g_04.png,shape,round
135206,,c7fbf674-7151-4b31-9215-b4523cffdc16,1,2KWqIyhv1618229344264,55,figural_single_1_1,1,,0,angular,576.6999999996042,1,single,e_b_07.png,shape,angular
135206,,c7fbf674-7151-4b31-9215-b4523cffdc16,1,2KWqIyhv1618229344264,56,figural_single_1_1,1,,0,angular,602.3999999997613,1,single,e_b_16.png,shape,angular
135206,,c7fbf674-7151-4b31-9215-b4523cffdc16,1,2KWqIyhv1618229344264,57,figural_single_1_1,1,,0,round,839.5000000000582,1,single,r_b_08.png,shape,round
135206,,c7fbf674-7151-4b31-9215-b4523cffdc16,1,2KWqIyhv1618229344264,58,figural_single_1_1,1,,0,angular,2289.0999999999476,1,single,e_g_12.png,shape,angular
135206,,c7fbf674-7151-4b31-9215-b4523cffdc16,1,2KWqIyhv1618229344264,59,figural_single_1_1,1,,0,round,1999.2000000001863,1,single,r_b_14.png,shape,round
135206,,c7fbf674-7151-4b31-9215-b4523cffdc16,1,2KWqIyhv1618229344264,60,figural_single_1_1,1,,0,round,675.6000000004715,1,single,r_g_05.png,shape,round
135206,,c7fbf674-7151-4b31-9215-b4523cffdc16,1,2KWqIyhv1618229344264,61,figural_single_1_1,1,,0,round,562.90000000078,1,single,r_g_01.png,shape,round
135206,,c7fbf674-7151-4b31-9215-b4523cffdc16,1,2KWqIyhv1618229344264,62,figural_single_1_1,1,,0,angular,582.5999999997148,1,single,e_g_02.png,shape,angular
135206,,c7fbf674-7151-4b31-9215-b4523cffdc16,1,2KWqIyhv1618229344264,63,figural_single_1_1,1,,0,round,571.5,1,single,r_g_11.png,shape,round
135206,,c7fbf674-7151-4b31-9215-b4523cffdc16,1,2KWqIyhv1618229344264,64,figural_single_1_1,1,,0,round,612.9000000000815,1,single,r_g_10.png,shape,round
135206,,c7fbf674-7151-4b31-9215-b4523cffdc16,1,2KWqIyhv1618229344264,65,figural_single_1_1,1,,0,round,613.7999999991735,1,single,r_b_04.png,shape,round
135206,,c7fbf674-7151-4b31-9215-b4523cffdc16,1,2KWqIyhv1618229344264,66,figural_single_1_1,1,,0,angular,595.1999999997788,1,single,e_g_01.png,shape,angular
135206,,c7fbf674-7151-4b31-9215-b4523cffdc16,1,2KWqIyhv1618229344264,67,figural_single_1_1,1,,0,round,3477.2999999986496,1,single,r_b_09.png,shape,round
135206,,c7fbf674-7151-4b31-9215-b4523cffdc16,1,2KWqIyhv1618229344264,68,figural_single_1_1,1,,0,round,728.0000000009604,1,single,r_b_15.png,shape,round
135206,,c7fbf674-7151-4b31-9215-b4523cffdc16,1,2KWqIyhv1618229344264,69,figural_single_1_1,1,,0,round,532.1000000003842,1,single,r_g_07.png,shape,round
135206,,c7fbf674-7151-4b31-9215-b4523cffdc16,1,2KWqIyhv1618229344264,70,figural_single_1_1,1,,0,angular,708.8999999996158,1,single,e_b_01.png,shape,angular
135206,,c7fbf674-7151-4b31-9215-b4523cffdc16,1,2KWqIyhv1618229344264,71,figural_single_1_1,1,,0,angular,2727.2999999986496,1,single,e_b_12.png,shape,angular
135206,,c7fbf674-7151-4b31-9215-b4523cffdc16,1,2KWqIyhv1618229344264,72,figural_single_1_1,1,,0,round,552.400000000489,1,single,r_b_11.png,shape,round
135206,,c7fbf674-7151-4b31-9215-b4523cffdc16,1,2KWqIyhv1618229344264,73,figural_single_1_1,1,,0,round,3041.900000000198,1,single,r_g_12.png,shape,round
135206,,c7fbf674-7151-4b31-9215-b4523cffdc16,1,2KWqIyhv1618229344264,74,figural_single_1_1,1,,0,angular,1679.5000000001746,1,single,e_g_03.png,shape,angular
135206,,c7fbf674-7151-4b31-9215-b4523cffdc16,1,2KWqIyhv1618229344264,75,figural_single_1_1,1,,0,angular,608.0000000001746,1,single,e_g_10.png,shape,angular
135206,,c7fbf674-7151-4b31-9215-b4523cffdc16,1,2KWqIyhv1618229344264,76,figural_single_1_1,1,,0,angular,656.699999999546,1,single,e_b_11.png,shape,angular
135206,,c7fbf674-7151-4b31-9215-b4523cffdc16,1,2KWqIyhv1618229344264,77,figural_single_2_practice,1,,0,blue,2215.39999999915,1,single,r_b_07.png,color,blue
135206,,c7fbf674-7151-4b31-9215-b4523cffdc16,1,2KWqIyhv1618229344264,78,figural_single_2_practice,1,,0,blue,795.5000000001746,0,single,r_g_09.png,color,green
135206,,c7fbf674-7151-4b31-9215-b4523cffdc16,1,2KWqIyhv1618229344264,79,figural_single_2_practice,1,,0,green,958.5000000006403,1,single,e_g_04.png,color,green
135206,,c7fbf674-7151-4b31-9215-b4523cffdc16,1,2KWqIyhv1618229344264,80,figural_single_2_practice,1,,0,blue,606.2999999994645,1,single,r_b_14.png,color,blue
135206,,c7fbf674-7151-4b31-9215-b4523cffdc16,1,2KWqIyhv1618229344264,81,figural_single_2_practice,1,,0,blue,447.1000000012282,1,single,e_b_06.png,color,blue
135206,,c7fbf674-7151-4b31-9215-b4523cffdc16,1,2KWqIyhv1618229344264,82,figural_single_2_practice,1,,0,green,477.799999998766,1,single,e_g_10.png,color,green
135206,,c7fbf674-7151-4b31-9215-b4523cffdc16,1,2KWqIyhv1618229344264,83,figural_single_2_practice,1,,0,blue,467.8000000003667,1,single,e_b_16.png,color,blue
135206,,c7fbf674-7151-4b31-9215-b4523cffdc16,1,2KWqIyhv1618229344264,84,figural_single_2_practice,1,,0,green,359.8999999994703,1,single,e_g_08.png,color,green
135206,,c7fbf674-7151-4b31-9215-b4523cffdc16,1,2KWqIyhv1618229344264,85,figural_single_2_practice,1,,0,blue,653.6999999989639,1,single,e_b_02.png,color,blue
135206,,c7fbf674-7151-4b31-9215-b4523cffdc16,1,2KWqIyhv1618229344264,86,figural_single_2_practice,1,,0,green,612.1999999995751,1,single,r_g_03.png,color,green
135206,,c7fbf674-7151-4b31-9215-b4523cffdc16,1,2KWqIyhv1618229344264,87,figural_single_2_practice,1,,0,blue,480.40000000037253,1,single,r_b_13.png,color,blue
135206,,c7fbf674-7151-4b31-9215-b4523cffdc16,1,2KWqIyhv1618229344264,88,figural_single_2_practice,1,,0,green,641.7999999994063,1,single,r_g_01.png,color,green
135206,,c7fbf674-7151-4b31-9215-b4523cffdc16,1,2KWqIyhv1618229344264,89,figural_single_2_1,1,,0,green,1072.799999999901,1,single,r_g_07.png,color,green
135206,,c7fbf674-7151-4b31-9215-b4523cffdc16,1,2KWqIyhv1618229344264,90,figural_single_2_1,1,,0,blue,511.8999999995285,1,single,r_b_03.png,color,blue
135206,,c7fbf674-7151-4b31-9215-b4523cffdc16,1,2KWqIyhv1618229344264,91,figural_single_2_1,1,,0,green,460.10000000026776,1,single,r_g_08.png,color,green
135206,,c7fbf674-7151-4b31-9215-b4523cffdc16,1,2KWqIyhv1618229344264,92,figural_single_2_1,1,,0,green,402.0000000000291,1,single,e_g_01.png,color,green
135206,,c7fbf674-7151-4b31-9215-b4523cffdc16,1,2KWqIyhv1618229344264,93,figural_single_2_1,1,,0,green,418.1000000007625,1,single,e_g_09.png,color,green
135206,,c7fbf674-7151-4b31-9215-b4523cffdc16,1,2KWqIyhv1618229344264,94,figural_single_2_1,1,,0,blue,456.50000000023283,1,single,r_b_08.png,color,blue
135206,,c7fbf674-7151-4b31-9215-b4523cffdc16,1,2KWqIyhv1618229344264,95,figural_single_2_1,1,,0,blue,403.80000000004657,1,single,e_b_03.png,color,blue
135206,,c7fbf674-7151-4b31-9215-b4523cffdc16,1,2KWqIyhv1618229344264,96,figural_single_2_1,1,,0,green,451.39999999990687,1,single,e_g_07.png,color,green
135206,,c7fbf674-7151-4b31-9215-b4523cffdc16,1,2KWqIyhv1618229344264,97,figural_single_2_1,1,,0,blue,688.2999999998137,1,single,e_b_02.png,color,blue
135206,,c7fbf674-7151-4b31-9215-b4523cffdc16,1,2KWqIyhv1618229344264,98,figural_single_2_1,1,,0,blue,827.9000000002561,0,single,e_g_04.png,color,green
135206,,c7fbf674-7151-4b31-9215-b4523cffdc16,1,2KWqIyhv1618229344264,99,figural_single_2_1,1,,0,green,538.8000000002503,1,single,r_g_06.png,color,green
135206,,c7fbf674-7151-4b31-9215-b4523cffdc16,1,2KWqIyhv1618229344264,100,figural_single_2_1,1,,0,blue,541.7000000015832,1,single,e_b_08.png,color,blue
135206,,c7fbf674-7151-4b31-9215-b4523cffdc16,1,2KWqIyhv1618229344264,101,figural_single_2_1,1,,0,green,471.49999999965075,1,single,e_g_16.png,color,green
135206,,c7fbf674-7151-4b31-9215-b4523cffdc16,1,2KWqIyhv1618229344264,102,figural_single_2_1,1,,0,blue,546.2000000006519,1,single,e_b_06.png,color,blue
135206,,c7fbf674-7151-4b31-9215-b4523cffdc16,1,2KWqIyhv1618229344264,103,figural_single_2_1,1,,0,blue,513.000000000844,1,single,e_b_04.png,color,blue
135206,,c7fbf674-7151-4b31-9215-b4523cffdc16,1,2KWqIyhv1618229344264,104,figural_single_2_1,1,,0,green,431.5999999998894,1,single,r_g_10.png,color,green
135206,,c7fbf674-7151-4b31-9215-b4523cffdc16,1,2KWqIyhv1618229344264,105,figural_single_2_1,1,,0,blue,684.8000000009197,1,single,e_b_12.png,color,blue
135206,,c7fbf674-7151-4b31-9215-b4523cffdc16,1,2KWqIyhv1618229344264,106,figural_single_2_1,1,,0,blue,1159.4999999997672,1,single,r_b_09.png,color,blue
135206,,c7fbf674-7151-4b31-9215-b4523cffdc16,1,2KWqIyhv1618229344264,107,figural_single_2_1,1,,0,green,1320.3999999986845,1,single,r_g_15.png,color,green
135206,,c7fbf674-7151-4b31-9215-b4523cffdc16,1,2KWqIyhv1618229344264,108,figural_single_2_1,1,,0,green,669.7999999996682,1,single,e_g_08.png,color,green
135206,,c7fbf674-7151-4b31-9215-b4523cffdc16,1,2KWqIyhv1618229344264,109,figural_single_2_1,1,,0,green,640.400000000227,0,single,e_b_11.png,color,blue
135206,,c7fbf674-7151-4b31-9215-b4523cffdc16,1,2KWqIyhv1618229344264,110,figural_single_2_1,1,,0,blue,586.1999999997206,1,single,r_b_13.png,color,blue
135206,,c7fbf674-7151-4b31-9215-b4523cffdc16,1,2KWqIyhv1618229344264,111,figural_single_2_1,1,,0,blue,441.8000000005122,1,single,r_b_12.png,color,blue
135206,,c7fbf674-7151-4b31-9215-b4523cffdc16,1,2KWqIyhv1618229344264,112,figural_single_2_1,1,,0,blue,527.5999999994237,1,single,r_b_15.png,color,blue
135206,,c7fbf674-7151-4b31-9215-b4523cffdc16,1,2KWqIyhv1618229344264,113,figural_single_2_1,1,,0,green,779.0000000004657,1,single,e_g_05.png,color,green
135206,,c7fbf674-7151-4b31-9215-b4523cffdc16,1,2KWqIyhv1618229344264,114,figural_single_2_1,1,,0,green,416.2999999989406,1,single,r_g_12.png,color,green
135206,,c7fbf674-7151-4b31-9215-b4523cffdc16,1,2KWqIyhv1618229344264,115,figural_single_2_1,1,,0,blue,489.29999999928987,1,single,r_b_02.png,color,blue
135206,,c7fbf674-7151-4b31-9215-b4523cffdc16,1,2KWqIyhv1618229344264,116,figural_single_2_1,1,,0,blue,527.2999999997264,1,single,r_b_01.png,color,blue
135206,,c7fbf674-7151-4b31-9215-b4523cffdc16,1,2KWqIyhv1618229344264,117,figural_single_2_1,1,,0,blue,474.4999999984284,1,single,r_b_07.png,color,blue
135206,,c7fbf674-7151-4b31-9215-b4523cffdc16,1,2KWqIyhv1618229344264,118,figural_single_2_1,1,,0,green,363.8999999984517,1,single,e_g_15.png,color,green
135206,,c7fbf674-7151-4b31-9215-b4523cffdc16,1,2KWqIyhv1618229344264,119,figural_single_2_1,1,,0,green,388.6999999995169,1,single,e_g_11.png,color,green
135206,,c7fbf674-7151-4b31-9215-b4523cffdc16,1,2KWqIyhv1618229344264,120,figural_single_2_1,1,,0,blue,620.1999999993714,1,single,e_b_07.png,color,blue
135206,,c7fbf674-7151-4b31-9215-b4523cffdc16,1,2KWqIyhv1618229344264,121,figural_single_2_1,1,,0,green,397.5000000009604,1,single,r_g_04.png,color,green
135206,,c7fbf674-7151-4b31-9215-b4523cffdc16,1,2KWqIyhv1618229344264,122,figural_single_2_1,1,,0,green,397.4999999991269,1,single,e_g_02.png,color,green
135206,,c7fbf674-7151-4b31-9215-b4523cffdc16,1,2KWqIyhv1618229344264,123,figural_single_2_1,1,,0,blue,542.1000000005588,1,single,e_b_01.png,color,blue
135206,,c7fbf674-7151-4b31-9215-b4523cffdc16,1,2KWqIyhv1618229344264,124,figural_single_2_1,1,,0,blue,504.4999999991269,1,single,r_b_05.png,color,blue
135206,,c7fbf674-7151-4b31-9215-b4523cffdc16,1,2KWqIyhv1618229344264,125,figural_single_2_1,1,,0,green,949.7000000010012,1,single,e_g_03.png,color,green
135206,,c7fbf674-7151-4b31-9215-b4523cffdc16,1,2KWqIyhv1618229344264,126,figural_single_2_1,1,,0,blue,596.3000000010652,1,single,r_b_04.png,color,blue
135206,,c7fbf674-7151-4b31-9215-b4523cffdc16,1,2KWqIyhv1618229344264,127,figural_single_2_1,1,,0,green,398.1999999996624,1,single,e_g_06.png,color,green
135206,,c7fbf674-7151-4b31-9215-b4523cffdc16,1,2KWqIyhv1618229344264,128,figural_single_2_1,1,,0,green,708.5999999999185,1,single,e_g_12.png,color,green
135206,,c7fbf674-7151-4b31-9215-b4523cffdc16,1,2KWqIyhv1618229344264,129,figural_single_2_1,1,,0,green,497.9000000002852,1,single,r_g_14.png,color,green
135206,,c7fbf674-7151-4b31-9215-b4523cffdc16,1,2KWqIyhv1618229344264,130,figural_single_2_1,1,,0,blue,660.2999999995227,1,single,e_b_09.png,color,blue
135206,,c7fbf674-7151-4b31-9215-b4523cffdc16,1,2KWqIyhv1618229344264,131,figural_single_2_1,1,,0,blue,566.1000000000058,1,single,e_b_16.png,color,blue
135206,,c7fbf674-7151-4b31-9215-b4523cffdc16,1,2KWqIyhv1618229344264,132,figural_single_2_1,1,,0,green,562.5999999993073,1,single,r_g_01.png,color,green
135206,,c7fbf674-7151-4b31-9215-b4523cffdc16,1,2KWqIyhv1618229344264,133,figural_single_2_1,1,,0,green,467.5000000006694,1,single,r_g_09.png,color,green
135206,,c7fbf674-7151-4b31-9215-b4523cffdc16,1,2KWqIyhv1618229344264,134,figural_single_2_1,1,,0,green,926.5999999988708,1,single,e_g_13.png,color,green
135206,,c7fbf674-7151-4b31-9215-b4523cffdc16,1,2KWqIyhv1618229344264,135,figural_single_2_1,1,,0,blue,609.1999999989639,1,single,r_b_06.png,color,blue
135206,,c7fbf674-7151-4b31-9215-b4523cffdc16,1,2KWqIyhv1618229344264,136,figural_single_2_1,1,,0,blue,1120.8999999999069,1,single,r_b_14.png,color,blue
135206,,c7fbf674-7151-4b31-9215-b4523cffdc16,1,2KWqIyhv1618229344264,137,figural_single_2_1,1,,0,green,869.0000000006112,1,single,r_g_05.png,color,green
135206,,c7fbf674-7151-4b31-9215-b4523cffdc16,1,2KWqIyhv1618229344264,138,figural_single_2_1,1,,0,green,1009.7000000005355,1,single,e_g_10.png,color,green
135206,,c7fbf674-7151-4b31-9215-b4523cffdc16,1,2KWqIyhv1618229344264,139,figural_single_2_1,1,,0,green,807.7000000012049,1,single,r_g_02.png,color,green
135206,,c7fbf674-7151-4b31-9215-b4523cffdc16,1,2KWqIyhv1618229344264,140,figural_single_2_1,1,,0,blue,566.6000000001222,1,single,e_b_10.png,color,blue
135206,,c7fbf674-7151-4b31-9215-b4523cffdc16,1,2KWqIyhv1618229344264,141,figural_single_2_1,1,,0,blue,511.3000000001048,1,single,r_b_16.png,color,blue
135206,,c7fbf674-7151-4b31-9215-b4523cffdc16,1,2KWqIyhv1618229344264,142,figural_single_2_1,1,,0,green,547.6999999991676,1,single,r_g_11.png,color,green
135206,,c7fbf674-7151-4b31-9215-b4523cffdc16,1,2KWqIyhv1618229344264,143,figural_single_2_1,1,,0,green,813.7999999999302,1,single,r_g_03.png,color,green
135206,,c7fbf674-7151-4b31-9215-b4523cffdc16,1,2KWqIyhv1618229344264,144,figural_single_2_1,1,,0,blue,531.6000000002678,1,single,e_b_14.png,color,blue
135206,,c7fbf674-7151-4b31-9215-b4523cffdc16,1,2KWqIyhv1618229344264,145,figural_single_2_1,1,,0,blue,629.6999999994878,1,single,e_b_13.png,color,blue
135206,,c7fbf674-7151-4b31-9215-b4523cffdc16,1,2KWqIyhv1618229344264,146,figural_single_2_1,1,,0,blue,558.8000000007451,1,single,r_b_10.png,color,blue
135206,,c7fbf674-7151-4b31-9215-b4523cffdc16,1,2KWqIyhv1618229344264,147,figural_single_2_1,1,,0,green,607.7999999997555,1,single,e_g_14.png,color,green
135206,,c7fbf674-7151-4b31-9215-b4523cffdc16,1,2KWqIyhv1618229344264,148,figural_single_2_1,1,,0,blue,608.0000000001746,1,single,e_b_15.png,color,blue
135206,,c7fbf674-7151-4b31-9215-b4523cffdc16,1,2KWqIyhv1618229344264,149,figural_single_2_1,1,,0,blue,452.9000000002561,1,single,e_b_05.png,color,blue
135206,,c7fbf674-7151-4b31-9215-b4523cffdc16,1,2KWqIyhv1618229344264,150,figural_single_2_1,1,,0,blue,467.40000000136206,1,single,r_b_11.png,color,blue
135206,,c7fbf674-7151-4b31-9215-b4523cffdc16,1,2KWqIyhv1618229344264,151,figural_single_2_1,1,,0,green,508.2000000002445,1,single,r_g_13.png,color,green
135206,,c7fbf674-7151-4b31-9215-b4523cffdc16,1,2KWqIyhv1618229344264,152,figural_single_2_1,1,,0,green,496.9999999993597,1,single,r_g_16.png,color,green
135206,,c7fbf674-7151-4b31-9215-b4523cffdc16,1,2KWqIyhv1618229344264,153,figural_mixed_practice,1,,0,angular,698.9999999987194,1,start,e_g_13.png,shape,angular
135206,,c7fbf674-7151-4b31-9215-b4523cffdc16,1,2KWqIyhv1618229344264,154,figural_mixed_practice,1,,0,angular,2715.39999999915,1,repetition,e_g_15.png,shape,angular
135206,,c7fbf674-7151-4b31-9215-b4523cffdc16,1,2KWqIyhv1618229344264,155,figural_mixed_practice,1,,0,blue,1166.0999999985797,1,switch,r_b_02.png,color,blue
135206,,c7fbf674-7151-4b31-9215-b4523cffdc16,1,2KWqIyhv1618229344264,156,figural_mixed_practice,1,,0,green,1911.7000000005937,1,repetition,r_g_10.png,color,green
135206,,c7fbf674-7151-4b31-9215-b4523cffdc16,1,2KWqIyhv1618229344264,157,figural_mixed_practice,1,,0,round,1144.7000000007101,1,switch,r_b_03.png,shape,round
135206,,c7fbf674-7151-4b31-9215-b4523cffdc16,1,2KWqIyhv1618229344264,158,figural_mixed_practice,1,,0,green,964.2999999996391,0,switch,e_b_11.png,color,blue
135206,,c7fbf674-7151-4b31-9215-b4523cffdc16,1,2KWqIyhv1618229344264,159,figural_mixed_practice,1,,0,green,1696.5,1,repetition,r_g_06.png,color,green
135206,,c7fbf674-7151-4b31-9215-b4523cffdc16,1,2KWqIyhv1618229344264,160,figural_mixed_practice,1,,0,round,1564.2000000007101,1,switch,r_b_08.png,shape,round
135206,,c7fbf674-7151-4b31-9215-b4523cffdc16,1,2KWqIyhv1618229344264,161,figural_mixed_practice,1,,0,round,895.5999999998021,0,repetition,e_b_12.png,shape,angular
135206,,c7fbf674-7151-4b31-9215-b4523cffdc16,1,2KWqIyhv1618229344264,162,figural_mixed_practice,1,,0,angular,1258.6000000010245,0,repetition,r_g_04.png,shape,round
135206,,c7fbf674-7151-4b31-9215-b4523cffdc16,1,2KWqIyhv1618229344264,163,figural_mixed_practice,1,,0,blue,1709.8000000005122,1,switch,e_b_01.png,color,blue
135206,,c7fbf674-7151-4b31-9215-b4523cffdc16,1,2KWqIyhv1618229344264,164,figural_mixed_practice,1,,0,green,1573.0000000003492,1,repetition,e_g_05.png,color,green
135206,,c7fbf674-7151-4b31-9215-b4523cffdc16,1,2KWqIyhv1618229344264,165,figural_mixed,1,,0,green,1236.000000000815,1,start,r_g_12.png,color,green
135206,,c7fbf674-7151-4b31-9215-b4523cffdc16,1,2KWqIyhv1618229344264,166,figural_mixed,1,,0,green,1528.8000000000466,1,repetition,e_g_16.png,color,green
135206,,c7fbf674-7151-4b31-9215-b4523cffdc16,1,2KWqIyhv1618229344264,167,figural_mixed,1,,0,round,1075.9999999991269,1,switch,r_b_01.png,shape,round
135206,,c7fbf674-7151-4b31-9215-b4523cffdc16,1,2KWqIyhv1618229344264,168,figural_mixed,1,,0,blue,1202.1999999997206,1,switch,e_b_10.png,color,blue
135206,,c7fbf674-7151-4b31-9215-b4523cffdc16,1,2KWqIyhv1618229344264,169,figural_mixed,1,,0,angular,1257.499999999709,0,switch,r_g_07.png,shape,round
135206,,c7fbf674-7151-4b31-9215-b4523cffdc16,1,2KWqIyhv1618229344264,170,figural_mixed,1,,0,angular,4345.80000000092,1,repetition,e_g_16.png,shape,angular
135206,,c7fbf674-7151-4b31-9215-b4523cffdc16,1,2KWqIyhv1618229344264,171,figural_mixed,1,,0,angular,2796.1000000013737,1,repetition,e_b_11.png,shape,angular
135206,,c7fbf674-7151-4b31-9215-b4523cffdc16,1,2KWqIyhv1618229344264,172,figural_mixed,1,,0,blue,2632.1000000007334,1,switch,e_b_12.png,color,blue
135206,,c7fbf674-7151-4b31-9215-b4523cffdc16,1,2KWqIyhv1618229344264,173,figural_mixed,1,,0,blue,2393.5999999993946,1,repetition,r_b_05.png,color,blue
135206,,c7fbf674-7151-4b31-9215-b4523cffdc16,1,2KWqIyhv1618229344264,174,figural_mixed,1,,0,angular,1896.8999999997322,1,switch,e_b_15.png,shape,angular
135206,,c7fbf674-7151-4b31-9215-b4523cffdc16,1,2KWqIyhv1618229344264,175,figural_mixed,1,,0,round,2156.7999999988824,1,repetition,r_g_01.png,shape,round
135206,,c7fbf674-7151-4b31-9215-b4523cffdc16,1,2KWqIyhv1618229344264,176,figural_mixed,1,,0,green,1850.800000000163,1,switch,r_g_11.png,color,green
135206,,c7fbf674-7151-4b31-9215-b4523cffdc16,1,2KWqIyhv1618229344264,177,figural_mixed,1,,0,blue,894.3999999992666,1,repetition,e_b_14.png,color,blue
135206,,c7fbf674-7151-4b31-9215-b4523cffdc16,1,2KWqIyhv1618229344264,178,figural_mixed,1,,0,green,1538.4000000012456,1,repetition,r_g_05.png,color,green
135206,,c7fbf674-7151-4b31-9215-b4523cffdc16,1,2KWqIyhv1618229344264,179,figural_mixed,1,,0,angular,1408.6999999999534,1,switch,e_g_09.png,shape,angular
135206,,c7fbf674-7151-4b31-9215-b4523cffdc16,1,2KWqIyhv1618229344264,180,figural_mixed,1,,0,round,999.6000000009662,1,repetition,r_b_04.png,shape,round
135206,,c7fbf674-7151-4b31-9215-b4523cffdc16,1,2KWqIyhv1618229344264,181,figural_mixed,1,,0,round,1117.6000000013737,1,repetition,r_g_12.png,shape,round
135206,,c7fbf674-7151-4b31-9215-b4523cffdc16,1,2KWqIyhv1618229344264,182,figural_mixed,1,,0,round,1519.1000000013155,1,repetition,r_b_02.png,shape,round
135206,,c7fbf674-7151-4b31-9215-b4523cffdc16,1,2KWqIyhv1618229344264,183,figural_mixed,1,,0,blue,929.6999999987311,0,switch,r_g_04.png,color,green
135206,,c7fbf674-7151-4b31-9215-b4523cffdc16,1,2KWqIyhv1618229344264,184,figural_mixed,1,,0,blue,2269.7999999999884,1,repetition,e_b_02.png,color,blue
135206,,c7fbf674-7151-4b31-9215-b4523cffdc16,1,2KWqIyhv1618229344264,185,figural_mixed,1,,0,blue,1993.7000000008848,1,repetition,r_b_16.png,color,blue
135206,,c7fbf674-7151-4b31-9215-b4523cffdc16,1,2KWqIyhv1618229344264,186,figural_mixed,1,,0,angular,1494.4000000014203,1,switch,e_g_03.png,shape,angular
135206,,c7fbf674-7151-4b31-9215-b4523cffdc16,1,2KWqIyhv1618229344264,187,figural_mixed,1,,0,blue,1913.0999999997439,1,switch,r_b_10.png,color,blue
135206,,c7fbf674-7151-4b31-9215-b4523cffdc16,1,2KWqIyhv1618229344264,188,figural_mixed,1,,0,green,1717.5000000006985,1,repetition,e_g_03.png,color,green
135206,,c7fbf674-7151-4b31-9215-b4523cffdc16,1,2KWqIyhv1618229344264,189,figural_mixed,1,,0,green,1382.299999999348,1,repetition,r_g_06.png,color,green
135206,,c7fbf674-7151-4b31-9215-b4523cffdc16,1,2KWqIyhv1618229344264,190,figural_mixed,1,,0,round,725.6999999990221,1,switch,r_b_09.png,shape,round
135206,,c7fbf674-7151-4b31-9215-b4523cffdc16,1,2KWqIyhv1618229344264,191,figural_mixed,1,,0,blue,930.2999999999884,1,switch,r_b_02.png,color,blue
135206,,c7fbf674-7151-4b31-9215-b4523cffdc16,1,2KWqIyhv1618229344264,192,figural_mixed,1,,0,green,1051.2999999991735,1,repetition,r_g_01.png,color,green
135206,,c7fbf674-7151-4b31-9215-b4523cffdc16,1,2KWqIyhv1618229344264,193,figural_mixed,1,,0,angular,1771.0000000006985,1,switch,e_g_07.png,shape,angular
135206,,c7fbf674-7151-4b31-9215-b4523cffdc16,1,2KWqIyhv1618229344264,194,figural_mixed,1,,0,blue,1522.8999999999069,1,switch,r_b_13.png,color,blue
135206,,c7fbf674-7151-4b31-9215-b4523cffdc16,1,2KWqIyhv1618229344264,195,figural_mixed,1,,0,angular,1192.2999999988242,1,switch,e_b_14.png,shape,angular
135206,,c7fbf674-7151-4b31-9215-b4523cffdc16,1,2KWqIyhv1618229344264,196,figural_mixed,1,,0,round,3106.0000000015716,1,repetition,r_g_09.png,shape,round
135206,,c7fbf674-7151-4b31-9215-b4523cffdc16,1,2KWqIyhv1618229344264,197,figural_mixed,1,,0,round,2489.2000000000116,1,repetition,r_b_11.png,shape,round
135206,,c7fbf674-7151-4b31-9215-b4523cffdc16,1,2KWqIyhv1618229344264,198,figural_mixed,1,,0,green,1378.4000000014203,1,switch,r_g_07.png,color,green
135206,,c7fbf674-7151-4b31-9215-b4523cffdc16,1,2KWqIyhv1618229344264,199,figural_mixed,1,,0,angular,1327.699999999837,1,switch,e_b_04.png,shape,angular
135206,,c7fbf674-7151-4b31-9215-b4523cffdc16,1,2KWqIyhv1618229344264,200,figural_mixed,1,,0,round,890.600000000617,1,repetition,r_g_14.png,shape,round
135206,,c7fbf674-7151-4b31-9215-b4523cffdc16,1,2KWqIyhv1618229344264,201,figural_mixed,1,,0,blue,2197.599999999511,1,switch,e_b_09.png,color,blue
135206,,c7fbf674-7151-4b31-9215-b4523cffdc16,1,2KWqIyhv1618229344264,202,figural_mixed,1,,0,angular,1175.4000000000815,1,switch,e_g_10.png,shape,angular
135206,,c7fbf674-7151-4b31-9215-b4523cffdc16,1,2KWqIyhv1618229344264,203,figural_mixed,1,,0,green,2824.6999999991967,1,switch,r_g_15.png,color,green
135206,,c7fbf674-7151-4b31-9215-b4523cffdc16,1,2KWqIyhv1618229344264,204,figural_mixed,1,,0,green,1542.9000000003725,1,repetition,e_g_14.png,color,green
135206,,c7fbf674-7151-4b31-9215-b4523cffdc16,1,2KWqIyhv1618229344264,205,figural_mixed,1,,0,blue,1824.4999999988358,1,repetition,r_b_07.png,color,blue
135206,,c7fbf674-7151-4b31-9215-b4523cffdc16,1,2KWqIyhv1618229344264,206,figural_mixed,1,,0,blue,1044.8999999989755,1,repetition,r_b_09.png,color,blue
135206,,c7fbf674-7151-4b31-9215-b4523cffdc16,1,2KWqIyhv1618229344264,207,figural_mixed,1,,0,angular,1154.5999999998603,1,switch,e_g_14.png,shape,angular
135206,,c7fbf674-7151-4b31-9215-b4523cffdc16,1,2KWqIyhv1618229344264,208,figural_mixed,1,,0,angular,2642.00000000163,1,repetition,e_g_13.png,shape,angular
135206,,c7fbf674-7151-4b31-9215-b4523cffdc16,1,2KWqIyhv1618229344264,209,figural_mixed,1,,0,blue,1030.2999999985332,1,switch,e_b_04.png,color,blue
135206,,c7fbf674-7151-4b31-9215-b4523cffdc16,1,2KWqIyhv1618229344264,210,figural_mixed,1,,0,green,1186.3000000012107,1,repetition,e_g_10.png,color,green
135206,,c7fbf674-7151-4b31-9215-b4523cffdc16,1,2KWqIyhv1618229344264,211,figural_mixed,1,,0,blue,1244.0999999998603,0,repetition,e_g_04.png,color,green
135206,,c7fbf674-7151-4b31-9215-b4523cffdc16,1,2KWqIyhv1618229344264,212,figural_mixed,1,,0,angular,2151.2000000003027,1,switch,e_b_07.png,shape,angular
135206,,c7fbf674-7151-4b31-9215-b4523cffdc16,1,2KWqIyhv1618229344264,213,figural_mixed,1,,0,round,1124.6000000009662,1,repetition,r_g_11.png,shape,round
135206,,c7fbf674-7151-4b31-9215-b4523cffdc16,1,2KWqIyhv1618229344264,214,figural_mixed,1,,0,round,1329.0999999989872,1,repetition,r_g_04.png,shape,round
135206,,c7fbf674-7151-4b31-9215-b4523cffdc16,1,2KWqIyhv1618229344264,215,figural_mixed,1,,0,angular,1548.8999999997905,1,repetition,e_g_15.png,shape,angular
135206,,c7fbf674-7151-4b31-9215-b4523cffdc16,1,2KWqIyhv1618229344264,216,figural_mixed,1,,0,green,2015.0999999986961,1,switch,e_g_11.png,color,green
135206,,c7fbf674-7151-4b31-9215-b4523cffdc16,1,2KWqIyhv1618229344264,217,figural_mixed,1,,0,round,1228.4999999992433,1,switch,r_g_08.png,shape,round
135206,,c7fbf674-7151-4b31-9215-b4523cffdc16,1,2KWqIyhv1618229344264,218,figural_mixed,1,,0,round,1164.2000000010594,1,repetition,r_g_10.png,shape,round
135206,,c7fbf674-7151-4b31-9215-b4523cffdc16,1,2KWqIyhv1618229344264,219,figural_mixed,1,,0,green,1686.9000000006054,1,switch,e_g_15.png,color,green
135206,,c7fbf674-7151-4b31-9215-b4523cffdc16,1,2KWqIyhv1618229344264,220,figural_mixed,1,,0,green,1604.6000000005588,1,repetition,r_g_02.png,color,green
135206,,c7fbf674-7151-4b31-9215-b4523cffdc16,1,2KWqIyhv1618229344264,221,figural_mixed,1,,0,angular,956.6999999987893,1,switch,e_b_01.png,shape,angular
135206,,c7fbf674-7151-4b31-9215-b4523cffdc16,1,2KWqIyhv1618229344264,222,figural_mixed,1,,0,blue,1798.0999999999767,1,switch,e_b_15.png,color,blue
135206,,c7fbf674-7151-4b31-9215-b4523cffdc16,1,2KWqIyhv1618229344264,223,figural_mixed,1,,0,blue,1370.7999999988242,1,repetition,e_b_03.png,color,blue
135206,,c7fbf674-7151-4b31-9215-b4523cffdc16,1,2KWqIyhv1618229344264,224,figural_mixed,1,,0,blue,837.0999999988126,1,repetition,e_b_01.png,color,blue
135206,,c7fbf674-7151-4b31-9215-b4523cffdc16,1,2KWqIyhv1618229344264,225,figural_mixed,1,,0,round,912.2000000006519,1,switch,r_g_02.png,shape,round
135206,,c7fbf674-7151-4b31-9215-b4523cffdc16,1,2KWqIyhv1618229344264,226,figural_mixed,1,,0,green,2038.8999999995576,1,switch,e_g_05.png,color,green
135206,,c7fbf674-7151-4b31-9215-b4523cffdc16,1,2KWqIyhv1618229344264,227,figural_mixed,1,,0,round,1065.1999999990803,1,switch,r_b_06.png,shape,round
135206,,c7fbf674-7151-4b31-9215-b4523cffdc16,1,2KWqIyhv1618229344264,228,figural_mixed,1,,0,green,1525.2000000000116,1,switch,e_g_08.png,color,green
135206,,c7fbf674-7151-4b31-9215-b4523cffdc16,1,2KWqIyhv1618229344264,229,figural_mixed,1,,0,green,1404.2000000008848,1,repetition,e_g_02.png,color,green
135206,,c7fbf674-7151-4b31-9215-b4523cffdc16,1,2KWqIyhv1618229344264,230,figural_mixed,1,,0,blue,948.5000000004075,1,repetition,e_b_06.png,color,blue
135206,,c7fbf674-7151-4b31-9215-b4523cffdc16,1,2KWqIyhv1618229344264,231,figural_mixed,1,,0,angular,1242.200000000652,1,switch,e_b_08.png,shape,angular
135206,,c7fbf674-7151-4b31-9215-b4523cffdc16,1,2KWqIyhv1618229344264,232,figural_mixed,1,,0,green,1485.0999999998603,1,switch,r_g_09.png,color,green
135206,,c7fbf674-7151-4b31-9215-b4523cffdc16,1,2KWqIyhv1618229344264,233,figural_mixed,1,,0,blue,1780.800000000454,1,repetition,e_b_13.png,color,blue
135206,,c7fbf674-7151-4b31-9215-b4523cffdc16,1,2KWqIyhv1618229344264,234,figural_mixed,1,,0,round,1238.6000000005588,1,switch,r_b_10.png,shape,round
135206,,c7fbf674-7151-4b31-9215-b4523cffdc16,1,2KWqIyhv1618229344264,235,figural_mixed,1,,0,round,1236.8999999999069,1,repetition,r_b_13.png,shape,round
135206,,c7fbf674-7151-4b31-9215-b4523cffdc16,1,2KWqIyhv1618229344264,236,figural_mixed,1,,0,blue,3482.2999999996973,1,switch,e_b_11.png,color,blue
135206,,c7fbf674-7151-4b31-9215-b4523cffdc16,1,2KWqIyhv1618229344264,237,figural_mixed,1,,0,green,1633.9000000007218,1,repetition,r_g_08.png,color,green
135206,,c7fbf674-7151-4b31-9215-b4523cffdc16,1,2KWqIyhv1618229344264,238,figural_mixed,1,,0,angular,1248.9999999998254,1,switch,e_b_10.png,shape,angular
135206,,c7fbf674-7151-4b31-9215-b4523cffdc16,1,2KWqIyhv1618229344264,239,figural_mixed,1,,0,angular,1163.199999999022,1,repetition,e_g_06.png,shape,angular
135206,,c7fbf674-7151-4b31-9215-b4523cffdc16,1,2KWqIyhv1618229344264,240,figural_mixed,1,,0,angular,1207.800000000163,1,repetition,e_g_11.png,shape,angular
135206,,c7fbf674-7151-4b31-9215-b4523cffdc16,1,2KWqIyhv1618229344264,241,figural_mixed,1,,0,round,1393.600000001199,1,repetition,r_b_07.png,shape,round
135206,,c7fbf674-7151-4b31-9215-b4523cffdc16,1,2KWqIyhv1618229344264,242,figural_mixed,1,,0,blue,2159.60000000085,1,switch,r_b_06.png,color,blue
135206,,c7fbf674-7151-4b31-9215-b4523cffdc16,1,2KWqIyhv1618229344264,243,figural_mixed,1,,0,blue,1415.6999999996042,1,repetition,e_b_07.png,color,blue
135206,,c7fbf674-7151-4b31-9215-b4523cffdc16,1,2KWqIyhv1618229344264,244,figural_mixed,1,,0,blue,803.4000000007218,1,repetition,r_b_14.png,color,blue
135206,,c7fbf674-7151-4b31-9215-b4523cffdc16,1,2KWqIyhv1618229344264,245,figural_mixed,1,,0,green,1289.2000000010594,1,repetition,r_g_16.png,color,green
135206,,c7fbf674-7151-4b31-9215-b4523cffdc16,1,2KWqIyhv1618229344264,246,figural_mixed,1,,0,angular,984.3999999993248,1,switch,e_b_09.png,shape,angular
135206,,c7fbf674-7151-4b31-9215-b4523cffdc16,1,2KWqIyhv1618229344264,247,figural_mixed,1,,0,round,1124.9000000007218,1,repetition,r_g_05.png,shape,round
135206,,c7fbf674-7151-4b31-9215-b4523cffdc16,1,2KWqIyhv1618229344264,248,figural_mixed,1,,0,angular,1331.8999999992666,1,repetition,e_b_12.png,shape,angular
135206,,c7fbf674-7151-4b31-9215-b4523cffdc16,1,2KWqIyhv1618229344264,249,figural_mixed,1,,0,blue,1143.7999999998137,1,switch,e_b_05.png,color,blue
135206,,c7fbf674-7151-4b31-9215-b4523cffdc16,1,2KWqIyhv1618229344264,250,figural_mixed,1,,0,round,883.8000000013853,1,switch,r_g_06.png,shape,round
135206,,c7fbf674-7151-4b31-9215-b4523cffdc16,1,2KWqIyhv1618229344264,251,figural_mixed,1,,0,blue,3969.8000000008033,1,switch,e_b_16.png,color,blue
135206,,c7fbf674-7151-4b31-9215-b4523cffdc16,1,2KWqIyhv1618229344264,252,figural_mixed,1,,0,green,2855.3000000010943,1,repetition,r_g_13.png,color,green
135206,,c7fbf674-7151-4b31-9215-b4523cffdc16,1,2KWqIyhv1618229344264,253,figural_mixed,1,,0,angular,1020.6000000016065,1,switch,e_g_02.png,shape,angular
135206,,c7fbf674-7151-4b31-9215-b4523cffdc16,1,2KWqIyhv1618229344264,254,figural_mixed,1,,0,round,1208.3999999994412,1,repetition,r_b_03.png,shape,round
135206,,c7fbf674-7151-4b31-9215-b4523cffdc16,1,2KWqIyhv1618229344264,255,figural_mixed,1,,0,round,716.800000000163,1,repetition,r_b_14.png,shape,round
135206,,c7fbf674-7151-4b31-9215-b4523cffdc16,1,2KWqIyhv1618229344264,256,figural_mixed,1,,0,angular,1162.099999999511,1,repetition,e_g_12.png,shape,angular
135206,,c7fbf674-7151-4b31-9215-b4523cffdc16,1,2KWqIyhv1618229344264,257,figural_mixed,1,,0,blue,1675.8000000008615,1,switch,r_b_04.png,color,blue
135206,,c7fbf674-7151-4b31-9215-b4523cffdc16,1,2KWqIyhv1618229344264,258,figural_mixed,1,,0,round,3674.600000000326,1,switch,r_g_15.png,shape,round
135206,,c7fbf674-7151-4b31-9215-b4523cffdc16,1,2KWqIyhv1618229344264,259,figural_mixed,1,,0,angular,1165.5000000009313,1,repetition,e_g_08.png,shape,angular
135206,,c7fbf674-7151-4b31-9215-b4523cffdc16,1,2KWqIyhv1618229344264,260,figural_mixed,1,,0,round,1484.3000000000466,1,repetition,r_b_16.png,shape,round
135206,,c7fbf674-7151-4b31-9215-b4523cffdc16,1,2KWqIyhv1618229344264,261,figural_mixed,1,,0,green,1235.000000000582,1,switch,r_g_10.png,color,green
135206,,c7fbf674-7151-4b31-9215-b4523cffdc16,1,2KWqIyhv1618229344264,262,figural_mixed,1,,0,green,1909.8999999987427,1,repetition,e_g_06.png,color,green
135206,,c7fbf674-7151-4b31-9215-b4523cffdc16,1,2KWqIyhv1618229344264,263,figural_mixed,1,,0,round,5109.800000000163,1,switch,r_g_13.png,shape,round
135206,,c7fbf674-7151-4b31-9215-b4523cffdc16,1,2KWqIyhv1618229344264,264,figural_mixed,1,,0,blue,1323.5000000004657,1,switch,r_b_03.png,color,blue
135206,,c7fbf674-7151-4b31-9215-b4523cffdc16,1,2KWqIyhv1618229344264,265,figural_mixed,1,,0,angular,891.4999999996508,1,switch,e_b_02.png,shape,angular
135206,,c7fbf674-7151-4b31-9215-b4523cffdc16,1,2KWqIyhv1618229344264,266,figural_mixed,1,,0,angular,934.6000000004424,1,repetition,e_b_03.png,shape,angular
135206,,c7fbf674-7151-4b31-9215-b4523cffdc16,1,2KWqIyhv1618229344264,267,figural_mixed,1,,0,green,1405.199999999255,1,switch,e_g_07.png,color,green
135206,,c7fbf674-7151-4b31-9215-b4523cffdc16,1,2KWqIyhv1618229344264,268,figural_mixed,1,,0,blue,1064.999999998603,1,repetition,r_b_08.png,color,blue
135206,,c7fbf674-7151-4b31-9215-b4523cffdc16,1,2KWqIyhv1618229344264,269,figural_mixed,1,,0,blue,1073.3999999992084,1,repetition,r_b_01.png,color,blue
135206,,c7fbf674-7151-4b31-9215-b4523cffdc16,1,2KWqIyhv1618229344264,270,figural_mixed,1,,0,angular,1082.3000000000466,1,switch,e_b_05.png,shape,angular
135206,,c7fbf674-7151-4b31-9215-b4523cffdc16,1,2KWqIyhv1618229344264,271,figural_mixed,1,,0,green,1403.8000000000466,1,switch,r_g_16.png,color,green
135206,,c7fbf674-7151-4b31-9215-b4523cffdc16,1,2KWqIyhv1618229344264,272,figural_mixed,1,,0,angular,1389.1999999996042,1,switch,e_g_04.png,shape,angular
135206,,c7fbf674-7151-4b31-9215-b4523cffdc16,1,2KWqIyhv1618229344264,273,figural_mixed,1,,0,round,1281.6000000002095,1,repetition,r_b_05.png,shape,round
135206,,c7fbf674-7151-4b31-9215-b4523cffdc16,1,2KWqIyhv1618229344264,274,figural_mixed,1,,0,round,871.7000000014668,1,repetition,r_g_03.png,shape,round
135206,,c7fbf674-7151-4b31-9215-b4523cffdc16,1,2KWqIyhv1618229344264,275,figural_mixed,1,,0,blue,1369.6999999993714,1,switch,r_b_15.png,color,blue
135206,,c7fbf674-7151-4b31-9215-b4523cffdc16,1,2KWqIyhv1618229344264,276,figural_mixed,1,,0,blue,1229.9000000002561,0,repetition,r_g_14.png,color,green
135206,,c7fbf674-7151-4b31-9215-b4523cffdc16,1,2KWqIyhv1618229344264,277,figural_mixed,1,,0,angular,1766.900000000489,1,switch,e_g_01.png,shape,angular
135206,,c7fbf674-7151-4b31-9215-b4523cffdc16,1,2KWqIyhv1618229344264,278,figural_mixed,1,,0,round,1035.5999999991618,1,repetition,r_b_15.png,shape,round
135206,,c7fbf674-7151-4b31-9215-b4523cffdc16,1,2KWqIyhv1618229344264,279,figural_mixed,1,,0,round,1060.2999999992317,1,repetition,r_b_08.png,shape,round
135206,,c7fbf674-7151-4b31-9215-b4523cffdc16,1,2KWqIyhv1618229344264,280,figural_mixed,1,,0,green,1379.299999998766,1,switch,e_g_12.png,color,green
135206,,c7fbf674-7151-4b31-9215-b4523cffdc16,1,2KWqIyhv1618229344264,281,figural_mixed,1,,0,angular,978.4000000000233,1,switch,e_b_13.png,shape,angular
135206,,c7fbf674-7151-4b31-9215-b4523cffdc16,1,2KWqIyhv1618229344264,282,figural_mixed,1,,0,green,1916.4000000000233,1,switch,r_g_03.png,color,green
135206,,c7fbf674-7151-4b31-9215-b4523cffdc16,1,2KWqIyhv1618229344264,283,figural_mixed,1,,0,blue,1714.3999999988591,1,repetition,r_b_12.png,color,blue
135206,,c7fbf674-7151-4b31-9215-b4523cffdc16,1,2KWqIyhv1618229344264,284,figural_mixed,1,,0,angular,1409.8000000013271,1,switch,e_b_06.png,shape,angular
135206,,c7fbf674-7151-4b31-9215-b4523cffdc16,1,2KWqIyhv1618229344264,285,figural_mixed,1,,0,angular,1940.4000000013039,1,repetition,e_g_05.png,shape,angular
135206,,c7fbf674-7151-4b31-9215-b4523cffdc16,1,2KWqIyhv1618229344264,286,figural_mixed,1,,0,blue,1513.999999999185,1,switch,r_b_11.png,color,blue
135206,,c7fbf674-7151-4b31-9215-b4523cffdc16,1,2KWqIyhv1618229344264,287,figural_mixed,1,,0,angular,1078.2999999992317,1,switch,e_b_16.png,shape,angular
135206,,c7fbf674-7151-4b31-9215-b4523cffdc16,1,2KWqIyhv1618229344264,288,figural_mixed,1,,0,green,2620.6999999994878,1,switch,e_g_01.png,color,green
135206,,c7fbf674-7151-4b31-9215-b4523cffdc16,1,2KWqIyhv1618229344264,289,figural_mixed,1,,0,green,1406.1000000002095,1,repetition,e_g_13.png,color,green
135206,,c7fbf674-7151-4b31-9215-b4523cffdc16,1,2KWqIyhv1618229344264,290,figural_mixed,1,,0,round,863.6000000005588,1,switch,r_b_12.png,shape,round
135206,,c7fbf674-7151-4b31-9215-b4523cffdc16,1,2KWqIyhv1618229344264,291,figural_mixed,1,,0,blue,1407.2999999988824,1,switch,e_b_08.png,color,blue
135206,,c7fbf674-7151-4b31-9215-b4523cffdc16,1,2KWqIyhv1618229344264,292,figural_mixed,1,,0,green,1582.3000000000466,1,repetition,e_g_09.png,color,green
135206,,c7fbf674-7151-4b31-9215-b4523cffdc16,1,2KWqIyhv1618229344264,293,figural_mixed,1,,0,green,1220.0000000011642,1,repetition,r_g_12.png,color,green
135206,,c7fbf674-7151-4b31-9215-b4523cffdc16,1,2KWqIyhv1618229344264,294,figural_single_2_2,1,,0,blue,1361.6000000000931,1,single,e_b_01.png,color,blue
135206,,c7fbf674-7151-4b31-9215-b4523cffdc16,1,2KWqIyhv1618229344264,295,figural_single_2_2,1,,0,blue,876.0000000001164,1,single,r_b_03.png,color,blue
135206,,c7fbf674-7151-4b31-9215-b4523cffdc16,1,2KWqIyhv1618229344264,296,figural_single_2_2,1,,0,green,1462.9999999997672,1,single,e_g_01.png,color,green
135206,,c7fbf674-7151-4b31-9215-b4523cffdc16,1,2KWqIyhv1618229344264,297,figural_single_2_2,1,,0,green,1356.8000000014435,1,single,e_g_13.png,color,green
135206,,c7fbf674-7151-4b31-9215-b4523cffdc16,1,2KWqIyhv1618229344264,298,figural_single_2_2,1,,0,blue,2593.4000000015367,1,single,r_b_16.png,color,blue
135206,,c7fbf674-7151-4b31-9215-b4523cffdc16,1,2KWqIyhv1618229344264,299,figural_single_2_2,1,,0,blue,855.4999999996508,1,single,r_b_07.png,color,blue
135206,,c7fbf674-7151-4b31-9215-b4523cffdc16,1,2KWqIyhv1618229344264,300,figural_single_2_2,1,,0,green,971.4000000003725,1,single,r_g_08.png,color,green
135206,,c7fbf674-7151-4b31-9215-b4523cffdc16,1,2KWqIyhv1618229344264,301,figural_single_2_2,1,,0,blue,991.2000000003027,1,single,r_b_09.png,color,blue
135206,,c7fbf674-7151-4b31-9215-b4523cffdc16,1,2KWqIyhv1618229344264,302,figural_single_2_2,1,,0,green,620.1999999993714,1,single,r_g_02.png,color,green
135206,,c7fbf674-7151-4b31-9215-b4523cffdc16,1,2KWqIyhv1618229344264,303,figural_single_2_2,1,,0,green,1090.399999999092,1,single,r_g_12.png,color,green
135206,,c7fbf674-7151-4b31-9215-b4523cffdc16,1,2KWqIyhv1618229344264,304,figural_single_2_2,1,,0,blue,573.800000000163,1,single,e_b_08.png,color,blue
135206,,c7fbf674-7151-4b31-9215-b4523cffdc16,1,2KWqIyhv1618229344264,305,figural_single_2_2,1,,0,green,1057.900000001653,1,single,r_g_04.png,color,green
135206,,c7fbf674-7151-4b31-9215-b4523cffdc16,1,2KWqIyhv1618229344264,306,figural_single_2_2,1,,0,blue,649.199999999837,1,single,e_b_03.png,color,blue
135206,,c7fbf674-7151-4b31-9215-b4523cffdc16,1,2KWqIyhv1618229344264,307,figural_single_2_2,1,,0,blue,708.9999999989523,1,single,e_b_11.png,color,blue
135206,,c7fbf674-7151-4b31-9215-b4523cffdc16,1,2KWqIyhv1618229344264,308,figural_single_2_2,1,,0,blue,710.8000000007451,1,single,r_b_14.png,color,blue
135206,,c7fbf674-7151-4b31-9215-b4523cffdc16,1,2KWqIyhv1618229344264,309,figural_single_2_2,1,,0,green,665.4999999991851,1,single,e_g_07.png,color,green
135206,,c7fbf674-7151-4b31-9215-b4523cffdc16,1,2KWqIyhv1618229344264,310,figural_single_2_2,1,,0,blue,576.8000000007451,1,single,r_b_13.png,color,blue
135206,,c7fbf674-7151-4b31-9215-b4523cffdc16,1,2KWqIyhv1618229344264,311,figural_single_2_2,1,,0,green,746.4000000000233,1,single,e_g_16.png,color,green
135206,,c7fbf674-7151-4b31-9215-b4523cffdc16,1,2KWqIyhv1618229344264,312,figural_single_2_2,1,,0,blue,982.5000000001164,1,single,e_b_14.png,color,blue
135206,,c7fbf674-7151-4b31-9215-b4523cffdc16,1,2KWqIyhv1618229344264,313,figural_single_2_2,1,,0,green,980.000000001397,1,single,e_g_12.png,color,green
135206,,c7fbf674-7151-4b31-9215-b4523cffdc16,1,2KWqIyhv1618229344264,314,figural_single_2_2,1,,0,green,1020.300000000163,1,single,r_g_07.png,color,green
135206,,c7fbf674-7151-4b31-9215-b4523cffdc16,1,2KWqIyhv1618229344264,315,figural_single_2_2,1,,0,blue,649.6999999999534,1,single,e_b_15.png,color,blue
135206,,c7fbf674-7151-4b31-9215-b4523cffdc16,1,2KWqIyhv1618229344264,316,figural_single_2_2,1,,0,blue,624.2999999994645,1,single,e_b_05.png,color,blue
135206,,c7fbf674-7151-4b31-9215-b4523cffdc16,1,2KWqIyhv1618229344264,317,figural_single_2_2,1,,0,green,646.3000000003958,1,single,r_g_15.png,color,green
135206,,c7fbf674-7151-4b31-9215-b4523cffdc16,1,2KWqIyhv1618229344264,318,figural_single_2_2,1,,0,blue,558.1999999994878,1,single,r_b_06.png,color,blue
135206,,c7fbf674-7151-4b31-9215-b4523cffdc16,1,2KWqIyhv1618229344264,319,figural_single_2_2,1,,0,green,673.6999999992549,1,single,e_g_02.png,color,green
135206,,c7fbf674-7151-4b31-9215-b4523cffdc16,1,2KWqIyhv1618229344264,320,figural_single_2_2,1,,0,green,1112.0999999984633,1,single,r_g_16.png,color,green
135206,,c7fbf674-7151-4b31-9215-b4523cffdc16,1,2KWqIyhv1618229344264,321,figural_single_2_2,1,,0,blue,1011.4000000011874,1,single,e_b_10.png,color,blue
135206,,c7fbf674-7151-4b31-9215-b4523cffdc16,1,2KWqIyhv1618229344264,322,figural_single_2_2,1,,0,green,1028.400000001071,1,single,e_g_05.png,color,green
135206,,c7fbf674-7151-4b31-9215-b4523cffdc16,1,2KWqIyhv1618229344264,323,figural_single_2_2,1,,0,green,569.2999999991152,1,single,e_g_03.png,color,green
135206,,c7fbf674-7151-4b31-9215-b4523cffdc16,1,2KWqIyhv1618229344264,324,figural_single_2_2,1,,0,green,603.6999999996042,1,single,e_g_11.png,color,green
135206,,c7fbf674-7151-4b31-9215-b4523cffdc16,1,2KWqIyhv1618229344264,325,figural_single_2_2,1,,0,blue,646.8000000003958,1,single,r_b_15.png,color,blue
135206,,c7fbf674-7151-4b31-9215-b4523cffdc16,1,2KWqIyhv1618229344264,326,figural_single_2_2,1,,0,blue,813.5000000002328,1,single,e_b_02.png,color,blue
135206,,c7fbf674-7151-4b31-9215-b4523cffdc16,1,2KWqIyhv1618229344264,327,figural_single_2_2,1,,0,blue,527.1000000011409,1,single,r_b_08.png,color,blue
135206,,c7fbf674-7151-4b31-9215-b4523cffdc16,1,2KWqIyhv1618229344264,328,figural_single_2_2,1,,0,green,539.0999999999767,1,single,e_g_06.png,color,green
135206,,c7fbf674-7151-4b31-9215-b4523cffdc16,1,2KWqIyhv1618229344264,329,figural_single_2_2,1,,0,blue,495.9999999991851,1,single,e_b_16.png,color,blue
135206,,c7fbf674-7151-4b31-9215-b4523cffdc16,1,2KWqIyhv1618229344264,330,figural_single_2_2,1,,0,blue,463.7999999995809,1,single,e_b_06.png,color,blue
135206,,c7fbf674-7151-4b31-9215-b4523cffdc16,1,2KWqIyhv1618229344264,331,figural_single_2_2,1,,0,green,431.1999999990221,1,single,r_g_09.png,color,green
135206,,c7fbf674-7151-4b31-9215-b4523cffdc16,1,2KWqIyhv1618229344264,332,figural_single_2_2,1,,0,green,357.5000000001164,1,single,e_g_10.png,color,green
135206,,c7fbf674-7151-4b31-9215-b4523cffdc16,1,2KWqIyhv1618229344264,333,figural_single_2_2,1,,0,blue,451.6999999996042,1,single,e_b_12.png,color,blue
135206,,c7fbf674-7151-4b31-9215-b4523cffdc16,1,2KWqIyhv1618229344264,334,figural_single_2_2,1,,0,green,456.0000000001164,1,single,r_g_11.png,color,green
135206,,c7fbf674-7151-4b31-9215-b4523cffdc16,1,2KWqIyhv1618229344264,335,figural_single_2_2,1,,0,green,400.5000000016298,1,single,r_g_06.png,color,green
135206,,c7fbf674-7151-4b31-9215-b4523cffdc16,1,2KWqIyhv1618229344264,336,figural_single_2_2,1,,0,green,440.3999999994412,1,single,e_g_04.png,color,green
135206,,c7fbf674-7151-4b31-9215-b4523cffdc16,1,2KWqIyhv1618229344264,337,figural_single_2_2,1,,0,blue,438.6000000013737,1,single,r_b_01.png,color,blue
135206,,c7fbf674-7151-4b31-9215-b4523cffdc16,1,2KWqIyhv1618229344264,338,figural_single_2_2,1,,0,green,556.8000000002794,1,single,r_g_03.png,color,green
135206,,c7fbf674-7151-4b31-9215-b4523cffdc16,1,2KWqIyhv1618229344264,339,figural_single_2_2,1,,0,blue,540.9999999993015,1,single,e_b_04.png,color,blue
135206,,c7fbf674-7151-4b31-9215-b4523cffdc16,1,2KWqIyhv1618229344264,340,figural_single_2_2,1,,0,blue,581.30000000156,1,single,r_b_12.png,color,blue
135206,,c7fbf674-7151-4b31-9215-b4523cffdc16,1,2KWqIyhv1618229344264,341,figural_single_2_2,1,,0,green,407.4000000000233,1,single,r_g_13.png,color,green
135206,,c7fbf674-7151-4b31-9215-b4523cffdc16,1,2KWqIyhv1618229344264,342,figural_single_2_2,1,,0,blue,558.6999999996042,1,single,r_b_02.png,color,blue
135206,,c7fbf674-7151-4b31-9215-b4523cffdc16,1,2KWqIyhv1618229344264,343,figural_single_2_2,1,,0,green,668.69999999844,1,single,e_g_09.png,color,green
135206,,c7fbf674-7151-4b31-9215-b4523cffdc16,1,2KWqIyhv1618229344264,344,figural_single_2_2,1,,0,green,393,1,single,e_g_15.png,color,green
135206,,c7fbf674-7151-4b31-9215-b4523cffdc16,1,2KWqIyhv1618229344264,345,figural_single_2_2,1,,0,green,405.40000000142027,1,single,e_g_08.png,color,green
135206,,c7fbf674-7151-4b31-9215-b4523cffdc16,1,2KWqIyhv1618229344264,346,figural_single_2_2,1,,0,blue,400.5999999990454,1,single,r_b_05.png,color,blue
135206,,c7fbf674-7151-4b31-9215-b4523cffdc16,1,2KWqIyhv1618229344264,347,figural_single_2_2,1,,0,green,443.79999999911524,1,single,r_g_14.png,color,green
135206,,c7fbf674-7151-4b31-9215-b4523cffdc16,1,2KWqIyhv1618229344264,348,figural_single_2_2,1,,0,blue,619.1999999991385,1,single,r_b_04.png,color,blue
135206,,c7fbf674-7151-4b31-9215-b4523cffdc16,1,2KWqIyhv1618229344264,349,figural_single_2_2,1,,0,green,445.3999999987427,1,single,r_g_10.png,color,green
135206,,c7fbf674-7151-4b31-9215-b4523cffdc16,1,2KWqIyhv1618229344264,350,figural_single_2_2,1,,0,green,401.10000000090804,1,single,r_g_01.png,color,green
135206,,c7fbf674-7151-4b31-9215-b4523cffdc16,1,2KWqIyhv1618229344264,351,figural_single_2_2,1,,0,blue,615.5999999991618,1,single,r_b_11.png,color,blue
135206,,c7fbf674-7151-4b31-9215-b4523cffdc16,1,2KWqIyhv1618229344264,352,figural_single_2_2,1,,0,green,498.7999999993481,1,single,r_g_05.png,color,green
135206,,c7fbf674-7151-4b31-9215-b4523cffdc16,1,2KWqIyhv1618229344264,353,figural_single_2_2,1,,0,blue,567.9999999993015,1,single,r_b_10.png,color,blue
135206,,c7fbf674-7151-4b31-9215-b4523cffdc16,1,2KWqIyhv1618229344264,354,figural_single_2_2,1,,0,blue,550.100000000326,1,single,e_b_13.png,color,blue
135206,,c7fbf674-7151-4b31-9215-b4523cffdc16,1,2KWqIyhv1618229344264,355,figural_single_2_2,1,,0,green,521.5000000006985,1,single,e_g_14.png,color,green
135206,,c7fbf674-7151-4b31-9215-b4523cffdc16,1,2KWqIyhv1618229344264,356,figural_single_2_2,1,,0,blue,564.2000000006519,1,single,e_b_07.png,color,blue
135206,,c7fbf674-7151-4b31-9215-b4523cffdc16,1,2KWqIyhv1618229344264,357,figural_single_2_2,1,,0,blue,939.800000000163,1,single,e_b_09.png,color,blue
135206,,c7fbf674-7151-4b31-9215-b4523cffdc16,1,2KWqIyhv1618229344264,358,figural_single_1_2,1,,0,angular,1298.0999999999767,1,single,e_g_11.png,shape,angular
135206,,c7fbf674-7151-4b31-9215-b4523cffdc16,1,2KWqIyhv1618229344264,359,figural_single_1_2,1,,0,round,680.1999999989057,1,single,r_b_16.png,shape,round
135206,,c7fbf674-7151-4b31-9215-b4523cffdc16,1,2KWqIyhv1618229344264,360,figural_single_1_2,1,,0,angular,695.2000000000698,1,single,e_b_10.png,shape,angular
135206,,c7fbf674-7151-4b31-9215-b4523cffdc16,1,2KWqIyhv1618229344264,361,figural_single_1_2,1,,0,round,517.0000000016298,1,single,r_b_02.png,shape,round
135206,,c7fbf674-7151-4b31-9215-b4523cffdc16,1,2KWqIyhv1618229344264,362,figural_single_1_2,1,,0,round,882.4000000003725,1,single,r_g_08.png,shape,round
135206,,c7fbf674-7151-4b31-9215-b4523cffdc16,1,2KWqIyhv1618229344264,363,figural_single_1_2,1,,0,angular,647.9999999991851,1,single,e_g_02.png,shape,angular
135206,,c7fbf674-7151-4b31-9215-b4523cffdc16,1,2KWqIyhv1618229344264,364,figural_single_1_2,1,,0,round,588.6000000010245,1,single,r_g_05.png,shape,round
135206,,c7fbf674-7151-4b31-9215-b4523cffdc16,1,2KWqIyhv1618229344264,365,figural_single_1_2,1,,0,angular,789.8000000005122,1,single,e_b_15.png,shape,angular
135206,,c7fbf674-7151-4b31-9215-b4523cffdc16,1,2KWqIyhv1618229344264,366,figural_single_1_2,1,,0,round,627.800000000163,1,single,r_b_09.png,shape,round
135206,,c7fbf674-7151-4b31-9215-b4523cffdc16,1,2KWqIyhv1618229344264,367,figural_single_1_2,1,,0,angular,568.4000000001397,1,single,e_b_12.png,shape,angular
135206,,c7fbf674-7151-4b31-9215-b4523cffdc16,1,2KWqIyhv1618229344264,368,figural_single_1_2,1,,0,angular,703.6000000007916,1,single,e_g_15.png,shape,angular
135206,,c7fbf674-7151-4b31-9215-b4523cffdc16,1,2KWqIyhv1618229344264,369,figural_single_1_2,1,,0,round,616.7999999996973,1,single,r_g_04.png,shape,round
135206,,c7fbf674-7151-4b31-9215-b4523cffdc16,1,2KWqIyhv1618229344264,370,figural_single_1_2,1,,0,angular,573.5000000003492,1,single,e_b_14.png,shape,angular
135206,,c7fbf674-7151-4b31-9215-b4523cffdc16,1,2KWqIyhv1618229344264,371,figural_single_1_2,1,,0,angular,605.6000000007916,1,single,e_b_02.png,shape,angular
135206,,c7fbf674-7151-4b31-9215-b4523cffdc16,1,2KWqIyhv1618229344264,372,figural_single_1_2,1,,0,round,664.5000000008149,1,single,r_g_15.png,shape,round
135206,,c7fbf674-7151-4b31-9215-b4523cffdc16,1,2KWqIyhv1618229344264,373,figural_single_1_2,1,,0,angular,607.2999999996973,1,single,e_b_11.png,shape,angular
135206,,c7fbf674-7151-4b31-9215-b4523cffdc16,1,2KWqIyhv1618229344264,374,figural_single_1_2,1,,0,round,606.100000000908,1,single,r_b_07.png,shape,round
135206,,c7fbf674-7151-4b31-9215-b4523cffdc16,1,2KWqIyhv1618229344264,375,figural_single_1_2,1,,0,round,594.6999999996042,1,single,r_g_06.png,shape,round
135206,,c7fbf674-7151-4b31-9215-b4523cffdc16,1,2KWqIyhv1618229344264,376,figural_single_1_2,1,,0,round,632.7999999993481,1,single,r_g_02.png,shape,round
135206,,c7fbf674-7151-4b31-9215-b4523cffdc16,1,2KWqIyhv1618229344264,377,figural_single_1_2,1,,0,angular,811.2999999993481,1,single,e_b_09.png,shape,angular
135206,,c7fbf674-7151-4b31-9215-b4523cffdc16,1,2KWqIyhv1618229344264,378,figural_single_1_2,1,,0,round,737.7000000014668,1,single,r_b_15.png,shape,round
135206,,c7fbf674-7151-4b31-9215-b4523cffdc16,1,2KWqIyhv1618229344264,379,figural_single_1_2,1,,0,angular,722.4000000006054,1,single,e_g_14.png,shape,angular
135206,,c7fbf674-7151-4b31-9215-b4523cffdc16,1,2KWqIyhv1618229344264,380,figural_single_1_2,1,,0,round,641.6000000007916,1,single,r_b_04.png,shape,round
135206,,c7fbf674-7151-4b31-9215-b4523cffdc16,1,2KWqIyhv1618229344264,381,figural_single_1_2,1,,0,round,661.0000000001164,1,single,r_g_09.png,shape,round
135206,,c7fbf674-7151-4b31-9215-b4523cffdc16,1,2KWqIyhv1618229344264,382,figural_single_1_2,1,,0,angular,719.1000000002095,1,single,e_g_03.png,shape,angular
135206,,c7fbf674-7151-4b31-9215-b4523cffdc16,1,2KWqIyhv1618229344264,383,figural_single_1_2,1,,0,round,4420.500000000116,1,single,r_b_13.png,shape,round
135206,,c7fbf674-7151-4b31-9215-b4523cffdc16,1,2KWqIyhv1618229344264,384,figural_single_1_2,1,,0,round,11732,1,single,r_b_03.png,shape,round
135206,,c7fbf674-7151-4b31-9215-b4523cffdc16,1,2KWqIyhv1618229344264,385,figural_single_1_2,1,,0,round,645.7999999984168,1,single,r_g_14.png,shape,round
135206,,c7fbf674-7151-4b31-9215-b4523cffdc16,1,2KWqIyhv1618229344264,386,figural_single_1_2,1,,0,angular,977.8999999997905,1,single,e_b_05.png,shape,angular
135206,,c7fbf674-7151-4b31-9215-b4523cffdc16,1,2KWqIyhv1618229344264,387,figural_single_1_2,1,,0,round,1988.1999999997206,1,single,r_b_10.png,shape,round
135206,,c7fbf674-7151-4b31-9215-b4523cffdc16,1,2KWqIyhv1618229344264,388,figural_single_1_2,1,,0,round,1012.9999999989523,1,single,r_b_12.png,shape,round
135206,,c7fbf674-7151-4b31-9215-b4523cffdc16,1,2KWqIyhv1618229344264,389,figural_single_1_2,1,,0,round,5806.1000000016065,1,single,r_b_14.png,shape,round
135206,,c7fbf674-7151-4b31-9215-b4523cffdc16,1,2KWqIyhv1618229344264,390,figural_single_1_2,1,,0,angular,688.2999999998137,1,single,e_g_16.png,shape,angular
135206,,c7fbf674-7151-4b31-9215-b4523cffdc16,1,2KWqIyhv1618229344264,391,figural_single_1_2,1,,0,round,812.3999999989755,1,single,r_g_12.png,shape,round
135206,,c7fbf674-7151-4b31-9215-b4523cffdc16,1,2KWqIyhv1618229344264,392,figural_single_1_2,1,,0,round,3557.2000000011176,1,single,r_g_11.png,shape,round
135206,,c7fbf674-7151-4b31-9215-b4523cffdc16,1,2KWqIyhv1618229344264,393,figural_single_1_2,1,,0,angular,477.6999999994878,1,single,e_b_03.png,shape,angular
135206,,c7fbf674-7151-4b31-9215-b4523cffdc16,1,2KWqIyhv1618229344264,394,figural_single_1_2,1,,0,angular,655.1999999992549,1,single,e_b_04.png,shape,angular
135206,,c7fbf674-7151-4b31-9215-b4523cffdc16,1,2KWqIyhv1618229344264,395,figural_single_1_2,1,,0,round,672.8999999995576,1,single,r_b_11.png,shape,round
135206,,c7fbf674-7151-4b31-9215-b4523cffdc16,1,2KWqIyhv1618229344264,396,figural_single_1_2,1,,0,angular,576.9999999994179,1,single,e_g_05.png,shape,angular
135206,,c7fbf674-7151-4b31-9215-b4523cffdc16,1,2KWqIyhv1618229344264,397,figural_single_1_2,1,,0,angular,696.80000000156,1,single,e_b_16.png,shape,angular
135206,,c7fbf674-7151-4b31-9215-b4523cffdc16,1,2KWqIyhv1618229344264,398,figural_single_1_2,1,,0,angular,585.7000000014668,1,single,e_g_13.png,shape,angular
135206,,c7fbf674-7151-4b31-9215-b4523cffdc16,1,2KWqIyhv1618229344264,399,figural_single_1_2,1,,0,round,579.400000000489,1,single,r_g_01.png,shape,round
135206,,c7fbf674-7151-4b31-9215-b4523cffdc16,1,2KWqIyhv1618229344264,400,figural_single_1_2,1,,0,angular,590.0999999993946,1,single,e_b_08.png,shape,angular
135206,,c7fbf674-7151-4b31-9215-b4523cffdc16,1,2KWqIyhv1618229344264,401,figural_single_1_2,1,,0,angular,690.4000000013039,1,single,e_g_10.png,shape,angular
135206,,c7fbf674-7151-4b31-9215-b4523cffdc16,1,2KWqIyhv1618229344264,402,figural_single_1_2,1,,0,round,589.4000000008382,1,single,r_g_13.png,shape,round
135206,,c7fbf674-7151-4b31-9215-b4523cffdc16,1,2KWqIyhv1618229344264,403,figural_single_1_2,1,,0,angular,505.30000000074506,1,single,e_b_01.png,shape,angular
135206,,c7fbf674-7151-4b31-9215-b4523cffdc16,1,2KWqIyhv1618229344264,404,figural_single_1_2,1,,0,angular,1241.7999999996973,1,single,e_b_06.png,shape,angular
135206,,c7fbf674-7151-4b31-9215-b4523cffdc16,1,2KWqIyhv1618229344264,405,figural_single_1_2,1,,0,round,516.9000000006054,1,single,r_g_10.png,shape,round
135206,,c7fbf674-7151-4b31-9215-b4523cffdc16,1,2KWqIyhv1618229344264,406,figural_single_1_2,1,,0,angular,710.0000000009313,1,single,e_g_08.png,shape,angular
135206,,c7fbf674-7151-4b31-9215-b4523cffdc16,1,2KWqIyhv1618229344264,407,figural_single_1_2,1,,0,angular,605.7999999993481,1,single,e_g_07.png,shape,angular
135206,,c7fbf674-7151-4b31-9215-b4523cffdc16,1,2KWqIyhv1618229344264,408,figural_single_1_2,1,,0,round,494.7000000011176,1,single,r_b_06.png,shape,round
135206,,c7fbf674-7151-4b31-9215-b4523cffdc16,1,2KWqIyhv1618229344264,409,figural_single_1_2,1,,0,angular,476.7000000010012,1,single,e_g_09.png,shape,angular
135206,,c7fbf674-7151-4b31-9215-b4523cffdc16,1,2KWqIyhv1618229344264,410,figural_single_1_2,1,,0,round,596.000000001397,1,single,r_b_01.png,shape,round
135206,,c7fbf674-7151-4b31-9215-b4523cffdc16,1,2KWqIyhv1618229344264,411,figural_single_1_2,1,,0,angular,613.5999999988126,1,single,e_b_13.png,shape,angular
135206,,c7fbf674-7151-4b31-9215-b4523cffdc16,1,2KWqIyhv1618229344264,412,figural_single_1_2,1,,0,angular,2043.7999999994645,1,single,e_g_04.png,shape,angular
135206,,c7fbf674-7151-4b31-9215-b4523cffdc16,1,2KWqIyhv1618229344264,413,figural_single_1_2,1,,0,angular,1000.1000000011409,1,single,e_g_12.png,shape,angular
135206,,c7fbf674-7151-4b31-9215-b4523cffdc16,1,2KWqIyhv1618229344264,414,figural_single_1_2,1,,0,round,1051.9999999996508,1,single,r_b_08.png,shape,round
135206,,c7fbf674-7151-4b31-9215-b4523cffdc16,1,2KWqIyhv1618229344264,415,figural_single_1_2,1,,0,angular,17422.80000000028,1,single,e_b_07.png,shape,angular
135206,,c7fbf674-7151-4b31-9215-b4523cffdc16,1,2KWqIyhv1618229344264,416,figural_single_1_2,1,,0,round,1199.0999999998603,1,single,r_g_03.png,shape,round
135206,,c7fbf674-7151-4b31-9215-b4523cffdc16,1,2KWqIyhv1618229344264,417,figural_single_1_2,1,,0,angular,619.7999999986496,1,single,e_g_06.png,shape,angular
135206,,c7fbf674-7151-4b31-9215-b4523cffdc16,1,2KWqIyhv1618229344264,418,figural_single_1_2,1,,0,round,600.0999999996275,1,single,r_g_16.png,shape,round
135206,,c7fbf674-7151-4b31-9215-b4523cffdc16,1,2KWqIyhv1618229344264,419,figural_single_1_2,1,,0,round,591.0000000003492,1,single,r_b_05.png,shape,round
135206,,c7fbf674-7151-4b31-9215-b4523cffdc16,1,2KWqIyhv1618229344264,420,figural_single_1_2,1,,0,angular,600.1000000014901,1,single,e_g_01.png,shape,angular
135206,,c7fbf674-7151-4b31-9215-b4523cffdc16,1,2KWqIyhv1618229344264,421,figural_single_1_2,1,,0,round,846.6000000006752,1,single,r_g_07.png,shape,round