userCode,extId,moduleId,sessionId,sessionToken,trialId,executableId,session.complete,session.condition,session.forceExit,givenResponse,reactionTime,score,shiftingType,stimulusValue,stimulusType,correctResponse
135200,,c7fbf674-7151-4b31-9215-b4523cffdc16,1,BW6m5rm51618216282828,1,figural_single_1_practice,1,,0,round,503.435000020545,1,single,r_b_10.png,shape,round
135200,,c7fbf674-7151-4b31-9215-b4523cffdc16,1,BW6m5rm51618216282828,2,figural_single_1_practice,1,,0,angular,345.89499997673556,1,single,e_b_09.png,shape,angular
135200,,c7fbf674-7151-4b31-9215-b4523cffdc16,1,BW6m5rm51618216282828,3,figural_single_1_practice,1,,0,angular,324.85500001348555,0,single,r_b_11.png,shape,round
135200,,c7fbf674-7151-4b31-9215-b4523cffdc16,1,BW6m5rm51618216282828,4,figural_single_1_practice,1,,0,angular,482.9449999961071,0,single,r_g_05.png,shape,round
135200,,c7fbf674-7151-4b31-9215-b4523cffdc16,1,BW6m5rm51618216282828,5,figural_single_1_practice,1,,0,angular,495.9249999956228,1,single,e_b_14.png,shape,angular
135200,,c7fbf674-7151-4b31-9215-b4523cffdc16,1,BW6m5rm51618216282828,6,figural_single_1_practice,1,,0,round,517.8650000016205,0,single,e_g_07.png,shape,angular
135200,,c7fbf674-7151-4b31-9215-b4523cffdc16,1,BW6m5rm51618216282828,7,figural_single_1_practice,1,,0,angular,707.8900000196882,1,single,e_g_12.png,shape,angular
135200,,c7fbf674-7151-4b31-9215-b4523cffdc16,1,BW6m5rm51618216282828,8,figural_single_1_practice,1,,0,round,559.804999968037,1,single,r_b_16.png,shape,round
135200,,c7fbf674-7151-4b31-9215-b4523cffdc16,1,BW6m5rm51618216282828,9,figural_single_1_practice,1,,0,round,542.8299999912269,1,single,r_g_02.png,shape,round
135200,,c7fbf674-7151-4b31-9215-b4523cffdc16,1,BW6m5rm51618216282828,10,figural_single_1_practice,1,,0,angular,535.1749999681488,1,single,e_b_04.png,shape,angular
135200,,c7fbf674-7151-4b31-9215-b4523cffdc16,1,BW6m5rm51618216282828,11,figural_single_1_practice,1,,0,round,443.6299999943003,0,single,e_g_06.png,shape,angular
135200,,c7fbf674-7151-4b31-9215-b4523cffdc16,1,BW6m5rm51618216282828,12,figural_single_1_practice,1,,0,round,567.1549999970011,1,single,r_g_15.png,shape,round
135200,,c7fbf674-7151-4b31-9215-b4523cffdc16,1,BW6m5rm51618216282828,13,figural_single_1_1,1,,0,round,524.1399999940768,1,single,r_b_01.png,shape,round
135200,,c7fbf674-7151-4b31-9215-b4523cffdc16,1,BW6m5rm51618216282828,14,figural_single_1_1,1,,0,angular,614.7950000013225,1,single,e_g_11.png,shape,angular
135200,,c7fbf674-7151-4b31-9215-b4523cffdc16,1,BW6m5rm51618216282828,15,figural_single_1_1,1,,0,round,772.5900000077672,1,single,r_b_10.png,shape,round
135200,,c7fbf674-7151-4b31-9215-b4523cffdc16,1,BW6m5rm51618216282828,16,figural_single_1_1,1,,0,round,566.5850000223145,1,single,r_b_06.png,shape,round
135200,,c7fbf674-7151-4b31-9215-b4523cffdc16,1,BW6m5rm51618216282828,17,figural_single_1_1,1,,0,angular,497.92499997420236,1,single,e_g_07.png,shape,angular
135200,,c7fbf674-7151-4b31-9215-b4523cffdc16,1,BW6m5rm51618216282828,18,figural_single_1_1,1,,0,angular,492.4750000354834,1,single,e_g_13.png,shape,angular
135200,,c7fbf674-7151-4b31-9215-b4523cffdc16,1,BW6m5rm51618216282828,19,figural_single_1_1,1,,0,round,553.0650000437163,1,single,r_g_06.png,shape,round
135200,,c7fbf674-7151-4b31-9215-b4523cffdc16,1,BW6m5rm51618216282828,20,figural_single_1_1,1,,0,angular,540.0149999768473,1,single,e_g_16.png,shape,angular
135200,,c7fbf674-7151-4b31-9215-b4523cffdc16,1,BW6m5rm51618216282828,21,figural_single_1_1,1,,0,angular,519.4050000282004,1,single,e_b_09.png,shape,angular
135200,,c7fbf674-7151-4b31-9215-b4523cffdc16,1,BW6m5rm51618216282828,22,figural_single_1_1,1,,0,angular,522.0899999840185,1,single,e_b_08.png,shape,angular
135200,,c7fbf674-7151-4b31-9215-b4523cffdc16,1,BW6m5rm51618216282828,23,figural_single_1_1,1,,0,round,467.304999998305,1,single,r_b_12.png,shape,round
135200,,c7fbf674-7151-4b31-9215-b4523cffdc16,1,BW6m5rm51618216282828,24,figural_single_1_1,1,,0,angular,655.1949999993667,1,single,e_b_10.png,shape,angular
135200,,c7fbf674-7151-4b31-9215-b4523cffdc16,1,BW6m5rm51618216282828,25,figural_single_1_1,1,,0,angular,546.1449999711476,1,single,e_b_05.png,shape,angular
135200,,c7fbf674-7151-4b31-9215-b4523cffdc16,1,BW6m5rm51618216282828,26,figural_single_1_1,1,,0,angular,480.5049999849871,0,single,r_b_13.png,shape,round
135200,,c7fbf674-7151-4b31-9215-b4523cffdc16,1,BW6m5rm51618216282828,27,figural_single_1_1,1,,0,round,416.18000000016764,1,single,r_g_15.png,shape,round
135200,,c7fbf674-7151-4b31-9215-b4523cffdc16,1,BW6m5rm51618216282828,28,figural_single_1_1,1,,0,angular,543.9100000075996,1,single,e_g_09.png,shape,angular
135200,,c7fbf674-7151-4b31-9215-b4523cffdc16,1,BW6m5rm51618216282828,29,figural_single_1_1,1,,0,round,633.5850000032224,1,single,r_g_02.png,shape,round
135200,,c7fbf674-7151-4b31-9215-b4523cffdc16,1,BW6m5rm51618216282828,30,figural_single_1_1,1,,0,round,419.8949999990873,1,single,r_b_07.png,shape,round
135200,,c7fbf674-7151-4b31-9215-b4523cffdc16,1,BW6m5rm51618216282828,31,figural_single_1_1,1,,0,angular,435.910000000149,1,single,e_b_06.png,shape,angular
135200,,c7fbf674-7151-4b31-9215-b4523cffdc16,1,BW6m5rm51618216282828,32,figural_single_1_1,1,,0,round,550.5750000011176,1,single,r_b_16.png,shape,round
135200,,c7fbf674-7151-4b31-9215-b4523cffdc16,1,BW6m5rm51618216282828,33,figural_single_1_1,1,,0,round,661.5650000167079,1,single,r_b_02.png,shape,round
135200,,c7fbf674-7151-4b31-9215-b4523cffdc16,1,BW6m5rm51618216282828,34,figural_single_1_1,1,,0,angular,648.1599999824539,1,single,e_g_06.png,shape,angular
135200,,c7fbf674-7151-4b31-9215-b4523cffdc16,1,BW6m5rm51618216282828,35,figural_single_1_1,1,,0,round,585.1699999766424,1,single,r_g_03.png,shape,round
135200,,c7fbf674-7151-4b31-9215-b4523cffdc16,1,BW6m5rm51618216282828,36,figural_single_1_1,1,,0,angular,342.05000003566965,1,single,e_g_05.png,shape,angular
135200,,c7fbf674-7151-4b31-9215-b4523cffdc16,1,BW6m5rm51618216282828,37,figural_single_1_1,1,,0,angular,691.7149999644607,1,single,e_b_13.png,shape,angular
135200,,c7fbf674-7151-4b31-9215-b4523cffdc16,1,BW6m5rm51618216282828,38,figural_single_1_1,1,,0,round,630.6150000309572,0,single,e_g_15.png,shape,angular
135200,,c7fbf674-7151-4b31-9215-b4523cffdc16,1,BW6m5rm51618216282828,39,figural_single_1_1,1,,0,round,673.8699999987148,1,single,r_g_08.png,shape,round
135200,,c7fbf674-7151-4b31-9215-b4523cffdc16,1,BW6m5rm51618216282828,40,figural_single_1_1,1,,0,round,540.9900000086054,1,single,r_b_05.png,shape,round
135200,,c7fbf674-7151-4b31-9215-b4523cffdc16,1,BW6m5rm51618216282828,41,figural_single_1_1,1,,0,angular,432.12000001221895,1,single,e_b_02.png,shape,angular
135200,,c7fbf674-7151-4b31-9215-b4523cffdc16,1,BW6m5rm51618216282828,42,figural_single_1_1,1,,0,round,579.4199999654666,0,single,e_g_14.png,shape,angular
135200,,c7fbf674-7151-4b31-9215-b4523cffdc16,1,BW6m5rm51618216282828,43,figural_single_1_1,1,,0,round,570.209999976214,1,single,r_b_03.png,shape,round
135200,,c7fbf674-7151-4b31-9215-b4523cffdc16,1,BW6m5rm51618216282828,44,figural_single_1_1,1,,0,angular,498.4050000202842,1,single,e_b_14.png,shape,angular
135200,,c7fbf674-7151-4b31-9215-b4523cffdc16,1,BW6m5rm51618216282828,45,figural_single_1_1,1,,0,round,568.775000050664,0,single,e_b_04.png,shape,angular
135200,,c7fbf674-7151-4b31-9215-b4523cffdc16,1,BW6m5rm51618216282828,46,figural_single_1_1,1,,0,angular,608.4249999839813,1,single,e_b_03.png,shape,angular
135200,,c7fbf674-7151-4b31-9215-b4523cffdc16,1,BW6m5rm51618216282828,47,figural_single_1_1,1,,0,round,441.22999999672174,1,single,r_g_16.png,shape,round
135200,,c7fbf674-7151-4b31-9215-b4523cffdc16,1,BW6m5rm51618216282828,48,figural_single_1_1,1,,0,angular,540.0399999925867,0,single,r_g_13.png,shape,round
135200,,c7fbf674-7151-4b31-9215-b4523cffdc16,1,BW6m5rm51618216282828,49,figural_single_1_1,1,,0,angular,545.0049999635667,0,single,r_g_14.png,shape,round
135200,,c7fbf674-7151-4b31-9215-b4523cffdc16,1,BW6m5rm51618216282828,50,figural_single_1_1,1,,0,angular,552.2599999676459,1,single,e_g_08.png,shape,angular
135200,,c7fbf674-7151-4b31-9215-b4523cffdc16,1,BW6m5rm51618216282828,51,figural_single_1_1,1,,0,round,551.5500000328757,1,single,r_g_09.png,shape,round
135200,,c7fbf674-7151-4b31-9215-b4523cffdc16,1,BW6m5rm51618216282828,52,figural_single_1_1,1,,0,angular,502.65999999828637,1,single,e_g_04.png,shape,angular
135200,,c7fbf674-7151-4b31-9215-b4523cffdc16,1,BW6m5rm51618216282828,53,figural_single_1_1,1,,0,angular,666.3450000341982,1,single,e_b_15.png,shape,angular
135200,,c7fbf674-7151-4b31-9215-b4523cffdc16,1,BW6m5rm51618216282828,54,figural_single_1_1,1,,0,round,526.0399999679066,1,single,r_g_04.png,shape,round
135200,,c7fbf674-7151-4b31-9215-b4523cffdc16,1,BW6m5rm51618216282828,55,figural_single_1_1,1,,0,angular,676.1399999959394,1,single,e_b_07.png,shape,angular
135200,,c7fbf674-7151-4b31-9215-b4523cffdc16,1,BW6m5rm51618216282828,56,figural_single_1_1,1,,0,angular,589.2600000370294,1,single,e_b_16.png,shape,angular
135200,,c7fbf674-7151-4b31-9215-b4523cffdc16,1,BW6m5rm51618216282828,57,figural_single_1_1,1,,0,round,636.5799999912269,1,single,r_b_08.png,shape,round
135200,,c7fbf674-7151-4b31-9215-b4523cffdc16,1,BW6m5rm51618216282828,58,figural_single_1_1,1,,0,angular,602.2200000006706,1,single,e_g_12.png,shape,angular
135200,,c7fbf674-7151-4b31-9215-b4523cffdc16,1,BW6m5rm51618216282828,59,figural_single_1_1,1,,0,round,665.6350000412203,1,single,r_b_14.png,shape,round
135200,,c7fbf674-7151-4b31-9215-b4523cffdc16,1,BW6m5rm51618216282828,60,figural_single_1_1,1,,0,round,718.5049999970943,1,single,r_g_05.png,shape,round
135200,,c7fbf674-7151-4b31-9215-b4523cffdc16,1,BW6m5rm51618216282828,61,figural_single_1_1,1,,0,round,462.5250000390224,1,single,r_g_01.png,shape,round
135200,,c7fbf674-7151-4b31-9215-b4523cffdc16,1,BW6m5rm51618216282828,62,figural_single_1_1,1,,0,angular,593.8450000248849,1,single,e_g_02.png,shape,angular
135200,,c7fbf674-7151-4b31-9215-b4523cffdc16,1,BW6m5rm51618216282828,63,figural_single_1_1,1,,0,angular,965.6749999849126,0,single,r_g_11.png,shape,round
135200,,c7fbf674-7151-4b31-9215-b4523cffdc16,1,BW6m5rm51618216282828,64,figural_single_1_1,1,,0,round,500.50500000361353,1,single,r_g_10.png,shape,round
135200,,c7fbf674-7151-4b31-9215-b4523cffdc16,1,BW6m5rm51618216282828,65,figural_single_1_1,1,,0,angular,602.4749999633059,0,single,r_b_04.png,shape,round
135200,,c7fbf674-7151-4b31-9215-b4523cffdc16,1,BW6m5rm51618216282828,66,figural_single_1_1,1,,0,round,466.6049999650568,0,single,e_g_01.png,shape,angular
135200,,c7fbf674-7151-4b31-9215-b4523cffdc16,1,BW6m5rm51618216282828,67,figural_single_1_1,1,,0,round,688.529999984894,1,single,r_b_09.png,shape,round
135200,,c7fbf674-7151-4b31-9215-b4523cffdc16,1,BW6m5rm51618216282828,68,figural_single_1_1,1,,0,round,492.19499999890104,1,single,r_b_15.png,shape,round
135200,,c7fbf674-7151-4b31-9215-b4523cffdc16,1,BW6m5rm51618216282828,69,figural_single_1_1,1,,0,round,674.7050000121817,1,single,r_g_07.png,shape,round
135200,,c7fbf674-7151-4b31-9215-b4523cffdc16,1,BW6m5rm51618216282828,70,figural_single_1_1,1,,0,angular,485.90000002877787,1,single,e_b_01.png,shape,angular
135200,,c7fbf674-7151-4b31-9215-b4523cffdc16,1,BW6m5rm51618216282828,71,figural_single_1_1,1,,0,angular,531.6549999988638,1,single,e_b_12.png,shape,angular
135200,,c7fbf674-7151-4b31-9215-b4523cffdc16,1,BW6m5rm51618216282828,72,figural_single_1_1,1,,0,round,596.3249999913387,1,single,r_b_11.png,shape,round
135200,,c7fbf674-7151-4b31-9215-b4523cffdc16,1,BW6m5rm51618216282828,73,figural_single_1_1,1,,0,round,487.8000000026077,1,single,r_g_12.png,shape,round
135200,,c7fbf674-7151-4b31-9215-b4523cffdc16,1,BW6m5rm51618216282828,74,figural_single_1_1,1,,0,angular,722.7149999816902,1,single,e_g_03.png,shape,angular
135200,,c7fbf674-7151-4b31-9215-b4523cffdc16,1,BW6m5rm51618216282828,75,figural_single_1_1,1,,0,angular,503.3699999912642,1,single,e_g_10.png,shape,angular
135200,,c7fbf674-7151-4b31-9215-b4523cffdc16,1,BW6m5rm51618216282828,76,figural_single_1_1,1,,0,angular,512.1149999904446,1,single,e_b_11.png,shape,angular
135200,,c7fbf674-7151-4b31-9215-b4523cffdc16,1,BW6m5rm51618216282828,77,figural_single_2_practice,1,,0,blue,467.3249999759719,1,single,r_b_07.png,color,blue
135200,,c7fbf674-7151-4b31-9215-b4523cffdc16,1,BW6m5rm51618216282828,78,figural_single_2_practice,1,,0,green,326.37999998405576,1,single,r_g_09.png,color,green
135200,,c7fbf674-7151-4b31-9215-b4523cffdc16,1,BW6m5rm51618216282828,79,figural_single_2_practice,1,,0,green,357.62500000419095,1,single,e_g_04.png,color,green
135200,,c7fbf674-7151-4b31-9215-b4523cffdc16,1,BW6m5rm51618216282828,80,figural_single_2_practice,1,,0,blue,372.19000002369285,1,single,r_b_14.png,color,blue
135200,,c7fbf674-7151-4b31-9215-b4523cffdc16,1,BW6m5rm51618216282828,81,figural_single_2_practice,1,,0,blue,422.9449999984354,1,single,e_b_06.png,color,blue
135200,,c7fbf674-7151-4b31-9215-b4523cffdc16,1,BW6m5rm51618216282828,82,figural_single_2_practice,1,,0,green,469.4749999907799,1,single,e_g_10.png,color,green
135200,,c7fbf674-7151-4b31-9215-b4523cffdc16,1,BW6m5rm51618216282828,83,figural_single_2_practice,1,,0,blue,390.11500001652166,1,single,e_b_16.png,color,blue
135200,,c7fbf674-7151-4b31-9215-b4523cffdc16,1,BW6m5rm51618216282828,84,figural_single_2_practice,1,,0,green,640.0699999649078,1,single,e_g_08.png,color,green
135200,,c7fbf674-7151-4b31-9215-b4523cffdc16,1,BW6m5rm51618216282828,85,figural_single_2_practice,1,,0,green,424.8549999902025,0,single,e_b_02.png,color,blue
135200,,c7fbf674-7151-4b31-9215-b4523cffdc16,1,BW6m5rm51618216282828,86,figural_single_2_practice,1,,0,green,358.60999999567866,1,single,r_g_03.png,color,green
135200,,c7fbf674-7151-4b31-9215-b4523cffdc16,1,BW6m5rm51618216282828,87,figural_single_2_practice,1,,0,blue,420.71500001475215,1,single,r_b_13.png,color,blue
135200,,c7fbf674-7151-4b31-9215-b4523cffdc16,1,BW6m5rm51618216282828,88,figural_single_2_practice,1,,0,green,426.1400000541471,1,single,r_g_01.png,color,green
135200,,c7fbf674-7151-4b31-9215-b4523cffdc16,1,BW6m5rm51618216282828,89,figural_single_2_1,1,,0,blue,728.159999998752,0,single,r_g_07.png,color,green
135200,,c7fbf674-7151-4b31-9215-b4523cffdc16,1,BW6m5rm51618216282828,90,figural_single_2_1,1,,0,blue,677.2800000035204,1,single,r_b_03.png,color,blue
135200,,c7fbf674-7151-4b31-9215-b4523cffdc16,1,BW6m5rm51618216282828,91,figural_single_2_1,1,,0,green,504.04500000877306,1,single,r_g_08.png,color,green
135200,,c7fbf674-7151-4b31-9215-b4523cffdc16,1,BW6m5rm51618216282828,92,figural_single_2_1,1,,0,green,470.8350000437349,1,single,e_g_01.png,color,green
135200,,c7fbf674-7151-4b31-9215-b4523cffdc16,1,BW6m5rm51618216282828,93,figural_single_2_1,1,,0,green,387.2949999640696,1,single,e_g_09.png,color,green
135200,,c7fbf674-7151-4b31-9215-b4523cffdc16,1,BW6m5rm51618216282828,94,figural_single_2_1,1,,0,blue,361.0800000024028,1,single,r_b_08.png,color,blue
135200,,c7fbf674-7151-4b31-9215-b4523cffdc16,1,BW6m5rm51618216282828,95,figural_single_2_1,1,,0,blue,401.5650000073947,1,single,e_b_03.png,color,blue
135200,,c7fbf674-7151-4b31-9215-b4523cffdc16,1,BW6m5rm51618216282828,96,figural_single_2_1,1,,0,green,440.9600000362843,1,single,e_g_07.png,color,green
135200,,c7fbf674-7151-4b31-9215-b4523cffdc16,1,BW6m5rm51618216282828,97,figural_single_2_1,1,,0,blue,293.41500002192333,1,single,e_b_02.png,color,blue
135200,,c7fbf674-7151-4b31-9215-b4523cffdc16,1,BW6m5rm51618216282828,98,figural_single_2_1,1,,0,green,898.9699999801815,1,single,e_g_04.png,color,green
135200,,c7fbf674-7151-4b31-9215-b4523cffdc16,1,BW6m5rm51618216282828,99,figural_single_2_1,1,,0,green,459.29500000784174,1,single,r_g_06.png,color,green
135200,,c7fbf674-7151-4b31-9215-b4523cffdc16,1,BW6m5rm51618216282828,100,figural_single_2_1,1,,0,blue,622.6150000002235,1,single,e_b_08.png,color,blue
135200,,c7fbf674-7151-4b31-9215-b4523cffdc16,1,BW6m5rm51618216282828,101,figural_single_2_1,1,,0,green,404.5850000111386,1,single,e_g_16.png,color,green
135200,,c7fbf674-7151-4b31-9215-b4523cffdc16,1,BW6m5rm51618216282828,102,figural_single_2_1,1,,0,blue,412.9949999623932,1,single,e_b_06.png,color,blue
135200,,c7fbf674-7151-4b31-9215-b4523cffdc16,1,BW6m5rm51618216282828,103,figural_single_2_1,1,,0,blue,341.53500001411885,1,single,e_b_04.png,color,blue
135200,,c7fbf674-7151-4b31-9215-b4523cffdc16,1,BW6m5rm51618216282828,104,figural_single_2_1,1,,0,green,373.32000001333654,1,single,r_g_10.png,color,green
135200,,c7fbf674-7151-4b31-9215-b4523cffdc16,1,BW6m5rm51618216282828,105,figural_single_2_1,1,,0,blue,303.25499997707084,1,single,e_b_12.png,color,blue
135200,,c7fbf674-7151-4b31-9215-b4523cffdc16,1,BW6m5rm51618216282828,106,figural_single_2_1,1,,0,blue,466.9849999481812,1,single,r_b_09.png,color,blue
135200,,c7fbf674-7151-4b31-9215-b4523cffdc16,1,BW6m5rm51618216282828,107,figural_single_2_1,1,,0,green,399.70999996876344,1,single,r_g_15.png,color,green
135200,,c7fbf674-7151-4b31-9215-b4523cffdc16,1,BW6m5rm51618216282828,108,figural_single_2_1,1,,0,blue,332.96500000869855,0,single,e_g_08.png,color,green
135200,,c7fbf674-7151-4b31-9215-b4523cffdc16,1,BW6m5rm51618216282828,109,figural_single_2_1,1,,0,green,437.6950000296347,0,single,e_b_11.png,color,blue
135200,,c7fbf674-7151-4b31-9215-b4523cffdc16,1,BW6m5rm51618216282828,110,figural_single_2_1,1,,0,green,853.6200000089593,0,single,r_b_13.png,color,blue
135200,,c7fbf674-7151-4b31-9215-b4523cffdc16,1,BW6m5rm51618216282828,111,figural_single_2_1,1,,0,blue,421.135000011418,1,single,r_b_12.png,color,blue
135200,,c7fbf674-7151-4b31-9215-b4523cffdc16,1,BW6m5rm51618216282828,112,figural_single_2_1,1,,0,blue,370.95499999122694,1,single,r_b_15.png,color,blue
135200,,c7fbf674-7151-4b31-9215-b4523cffdc16,1,BW6m5rm51618216282828,113,figural_single_2_1,1,,0,green,425.86499999742955,1,single,e_g_05.png,color,green
135200,,c7fbf674-7151-4b31-9215-b4523cffdc16,1,BW6m5rm51618216282828,114,figural_single_2_1,1,,0,green,405.315000039991,1,single,r_g_12.png,color,green
135200,,c7fbf674-7151-4b31-9215-b4523cffdc16,1,BW6m5rm51618216282828,115,figural_single_2_1,1,,0,blue,433.759999985341,1,single,r_b_02.png,color,blue
135200,,c7fbf674-7151-4b31-9215-b4523cffdc16,1,BW6m5rm51618216282828,116,figural_single_2_1,1,,0,green,335.05000005243346,0,single,r_b_01.png,color,blue
135200,,c7fbf674-7151-4b31-9215-b4523cffdc16,1,BW6m5rm51618216282828,117,figural_single_2_1,1,,0,blue,280.9299999498762,1,single,r_b_07.png,color,blue
135200,,c7fbf674-7151-4b31-9215-b4523cffdc16,1,BW6m5rm51618216282828,118,figural_single_2_1,1,,0,green,590.8099999651313,1,single,e_g_15.png,color,green
135200,,c7fbf674-7151-4b31-9215-b4523cffdc16,1,BW6m5rm51618216282828,119,figural_single_2_1,1,,0,green,591.4700000430457,1,single,e_g_11.png,color,green
135200,,c7fbf674-7151-4b31-9215-b4523cffdc16,1,BW6m5rm51618216282828,120,figural_single_2_1,1,,0,blue,450.7500000181608,1,single,e_b_07.png,color,blue
135200,,c7fbf674-7151-4b31-9215-b4523cffdc16,1,BW6m5rm51618216282828,121,figural_single_2_1,1,,0,green,479.63500005425885,1,single,r_g_04.png,color,green
135200,,c7fbf674-7151-4b31-9215-b4523cffdc16,1,BW6m5rm51618216282828,122,figural_single_2_1,1,,0,green,562.9300000146031,1,single,e_g_02.png,color,green
135200,,c7fbf674-7151-4b31-9215-b4523cffdc16,1,BW6m5rm51618216282828,123,figural_single_2_1,1,,0,blue,456.63000002969056,1,single,e_b_01.png,color,blue
135200,,c7fbf674-7151-4b31-9215-b4523cffdc16,1,BW6m5rm51618216282828,124,figural_single_2_1,1,,0,blue,416.91499995067716,1,single,r_b_05.png,color,blue
135200,,c7fbf674-7151-4b31-9215-b4523cffdc16,1,BW6m5rm51618216282828,125,figural_single_2_1,1,,0,green,471.23499994631857,1,single,e_g_03.png,color,green
135200,,c7fbf674-7151-4b31-9215-b4523cffdc16,1,BW6m5rm51618216282828,126,figural_single_2_1,1,,0,green,402.8099999995902,0,single,r_b_04.png,color,blue
135200,,c7fbf674-7151-4b31-9215-b4523cffdc16,1,BW6m5rm51618216282828,127,figural_single_2_1,1,,0,blue,462.5300000188872,0,single,e_g_06.png,color,green
135200,,c7fbf674-7151-4b31-9215-b4523cffdc16,1,BW6m5rm51618216282828,128,figural_single_2_1,1,,0,blue,388.07000004453585,0,single,e_g_12.png,color,green
135200,,c7fbf674-7151-4b31-9215-b4523cffdc16,1,BW6m5rm51618216282828,129,figural_single_2_1,1,,0,blue,462.38500002073124,0,single,r_g_14.png,color,green
135200,,c7fbf674-7151-4b31-9215-b4523cffdc16,1,BW6m5rm51618216282828,130,figural_single_2_1,1,,0,green,490.639999974519,0,single,e_b_09.png,color,blue
135200,,c7fbf674-7151-4b31-9215-b4523cffdc16,1,BW6m5rm51618216282828,131,figural_single_2_1,1,,0,blue,305.5149999563582,1,single,e_b_16.png,color,blue
135200,,c7fbf674-7151-4b31-9215-b4523cffdc16,1,BW6m5rm51618216282828,132,figural_single_2_1,1,,0,green,1244.4450000184588,1,single,r_g_01.png,color,green
135200,,c7fbf674-7151-4b31-9215-b4523cffdc16,1,BW6m5rm51618216282828,133,figural_single_2_1,1,,0,green,640.3500000014901,1,single,r_g_09.png,color,green
135200,,c7fbf674-7151-4b31-9215-b4523cffdc16,1,BW6m5rm51618216282828,134,figural_single_2_1,1,,0,green,384.46999998996034,1,single,e_g_13.png,color,green
135200,,c7fbf674-7151-4b31-9215-b4523cffdc16,1,BW6m5rm51618216282828,135,figural_single_2_1,1,,0,blue,445.1099999714643,1,single,r_b_06.png,color,blue
135200,,c7fbf674-7151-4b31-9215-b4523cffdc16,1,BW6m5rm51618216282828,136,figural_single_2_1,1,,0,blue,342.899999988731,1,single,r_b_14.png,color,blue
135200,,c7fbf674-7151-4b31-9215-b4523cffdc16,1,BW6m5rm51618216282828,137,figural_single_2_1,1,,0,green,449.2500000051223,1,single,r_g_05.png,color,green
135200,,c7fbf674-7151-4b31-9215-b4523cffdc16,1,BW6m5rm51618216282828,138,figural_single_2_1,1,,0,green,504.77500003762543,1,single,e_g_10.png,color,green
135200,,c7fbf674-7151-4b31-9215-b4523cffdc16,1,BW6m5rm51618216282828,139,figural_single_2_1,1,,0,green,330.2449999609962,1,single,r_g_02.png,color,green
135200,,c7fbf674-7151-4b31-9215-b4523cffdc16,1,BW6m5rm51618216282828,140,figural_single_2_1,1,,0,blue,438.84999997681007,1,single,e_b_10.png,color,blue
135200,,c7fbf674-7151-4b31-9215-b4523cffdc16,1,BW6m5rm51618216282828,141,figural_single_2_1,1,,0,blue,273.95500004058704,1,single,r_b_16.png,color,blue
135200,,c7fbf674-7151-4b31-9215-b4523cffdc16,1,BW6m5rm51618216282828,142,figural_single_2_1,1,,0,blue,267.1550000086427,0,single,r_g_11.png,color,green
135200,,c7fbf674-7151-4b31-9215-b4523cffdc16,1,BW6m5rm51618216282828,143,figural_single_2_1,1,,0,green,680.2799999713898,1,single,r_g_03.png,color,green
135200,,c7fbf674-7151-4b31-9215-b4523cffdc16,1,BW6m5rm51618216282828,144,figural_single_2_1,1,,0,blue,307.7499999781139,1,single,e_b_14.png,color,blue
135200,,c7fbf674-7151-4b31-9215-b4523cffdc16,1,BW6m5rm51618216282828,145,figural_single_2_1,1,,0,blue,446.23000000137836,1,single,e_b_13.png,color,blue
135200,,c7fbf674-7151-4b31-9215-b4523cffdc16,1,BW6m5rm51618216282828,146,figural_single_2_1,1,,0,blue,331.11500000813976,1,single,r_b_10.png,color,blue
135200,,c7fbf674-7151-4b31-9215-b4523cffdc16,1,BW6m5rm51618216282828,147,figural_single_2_1,1,,0,green,436.14499998511747,1,single,e_g_14.png,color,green
135200,,c7fbf674-7151-4b31-9215-b4523cffdc16,1,BW6m5rm51618216282828,148,figural_single_2_1,1,,0,green,412.5249999924563,0,single,e_b_15.png,color,blue
135200,,c7fbf674-7151-4b31-9215-b4523cffdc16,1,BW6m5rm51618216282828,149,figural_single_2_1,1,,0,blue,609.9599999724887,1,single,e_b_05.png,color,blue
135200,,c7fbf674-7151-4b31-9215-b4523cffdc16,1,BW6m5rm51618216282828,150,figural_single_2_1,1,,0,blue,528.020000027027,1,single,r_b_11.png,color,blue
135200,,c7fbf674-7151-4b31-9215-b4523cffdc16,1,BW6m5rm51618216282828,151,figural_single_2_1,1,,0,green,508.109999995213,1,single,r_g_13.png,color,green
135200,,c7fbf674-7151-4b31-9215-b4523cffdc16,1,BW6m5rm51618216282828,152,figural_single_2_1,1,,0,green,384.53999999910593,1,single,r_g_16.png,color,green
135200,,c7fbf674-7151-4b31-9215-b4523cffdc16,1,BW6m5rm51618216282828,153,figural_mixed_practice,1,,0,angular,700.2099999808706,1,start,e_g_13.png,shape,angular
135200,,c7fbf674-7151-4b31-9215-b4523cffdc16,1,BW6m5rm51618216282828,154,figural_mixed_practice,1,,0,angular,431.2250000075437,1,repetition,e_g_15.png,shape,angular
135200,,c7fbf674-7151-4b31-9215-b4523cffdc16,1,BW6m5rm51618216282828,155,figural_mixed_practice,1,,0,blue,581.6350000095554,1,switch,r_b_02.png,color,blue
135200,,c7fbf674-7151-4b31-9215-b4523cffdc16,1,BW6m5rm51618216282828,156,figural_mixed_practice,1,,0,blue,913.3849999634549,0,repetition,r_g_10.png,color,green
135200,,c7fbf674-7151-4b31-9215-b4523cffdc16,1,BW6m5rm51618216282828,157,figural_mixed_practice,1,,0,round,1683.0799999879673,1,switch,r_b_03.png,shape,round
135200,,c7fbf674-7151-4b31-9215-b4523cffdc16,1,BW6m5rm51618216282828,158,figural_mixed_practice,1,,0,green,854.1400000103749,0,switch,e_b_11.png,color,blue
135200,,c7fbf674-7151-4b31-9215-b4523cffdc16,1,BW6m5rm51618216282828,159,figural_mixed_practice,1,,0,blue,572.0000000437722,0,repetition,r_g_06.png,color,green
135200,,c7fbf674-7151-4b31-9215-b4523cffdc16,1,BW6m5rm51618216282828,160,figural_mixed_practice,1,,0,round,2474.1849999991246,1,switch,r_b_08.png,shape,round
135200,,c7fbf674-7151-4b31-9215-b4523cffdc16,1,BW6m5rm51618216282828,161,figural_mixed_practice,1,,0,angular,969.5549999596551,1,repetition,e_b_12.png,shape,angular
135200,,c7fbf674-7151-4b31-9215-b4523cffdc16,1,BW6m5rm51618216282828,162,figural_mixed_practice,1,,0,round,704.8950000316836,1,repetition,r_g_04.png,shape,round
135200,,c7fbf674-7151-4b31-9215-b4523cffdc16,1,BW6m5rm51618216282828,163,figural_mixed_practice,1,,0,green,953.5199999809265,0,switch,e_b_01.png,color,blue
135200,,c7fbf674-7151-4b31-9215-b4523cffdc16,1,BW6m5rm51618216282828,164,figural_mixed_practice,1,,0,blue,1008.1799999461509,0,repetition,e_g_05.png,color,green
135200,,c7fbf674-7151-4b31-9215-b4523cffdc16,1,BW6m5rm51618216282828,165,figural_mixed,1,,0,green,1008.8600000017323,1,start,r_g_12.png,color,green
135200,,c7fbf674-7151-4b31-9215-b4523cffdc16,1,BW6m5rm51618216282828,166,figural_mixed,1,,0,green,1887.380000029225,1,repetition,e_g_16.png,color,green
135200,,c7fbf674-7151-4b31-9215-b4523cffdc16,1,BW6m5rm51618216282828,167,figural_mixed,1,,0,round,1490.624999976717,1,switch,r_b_01.png,shape,round
135200,,c7fbf674-7151-4b31-9215-b4523cffdc16,1,BW6m5rm51618216282828,168,figural_mixed,1,,0,blue,2109.8350000102073,1,switch,e_b_10.png,color,blue
135200,,c7fbf674-7151-4b31-9215-b4523cffdc16,1,BW6m5rm51618216282828,169,figural_mixed,1,,0,round,2721.1450000177138,1,switch,r_g_07.png,shape,round
135200,,c7fbf674-7151-4b31-9215-b4523cffdc16,1,BW6m5rm51618216282828,170,figural_mixed,1,,0,round,597.6950000040233,0,repetition,e_g_16.png,shape,angular
135200,,c7fbf674-7151-4b31-9215-b4523cffdc16,1,BW6m5rm51618216282828,171,figural_mixed,1,,0,angular,1472.5849999813363,1,repetition,e_b_11.png,shape,angular
135200,,c7fbf674-7151-4b31-9215-b4523cffdc16,1,BW6m5rm51618216282828,172,figural_mixed,1,,0,blue,1162.3600000166334,1,switch,e_b_12.png,color,blue
135200,,c7fbf674-7151-4b31-9215-b4523cffdc16,1,BW6m5rm51618216282828,173,figural_mixed,1,,0,blue,390.86499996483326,1,repetition,r_b_05.png,color,blue
135200,,c7fbf674-7151-4b31-9215-b4523cffdc16,1,BW6m5rm51618216282828,174,figural_mixed,1,,0,angular,1773.795000044629,1,switch,e_b_15.png,shape,angular
135200,,c7fbf674-7151-4b31-9215-b4523cffdc16,1,BW6m5rm51618216282828,175,figural_mixed,1,,0,round,734.5149999600835,1,repetition,r_g_01.png,shape,round
135200,,c7fbf674-7151-4b31-9215-b4523cffdc16,1,BW6m5rm51618216282828,176,figural_mixed,1,,0,green,1123.4750000294298,1,switch,r_g_11.png,color,green
135200,,c7fbf674-7151-4b31-9215-b4523cffdc16,1,BW6m5rm51618216282828,177,figural_mixed,1,,0,blue,1115.4700000188313,1,repetition,e_b_14.png,color,blue
135200,,c7fbf674-7151-4b31-9215-b4523cffdc16,1,BW6m5rm51618216282828,178,figural_mixed,1,,0,green,2224.500000011176,1,repetition,r_g_05.png,color,green
135200,,c7fbf674-7151-4b31-9215-b4523cffdc16,1,BW6m5rm51618216282828,179,figural_mixed,1,,0,angular,1193.8850000151433,1,switch,e_g_09.png,shape,angular
135200,,c7fbf674-7151-4b31-9215-b4523cffdc16,1,BW6m5rm51618216282828,180,figural_mixed,1,,0,round,696.4499999885447,1,repetition,r_b_04.png,shape,round
135200,,c7fbf674-7151-4b31-9215-b4523cffdc16,1,BW6m5rm51618216282828,181,figural_mixed,1,,0,round,921.329999982845,1,repetition,r_g_12.png,shape,round
135200,,c7fbf674-7151-4b31-9215-b4523cffdc16,1,BW6m5rm51618216282828,182,figural_mixed,1,,0,round,424.49000000488013,1,repetition,r_b_02.png,shape,round
135200,,c7fbf674-7151-4b31-9215-b4523cffdc16,1,BW6m5rm51618216282828,183,figural_mixed,1,,0,green,1083.3350000320934,1,switch,r_g_04.png,color,green
135200,,c7fbf674-7151-4b31-9215-b4523cffdc16,1,BW6m5rm51618216282828,184,figural_mixed,1,,0,blue,1045.2300000470132,1,repetition,e_b_02.png,color,blue
135200,,c7fbf674-7151-4b31-9215-b4523cffdc16,1,BW6m5rm51618216282828,185,figural_mixed,1,,0,blue,593.3549999608658,1,repetition,r_b_16.png,color,blue
135200,,c7fbf674-7151-4b31-9215-b4523cffdc16,1,BW6m5rm51618216282828,186,figural_mixed,1,,0,angular,859.6000000252388,1,switch,e_g_03.png,shape,angular
135200,,c7fbf674-7151-4b31-9215-b4523cffdc16,1,BW6m5rm51618216282828,187,figural_mixed,1,,0,blue,748.45999997342,1,switch,r_b_10.png,color,blue
135200,,c7fbf674-7151-4b31-9215-b4523cffdc16,1,BW6m5rm51618216282828,188,figural_mixed,1,,0,green,739.4600000116043,1,repetition,e_g_03.png,color,green
135200,,c7fbf674-7151-4b31-9215-b4523cffdc16,1,BW6m5rm51618216282828,189,figural_mixed,1,,0,green,843.4899999992922,1,repetition,r_g_06.png,color,green
135200,,c7fbf674-7151-4b31-9215-b4523cffdc16,1,BW6m5rm51618216282828,190,figural_mixed,1,,0,round,1248.3249999932013,1,switch,r_b_09.png,shape,round
135200,,c7fbf674-7151-4b31-9215-b4523cffdc16,1,BW6m5rm51618216282828,191,figural_mixed,1,,0,green,752.6850000140257,0,switch,r_b_02.png,color,blue
135200,,c7fbf674-7151-4b31-9215-b4523cffdc16,1,BW6m5rm51618216282828,192,figural_mixed,1,,0,green,1454.4299999834038,1,repetition,r_g_01.png,color,green
135200,,c7fbf674-7151-4b31-9215-b4523cffdc16,1,BW6m5rm51618216282828,193,figural_mixed,1,,0,angular,1889.2999999807216,1,switch,e_g_07.png,shape,angular
135200,,c7fbf674-7151-4b31-9215-b4523cffdc16,1,BW6m5rm51618216282828,194,figural_mixed,1,,0,blue,855.5950000300072,1,switch,r_b_13.png,color,blue
135200,,c7fbf674-7151-4b31-9215-b4523cffdc16,1,BW6m5rm51618216282828,195,figural_mixed,1,,0,angular,2134.414999978617,1,switch,e_b_14.png,shape,angular
135200,,c7fbf674-7151-4b31-9215-b4523cffdc16,1,BW6m5rm51618216282828,196,figural_mixed,1,,0,round,989.6900000167079,1,repetition,r_g_09.png,shape,round
135200,,c7fbf674-7151-4b31-9215-b4523cffdc16,1,BW6m5rm51618216282828,197,figural_mixed,1,,0,round,1910.2449999772944,1,repetition,r_b_11.png,shape,round
135200,,c7fbf674-7151-4b31-9215-b4523cffdc16,1,BW6m5rm51618216282828,198,figural_mixed,1,,0,blue,1487.2900000191294,0,switch,r_g_07.png,color,green
135200,,c7fbf674-7151-4b31-9215-b4523cffdc16,1,BW6m5rm51618216282828,199,figural_mixed,1,,0,angular,1239.1499999794178,1,switch,e_b_04.png,shape,angular
135200,,c7fbf674-7151-4b31-9215-b4523cffdc16,1,BW6m5rm51618216282828,200,figural_mixed,1,,0,round,746.1950000142679,1,repetition,r_g_14.png,shape,round
135200,,c7fbf674-7151-4b31-9215-b4523cffdc16,1,BW6m5rm51618216282828,201,figural_mixed,1,,0,blue,1402.4549999739975,1,switch,e_b_09.png,color,blue
135200,,c7fbf674-7151-4b31-9215-b4523cffdc16,1,BW6m5rm51618216282828,202,figural_mixed,1,,0,angular,2513.329999987036,1,switch,e_g_10.png,shape,angular
135200,,c7fbf674-7151-4b31-9215-b4523cffdc16,1,BW6m5rm51618216282828,203,figural_mixed,1,,0,blue,700.1900000032037,0,switch,r_g_15.png,color,green
135200,,c7fbf674-7151-4b31-9215-b4523cffdc16,1,BW6m5rm51618216282828,204,figural_mixed,1,,0,green,1641.944999981206,1,repetition,e_g_14.png,color,green
135200,,c7fbf674-7151-4b31-9215-b4523cffdc16,1,BW6m5rm51618216282828,205,figural_mixed,1,,0,blue,1147.6949999923818,1,repetition,r_b_07.png,color,blue
135200,,c7fbf674-7151-4b31-9215-b4523cffdc16,1,BW6m5rm51618216282828,206,figural_mixed,1,,0,blue,548.1199999921955,1,repetition,r_b_09.png,color,blue
135200,,c7fbf674-7151-4b31-9215-b4523cffdc16,1,BW6m5rm51618216282828,207,figural_mixed,1,,0,angular,1186.035000020638,1,switch,e_g_14.png,shape,angular
135200,,c7fbf674-7151-4b31-9215-b4523cffdc16,1,BW6m5rm51618216282828,208,figural_mixed,1,,0,angular,868.0650000460446,1,repetition,e_g_13.png,shape,angular
135200,,c7fbf674-7151-4b31-9215-b4523cffdc16,1,BW6m5rm51618216282828,209,figural_mixed,1,,0,blue,1041.4549999986775,1,switch,e_b_04.png,color,blue
135200,,c7fbf674-7151-4b31-9215-b4523cffdc16,1,BW6m5rm51618216282828,210,figural_mixed,1,,0,green,1000.1349999802187,1,repetition,e_g_10.png,color,green
135200,,c7fbf674-7151-4b31-9215-b4523cffdc16,1,BW6m5rm51618216282828,211,figural_mixed,1,,0,blue,458.83000001776963,0,repetition,e_g_04.png,color,green
135200,,c7fbf674-7151-4b31-9215-b4523cffdc16,1,BW6m5rm51618216282828,212,figural_mixed,1,,0,angular,1118.9500000327826,1,switch,e_b_07.png,shape,angular
135200,,c7fbf674-7151-4b31-9215-b4523cffdc16,1,BW6m5rm51618216282828,213,figural_mixed,1,,0,round,522.1199999796227,1,repetition,r_g_11.png,shape,round
135200,,c7fbf674-7151-4b31-9215-b4523cffdc16,1,BW6m5rm51618216282828,214,figural_mixed,1,,0,round,683.8550000102259,1,repetition,r_g_04.png,shape,round
135200,,c7fbf674-7151-4b31-9215-b4523cffdc16,1,BW6m5rm51618216282828,215,figural_mixed,1,,0,angular,718.0550000048243,1,repetition,e_g_15.png,shape,angular
135200,,c7fbf674-7151-4b31-9215-b4523cffdc16,1,BW6m5rm51618216282828,216,figural_mixed,1,,0,green,1753.954999963753,1,switch,e_g_11.png,color,green
135200,,c7fbf674-7151-4b31-9215-b4523cffdc16,1,BW6m5rm51618216282828,217,figural_mixed,1,,0,round,884.3299999716692,1,switch,r_g_08.png,shape,round
135200,,c7fbf674-7151-4b31-9215-b4523cffdc16,1,BW6m5rm51618216282828,218,figural_mixed,1,,0,round,1878.3949999487959,1,repetition,r_g_10.png,shape,round
135200,,c7fbf674-7151-4b31-9215-b4523cffdc16,1,BW6m5rm51618216282828,219,figural_mixed,1,,0,green,1017.0999999972992,1,switch,e_g_15.png,color,green
135200,,c7fbf674-7151-4b31-9215-b4523cffdc16,1,BW6m5rm51618216282828,220,figural_mixed,1,,0,blue,1053.1400000327267,0,repetition,r_g_02.png,color,green
135200,,c7fbf674-7151-4b31-9215-b4523cffdc16,1,BW6m5rm51618216282828,221,figural_mixed,1,,0,angular,4291.5500000235625,1,switch,e_b_01.png,shape,angular
135200,,c7fbf674-7151-4b31-9215-b4523cffdc16,1,BW6m5rm51618216282828,222,figural_mixed,1,,0,green,717.1049999888055,0,switch,e_b_15.png,color,blue
135200,,c7fbf674-7151-4b31-9215-b4523cffdc16,1,BW6m5rm51618216282828,223,figural_mixed,1,,0,green,1061.5000000107102,0,repetition,e_b_03.png,color,blue
135200,,c7fbf674-7151-4b31-9215-b4523cffdc16,1,BW6m5rm51618216282828,224,figural_mixed,1,,0,blue,886.2450000015087,1,repetition,e_b_01.png,color,blue
135200,,c7fbf674-7151-4b31-9215-b4523cffdc16,1,BW6m5rm51618216282828,225,figural_mixed,1,,0,round,2311.8000000249594,1,switch,r_g_02.png,shape,round
135200,,c7fbf674-7151-4b31-9215-b4523cffdc16,1,BW6m5rm51618216282828,226,figural_mixed,1,,0,green,2431.61999998847,1,switch,e_g_05.png,color,green
135200,,c7fbf674-7151-4b31-9215-b4523cffdc16,1,BW6m5rm51618216282828,227,figural_mixed,1,,0,round,1380.7849999866448,1,switch,r_b_06.png,shape,round
135200,,c7fbf674-7151-4b31-9215-b4523cffdc16,1,BW6m5rm51618216282828,228,figural_mixed,1,,0,green,1871.4149999432266,1,switch,e_g_08.png,color,green
135200,,c7fbf674-7151-4b31-9215-b4523cffdc16,1,BW6m5rm51618216282828,229,figural_mixed,1,,0,blue,1504.1100000380538,0,repetition,e_g_02.png,color,green
135200,,c7fbf674-7151-4b31-9215-b4523cffdc16,1,BW6m5rm51618216282828,230,figural_mixed,1,,0,blue,2157.309999980498,1,repetition,e_b_06.png,color,blue
135200,,c7fbf674-7151-4b31-9215-b4523cffdc16,1,BW6m5rm51618216282828,231,figural_mixed,1,,0,angular,3587.6850000349805,1,switch,e_b_08.png,shape,angular
135200,,c7fbf674-7151-4b31-9215-b4523cffdc16,1,BW6m5rm51618216282828,232,figural_mixed,1,,0,blue,1899.8700000229292,0,switch,r_g_09.png,color,green
135200,,c7fbf674-7151-4b31-9215-b4523cffdc16,1,BW6m5rm51618216282828,233,figural_mixed,1,,0,blue,1866.6450000018813,1,repetition,e_b_13.png,color,blue
135200,,c7fbf674-7151-4b31-9215-b4523cffdc16,1,BW6m5rm51618216282828,234,figural_mixed,1,,0,round,1330.5299999774434,1,switch,r_b_10.png,shape,round
135200,,c7fbf674-7151-4b31-9215-b4523cffdc16,1,BW6m5rm51618216282828,235,figural_mixed,1,,0,round,907.6399999903515,1,repetition,r_b_13.png,shape,round
135200,,c7fbf674-7151-4b31-9215-b4523cffdc16,1,BW6m5rm51618216282828,236,figural_mixed,1,,0,green,4996.03500001831,0,switch,e_b_11.png,color,blue
135200,,c7fbf674-7151-4b31-9215-b4523cffdc16,1,BW6m5rm51618216282828,237,figural_mixed,1,,0,green,2503.9850000175647,1,repetition,r_g_08.png,color,green
135200,,c7fbf674-7151-4b31-9215-b4523cffdc16,1,BW6m5rm51618216282828,238,figural_mixed,1,,0,round,1387.029999983497,0,switch,e_b_10.png,shape,angular
135200,,c7fbf674-7151-4b31-9215-b4523cffdc16,1,BW6m5rm51618216282828,239,figural_mixed,1,,0,angular,3997.5650000269525,1,repetition,e_g_06.png,shape,angular
135200,,c7fbf674-7151-4b31-9215-b4523cffdc16,1,BW6m5rm51618216282828,240,figural_mixed,1,,0,angular,1431.8099999800324,1,repetition,e_g_11.png,shape,angular
135200,,c7fbf674-7151-4b31-9215-b4523cffdc16,1,BW6m5rm51618216282828,241,figural_mixed,1,,0,round,2562.804999994114,1,repetition,r_b_07.png,shape,round
135200,,c7fbf674-7151-4b31-9215-b4523cffdc16,1,BW6m5rm51618216282828,242,figural_mixed,1,,0,blue,1178.8999999989755,1,switch,r_b_06.png,color,blue
135200,,c7fbf674-7151-4b31-9215-b4523cffdc16,1,BW6m5rm51618216282828,243,figural_mixed,1,,0,blue,810.3000000119209,1,repetition,e_b_07.png,color,blue
135200,,c7fbf674-7151-4b31-9215-b4523cffdc16,1,BW6m5rm51618216282828,244,figural_mixed,1,,0,blue,697.2950000199489,1,repetition,r_b_14.png,color,blue
135200,,c7fbf674-7151-4b31-9215-b4523cffdc16,1,BW6m5rm51618216282828,245,figural_mixed,1,,0,green,635.29499998549,1,repetition,r_g_16.png,color,green
135200,,c7fbf674-7151-4b31-9215-b4523cffdc16,1,BW6m5rm51618216282828,246,figural_mixed,1,,0,angular,1158.6600000155158,1,switch,e_b_09.png,shape,angular
135200,,c7fbf674-7151-4b31-9215-b4523cffdc16,1,BW6m5rm51618216282828,247,figural_mixed,1,,0,angular,683.420000015758,0,repetition,r_g_05.png,shape,round
135200,,c7fbf674-7151-4b31-9215-b4523cffdc16,1,BW6m5rm51618216282828,248,figural_mixed,1,,0,angular,738.9250000123866,1,repetition,e_b_12.png,shape,angular
135200,,c7fbf674-7151-4b31-9215-b4523cffdc16,1,BW6m5rm51618216282828,249,figural_mixed,1,,0,blue,1084.4250000081956,1,switch,e_b_05.png,color,blue
135200,,c7fbf674-7151-4b31-9215-b4523cffdc16,1,BW6m5rm51618216282828,250,figural_mixed,1,,0,round,1939.440000045579,1,switch,r_g_06.png,shape,round
135200,,c7fbf674-7151-4b31-9215-b4523cffdc16,1,BW6m5rm51618216282828,251,figural_mixed,1,,0,blue,1665.2950000134297,1,switch,e_b_16.png,color,blue
135200,,c7fbf674-7151-4b31-9215-b4523cffdc16,1,BW6m5rm51618216282828,252,figural_mixed,1,,0,green,1605.6700000190176,1,repetition,r_g_13.png,color,green
135200,,c7fbf674-7151-4b31-9215-b4523cffdc16,1,BW6m5rm51618216282828,253,figural_mixed,1,,0,angular,982.7800000202842,1,switch,e_g_02.png,shape,angular
135200,,c7fbf674-7151-4b31-9215-b4523cffdc16,1,BW6m5rm51618216282828,254,figural_mixed,1,,0,round,1116.8699999689125,1,repetition,r_b_03.png,shape,round
135200,,c7fbf674-7151-4b31-9215-b4523cffdc16,1,BW6m5rm51618216282828,255,figural_mixed,1,,0,round,1142.0250000082888,1,repetition,r_b_14.png,shape,round
135200,,c7fbf674-7151-4b31-9215-b4523cffdc16,1,BW6m5rm51618216282828,256,figural_mixed,1,,0,angular,976.2050000135787,1,repetition,e_g_12.png,shape,angular
135200,,c7fbf674-7151-4b31-9215-b4523cffdc16,1,BW6m5rm51618216282828,257,figural_mixed,1,,0,blue,1141.425000037998,1,switch,r_b_04.png,color,blue
135200,,c7fbf674-7151-4b31-9215-b4523cffdc16,1,BW6m5rm51618216282828,258,figural_mixed,1,,0,angular,1240.570000023581,0,switch,r_g_15.png,shape,round
135200,,c7fbf674-7151-4b31-9215-b4523cffdc16,1,BW6m5rm51618216282828,259,figural_mixed,1,,0,angular,848.775000020396,1,repetition,e_g_08.png,shape,angular
135200,,c7fbf674-7151-4b31-9215-b4523cffdc16,1,BW6m5rm51618216282828,260,figural_mixed,1,,0,round,925.0400000018999,1,repetition,r_b_16.png,shape,round
135200,,c7fbf674-7151-4b31-9215-b4523cffdc16,1,BW6m5rm51618216282828,261,figural_mixed,1,,0,green,1046.0049999528565,1,switch,r_g_10.png,color,green
135200,,c7fbf674-7151-4b31-9215-b4523cffdc16,1,BW6m5rm51618216282828,262,figural_mixed,1,,0,green,770.8749999874271,1,repetition,e_g_06.png,color,green
135200,,c7fbf674-7151-4b31-9215-b4523cffdc16,1,BW6m5rm51618216282828,263,figural_mixed,1,,0,round,1291.0649999976158,1,switch,r_g_13.png,shape,round
135200,,c7fbf674-7151-4b31-9215-b4523cffdc16,1,BW6m5rm51618216282828,264,figural_mixed,1,,0,green,889.7599999909289,0,switch,r_b_03.png,color,blue
135200,,c7fbf674-7151-4b31-9215-b4523cffdc16,1,BW6m5rm51618216282828,265,figural_mixed,1,,0,angular,2053.3850000356324,1,switch,e_b_02.png,shape,angular
135200,,c7fbf674-7151-4b31-9215-b4523cffdc16,1,BW6m5rm51618216282828,266,figural_mixed,1,,0,angular,2014.8099999642,1,repetition,e_b_03.png,shape,angular
135200,,c7fbf674-7151-4b31-9215-b4523cffdc16,1,BW6m5rm51618216282828,267,figural_mixed,1,,0,green,1962.3700000229292,1,switch,e_g_07.png,color,green
135200,,c7fbf674-7151-4b31-9215-b4523cffdc16,1,BW6m5rm51618216282828,268,figural_mixed,1,,0,blue,929.9400000018068,1,repetition,r_b_08.png,color,blue
135200,,c7fbf674-7151-4b31-9215-b4523cffdc16,1,BW6m5rm51618216282828,269,figural_mixed,1,,0,green,1350.209999945946,0,repetition,r_b_01.png,color,blue
135200,,c7fbf674-7151-4b31-9215-b4523cffdc16,1,BW6m5rm51618216282828,270,figural_mixed,1,,0,angular,1165.7600000035018,1,switch,e_b_05.png,shape,angular
135200,,c7fbf674-7151-4b31-9215-b4523cffdc16,1,BW6m5rm51618216282828,271,figural_mixed,1,,0,green,2837.115000002086,1,switch,r_g_16.png,color,green
135200,,c7fbf674-7151-4b31-9215-b4523cffdc16,1,BW6m5rm51618216282828,272,figural_mixed,1,,0,round,2766.8650000123307,0,switch,e_g_04.png,shape,angular
135200,,c7fbf674-7151-4b31-9215-b4523cffdc16,1,BW6m5rm51618216282828,273,figural_mixed,1,,0,round,987.0400000363588,1,repetition,r_b_05.png,shape,round
135200,,c7fbf674-7151-4b31-9215-b4523cffdc16,1,BW6m5rm51618216282828,274,figural_mixed,1,,0,angular,898.4350000391714,0,repetition,r_g_03.png,shape,round
135200,,c7fbf674-7151-4b31-9215-b4523cffdc16,1,BW6m5rm51618216282828,275,figural_mixed,1,,0,blue,1498.314999975264,1,switch,r_b_15.png,color,blue
135200,,c7fbf674-7151-4b31-9215-b4523cffdc16,1,BW6m5rm51618216282828,276,figural_mixed,1,,0,green,1200.7849999936298,1,repetition,r_g_14.png,color,green
135200,,c7fbf674-7151-4b31-9215-b4523cffdc16,1,BW6m5rm51618216282828,277,figural_mixed,1,,0,angular,709.4300000462681,1,switch,e_g_01.png,shape,angular
135200,,c7fbf674-7151-4b31-9215-b4523cffdc16,1,BW6m5rm51618216282828,278,figural_mixed,1,,0,round,1702.4649999802932,1,repetition,r_b_15.png,shape,round
135200,,c7fbf674-7151-4b31-9215-b4523cffdc16,1,BW6m5rm51618216282828,279,figural_mixed,1,,0,round,3018.099999986589,1,repetition,r_b_08.png,shape,round
135200,,c7fbf674-7151-4b31-9215-b4523cffdc16,1,BW6m5rm51618216282828,280,figural_mixed,1,,0,green,848.6499999999069,1,switch,e_g_12.png,color,green
135200,,c7fbf674-7151-4b31-9215-b4523cffdc16,1,BW6m5rm51618216282828,281,figural_mixed,1,,0,angular,824.5749999769032,1,switch,e_b_13.png,shape,angular
135200,,c7fbf674-7151-4b31-9215-b4523cffdc16,1,BW6m5rm51618216282828,282,figural_mixed,1,,0,blue,897.8299999726005,0,switch,r_g_03.png,color,green
135200,,c7fbf674-7151-4b31-9215-b4523cffdc16,1,BW6m5rm51618216282828,283,figural_mixed,1,,0,blue,1534.299999999348,1,repetition,r_b_12.png,color,blue
135200,,c7fbf674-7151-4b31-9215-b4523cffdc16,1,BW6m5rm51618216282828,284,figural_mixed,1,,0,angular,796.5649999678135,1,switch,e_b_06.png,shape,angular
135200,,c7fbf674-7151-4b31-9215-b4523cffdc16,1,BW6m5rm51618216282828,285,figural_mixed,1,,0,angular,738.454999984242,1,repetition,e_g_05.png,shape,angular
135200,,c7fbf674-7151-4b31-9215-b4523cffdc16,1,BW6m5rm51618216282828,286,figural_mixed,1,,0,blue,1022.9800000088289,1,switch,r_b_11.png,color,blue
135200,,c7fbf674-7151-4b31-9215-b4523cffdc16,1,BW6m5rm51618216282828,287,figural_mixed,1,,0,angular,1010.1800000411458,1,switch,e_b_16.png,shape,angular
135200,,c7fbf674-7151-4b31-9215-b4523cffdc16,1,BW6m5rm51618216282828,288,figural_mixed,1,,0,blue,1160.6399999582209,0,switch,e_g_01.png,color,green
135200,,c7fbf674-7151-4b31-9215-b4523cffdc16,1,BW6m5rm51618216282828,289,figural_mixed,1,,0,green,1720.5149999936111,1,repetition,e_g_13.png,color,green
135200,,c7fbf674-7151-4b31-9215-b4523cffdc16,1,BW6m5rm51618216282828,290,figural_mixed,1,,0,round,1512.5000000116415,1,switch,r_b_12.png,shape,round
135200,,c7fbf674-7151-4b31-9215-b4523cffdc16,1,BW6m5rm51618216282828,291,figural_mixed,1,,0,blue,1506.50499999756,1,switch,e_b_08.png,color,blue
135200,,c7fbf674-7151-4b31-9215-b4523cffdc16,1,BW6m5rm51618216282828,292,figural_mixed,1,,0,green,1322.295000019949,1,repetition,e_g_09.png,color,green
135200,,c7fbf674-7151-4b31-9215-b4523cffdc16,1,BW6m5rm51618216282828,293,figural_mixed,1,,0,green,1073.9400000311434,1,repetition,r_g_12.png,color,green
135200,,c7fbf674-7151-4b31-9215-b4523cffdc16,1,BW6m5rm51618216282828,294,figural_single_2_2,1,,0,blue,1240.5850000213832,1,single,e_b_01.png,color,blue
135200,,c7fbf674-7151-4b31-9215-b4523cffdc16,1,BW6m5rm51618216282828,295,figural_single_2_2,1,,0,green,625.3850000211969,0,single,r_b_03.png,color,blue
135200,,c7fbf674-7151-4b31-9215-b4523cffdc16,1,BW6m5rm51618216282828,296,figural_single_2_2,1,,0,green,1213.5399999679066,1,single,e_g_01.png,color,green
135200,,c7fbf674-7151-4b31-9215-b4523cffdc16,1,BW6m5rm51618216282828,297,figural_single_2_2,1,,0,green,417.31499996967614,1,single,e_g_13.png,color,green
135200,,c7fbf674-7151-4b31-9215-b4523cffdc16,1,BW6m5rm51618216282828,298,figural_single_2_2,1,,0,blue,785.3400000021793,1,single,r_b_16.png,color,blue
135200,,c7fbf674-7151-4b31-9215-b4523cffdc16,1,BW6m5rm51618216282828,299,figural_single_2_2,1,,0,blue,1954.3999999877997,1,single,r_b_07.png,color,blue
135200,,c7fbf674-7151-4b31-9215-b4523cffdc16,1,BW6m5rm51618216282828,300,figural_single_2_2,1,,0,green,661.1850000335835,1,single,r_g_08.png,color,green
135200,,c7fbf674-7151-4b31-9215-b4523cffdc16,1,BW6m5rm51618216282828,301,figural_single_2_2,1,,0,blue,803.1700000283308,1,single,r_b_09.png,color,blue
135200,,c7fbf674-7151-4b31-9215-b4523cffdc16,1,BW6m5rm51618216282828,302,figural_single_2_2,1,,0,blue,1860.4400000185706,0,single,r_g_02.png,color,green
135200,,c7fbf674-7151-4b31-9215-b4523cffdc16,1,BW6m5rm51618216282828,303,figural_single_2_2,1,,0,green,416.77000001072884,1,single,r_g_12.png,color,green
135200,,c7fbf674-7151-4b31-9215-b4523cffdc16,1,BW6m5rm51618216282828,304,figural_single_2_2,1,,0,blue,596.9199999817647,1,single,e_b_08.png,color,blue
135200,,c7fbf674-7151-4b31-9215-b4523cffdc16,1,BW6m5rm51618216282828,305,figural_single_2_2,1,,0,green,2348.2700000167824,1,single,r_g_04.png,color,green
135200,,c7fbf674-7151-4b31-9215-b4523cffdc16,1,BW6m5rm51618216282828,306,figural_single_2_2,1,,0,blue,466.53000003425404,1,single,e_b_03.png,color,blue
135200,,c7fbf674-7151-4b31-9215-b4523cffdc16,1,BW6m5rm51618216282828,307,figural_single_2_2,1,,0,blue,478.534999943804,1,single,e_b_11.png,color,blue
135200,,c7fbf674-7151-4b31-9215-b4523cffdc16,1,BW6m5rm51618216282828,308,figural_single_2_2,1,,0,blue,348.14499999629334,1,single,r_b_14.png,color,blue
135200,,c7fbf674-7151-4b31-9215-b4523cffdc16,1,BW6m5rm51618216282828,309,figural_single_2_2,1,,0,green,438.8299999991432,1,single,e_g_07.png,color,green
135200,,c7fbf674-7151-4b31-9215-b4523cffdc16,1,BW6m5rm51618216282828,310,figural_single_2_2,1,,0,green,456.05500001693144,0,single,r_b_13.png,color,blue
135200,,c7fbf674-7151-4b31-9215-b4523cffdc16,1,BW6m5rm51618216282828,311,figural_single_2_2,1,,0,green,1693.8700000173412,1,single,e_g_16.png,color,green
135200,,c7fbf674-7151-4b31-9215-b4523cffdc16,1,BW6m5rm51618216282828,312,figural_single_2_2,1,,0,blue,1236.0399999888614,1,single,e_b_14.png,color,blue
135200,,c7fbf674-7151-4b31-9215-b4523cffdc16,1,BW6m5rm51618216282828,313,figural_single_2_2,1,,0,green,556.5499999793246,1,single,e_g_12.png,color,green
135200,,c7fbf674-7151-4b31-9215-b4523cffdc16,1,BW6m5rm51618216282828,314,figural_single_2_2,1,,0,green,458.05999997537583,1,single,r_g_07.png,color,green
135200,,c7fbf674-7151-4b31-9215-b4523cffdc16,1,BW6m5rm51618216282828,315,figural_single_2_2,1,,0,blue,456.11500000813976,1,single,e_b_15.png,color,blue
135200,,c7fbf674-7151-4b31-9215-b4523cffdc16,1,BW6m5rm51618216282828,316,figural_single_2_2,1,,0,blue,440.02999999793246,1,single,e_b_05.png,color,blue
135200,,c7fbf674-7151-4b31-9215-b4523cffdc16,1,BW6m5rm51618216282828,317,figural_single_2_2,1,,0,green,422.0050000003539,1,single,r_g_15.png,color,green
135200,,c7fbf674-7151-4b31-9215-b4523cffdc16,1,BW6m5rm51618216282828,318,figural_single_2_2,1,,0,blue,656.4099999959581,1,single,r_b_06.png,color,blue
135200,,c7fbf674-7151-4b31-9215-b4523cffdc16,1,BW6m5rm51618216282828,319,figural_single_2_2,1,,0,green,649.1149999783374,1,single,e_g_02.png,color,green
135200,,c7fbf674-7151-4b31-9215-b4523cffdc16,1,BW6m5rm51618216282828,320,figural_single_2_2,1,,0,green,712.8049999591894,1,single,r_g_16.png,color,green
135200,,c7fbf674-7151-4b31-9215-b4523cffdc16,1,BW6m5rm51618216282828,321,figural_single_2_2,1,,0,blue,459.34500003932044,1,single,e_b_10.png,color,blue
135200,,c7fbf674-7151-4b31-9215-b4523cffdc16,1,BW6m5rm51618216282828,322,figural_single_2_2,1,,0,green,551.900000020396,1,single,e_g_05.png,color,green
135200,,c7fbf674-7151-4b31-9215-b4523cffdc16,1,BW6m5rm51618216282828,323,figural_single_2_2,1,,0,green,580.725000007078,1,single,e_g_03.png,color,green
135200,,c7fbf674-7151-4b31-9215-b4523cffdc16,1,BW6m5rm51618216282828,324,figural_single_2_2,1,,0,green,462.52499998081475,1,single,e_g_11.png,color,green
135200,,c7fbf674-7151-4b31-9215-b4523cffdc16,1,BW6m5rm51618216282828,325,figural_single_2_2,1,,0,blue,498.9649999770336,1,single,r_b_15.png,color,blue
135200,,c7fbf674-7151-4b31-9215-b4523cffdc16,1,BW6m5rm51618216282828,326,figural_single_2_2,1,,0,blue,395.0649999896996,1,single,e_b_02.png,color,blue
135200,,c7fbf674-7151-4b31-9215-b4523cffdc16,1,BW6m5rm51618216282828,327,figural_single_2_2,1,,0,blue,369.04999997932464,1,single,r_b_08.png,color,blue
135200,,c7fbf674-7151-4b31-9215-b4523cffdc16,1,BW6m5rm51618216282828,328,figural_single_2_2,1,,0,green,490.3100000228733,1,single,e_g_06.png,color,green
135200,,c7fbf674-7151-4b31-9215-b4523cffdc16,1,BW6m5rm51618216282828,329,figural_single_2_2,1,,0,green,350.03999999025837,0,single,e_b_16.png,color,blue
135200,,c7fbf674-7151-4b31-9215-b4523cffdc16,1,BW6m5rm51618216282828,330,figural_single_2_2,1,,0,blue,645.9499999764375,1,single,e_b_06.png,color,blue
135200,,c7fbf674-7151-4b31-9215-b4523cffdc16,1,BW6m5rm51618216282828,331,figural_single_2_2,1,,0,green,684.644999972079,1,single,r_g_09.png,color,green
135200,,c7fbf674-7151-4b31-9215-b4523cffdc16,1,BW6m5rm51618216282828,332,figural_single_2_2,1,,0,green,408.38000003714114,1,single,e_g_10.png,color,green
135200,,c7fbf674-7151-4b31-9215-b4523cffdc16,1,BW6m5rm51618216282828,333,figural_single_2_2,1,,0,blue,378.0249999836087,1,single,e_b_12.png,color,blue
135200,,c7fbf674-7151-4b31-9215-b4523cffdc16,1,BW6m5rm51618216282828,334,figural_single_2_2,1,,0,green,477.0849999622442,1,single,r_g_11.png,color,green
135200,,c7fbf674-7151-4b31-9215-b4523cffdc16,1,BW6m5rm51618216282828,335,figural_single_2_2,1,,0,green,405.03500000340864,1,single,r_g_06.png,color,green
135200,,c7fbf674-7151-4b31-9215-b4523cffdc16,1,BW6m5rm51618216282828,336,figural_single_2_2,1,,0,green,441.02000002749264,1,single,e_g_04.png,color,green
135200,,c7fbf674-7151-4b31-9215-b4523cffdc16,1,BW6m5rm51618216282828,337,figural_single_2_2,1,,0,blue,425.6300000124611,1,single,r_b_01.png,color,blue
135200,,c7fbf674-7151-4b31-9215-b4523cffdc16,1,BW6m5rm51618216282828,338,figural_single_2_2,1,,0,green,476.23500000918284,1,single,r_g_03.png,color,green
135200,,c7fbf674-7151-4b31-9215-b4523cffdc16,1,BW6m5rm51618216282828,339,figural_single_2_2,1,,0,blue,572.6450000074692,1,single,e_b_04.png,color,blue
135200,,c7fbf674-7151-4b31-9215-b4523cffdc16,1,BW6m5rm51618216282828,340,figural_single_2_2,1,,0,blue,515.8999999985099,1,single,r_b_12.png,color,blue
135200,,c7fbf674-7151-4b31-9215-b4523cffdc16,1,BW6m5rm51618216282828,341,figural_single_2_2,1,,0,green,437.7450000029057,1,single,r_g_13.png,color,green
135200,,c7fbf674-7151-4b31-9215-b4523cffdc16,1,BW6m5rm51618216282828,342,figural_single_2_2,1,,0,blue,827.0200000260957,1,single,r_b_02.png,color,blue
135200,,c7fbf674-7151-4b31-9215-b4523cffdc16,1,BW6m5rm51618216282828,343,figural_single_2_2,1,,0,green,706.6049999557436,1,single,e_g_09.png,color,green
135200,,c7fbf674-7151-4b31-9215-b4523cffdc16,1,BW6m5rm51618216282828,344,figural_single_2_2,1,,0,green,1798.0100000277162,1,single,e_g_15.png,color,green
135200,,c7fbf674-7151-4b31-9215-b4523cffdc16,1,BW6m5rm51618216282828,345,figural_single_2_2,1,,0,green,1371.6249999706633,1,single,e_g_08.png,color,green
135200,,c7fbf674-7151-4b31-9215-b4523cffdc16,1,BW6m5rm51618216282828,346,figural_single_2_2,1,,0,blue,779.2049999698065,1,single,r_b_05.png,color,blue
135200,,c7fbf674-7151-4b31-9215-b4523cffdc16,1,BW6m5rm51618216282828,347,figural_single_2_2,1,,0,green,1023.5150000080466,1,single,r_g_14.png,color,green
135200,,c7fbf674-7151-4b31-9215-b4523cffdc16,1,BW6m5rm51618216282828,348,figural_single_2_2,1,,0,blue,506.61000004038215,1,single,r_b_04.png,color,blue
135200,,c7fbf674-7151-4b31-9215-b4523cffdc16,1,BW6m5rm51618216282828,349,figural_single_2_2,1,,0,green,555.5550000281073,1,single,r_g_10.png,color,green
135200,,c7fbf674-7151-4b31-9215-b4523cffdc16,1,BW6m5rm51618216282828,350,figural_single_2_2,1,,0,green,407.60999999474734,1,single,r_g_01.png,color,green
135200,,c7fbf674-7151-4b31-9215-b4523cffdc16,1,BW6m5rm51618216282828,351,figural_single_2_2,1,,0,blue,394.399999990128,1,single,r_b_11.png,color,blue
135200,,c7fbf674-7151-4b31-9215-b4523cffdc16,1,BW6m5rm51618216282828,352,figural_single_2_2,1,,0,blue,392.02500000828877,0,single,r_g_05.png,color,green
135200,,c7fbf674-7151-4b31-9215-b4523cffdc16,1,BW6m5rm51618216282828,353,figural_single_2_2,1,,0,blue,1085.944999998901,1,single,r_b_10.png,color,blue
135200,,c7fbf674-7151-4b31-9215-b4523cffdc16,1,BW6m5rm51618216282828,354,figural_single_2_2,1,,0,blue,492.5500000244938,1,single,e_b_13.png,color,blue
135200,,c7fbf674-7151-4b31-9215-b4523cffdc16,1,BW6m5rm51618216282828,355,figural_single_2_2,1,,0,green,653.1649999669753,1,single,e_g_14.png,color,green
135200,,c7fbf674-7151-4b31-9215-b4523cffdc16,1,BW6m5rm51618216282828,356,figural_single_2_2,1,,0,blue,546.764999977313,1,single,e_b_07.png,color,blue
135200,,c7fbf674-7151-4b31-9215-b4523cffdc16,1,BW6m5rm51618216282828,357,figural_single_2_2,1,,0,blue,434.97000000206754,1,single,e_b_09.png,color,blue
135200,,c7fbf674-7151-4b31-9215-b4523cffdc16,1,BW6m5rm51618216282828,358,figural_single_1_2,1,,0,angular,549.4450000114739,1,single,e_g_11.png,shape,angular
135200,,c7fbf674-7151-4b31-9215-b4523cffdc16,1,BW6m5rm51618216282828,359,figural_single_1_2,1,,0,round,454.85999999800697,1,single,r_b_16.png,shape,round
135200,,c7fbf674-7151-4b31-9215-b4523cffdc16,1,BW6m5rm51618216282828,360,figural_single_1_2,1,,0,round,480.12000002199784,0,single,e_b_10.png,shape,angular
135200,,c7fbf674-7151-4b31-9215-b4523cffdc16,1,BW6m5rm51618216282828,361,figural_single_1_2,1,,0,round,1046.135000011418,1,single,r_b_02.png,shape,round
135200,,c7fbf674-7151-4b31-9215-b4523cffdc16,1,BW6m5rm51618216282828,362,figural_single_1_2,1,,0,round,626.9849999807775,1,single,r_g_08.png,shape,round
135200,,c7fbf674-7151-4b31-9215-b4523cffdc16,1,BW6m5rm51618216282828,363,figural_single_1_2,1,,0,angular,563.0599999567494,1,single,e_g_02.png,shape,angular
135200,,c7fbf674-7151-4b31-9215-b4523cffdc16,1,BW6m5rm51618216282828,364,figural_single_1_2,1,,0,round,637.9650000017136,1,single,r_g_05.png,shape,round
135200,,c7fbf674-7151-4b31-9215-b4523cffdc16,1,BW6m5rm51618216282828,365,figural_single_1_2,1,,0,angular,588.1650000228547,1,single,e_b_15.png,shape,angular
135200,,c7fbf674-7151-4b31-9215-b4523cffdc16,1,BW6m5rm51618216282828,366,figural_single_1_2,1,,0,round,732.9350000363775,1,single,r_b_09.png,shape,round
135200,,c7fbf674-7151-4b31-9215-b4523cffdc16,1,BW6m5rm51618216282828,367,figural_single_1_2,1,,0,angular,543.424999981653,1,single,e_b_12.png,shape,angular
135200,,c7fbf674-7151-4b31-9215-b4523cffdc16,1,BW6m5rm51618216282828,368,figural_single_1_2,1,,0,angular,643.439999956172,1,single,e_g_15.png,shape,angular
135200,,c7fbf674-7151-4b31-9215-b4523cffdc16,1,BW6m5rm51618216282828,369,figural_single_1_2,1,,0,round,563.9550000196323,1,single,r_g_04.png,shape,round
135200,,c7fbf674-7151-4b31-9215-b4523cffdc16,1,BW6m5rm51618216282828,370,figural_single_1_2,1,,0,round,608.4350000019185,0,single,e_b_14.png,shape,angular
135200,,c7fbf674-7151-4b31-9215-b4523cffdc16,1,BW6m5rm51618216282828,371,figural_single_1_2,1,,0,angular,688.3149999775924,1,single,e_b_02.png,shape,angular
135200,,c7fbf674-7151-4b31-9215-b4523cffdc16,1,BW6m5rm51618216282828,372,figural_single_1_2,1,,0,round,777.9749999754131,1,single,r_g_15.png,shape,round
135200,,c7fbf674-7151-4b31-9215-b4523cffdc16,1,BW6m5rm51618216282828,373,figural_single_1_2,1,,0,angular,605.0950000062585,1,single,e_b_11.png,shape,angular
135200,,c7fbf674-7151-4b31-9215-b4523cffdc16,1,BW6m5rm51618216282828,374,figural_single_1_2,1,,0,round,653.0750000383705,1,single,r_b_07.png,shape,round
135200,,c7fbf674-7151-4b31-9215-b4523cffdc16,1,BW6m5rm51618216282828,375,figural_single_1_2,1,,0,round,619.7749999701045,1,single,r_g_06.png,shape,round
135200,,c7fbf674-7151-4b31-9215-b4523cffdc16,1,BW6m5rm51618216282828,376,figural_single_1_2,1,,0,round,576.1949999723583,1,single,r_g_02.png,shape,round
135200,,c7fbf674-7151-4b31-9215-b4523cffdc16,1,BW6m5rm51618216282828,377,figural_single_1_2,1,,0,angular,534.3250000150874,1,single,e_b_09.png,shape,angular
135200,,c7fbf674-7151-4b31-9215-b4523cffdc16,1,BW6m5rm51618216282828,378,figural_single_1_2,1,,0,round,661.0249999794178,1,single,r_b_15.png,shape,round
135200,,c7fbf674-7151-4b31-9215-b4523cffdc16,1,BW6m5rm51618216282828,379,figural_single_1_2,1,,0,angular,643.1950000114739,1,single,e_g_14.png,shape,angular
135200,,c7fbf674-7151-4b31-9215-b4523cffdc16,1,BW6m5rm51618216282828,380,figural_single_1_2,1,,0,round,667.8400000091642,1,single,r_b_04.png,shape,round
135200,,c7fbf674-7151-4b31-9215-b4523cffdc16,1,BW6m5rm51618216282828,381,figural_single_1_2,1,,0,round,699.4750000303611,1,single,r_g_09.png,shape,round
135200,,c7fbf674-7151-4b31-9215-b4523cffdc16,1,BW6m5rm51618216282828,382,figural_single_1_2,1,,0,angular,614.0550000127405,1,single,e_g_03.png,shape,angular
135200,,c7fbf674-7151-4b31-9215-b4523cffdc16,1,BW6m5rm51618216282828,383,figural_single_1_2,1,,0,round,591.6050000232644,1,single,r_b_13.png,shape,round
135200,,c7fbf674-7151-4b31-9215-b4523cffdc16,1,BW6m5rm51618216282828,384,figural_single_1_2,1,,0,round,704.1050000116229,1,single,r_b_03.png,shape,round
135200,,c7fbf674-7151-4b31-9215-b4523cffdc16,1,BW6m5rm51618216282828,385,figural_single_1_2,1,,0,round,537.430000025779,1,single,r_g_14.png,shape,round
135200,,c7fbf674-7151-4b31-9215-b4523cffdc16,1,BW6m5rm51618216282828,386,figural_single_1_2,1,,0,angular,522.4599999492057,1,single,e_b_05.png,shape,angular
135200,,c7fbf674-7151-4b31-9215-b4523cffdc16,1,BW6m5rm51618216282828,387,figural_single_1_2,1,,0,round,714.8949999827892,1,single,r_b_10.png,shape,round
135200,,c7fbf674-7151-4b31-9215-b4523cffdc16,1,BW6m5rm51618216282828,388,figural_single_1_2,1,,0,round,364.9749999749474,1,single,r_b_12.png,shape,round
135200,,c7fbf674-7151-4b31-9215-b4523cffdc16,1,BW6m5rm51618216282828,389,figural_single_1_2,1,,0,round,460.7149999937974,1,single,r_b_14.png,shape,round
135200,,c7fbf674-7151-4b31-9215-b4523cffdc16,1,BW6m5rm51618216282828,390,figural_single_1_2,1,,0,angular,433.63500002305955,1,single,e_g_16.png,shape,angular
135200,,c7fbf674-7151-4b31-9215-b4523cffdc16,1,BW6m5rm51618216282828,391,figural_single_1_2,1,,0,round,534.7600000095554,1,single,r_g_12.png,shape,round
135200,,c7fbf674-7151-4b31-9215-b4523cffdc16,1,BW6m5rm51618216282828,392,figural_single_1_2,1,,0,angular,412.6799999503419,0,single,r_g_11.png,shape,round
135200,,c7fbf674-7151-4b31-9215-b4523cffdc16,1,BW6m5rm51618216282828,393,figural_single_1_2,1,,0,round,392.50000001629815,0,single,e_b_03.png,shape,angular
135200,,c7fbf674-7151-4b31-9215-b4523cffdc16,1,BW6m5rm51618216282828,394,figural_single_1_2,1,,0,angular,680.1749999867752,1,single,e_b_04.png,shape,angular
135200,,c7fbf674-7151-4b31-9215-b4523cffdc16,1,BW6m5rm51618216282828,395,figural_single_1_2,1,,0,round,735.5299999471754,1,single,r_b_11.png,shape,round
135200,,c7fbf674-7151-4b31-9215-b4523cffdc16,1,BW6m5rm51618216282828,396,figural_single_1_2,1,,0,angular,679.439999978058,1,single,e_g_05.png,shape,angular
135200,,c7fbf674-7151-4b31-9215-b4523cffdc16,1,BW6m5rm51618216282828,397,figural_single_1_2,1,,0,angular,591.1699999705888,1,single,e_b_16.png,shape,angular
135200,,c7fbf674-7151-4b31-9215-b4523cffdc16,1,BW6m5rm51618216282828,398,figural_single_1_2,1,,0,angular,496.47000001277775,1,single,e_g_13.png,shape,angular
135200,,c7fbf674-7151-4b31-9215-b4523cffdc16,1,BW6m5rm51618216282828,399,figural_single_1_2,1,,0,round,1122.254999994766,1,single,r_g_01.png,shape,round
135200,,c7fbf674-7151-4b31-9215-b4523cffdc16,1,BW6m5rm51618216282828,400,figural_single_1_2,1,,0,angular,525.5200000246987,1,single,e_b_08.png,shape,angular
135200,,c7fbf674-7151-4b31-9215-b4523cffdc16,1,BW6m5rm51618216282828,401,figural_single_1_2,1,,0,angular,593.1749999872409,1,single,e_g_10.png,shape,angular
135200,,c7fbf674-7151-4b31-9215-b4523cffdc16,1,BW6m5rm51618216282828,402,figural_single_1_2,1,,0,round,622.3349999636412,1,single,r_g_13.png,shape,round
135200,,c7fbf674-7151-4b31-9215-b4523cffdc16,1,BW6m5rm51618216282828,403,figural_single_1_2,1,,0,angular,324.6449999860488,1,single,e_b_01.png,shape,angular
135200,,c7fbf674-7151-4b31-9215-b4523cffdc16,1,BW6m5rm51618216282828,404,figural_single_1_2,1,,0,angular,573.6700000124983,1,single,e_b_06.png,shape,angular
135200,,c7fbf674-7151-4b31-9215-b4523cffdc16,1,BW6m5rm51618216282828,405,figural_single_1_2,1,,0,round,572.5749999983236,1,single,r_g_10.png,shape,round
135200,,c7fbf674-7151-4b31-9215-b4523cffdc16,1,BW6m5rm51618216282828,406,figural_single_1_2,1,,0,angular,508.704999985639,1,single,e_g_08.png,shape,angular
135200,,c7fbf674-7151-4b31-9215-b4523cffdc16,1,BW6m5rm51618216282828,407,figural_single_1_2,1,,0,round,491.6300000040792,0,single,e_g_07.png,shape,angular
135200,,c7fbf674-7151-4b31-9215-b4523cffdc16,1,BW6m5rm51618216282828,408,figural_single_1_2,1,,0,round,1655.5649999645539,1,single,r_b_06.png,shape,round
135200,,c7fbf674-7151-4b31-9215-b4523cffdc16,1,BW6m5rm51618216282828,409,figural_single_1_2,1,,0,angular,449.33500001206994,1,single,e_g_09.png,shape,angular
135200,,c7fbf674-7151-4b31-9215-b4523cffdc16,1,BW6m5rm51618216282828,410,figural_single_1_2,1,,0,round,517.4750000005588,1,single,r_b_01.png,shape,round
135200,,c7fbf674-7151-4b31-9215-b4523cffdc16,1,BW6m5rm51618216282828,411,figural_single_1_2,1,,0,angular,1051.6200000420213,1,single,e_b_13.png,shape,angular
135200,,c7fbf674-7151-4b31-9215-b4523cffdc16,1,BW6m5rm51618216282828,412,figural_single_1_2,1,,0,angular,619.5000000298023,1,single,e_g_04.png,shape,angular
135200,,c7fbf674-7151-4b31-9215-b4523cffdc16,1,BW6m5rm51618216282828,413,figural_single_1_2,1,,0,angular,646.3849999709055,1,single,e_g_12.png,shape,angular
135200,,c7fbf674-7151-4b31-9215-b4523cffdc16,1,BW6m5rm51618216282828,414,figural_single_1_2,1,,0,angular,434.50000003213063,0,single,r_b_08.png,shape,round
135200,,c7fbf674-7151-4b31-9215-b4523cffdc16,1,BW6m5rm51618216282828,415,figural_single_1_2,1,,0,angular,604.3200000422075,1,single,e_b_07.png,shape,angular
135200,,c7fbf674-7151-4b31-9215-b4523cffdc16,1,BW6m5rm51618216282828,416,figural_single_1_2,1,,0,round,606.629999994766,1,single,r_g_03.png,shape,round
135200,,c7fbf674-7151-4b31-9215-b4523cffdc16,1,BW6m5rm51618216282828,417,figural_single_1_2,1,,0,angular,671.6049999813549,1,single,e_g_06.png,shape,angular
135200,,c7fbf674-7151-4b31-9215-b4523cffdc16,1,BW6m5rm51618216282828,418,figural_single_1_2,1,,0,round,826.3100000331178,1,single,r_g_16.png,shape,round
135200,,c7fbf674-7151-4b31-9215-b4523cffdc16,1,BW6m5rm51618216282828,419,figural_single_1_2,1,,0,round,660.31499998644,1,single,r_b_05.png,shape,round
135200,,c7fbf674-7151-4b31-9215-b4523cffdc16,1,BW6m5rm51618216282828,420,figural_single_1_2,1,,0,angular,501.3399999588728,1,single,e_g_01.png,shape,angular
135200,,c7fbf674-7151-4b31-9215-b4523cffdc16,1,BW6m5rm51618216282828,421,figural_single_1_2,1,,0,round,425.27499998686835,1,single,r_g_07.png,shape,round