userCode,extId,moduleId,sessionId,sessionToken,trialId,executableId,session.complete,session.condition,session.forceExit,givenResponse,reactionTime,score,shiftingType,stimulusValue,stimulusType,correctResponse
135389,,c7fbf674-7151-4b31-9215-b4523cffdc16,1,7DqPthgj1618412591027,1,figural_single_1_practice,1,,0,round,9591.099999999642,1,single,r_b_10.png,shape,round
135389,,c7fbf674-7151-4b31-9215-b4523cffdc16,1,7DqPthgj1618412591027,2,figural_single_1_practice,1,,0,angular,1893.5000000001164,1,single,e_b_09.png,shape,angular
135389,,c7fbf674-7151-4b31-9215-b4523cffdc16,1,7DqPthgj1618412591027,3,figural_single_1_practice,1,,0,round,733.1999999996624,1,single,r_b_11.png,shape,round
135389,,c7fbf674-7151-4b31-9215-b4523cffdc16,1,7DqPthgj1618412591027,4,figural_single_1_practice,1,,0,round,538.300000000163,1,single,r_g_05.png,shape,round
135389,,c7fbf674-7151-4b31-9215-b4523cffdc16,1,7DqPthgj1618412591027,5,figural_single_1_practice,1,,0,angular,610.7000000001863,1,single,e_b_14.png,shape,angular
135389,,c7fbf674-7151-4b31-9215-b4523cffdc16,1,7DqPthgj1618412591027,6,figural_single_1_practice,1,,0,angular,2532.0000000001455,1,single,e_g_07.png,shape,angular
135389,,c7fbf674-7151-4b31-9215-b4523cffdc16,1,7DqPthgj1618412591027,7,figural_single_1_practice,1,,0,angular,784.8000000003667,1,single,e_g_12.png,shape,angular
135389,,c7fbf674-7151-4b31-9215-b4523cffdc16,1,7DqPthgj1618412591027,8,figural_single_1_practice,1,,0,round,476.20000000006985,1,single,r_b_16.png,shape,round
135389,,c7fbf674-7151-4b31-9215-b4523cffdc16,1,7DqPthgj1618412591027,9,figural_single_1_practice,1,,0,round,390.1999999998079,1,single,r_g_02.png,shape,round
135389,,c7fbf674-7151-4b31-9215-b4523cffdc16,1,7DqPthgj1618412591027,10,figural_single_1_practice,1,,0,angular,504.70000000039,1,single,e_b_04.png,shape,angular
135389,,c7fbf674-7151-4b31-9215-b4523cffdc16,1,7DqPthgj1618412591027,11,figural_single_1_practice,1,,0,angular,545.3999999999651,1,single,e_g_06.png,shape,angular
135389,,c7fbf674-7151-4b31-9215-b4523cffdc16,1,7DqPthgj1618412591027,12,figural_single_1_practice,1,,0,round,527.5999999994528,1,single,r_g_15.png,shape,round
135389,,c7fbf674-7151-4b31-9215-b4523cffdc16,1,7DqPthgj1618412591027,13,figural_single_1_1,1,,0,round,998.0000000004948,1,single,r_b_01.png,shape,round
135389,,c7fbf674-7151-4b31-9215-b4523cffdc16,1,7DqPthgj1618412591027,14,figural_single_1_1,1,,0,angular,473.7000000004773,1,single,e_g_11.png,shape,angular
135389,,c7fbf674-7151-4b31-9215-b4523cffdc16,1,7DqPthgj1618412591027,15,figural_single_1_1,1,,0,round,427.0000000005821,1,single,r_b_10.png,shape,round
135389,,c7fbf674-7151-4b31-9215-b4523cffdc16,1,7DqPthgj1618412591027,16,figural_single_1_1,1,,0,round,419.3000000004831,1,single,r_b_06.png,shape,round
135389,,c7fbf674-7151-4b31-9215-b4523cffdc16,1,7DqPthgj1618412591027,17,figural_single_1_1,1,,0,angular,460.10000000023865,1,single,e_g_07.png,shape,angular
135389,,c7fbf674-7151-4b31-9215-b4523cffdc16,1,7DqPthgj1618412591027,18,figural_single_1_1,1,,0,round,445.9999999999127,0,single,e_g_13.png,shape,angular
135389,,c7fbf674-7151-4b31-9215-b4523cffdc16,1,7DqPthgj1618412591027,19,figural_single_1_1,1,,0,round,453.3000000001339,1,single,r_g_06.png,shape,round
135389,,c7fbf674-7151-4b31-9215-b4523cffdc16,1,7DqPthgj1618412591027,20,figural_single_1_1,1,,0,angular,451.2999999997264,1,single,e_g_16.png,shape,angular
135389,,c7fbf674-7151-4b31-9215-b4523cffdc16,1,7DqPthgj1618412591027,21,figural_single_1_1,1,,0,angular,460.5000000001164,1,single,e_b_09.png,shape,angular
135389,,c7fbf674-7151-4b31-9215-b4523cffdc16,1,7DqPthgj1618412591027,22,figural_single_1_1,1,,0,angular,475.800000000163,1,single,e_b_08.png,shape,angular
135389,,c7fbf674-7151-4b31-9215-b4523cffdc16,1,7DqPthgj1618412591027,23,figural_single_1_1,1,,0,round,295.9999999993597,1,single,r_b_12.png,shape,round
135389,,c7fbf674-7151-4b31-9215-b4523cffdc16,1,7DqPthgj1618412591027,24,figural_single_1_1,1,,0,round,326.2999999997264,0,single,e_b_10.png,shape,angular
135389,,c7fbf674-7151-4b31-9215-b4523cffdc16,1,7DqPthgj1618412591027,25,figural_single_1_1,1,,0,round,301.69999999998254,0,single,e_b_05.png,shape,angular
135389,,c7fbf674-7151-4b31-9215-b4523cffdc16,1,7DqPthgj1618412591027,26,figural_single_1_1,1,,0,round,364.6000000007916,1,single,r_b_13.png,shape,round
135389,,c7fbf674-7151-4b31-9215-b4523cffdc16,1,7DqPthgj1618412591027,27,figural_single_1_1,1,,0,round,411.30000000068685,1,single,r_g_15.png,shape,round
135389,,c7fbf674-7151-4b31-9215-b4523cffdc16,1,7DqPthgj1618412591027,28,figural_single_1_1,1,,0,angular,527.0000000000291,1,single,e_g_09.png,shape,angular
135389,,c7fbf674-7151-4b31-9215-b4523cffdc16,1,7DqPthgj1618412591027,29,figural_single_1_1,1,,0,angular,470.5999999996566,0,single,r_g_02.png,shape,round
135389,,c7fbf674-7151-4b31-9215-b4523cffdc16,1,7DqPthgj1618412591027,30,figural_single_1_1,1,,0,angular,472.20000000015716,0,single,r_b_07.png,shape,round
135389,,c7fbf674-7151-4b31-9215-b4523cffdc16,1,7DqPthgj1618412591027,31,figural_single_1_1,1,,0,angular,702.6999999998079,1,single,e_b_06.png,shape,angular
135389,,c7fbf674-7151-4b31-9215-b4523cffdc16,1,7DqPthgj1618412591027,32,figural_single_1_1,1,,0,round,522.2000000003318,1,single,r_b_16.png,shape,round
135389,,c7fbf674-7151-4b31-9215-b4523cffdc16,1,7DqPthgj1618412591027,33,figural_single_1_1,1,,0,round,410.7999999996391,1,single,r_b_02.png,shape,round
135389,,c7fbf674-7151-4b31-9215-b4523cffdc16,1,7DqPthgj1618412591027,34,figural_single_1_1,1,,0,angular,405.0000000006403,1,single,e_g_06.png,shape,angular
135389,,c7fbf674-7151-4b31-9215-b4523cffdc16,1,7DqPthgj1618412591027,35,figural_single_1_1,1,,0,round,461.00000000023283,1,single,r_g_03.png,shape,round
135389,,c7fbf674-7151-4b31-9215-b4523cffdc16,1,7DqPthgj1618412591027,36,figural_single_1_1,1,,0,angular,488.9000000002852,1,single,e_g_05.png,shape,angular
135389,,c7fbf674-7151-4b31-9215-b4523cffdc16,1,7DqPthgj1618412591027,37,figural_single_1_1,1,,0,angular,601.8000000003376,1,single,e_b_13.png,shape,angular
135389,,c7fbf674-7151-4b31-9215-b4523cffdc16,1,7DqPthgj1618412591027,38,figural_single_1_1,1,,0,angular,518.2999999997555,1,single,e_g_15.png,shape,angular
135389,,c7fbf674-7151-4b31-9215-b4523cffdc16,1,7DqPthgj1618412591027,39,figural_single_1_1,1,,0,round,472.4999999998545,1,single,r_g_08.png,shape,round
135389,,c7fbf674-7151-4b31-9215-b4523cffdc16,1,7DqPthgj1618412591027,40,figural_single_1_1,1,,0,angular,390.1000000005297,0,single,r_b_05.png,shape,round
135389,,c7fbf674-7151-4b31-9215-b4523cffdc16,1,7DqPthgj1618412591027,41,figural_single_1_1,1,,0,angular,459.0000000007276,1,single,e_b_02.png,shape,angular
135389,,c7fbf674-7151-4b31-9215-b4523cffdc16,1,7DqPthgj1618412591027,42,figural_single_1_1,1,,0,angular,454.7000000002445,1,single,e_g_14.png,shape,angular
135389,,c7fbf674-7151-4b31-9215-b4523cffdc16,1,7DqPthgj1618412591027,43,figural_single_1_1,1,,0,round,464.19999999942956,1,single,r_b_03.png,shape,round
135389,,c7fbf674-7151-4b31-9215-b4523cffdc16,1,7DqPthgj1618412591027,44,figural_single_1_1,1,,0,angular,558.9000000000233,1,single,e_b_14.png,shape,angular
135389,,c7fbf674-7151-4b31-9215-b4523cffdc16,1,7DqPthgj1618412591027,45,figural_single_1_1,1,,0,angular,483.0000000001746,1,single,e_b_04.png,shape,angular
135389,,c7fbf674-7151-4b31-9215-b4523cffdc16,1,7DqPthgj1618412591027,46,figural_single_1_1,1,,0,round,502.8000000001921,0,single,e_b_03.png,shape,angular
135389,,c7fbf674-7151-4b31-9215-b4523cffdc16,1,7DqPthgj1618412591027,47,figural_single_1_1,1,,0,round,474.6000000004424,1,single,r_g_16.png,shape,round
135389,,c7fbf674-7151-4b31-9215-b4523cffdc16,1,7DqPthgj1618412591027,48,figural_single_1_1,1,,0,round,488.1999999997788,1,single,r_g_13.png,shape,round
135389,,c7fbf674-7151-4b31-9215-b4523cffdc16,1,7DqPthgj1618412591027,49,figural_single_1_1,1,,0,round,616.5000000000873,1,single,r_g_14.png,shape,round
135389,,c7fbf674-7151-4b31-9215-b4523cffdc16,1,7DqPthgj1618412591027,50,figural_single_1_1,1,,0,angular,518.5999999994237,1,single,e_g_08.png,shape,angular
135389,,c7fbf674-7151-4b31-9215-b4523cffdc16,1,7DqPthgj1618412591027,51,figural_single_1_1,1,,0,angular,457.4000000002561,0,single,r_g_09.png,shape,round
135389,,c7fbf674-7151-4b31-9215-b4523cffdc16,1,7DqPthgj1618412591027,52,figural_single_1_1,1,,0,angular,424.7999999997555,1,single,e_g_04.png,shape,angular
135389,,c7fbf674-7151-4b31-9215-b4523cffdc16,1,7DqPthgj1618412591027,53,figural_single_1_1,1,,0,round,444.49999999959255,0,single,e_b_15.png,shape,angular
135389,,c7fbf674-7151-4b31-9215-b4523cffdc16,1,7DqPthgj1618412591027,54,figural_single_1_1,1,,0,round,557.6000000000931,1,single,r_g_04.png,shape,round
135389,,c7fbf674-7151-4b31-9215-b4523cffdc16,1,7DqPthgj1618412591027,55,figural_single_1_1,1,,0,angular,561.8999999997031,1,single,e_b_07.png,shape,angular
135389,,c7fbf674-7151-4b31-9215-b4523cffdc16,1,7DqPthgj1618412591027,56,figural_single_1_1,1,,0,angular,412.499999999447,1,single,e_b_16.png,shape,angular
135389,,c7fbf674-7151-4b31-9215-b4523cffdc16,1,7DqPthgj1618412591027,57,figural_single_1_1,1,,0,round,484.99999999967986,1,single,r_b_08.png,shape,round
135389,,c7fbf674-7151-4b31-9215-b4523cffdc16,1,7DqPthgj1618412591027,58,figural_single_1_1,1,,0,angular,377.1999999998952,1,single,e_g_12.png,shape,angular
135389,,c7fbf674-7151-4b31-9215-b4523cffdc16,1,7DqPthgj1618412591027,59,figural_single_1_1,1,,0,round,469.79999999984284,1,single,r_b_14.png,shape,round
135389,,c7fbf674-7151-4b31-9215-b4523cffdc16,1,7DqPthgj1618412591027,60,figural_single_1_1,1,,0,angular,431.19999999998254,0,single,r_g_05.png,shape,round
135389,,c7fbf674-7151-4b31-9215-b4523cffdc16,1,7DqPthgj1618412591027,61,figural_single_1_1,1,,0,angular,431.29999999928987,0,single,r_g_01.png,shape,round
135389,,c7fbf674-7151-4b31-9215-b4523cffdc16,1,7DqPthgj1618412591027,62,figural_single_1_1,1,,0,angular,1986.70000000039,1,single,e_g_02.png,shape,angular
135389,,c7fbf674-7151-4b31-9215-b4523cffdc16,1,7DqPthgj1618412591027,63,figural_single_1_1,1,,0,round,529.9999999997381,1,single,r_g_11.png,shape,round
135389,,c7fbf674-7151-4b31-9215-b4523cffdc16,1,7DqPthgj1618412591027,64,figural_single_1_1,1,,0,round,447.6000000004133,1,single,r_g_10.png,shape,round
135389,,c7fbf674-7151-4b31-9215-b4523cffdc16,1,7DqPthgj1618412591027,65,figural_single_1_1,1,,0,round,462.00000000043656,1,single,r_b_04.png,shape,round
135389,,c7fbf674-7151-4b31-9215-b4523cffdc16,1,7DqPthgj1618412591027,66,figural_single_1_1,1,,0,angular,562.6000000001804,1,single,e_g_01.png,shape,angular
135389,,c7fbf674-7151-4b31-9215-b4523cffdc16,1,7DqPthgj1618412591027,67,figural_single_1_1,1,,0,round,517.7999999996391,1,single,r_b_09.png,shape,round
135389,,c7fbf674-7151-4b31-9215-b4523cffdc16,1,7DqPthgj1618412591027,68,figural_single_1_1,1,,0,round,482.7000000004773,1,single,r_b_15.png,shape,round
135389,,c7fbf674-7151-4b31-9215-b4523cffdc16,1,7DqPthgj1618412591027,69,figural_single_1_1,1,,0,round,443.9000000001979,1,single,r_g_07.png,shape,round
135389,,c7fbf674-7151-4b31-9215-b4523cffdc16,1,7DqPthgj1618412591027,70,figural_single_1_1,1,,0,angular,558.2999999996973,1,single,e_b_01.png,shape,angular
135389,,c7fbf674-7151-4b31-9215-b4523cffdc16,1,7DqPthgj1618412591027,71,figural_single_1_1,1,,0,angular,418.9999999998545,1,single,e_b_12.png,shape,angular
135389,,c7fbf674-7151-4b31-9215-b4523cffdc16,1,7DqPthgj1618412591027,72,figural_single_1_1,1,,0,round,405.9999999999418,1,single,r_b_11.png,shape,round
135389,,c7fbf674-7151-4b31-9215-b4523cffdc16,1,7DqPthgj1618412591027,73,figural_single_1_1,1,,0,round,465.6000000004715,1,single,r_g_12.png,shape,round
135389,,c7fbf674-7151-4b31-9215-b4523cffdc16,1,7DqPthgj1618412591027,74,figural_single_1_1,1,,0,angular,552.9999999998836,1,single,e_g_03.png,shape,angular
135389,,c7fbf674-7151-4b31-9215-b4523cffdc16,1,7DqPthgj1618412591027,75,figural_single_1_1,1,,0,angular,508.80000000054133,1,single,e_g_10.png,shape,angular
135389,,c7fbf674-7151-4b31-9215-b4523cffdc16,1,7DqPthgj1618412591027,76,figural_single_1_1,1,,0,angular,432.7000000003027,1,single,e_b_11.png,shape,angular
135389,,c7fbf674-7151-4b31-9215-b4523cffdc16,1,7DqPthgj1618412591027,77,figural_single_2_practice,1,,0,blue,1067.5999999994237,1,single,r_b_07.png,color,blue
135389,,c7fbf674-7151-4b31-9215-b4523cffdc16,1,7DqPthgj1618412591027,78,figural_single_2_practice,1,,0,green,872.6999999998952,1,single,r_g_09.png,color,green
135389,,c7fbf674-7151-4b31-9215-b4523cffdc16,1,7DqPthgj1618412591027,79,figural_single_2_practice,1,,0,green,1084.6000000001222,1,single,e_g_04.png,color,green
135389,,c7fbf674-7151-4b31-9215-b4523cffdc16,1,7DqPthgj1618412591027,80,figural_single_2_practice,1,,0,blue,427.19999999916763,1,single,r_b_14.png,color,blue
135389,,c7fbf674-7151-4b31-9215-b4523cffdc16,1,7DqPthgj1618412591027,81,figural_single_2_practice,1,,0,blue,393.39999999993597,1,single,e_b_06.png,color,blue
135389,,c7fbf674-7151-4b31-9215-b4523cffdc16,1,7DqPthgj1618412591027,82,figural_single_2_practice,1,,0,green,373.3000000001921,1,single,e_g_10.png,color,green
135389,,c7fbf674-7151-4b31-9215-b4523cffdc16,1,7DqPthgj1618412591027,83,figural_single_2_practice,1,,0,green,625.8999999999942,0,single,e_b_16.png,color,blue
135389,,c7fbf674-7151-4b31-9215-b4523cffdc16,1,7DqPthgj1618412591027,84,figural_single_2_practice,1,,0,green,512.7000000002445,1,single,e_g_08.png,color,green
135389,,c7fbf674-7151-4b31-9215-b4523cffdc16,1,7DqPthgj1618412591027,85,figural_single_2_practice,1,,0,blue,380.3999999999942,1,single,e_b_02.png,color,blue
135389,,c7fbf674-7151-4b31-9215-b4523cffdc16,1,7DqPthgj1618412591027,86,figural_single_2_practice,1,,0,green,401.2000000002445,1,single,r_g_03.png,color,green
135389,,c7fbf674-7151-4b31-9215-b4523cffdc16,1,7DqPthgj1618412591027,87,figural_single_2_practice,1,,0,blue,377.99999999970896,1,single,r_b_13.png,color,blue
135389,,c7fbf674-7151-4b31-9215-b4523cffdc16,1,7DqPthgj1618412591027,88,figural_single_2_practice,1,,0,green,429.3999999999942,1,single,r_g_01.png,color,green
135389,,c7fbf674-7151-4b31-9215-b4523cffdc16,1,7DqPthgj1618412591027,89,figural_single_2_1,1,,0,green,808.9999999993015,1,single,r_g_07.png,color,green
135389,,c7fbf674-7151-4b31-9215-b4523cffdc16,1,7DqPthgj1618412591027,90,figural_single_2_1,1,,0,blue,461.29999999993015,1,single,r_b_03.png,color,blue
135389,,c7fbf674-7151-4b31-9215-b4523cffdc16,1,7DqPthgj1618412591027,91,figural_single_2_1,1,,0,green,641.9000000005472,1,single,r_g_08.png,color,green
135389,,c7fbf674-7151-4b31-9215-b4523cffdc16,1,7DqPthgj1618412591027,92,figural_single_2_1,1,,0,green,438.6999999996915,1,single,e_g_01.png,color,green
135389,,c7fbf674-7151-4b31-9215-b4523cffdc16,1,7DqPthgj1618412591027,93,figural_single_2_1,1,,0,green,392.60000000012224,1,single,e_g_09.png,color,green
135389,,c7fbf674-7151-4b31-9215-b4523cffdc16,1,7DqPthgj1618412591027,94,figural_single_2_1,1,,0,blue,387.4999999998254,1,single,r_b_08.png,color,blue
135389,,c7fbf674-7151-4b31-9215-b4523cffdc16,1,7DqPthgj1618412591027,95,figural_single_2_1,1,,0,blue,458.70000000012806,1,single,e_b_03.png,color,blue
135389,,c7fbf674-7151-4b31-9215-b4523cffdc16,1,7DqPthgj1618412591027,96,figural_single_2_1,1,,0,green,466.00000000034925,1,single,e_g_07.png,color,green
135389,,c7fbf674-7151-4b31-9215-b4523cffdc16,1,7DqPthgj1618412591027,97,figural_single_2_1,1,,0,blue,441.1000000000058,1,single,e_b_02.png,color,blue
135389,,c7fbf674-7151-4b31-9215-b4523cffdc16,1,7DqPthgj1618412591027,98,figural_single_2_1,1,,0,green,409.20000000006985,1,single,e_g_04.png,color,green
135389,,c7fbf674-7151-4b31-9215-b4523cffdc16,1,7DqPthgj1618412591027,99,figural_single_2_1,1,,0,green,374.0000000007276,1,single,r_g_06.png,color,green
135389,,c7fbf674-7151-4b31-9215-b4523cffdc16,1,7DqPthgj1618412591027,100,figural_single_2_1,1,,0,blue,519.699999999837,1,single,e_b_08.png,color,blue
135389,,c7fbf674-7151-4b31-9215-b4523cffdc16,1,7DqPthgj1618412591027,101,figural_single_2_1,1,,0,green,461.4000000001397,1,single,e_g_16.png,color,green
135389,,c7fbf674-7151-4b31-9215-b4523cffdc16,1,7DqPthgj1618412591027,102,figural_single_2_1,1,,0,blue,414.8000000004831,1,single,e_b_06.png,color,blue
135389,,c7fbf674-7151-4b31-9215-b4523cffdc16,1,7DqPthgj1618412591027,103,figural_single_2_1,1,,0,blue,400.20000000004075,1,single,e_b_04.png,color,blue
135389,,c7fbf674-7151-4b31-9215-b4523cffdc16,1,7DqPthgj1618412591027,104,figural_single_2_1,1,,0,green,401.1000000000349,1,single,r_g_10.png,color,green
135389,,c7fbf674-7151-4b31-9215-b4523cffdc16,1,7DqPthgj1618412591027,105,figural_single_2_1,1,,0,blue,488.6999999998952,1,single,e_b_12.png,color,blue
135389,,c7fbf674-7151-4b31-9215-b4523cffdc16,1,7DqPthgj1618412591027,106,figural_single_2_1,1,,0,blue,371.79999999987194,1,single,r_b_09.png,color,blue
135389,,c7fbf674-7151-4b31-9215-b4523cffdc16,1,7DqPthgj1618412591027,107,figural_single_2_1,1,,0,green,403.6000000005297,1,single,r_g_15.png,color,green
135389,,c7fbf674-7151-4b31-9215-b4523cffdc16,1,7DqPthgj1618412591027,108,figural_single_2_1,1,,0,green,349.59999999954016,1,single,e_g_08.png,color,green
135389,,c7fbf674-7151-4b31-9215-b4523cffdc16,1,7DqPthgj1618412591027,109,figural_single_2_1,1,,0,blue,431.3999999994994,1,single,e_b_11.png,color,blue
135389,,c7fbf674-7151-4b31-9215-b4523cffdc16,1,7DqPthgj1618412591027,110,figural_single_2_1,1,,0,blue,358.1999999996624,1,single,r_b_13.png,color,blue
135389,,c7fbf674-7151-4b31-9215-b4523cffdc16,1,7DqPthgj1618412591027,111,figural_single_2_1,1,,0,blue,412.9000000002561,1,single,r_b_12.png,color,blue
135389,,c7fbf674-7151-4b31-9215-b4523cffdc16,1,7DqPthgj1618412591027,112,figural_single_2_1,1,,0,blue,454.0999999999476,1,single,r_b_15.png,color,blue
135389,,c7fbf674-7151-4b31-9215-b4523cffdc16,1,7DqPthgj1618412591027,113,figural_single_2_1,1,,0,green,443.4000000001106,1,single,e_g_05.png,color,green
135389,,c7fbf674-7151-4b31-9215-b4523cffdc16,1,7DqPthgj1618412591027,114,figural_single_2_1,1,,0,green,336.1999999997497,1,single,r_g_12.png,color,green
135389,,c7fbf674-7151-4b31-9215-b4523cffdc16,1,7DqPthgj1618412591027,115,figural_single_2_1,1,,0,blue,407.10000000035507,1,single,r_b_02.png,color,blue
135389,,c7fbf674-7151-4b31-9215-b4523cffdc16,1,7DqPthgj1618412591027,116,figural_single_2_1,1,,0,blue,350.1000000005879,1,single,r_b_01.png,color,blue
135389,,c7fbf674-7151-4b31-9215-b4523cffdc16,1,7DqPthgj1618412591027,117,figural_single_2_1,1,,0,blue,420.2999999997555,1,single,r_b_07.png,color,blue
135389,,c7fbf674-7151-4b31-9215-b4523cffdc16,1,7DqPthgj1618412591027,118,figural_single_2_1,1,,0,green,422.300000000163,1,single,e_g_15.png,color,green
135389,,c7fbf674-7151-4b31-9215-b4523cffdc16,1,7DqPthgj1618412591027,119,figural_single_2_1,1,,0,green,365.7000000002736,1,single,e_g_11.png,color,green
135389,,c7fbf674-7151-4b31-9215-b4523cffdc16,1,7DqPthgj1618412591027,120,figural_single_2_1,1,,0,blue,443.4000000001397,1,single,e_b_07.png,color,blue
135389,,c7fbf674-7151-4b31-9215-b4523cffdc16,1,7DqPthgj1618412591027,121,figural_single_2_1,1,,0,green,441.1000000000349,1,single,r_g_04.png,color,green
135389,,c7fbf674-7151-4b31-9215-b4523cffdc16,1,7DqPthgj1618412591027,122,figural_single_2_1,1,,0,green,331.4999999993306,1,single,e_g_02.png,color,green
135389,,c7fbf674-7151-4b31-9215-b4523cffdc16,1,7DqPthgj1618412591027,123,figural_single_2_1,1,,0,blue,391.0999999998021,1,single,e_b_01.png,color,blue
135389,,c7fbf674-7151-4b31-9215-b4523cffdc16,1,7DqPthgj1618412591027,124,figural_single_2_1,1,,0,blue,402.59999999942374,1,single,r_b_05.png,color,blue
135389,,c7fbf674-7151-4b31-9215-b4523cffdc16,1,7DqPthgj1618412591027,125,figural_single_2_1,1,,0,green,348.2999999996391,1,single,e_g_03.png,color,green
135389,,c7fbf674-7151-4b31-9215-b4523cffdc16,1,7DqPthgj1618412591027,126,figural_single_2_1,1,,0,blue,489.3000000001921,1,single,r_b_04.png,color,blue
135389,,c7fbf674-7151-4b31-9215-b4523cffdc16,1,7DqPthgj1618412591027,127,figural_single_2_1,1,,0,green,424.5000000000873,1,single,e_g_06.png,color,green
135389,,c7fbf674-7151-4b31-9215-b4523cffdc16,1,7DqPthgj1618412591027,128,figural_single_2_1,1,,0,blue,337.99999999973807,0,single,e_g_12.png,color,green
135389,,c7fbf674-7151-4b31-9215-b4523cffdc16,1,7DqPthgj1618412591027,129,figural_single_2_1,1,,0,green,431.40000000040163,1,single,r_g_14.png,color,green
135389,,c7fbf674-7151-4b31-9215-b4523cffdc16,1,7DqPthgj1618412591027,130,figural_single_2_1,1,,0,blue,460.0000000000291,1,single,e_b_09.png,color,blue
135389,,c7fbf674-7151-4b31-9215-b4523cffdc16,1,7DqPthgj1618412591027,131,figural_single_2_1,1,,0,blue,394.29999999993015,1,single,e_b_16.png,color,blue
135389,,c7fbf674-7151-4b31-9215-b4523cffdc16,1,7DqPthgj1618412591027,132,figural_single_2_1,1,,0,green,379.39999999981956,1,single,r_g_01.png,color,green
135389,,c7fbf674-7151-4b31-9215-b4523cffdc16,1,7DqPthgj1618412591027,133,figural_single_2_1,1,,0,green,394.99999999953434,1,single,r_g_09.png,color,green
135389,,c7fbf674-7151-4b31-9215-b4523cffdc16,1,7DqPthgj1618412591027,134,figural_single_2_1,1,,0,green,369.9999999999127,1,single,e_g_13.png,color,green
135389,,c7fbf674-7151-4b31-9215-b4523cffdc16,1,7DqPthgj1618412591027,135,figural_single_2_1,1,,0,blue,437.19999999940046,1,single,r_b_06.png,color,blue
135389,,c7fbf674-7151-4b31-9215-b4523cffdc16,1,7DqPthgj1618412591027,136,figural_single_2_1,1,,0,blue,356.60000000006403,1,single,r_b_14.png,color,blue
135389,,c7fbf674-7151-4b31-9215-b4523cffdc16,1,7DqPthgj1618412591027,137,figural_single_2_1,1,,0,green,418.40000000048894,1,single,r_g_05.png,color,green
135389,,c7fbf674-7151-4b31-9215-b4523cffdc16,1,7DqPthgj1618412591027,138,figural_single_2_1,1,,0,green,367.10000000038417,1,single,e_g_10.png,color,green
135389,,c7fbf674-7151-4b31-9215-b4523cffdc16,1,7DqPthgj1618412591027,139,figural_single_2_1,1,,0,green,361.60000000018044,1,single,r_g_02.png,color,green
135389,,c7fbf674-7151-4b31-9215-b4523cffdc16,1,7DqPthgj1618412591027,140,figural_single_2_1,1,,0,blue,436.20000000012806,1,single,e_b_10.png,color,blue
135389,,c7fbf674-7151-4b31-9215-b4523cffdc16,1,7DqPthgj1618412591027,141,figural_single_2_1,1,,0,blue,379.0000000008149,1,single,r_b_16.png,color,blue
135389,,c7fbf674-7151-4b31-9215-b4523cffdc16,1,7DqPthgj1618412591027,142,figural_single_2_1,1,,0,green,324.5000000006403,1,single,r_g_11.png,color,green
135389,,c7fbf674-7151-4b31-9215-b4523cffdc16,1,7DqPthgj1618412591027,143,figural_single_2_1,1,,0,green,356.40000000060536,1,single,r_g_03.png,color,green
135389,,c7fbf674-7151-4b31-9215-b4523cffdc16,1,7DqPthgj1618412591027,144,figural_single_2_1,1,,0,blue,357.79999999981374,1,single,e_b_14.png,color,blue
135389,,c7fbf674-7151-4b31-9215-b4523cffdc16,1,7DqPthgj1618412591027,145,figural_single_2_1,1,,0,blue,417.0999999996857,1,single,e_b_13.png,color,blue
135389,,c7fbf674-7151-4b31-9215-b4523cffdc16,1,7DqPthgj1618412591027,146,figural_single_2_1,1,,0,green,298.3000000003958,0,single,r_b_10.png,color,blue
135389,,c7fbf674-7151-4b31-9215-b4523cffdc16,1,7DqPthgj1618412591027,147,figural_single_2_1,1,,0,green,408.09999999962747,1,single,e_g_14.png,color,green
135389,,c7fbf674-7151-4b31-9215-b4523cffdc16,1,7DqPthgj1618412591027,148,figural_single_2_1,1,,0,blue,372.3999999993248,1,single,e_b_15.png,color,blue
135389,,c7fbf674-7151-4b31-9215-b4523cffdc16,1,7DqPthgj1618412591027,149,figural_single_2_1,1,,0,blue,301.70000000001164,1,single,e_b_05.png,color,blue
135389,,c7fbf674-7151-4b31-9215-b4523cffdc16,1,7DqPthgj1618412591027,150,figural_single_2_1,1,,0,green,284.9999999998254,0,single,r_b_11.png,color,blue
135389,,c7fbf674-7151-4b31-9215-b4523cffdc16,1,7DqPthgj1618412591027,151,figural_single_2_1,1,,0,green,378.3000000002794,1,single,r_g_13.png,color,green
135389,,c7fbf674-7151-4b31-9215-b4523cffdc16,1,7DqPthgj1618412591027,152,figural_single_2_1,1,,0,green,416.50000000029104,1,single,r_g_16.png,color,green
135389,,c7fbf674-7151-4b31-9215-b4523cffdc16,1,7DqPthgj1618412591027,153,figural_mixed_practice,1,,0,angular,551.800000000163,1,start,e_g_13.png,shape,angular
135389,,c7fbf674-7151-4b31-9215-b4523cffdc16,1,7DqPthgj1618412591027,154,figural_mixed_practice,1,,0,angular,512.7999999995227,1,repetition,e_g_15.png,shape,angular
135389,,c7fbf674-7151-4b31-9215-b4523cffdc16,1,7DqPthgj1618412591027,155,figural_mixed_practice,1,,0,blue,521.8999999997322,1,switch,r_b_02.png,color,blue
135389,,c7fbf674-7151-4b31-9215-b4523cffdc16,1,7DqPthgj1618412591027,156,figural_mixed_practice,1,,0,green,434.6999999997788,1,repetition,r_g_10.png,color,green
135389,,c7fbf674-7151-4b31-9215-b4523cffdc16,1,7DqPthgj1618412591027,157,figural_mixed_practice,1,,0,round,476.70000000018626,1,switch,r_b_03.png,shape,round
135389,,c7fbf674-7151-4b31-9215-b4523cffdc16,1,7DqPthgj1618412591027,158,figural_mixed_practice,1,,0,blue,566.8999999997905,1,switch,e_b_11.png,color,blue
135389,,c7fbf674-7151-4b31-9215-b4523cffdc16,1,7DqPthgj1618412591027,159,figural_mixed_practice,1,,0,green,452.79999999998836,1,repetition,r_g_06.png,color,green
135389,,c7fbf674-7151-4b31-9215-b4523cffdc16,1,7DqPthgj1618412591027,160,figural_mixed_practice,1,,0,round,456.0000000001164,1,switch,r_b_08.png,shape,round
135389,,c7fbf674-7151-4b31-9215-b4523cffdc16,1,7DqPthgj1618412591027,161,figural_mixed_practice,1,,0,round,434.50000000029104,0,repetition,e_b_12.png,shape,angular
135389,,c7fbf674-7151-4b31-9215-b4523cffdc16,1,7DqPthgj1618412591027,162,figural_mixed_practice,1,,0,round,1059.7999999999884,1,repetition,r_g_04.png,shape,round
135389,,c7fbf674-7151-4b31-9215-b4523cffdc16,1,7DqPthgj1618412591027,163,figural_mixed_practice,1,,0,green,745.6000000002095,0,switch,e_b_01.png,color,blue
135389,,c7fbf674-7151-4b31-9215-b4523cffdc16,1,7DqPthgj1618412591027,164,figural_mixed_practice,1,,0,green,846.3000000001048,1,repetition,e_g_05.png,color,green
135389,,c7fbf674-7151-4b31-9215-b4523cffdc16,1,7DqPthgj1618412591027,165,figural_mixed,1,,0,green,965.2999999998137,1,start,r_g_12.png,color,green
135389,,c7fbf674-7151-4b31-9215-b4523cffdc16,1,7DqPthgj1618412591027,166,figural_mixed,1,,0,green,638.7999999997555,1,repetition,e_g_16.png,color,green
135389,,c7fbf674-7151-4b31-9215-b4523cffdc16,1,7DqPthgj1618412591027,167,figural_mixed,1,,0,round,824.8000000002794,1,switch,r_b_01.png,shape,round
135389,,c7fbf674-7151-4b31-9215-b4523cffdc16,1,7DqPthgj1618412591027,168,figural_mixed,1,,0,blue,1290.7999999997555,1,switch,e_b_10.png,color,blue
135389,,c7fbf674-7151-4b31-9215-b4523cffdc16,1,7DqPthgj1618412591027,169,figural_mixed,1,,0,round,1025.5999999999767,1,switch,r_g_07.png,shape,round
135389,,c7fbf674-7151-4b31-9215-b4523cffdc16,1,7DqPthgj1618412591027,170,figural_mixed,1,,0,angular,988.5999999996857,1,repetition,e_g_16.png,shape,angular
135389,,c7fbf674-7151-4b31-9215-b4523cffdc16,1,7DqPthgj1618412591027,171,figural_mixed,1,,0,angular,737.7999999998719,1,repetition,e_b_11.png,shape,angular
135389,,c7fbf674-7151-4b31-9215-b4523cffdc16,1,7DqPthgj1618412591027,172,figural_mixed,1,,0,blue,578.1999999999534,1,switch,e_b_12.png,color,blue
135389,,c7fbf674-7151-4b31-9215-b4523cffdc16,1,7DqPthgj1618412591027,173,figural_mixed,1,,0,blue,826.3999999999069,1,repetition,r_b_05.png,color,blue
135389,,c7fbf674-7151-4b31-9215-b4523cffdc16,1,7DqPthgj1618412591027,174,figural_mixed,1,,0,angular,688.7999999998719,1,switch,e_b_15.png,shape,angular
135389,,c7fbf674-7151-4b31-9215-b4523cffdc16,1,7DqPthgj1618412591027,175,figural_mixed,1,,0,angular,901.7000000003609,0,repetition,r_g_01.png,shape,round
135389,,c7fbf674-7151-4b31-9215-b4523cffdc16,1,7DqPthgj1618412591027,176,figural_mixed,1,,0,blue,945.4999999997672,0,switch,r_g_11.png,color,green
135389,,c7fbf674-7151-4b31-9215-b4523cffdc16,1,7DqPthgj1618412591027,177,figural_mixed,1,,0,blue,1043.3999999995576,1,repetition,e_b_14.png,color,blue
135389,,c7fbf674-7151-4b31-9215-b4523cffdc16,1,7DqPthgj1618412591027,178,figural_mixed,1,,0,green,631.5000000004657,1,repetition,r_g_05.png,color,green
135389,,c7fbf674-7151-4b31-9215-b4523cffdc16,1,7DqPthgj1618412591027,179,figural_mixed,1,,0,round,803.5999999992782,0,switch,e_g_09.png,shape,angular
135389,,c7fbf674-7151-4b31-9215-b4523cffdc16,1,7DqPthgj1618412591027,180,figural_mixed,1,,0,round,769.5999999996275,1,repetition,r_b_04.png,shape,round
135389,,c7fbf674-7151-4b31-9215-b4523cffdc16,1,7DqPthgj1618412591027,181,figural_mixed,1,,0,round,699.3000000002212,1,repetition,r_g_12.png,shape,round
135389,,c7fbf674-7151-4b31-9215-b4523cffdc16,1,7DqPthgj1618412591027,182,figural_mixed,1,,0,round,846.0000000004075,1,repetition,r_b_02.png,shape,round
135389,,c7fbf674-7151-4b31-9215-b4523cffdc16,1,7DqPthgj1618412591027,183,figural_mixed,1,,0,green,1276.100000000035,1,switch,r_g_04.png,color,green
135389,,c7fbf674-7151-4b31-9215-b4523cffdc16,1,7DqPthgj1618412591027,184,figural_mixed,1,,0,blue,884,1,repetition,e_b_02.png,color,blue
135389,,c7fbf674-7151-4b31-9215-b4523cffdc16,1,7DqPthgj1618412591027,185,figural_mixed,1,,0,blue,848.3000000005122,1,repetition,r_b_16.png,color,blue
135389,,c7fbf674-7151-4b31-9215-b4523cffdc16,1,7DqPthgj1618412591027,186,figural_mixed,1,,0,angular,992.500000000291,1,switch,e_g_03.png,shape,angular
135389,,c7fbf674-7151-4b31-9215-b4523cffdc16,1,7DqPthgj1618412591027,187,figural_mixed,1,,0,blue,1082.1999999997788,1,switch,r_b_10.png,color,blue
135389,,c7fbf674-7151-4b31-9215-b4523cffdc16,1,7DqPthgj1618412591027,188,figural_mixed,1,,0,green,1063.100000000326,1,repetition,e_g_03.png,color,green
135389,,c7fbf674-7151-4b31-9215-b4523cffdc16,1,7DqPthgj1618412591027,189,figural_mixed,1,,0,green,1414.7000000002445,1,repetition,r_g_06.png,color,green
135389,,c7fbf674-7151-4b31-9215-b4523cffdc16,1,7DqPthgj1618412591027,190,figural_mixed,1,,0,round,1093.4999999999418,1,switch,r_b_09.png,shape,round
135389,,c7fbf674-7151-4b31-9215-b4523cffdc16,1,7DqPthgj1618412591027,191,figural_mixed,1,,0,blue,881.9000000003143,1,switch,r_b_02.png,color,blue
135389,,c7fbf674-7151-4b31-9215-b4523cffdc16,1,7DqPthgj1618412591027,192,figural_mixed,1,,0,green,974.099999999511,1,repetition,r_g_01.png,color,green
135389,,c7fbf674-7151-4b31-9215-b4523cffdc16,1,7DqPthgj1618412591027,193,figural_mixed,1,,0,angular,727.3999999997905,1,switch,e_g_07.png,shape,angular
135389,,c7fbf674-7151-4b31-9215-b4523cffdc16,1,7DqPthgj1618412591027,194,figural_mixed,1,,0,blue,953.7999999993481,1,switch,r_b_13.png,color,blue
135389,,c7fbf674-7151-4b31-9215-b4523cffdc16,1,7DqPthgj1618412591027,195,figural_mixed,1,,0,angular,844.199999999546,1,switch,e_b_14.png,shape,angular
135389,,c7fbf674-7151-4b31-9215-b4523cffdc16,1,7DqPthgj1618412591027,196,figural_mixed,1,,0,round,1042.3000000000466,1,repetition,r_g_09.png,shape,round
135389,,c7fbf674-7151-4b31-9215-b4523cffdc16,1,7DqPthgj1618412591027,197,figural_mixed,1,,0,round,632.5000000005821,1,repetition,r_b_11.png,shape,round
135389,,c7fbf674-7151-4b31-9215-b4523cffdc16,1,7DqPthgj1618412591027,198,figural_mixed,1,,0,green,897.3999999998487,1,switch,r_g_07.png,color,green
135389,,c7fbf674-7151-4b31-9215-b4523cffdc16,1,7DqPthgj1618412591027,199,figural_mixed,1,,0,angular,1005.8000000008033,1,switch,e_b_04.png,shape,angular
135389,,c7fbf674-7151-4b31-9215-b4523cffdc16,1,7DqPthgj1618412591027,200,figural_mixed,1,,0,round,931.7000000000698,1,repetition,r_g_14.png,shape,round
135389,,c7fbf674-7151-4b31-9215-b4523cffdc16,1,7DqPthgj1618412591027,201,figural_mixed,1,,0,green,774.4999999995343,0,switch,e_b_09.png,color,blue
135389,,c7fbf674-7151-4b31-9215-b4523cffdc16,1,7DqPthgj1618412591027,202,figural_mixed,1,,0,angular,820.6999999993131,1,switch,e_g_10.png,shape,angular
135389,,c7fbf674-7151-4b31-9215-b4523cffdc16,1,7DqPthgj1618412591027,203,figural_mixed,1,,0,green,869.5999999999767,1,switch,r_g_15.png,color,green
135389,,c7fbf674-7151-4b31-9215-b4523cffdc16,1,7DqPthgj1618412591027,204,figural_mixed,1,,0,green,736.5,1,repetition,e_g_14.png,color,green
135389,,c7fbf674-7151-4b31-9215-b4523cffdc16,1,7DqPthgj1618412591027,205,figural_mixed,1,,0,blue,924.1999999994878,1,repetition,r_b_07.png,color,blue
135389,,c7fbf674-7151-4b31-9215-b4523cffdc16,1,7DqPthgj1618412591027,206,figural_mixed,1,,0,blue,969.1000000002678,1,repetition,r_b_09.png,color,blue
135389,,c7fbf674-7151-4b31-9215-b4523cffdc16,1,7DqPthgj1618412591027,207,figural_mixed,1,,0,angular,959.7999999996391,1,switch,e_g_14.png,shape,angular
135389,,c7fbf674-7151-4b31-9215-b4523cffdc16,1,7DqPthgj1618412591027,208,figural_mixed,1,,0,angular,826.2000000004191,1,repetition,e_g_13.png,shape,angular
135389,,c7fbf674-7151-4b31-9215-b4523cffdc16,1,7DqPthgj1618412591027,209,figural_mixed,1,,0,blue,895.9000000004307,1,switch,e_b_04.png,color,blue
135389,,c7fbf674-7151-4b31-9215-b4523cffdc16,1,7DqPthgj1618412591027,210,figural_mixed,1,,0,green,900.3999999995576,1,repetition,e_g_10.png,color,green
135389,,c7fbf674-7151-4b31-9215-b4523cffdc16,1,7DqPthgj1618412591027,211,figural_mixed,1,,0,green,1153.9000000002561,1,repetition,e_g_04.png,color,green
135389,,c7fbf674-7151-4b31-9215-b4523cffdc16,1,7DqPthgj1618412591027,212,figural_mixed,1,,0,round,906.1999999994296,0,switch,e_b_07.png,shape,angular
135389,,c7fbf674-7151-4b31-9215-b4523cffdc16,1,7DqPthgj1618412591027,213,figural_mixed,1,,0,round,973.8999999999651,1,repetition,r_g_11.png,shape,round
135389,,c7fbf674-7151-4b31-9215-b4523cffdc16,1,7DqPthgj1618412591027,214,figural_mixed,1,,0,round,779.1999999999534,1,repetition,r_g_04.png,shape,round
135389,,c7fbf674-7151-4b31-9215-b4523cffdc16,1,7DqPthgj1618412591027,215,figural_mixed,1,,0,angular,663.0000000004657,1,repetition,e_g_15.png,shape,angular
135389,,c7fbf674-7151-4b31-9215-b4523cffdc16,1,7DqPthgj1618412591027,216,figural_mixed,1,,0,green,852.4999999999418,1,switch,e_g_11.png,color,green
135389,,c7fbf674-7151-4b31-9215-b4523cffdc16,1,7DqPthgj1618412591027,217,figural_mixed,1,,0,round,1248.7999999994063,1,switch,r_g_08.png,shape,round
135389,,c7fbf674-7151-4b31-9215-b4523cffdc16,1,7DqPthgj1618412591027,218,figural_mixed,1,,0,round,711.5999999996275,1,repetition,r_g_10.png,shape,round
135389,,c7fbf674-7151-4b31-9215-b4523cffdc16,1,7DqPthgj1618412591027,219,figural_mixed,1,,0,green,783.3000000000466,1,switch,e_g_15.png,color,green
135389,,c7fbf674-7151-4b31-9215-b4523cffdc16,1,7DqPthgj1618412591027,220,figural_mixed,1,,0,green,932.8999999997905,1,repetition,r_g_02.png,color,green
135389,,c7fbf674-7151-4b31-9215-b4523cffdc16,1,7DqPthgj1618412591027,221,figural_mixed,1,,0,angular,761.5999999998021,1,switch,e_b_01.png,shape,angular
135389,,c7fbf674-7151-4b31-9215-b4523cffdc16,1,7DqPthgj1618412591027,222,figural_mixed,1,,0,blue,831.9000000001397,1,switch,e_b_15.png,color,blue
135389,,c7fbf674-7151-4b31-9215-b4523cffdc16,1,7DqPthgj1618412591027,223,figural_mixed,1,,0,blue,823.8000000001048,1,repetition,e_b_03.png,color,blue
135389,,c7fbf674-7151-4b31-9215-b4523cffdc16,1,7DqPthgj1618412591027,224,figural_mixed,1,,0,blue,2630.2000000004773,1,repetition,e_b_01.png,color,blue
135389,,c7fbf674-7151-4b31-9215-b4523cffdc16,1,7DqPthgj1618412591027,225,figural_mixed,1,,0,round,905.3000000003958,1,switch,r_g_02.png,shape,round
135389,,c7fbf674-7151-4b31-9215-b4523cffdc16,1,7DqPthgj1618412591027,226,figural_mixed,1,,0,green,982.7999999997555,1,switch,e_g_05.png,color,green
135389,,c7fbf674-7151-4b31-9215-b4523cffdc16,1,7DqPthgj1618412591027,227,figural_mixed,1,,0,round,1061.2000000000698,1,switch,r_b_06.png,shape,round
135389,,c7fbf674-7151-4b31-9215-b4523cffdc16,1,7DqPthgj1618412591027,228,figural_mixed,1,,0,green,835.1000000002678,1,switch,e_g_08.png,color,green
135389,,c7fbf674-7151-4b31-9215-b4523cffdc16,1,7DqPthgj1618412591027,229,figural_mixed,1,,0,green,840.6999999997206,1,repetition,e_g_02.png,color,green
135389,,c7fbf674-7151-4b31-9215-b4523cffdc16,1,7DqPthgj1618412591027,230,figural_mixed,1,,0,blue,769.9000000002561,1,repetition,e_b_06.png,color,blue
135389,,c7fbf674-7151-4b31-9215-b4523cffdc16,1,7DqPthgj1618412591027,231,figural_mixed,1,,0,angular,782.2999999998719,1,switch,e_b_08.png,shape,angular
135389,,c7fbf674-7151-4b31-9215-b4523cffdc16,1,7DqPthgj1618412591027,232,figural_mixed,1,,0,green,957.5999999997439,1,switch,r_g_09.png,color,green
135389,,c7fbf674-7151-4b31-9215-b4523cffdc16,1,7DqPthgj1618412591027,233,figural_mixed,1,,0,green,806.7000000000698,0,repetition,e_b_13.png,color,blue
135389,,c7fbf674-7151-4b31-9215-b4523cffdc16,1,7DqPthgj1618412591027,234,figural_mixed,1,,0,round,825.7000000003609,1,switch,r_b_10.png,shape,round
135389,,c7fbf674-7151-4b31-9215-b4523cffdc16,1,7DqPthgj1618412591027,235,figural_mixed,1,,0,round,675.0000000001746,1,repetition,r_b_13.png,shape,round
135389,,c7fbf674-7151-4b31-9215-b4523cffdc16,1,7DqPthgj1618412591027,236,figural_mixed,1,,0,blue,1105.1000000006752,1,switch,e_b_11.png,color,blue
135389,,c7fbf674-7151-4b31-9215-b4523cffdc16,1,7DqPthgj1618412591027,237,figural_mixed,1,,0,green,650.5000000006403,1,repetition,r_g_08.png,color,green
135389,,c7fbf674-7151-4b31-9215-b4523cffdc16,1,7DqPthgj1618412591027,238,figural_mixed,1,,0,angular,837.1000000006752,1,switch,e_b_10.png,shape,angular
135389,,c7fbf674-7151-4b31-9215-b4523cffdc16,1,7DqPthgj1618412591027,239,figural_mixed,1,,0,angular,715.9000000001397,1,repetition,e_g_06.png,shape,angular
135389,,c7fbf674-7151-4b31-9215-b4523cffdc16,1,7DqPthgj1618412591027,240,figural_mixed,1,,0,angular,1296.0999999995693,1,repetition,e_g_11.png,shape,angular
135389,,c7fbf674-7151-4b31-9215-b4523cffdc16,1,7DqPthgj1618412591027,241,figural_mixed,1,,0,round,794.8999999998487,1,repetition,r_b_07.png,shape,round
135389,,c7fbf674-7151-4b31-9215-b4523cffdc16,1,7DqPthgj1618412591027,242,figural_mixed,1,,0,blue,596.6000000007916,1,switch,r_b_06.png,color,blue
135389,,c7fbf674-7151-4b31-9215-b4523cffdc16,1,7DqPthgj1618412591027,243,figural_mixed,1,,0,blue,805.8000000001048,1,repetition,e_b_07.png,color,blue
135389,,c7fbf674-7151-4b31-9215-b4523cffdc16,1,7DqPthgj1618412591027,244,figural_mixed,1,,0,blue,652.1999999994878,1,repetition,r_b_14.png,color,blue
135389,,c7fbf674-7151-4b31-9215-b4523cffdc16,1,7DqPthgj1618412591027,245,figural_mixed,1,,0,green,669.1000000000931,1,repetition,r_g_16.png,color,green
135389,,c7fbf674-7151-4b31-9215-b4523cffdc16,1,7DqPthgj1618412591027,246,figural_mixed,1,,0,angular,958.5999999999185,1,switch,e_b_09.png,shape,angular
135389,,c7fbf674-7151-4b31-9215-b4523cffdc16,1,7DqPthgj1618412591027,247,figural_mixed,1,,0,round,740.4999999998836,1,repetition,r_g_05.png,shape,round
135389,,c7fbf674-7151-4b31-9215-b4523cffdc16,1,7DqPthgj1618412591027,248,figural_mixed,1,,0,angular,716.5999999997439,1,repetition,e_b_12.png,shape,angular
135389,,c7fbf674-7151-4b31-9215-b4523cffdc16,1,7DqPthgj1618412591027,249,figural_mixed,1,,0,blue,1072.2000000005355,1,switch,e_b_05.png,color,blue
135389,,c7fbf674-7151-4b31-9215-b4523cffdc16,1,7DqPthgj1618412591027,250,figural_mixed,1,,0,round,806.9999999998254,1,switch,r_g_06.png,shape,round
135389,,c7fbf674-7151-4b31-9215-b4523cffdc16,1,7DqPthgj1618412591027,251,figural_mixed,1,,0,blue,1216.3000000000466,1,switch,e_b_16.png,color,blue
135389,,c7fbf674-7151-4b31-9215-b4523cffdc16,1,7DqPthgj1618412591027,252,figural_mixed,1,,0,green,1013.5000000000582,1,repetition,r_g_13.png,color,green
135389,,c7fbf674-7151-4b31-9215-b4523cffdc16,1,7DqPthgj1618412591027,253,figural_mixed,1,,0,angular,991.1000000002095,1,switch,e_g_02.png,shape,angular
135389,,c7fbf674-7151-4b31-9215-b4523cffdc16,1,7DqPthgj1618412591027,254,figural_mixed,1,,0,round,762.7000000002445,1,repetition,r_b_03.png,shape,round
135389,,c7fbf674-7151-4b31-9215-b4523cffdc16,1,7DqPthgj1618412591027,255,figural_mixed,1,,0,round,718.3999999997322,1,repetition,r_b_14.png,shape,round
135389,,c7fbf674-7151-4b31-9215-b4523cffdc16,1,7DqPthgj1618412591027,256,figural_mixed,1,,0,angular,611.3999999997322,1,repetition,e_g_12.png,shape,angular
135389,,c7fbf674-7151-4b31-9215-b4523cffdc16,1,7DqPthgj1618412591027,257,figural_mixed,1,,0,blue,630.0999999994528,1,switch,r_b_04.png,color,blue
135389,,c7fbf674-7151-4b31-9215-b4523cffdc16,1,7DqPthgj1618412591027,258,figural_mixed,1,,0,round,812.90000000078,1,switch,r_g_15.png,shape,round
135389,,c7fbf674-7151-4b31-9215-b4523cffdc16,1,7DqPthgj1618412591027,259,figural_mixed,1,,0,angular,739.9999999998254,1,repetition,e_g_08.png,shape,angular
135389,,c7fbf674-7151-4b31-9215-b4523cffdc16,1,7DqPthgj1618412591027,260,figural_mixed,1,,0,round,734.0000000003492,1,repetition,r_b_16.png,shape,round
135389,,c7fbf674-7151-4b31-9215-b4523cffdc16,1,7DqPthgj1618412591027,261,figural_mixed,1,,0,green,1100.4999999995343,1,switch,r_g_10.png,color,green
135389,,c7fbf674-7151-4b31-9215-b4523cffdc16,1,7DqPthgj1618412591027,262,figural_mixed,1,,0,green,790.2000000004191,1,repetition,e_g_06.png,color,green
135389,,c7fbf674-7151-4b31-9215-b4523cffdc16,1,7DqPthgj1618412591027,263,figural_mixed,1,,0,round,797.5999999999185,1,switch,r_g_13.png,shape,round
135389,,c7fbf674-7151-4b31-9215-b4523cffdc16,1,7DqPthgj1618412591027,264,figural_mixed,1,,0,blue,753.3000000002794,1,switch,r_b_03.png,color,blue
135389,,c7fbf674-7151-4b31-9215-b4523cffdc16,1,7DqPthgj1618412591027,265,figural_mixed,1,,0,angular,803.4999999999418,1,switch,e_b_02.png,shape,angular
135389,,c7fbf674-7151-4b31-9215-b4523cffdc16,1,7DqPthgj1618412591027,266,figural_mixed,1,,0,angular,692.1000000002095,1,repetition,e_b_03.png,shape,angular
135389,,c7fbf674-7151-4b31-9215-b4523cffdc16,1,7DqPthgj1618412591027,267,figural_mixed,1,,0,green,723.5000000000582,1,switch,e_g_07.png,color,green
135389,,c7fbf674-7151-4b31-9215-b4523cffdc16,1,7DqPthgj1618412591027,268,figural_mixed,1,,0,blue,720.1999999997206,1,repetition,r_b_08.png,color,blue
135389,,c7fbf674-7151-4b31-9215-b4523cffdc16,1,7DqPthgj1618412591027,269,figural_mixed,1,,0,blue,831.100000000326,1,repetition,r_b_01.png,color,blue
135389,,c7fbf674-7151-4b31-9215-b4523cffdc16,1,7DqPthgj1618412591027,270,figural_mixed,1,,0,angular,1027.200000000419,1,switch,e_b_05.png,shape,angular
135389,,c7fbf674-7151-4b31-9215-b4523cffdc16,1,7DqPthgj1618412591027,271,figural_mixed,1,,0,green,859.1000000005588,1,switch,r_g_16.png,color,green
135389,,c7fbf674-7151-4b31-9215-b4523cffdc16,1,7DqPthgj1618412591027,272,figural_mixed,1,,0,angular,776.4999999999418,1,switch,e_g_04.png,shape,angular
135389,,c7fbf674-7151-4b31-9215-b4523cffdc16,1,7DqPthgj1618412591027,273,figural_mixed,1,,0,round,760.4000000001397,1,repetition,r_b_05.png,shape,round
135389,,c7fbf674-7151-4b31-9215-b4523cffdc16,1,7DqPthgj1618412591027,274,figural_mixed,1,,0,round,783.8999999994412,1,repetition,r_g_03.png,shape,round
135389,,c7fbf674-7151-4b31-9215-b4523cffdc16,1,7DqPthgj1618412591027,275,figural_mixed,1,,0,blue,790.2999999996391,1,switch,r_b_15.png,color,blue
135389,,c7fbf674-7151-4b31-9215-b4523cffdc16,1,7DqPthgj1618412591027,276,figural_mixed,1,,0,green,671.8000000001048,1,repetition,r_g_14.png,color,green
135389,,c7fbf674-7151-4b31-9215-b4523cffdc16,1,7DqPthgj1618412591027,277,figural_mixed,1,,0,angular,998.499999999709,1,switch,e_g_01.png,shape,angular
135389,,c7fbf674-7151-4b31-9215-b4523cffdc16,1,7DqPthgj1618412591027,278,figural_mixed,1,,0,round,1025.5999999999767,1,repetition,r_b_15.png,shape,round
135389,,c7fbf674-7151-4b31-9215-b4523cffdc16,1,7DqPthgj1618412591027,279,figural_mixed,1,,0,round,685.8000000002212,1,repetition,r_b_08.png,shape,round
135389,,c7fbf674-7151-4b31-9215-b4523cffdc16,1,7DqPthgj1618412591027,280,figural_mixed,1,,0,green,770.8000000002212,1,switch,e_g_12.png,color,green
135389,,c7fbf674-7151-4b31-9215-b4523cffdc16,1,7DqPthgj1618412591027,281,figural_mixed,1,,0,angular,832.5999999997439,1,switch,e_b_13.png,shape,angular
135389,,c7fbf674-7151-4b31-9215-b4523cffdc16,1,7DqPthgj1618412591027,282,figural_mixed,1,,0,green,1041.8999999992666,1,switch,r_g_03.png,color,green
135389,,c7fbf674-7151-4b31-9215-b4523cffdc16,1,7DqPthgj1618412591027,283,figural_mixed,1,,0,blue,701.600000000326,1,repetition,r_b_12.png,color,blue
135389,,c7fbf674-7151-4b31-9215-b4523cffdc16,1,7DqPthgj1618412591027,284,figural_mixed,1,,0,angular,836.9999999995343,1,switch,e_b_06.png,shape,angular
135389,,c7fbf674-7151-4b31-9215-b4523cffdc16,1,7DqPthgj1618412591027,285,figural_mixed,1,,0,angular,808,1,repetition,e_g_05.png,shape,angular
135389,,c7fbf674-7151-4b31-9215-b4523cffdc16,1,7DqPthgj1618412591027,286,figural_mixed,1,,0,blue,618.7000000008848,1,switch,r_b_11.png,color,blue
135389,,c7fbf674-7151-4b31-9215-b4523cffdc16,1,7DqPthgj1618412591027,287,figural_mixed,1,,0,angular,728.6999999996624,1,switch,e_b_16.png,shape,angular
135389,,c7fbf674-7151-4b31-9215-b4523cffdc16,1,7DqPthgj1618412591027,288,figural_mixed,1,,0,green,622.0999999996275,1,switch,e_g_01.png,color,green
135389,,c7fbf674-7151-4b31-9215-b4523cffdc16,1,7DqPthgj1618412591027,289,figural_mixed,1,,0,green,875.8999999999651,1,repetition,e_g_13.png,color,green
135389,,c7fbf674-7151-4b31-9215-b4523cffdc16,1,7DqPthgj1618412591027,290,figural_mixed,1,,0,round,772.7999999997555,1,switch,r_b_12.png,shape,round
135389,,c7fbf674-7151-4b31-9215-b4523cffdc16,1,7DqPthgj1618412591027,291,figural_mixed,1,,0,blue,886.100000000617,1,switch,e_b_08.png,color,blue
135389,,c7fbf674-7151-4b31-9215-b4523cffdc16,1,7DqPthgj1618412591027,292,figural_mixed,1,,0,green,637.6999999993131,1,repetition,e_g_09.png,color,green
135389,,c7fbf674-7151-4b31-9215-b4523cffdc16,1,7DqPthgj1618412591027,293,figural_mixed,1,,0,green,677.0999999998603,1,repetition,r_g_12.png,color,green
135389,,c7fbf674-7151-4b31-9215-b4523cffdc16,1,7DqPthgj1618412591027,294,figural_single_2_2,1,,0,blue,1920.6000000003842,1,single,e_b_01.png,color,blue
135389,,c7fbf674-7151-4b31-9215-b4523cffdc16,1,7DqPthgj1618412591027,295,figural_single_2_2,1,,0,blue,692.2000000004191,1,single,r_b_03.png,color,blue
135389,,c7fbf674-7151-4b31-9215-b4523cffdc16,1,7DqPthgj1618412591027,296,figural_single_2_2,1,,0,blue,662.5999999996275,0,single,e_g_01.png,color,green
135389,,c7fbf674-7151-4b31-9215-b4523cffdc16,1,7DqPthgj1618412591027,297,figural_single_2_2,1,,0,green,454.9999999999418,1,single,e_g_13.png,color,green
135389,,c7fbf674-7151-4b31-9215-b4523cffdc16,1,7DqPthgj1618412591027,298,figural_single_2_2,1,,0,blue,663.5000000005821,1,single,r_b_16.png,color,blue
135389,,c7fbf674-7151-4b31-9215-b4523cffdc16,1,7DqPthgj1618412591027,299,figural_single_2_2,1,,0,blue,484.99999999965075,1,single,r_b_07.png,color,blue
135389,,c7fbf674-7151-4b31-9215-b4523cffdc16,1,7DqPthgj1618412591027,300,figural_single_2_2,1,,0,green,445.0000000006403,1,single,r_g_08.png,color,green
135389,,c7fbf674-7151-4b31-9215-b4523cffdc16,1,7DqPthgj1618412591027,301,figural_single_2_2,1,,0,blue,468.7000000003609,1,single,r_b_09.png,color,blue
135389,,c7fbf674-7151-4b31-9215-b4523cffdc16,1,7DqPthgj1618412591027,302,figural_single_2_2,1,,0,green,415.7999999997555,1,single,r_g_02.png,color,green
135389,,c7fbf674-7151-4b31-9215-b4523cffdc16,1,7DqPthgj1618412591027,303,figural_single_2_2,1,,0,green,400.5999999999767,1,single,r_g_12.png,color,green
135389,,c7fbf674-7151-4b31-9215-b4523cffdc16,1,7DqPthgj1618412591027,304,figural_single_2_2,1,,0,blue,382.20000000006985,1,single,e_b_08.png,color,blue
135389,,c7fbf674-7151-4b31-9215-b4523cffdc16,1,7DqPthgj1618412591027,305,figural_single_2_2,1,,0,green,933.7999999998137,1,single,r_g_04.png,color,green
135389,,c7fbf674-7151-4b31-9215-b4523cffdc16,1,7DqPthgj1618412591027,306,figural_single_2_2,1,,0,blue,772.5999999993364,1,single,e_b_03.png,color,blue
135389,,c7fbf674-7151-4b31-9215-b4523cffdc16,1,7DqPthgj1618412591027,307,figural_single_2_2,1,,0,blue,492.29999999987194,1,single,e_b_11.png,color,blue
135389,,c7fbf674-7151-4b31-9215-b4523cffdc16,1,7DqPthgj1618412591027,308,figural_single_2_2,1,,0,blue,451.39999999990687,1,single,r_b_14.png,color,blue
135389,,c7fbf674-7151-4b31-9215-b4523cffdc16,1,7DqPthgj1618412591027,309,figural_single_2_2,1,,0,green,451.7000000005355,1,single,e_g_07.png,color,green
135389,,c7fbf674-7151-4b31-9215-b4523cffdc16,1,7DqPthgj1618412591027,310,figural_single_2_2,1,,0,blue,490.7000000003027,1,single,r_b_13.png,color,blue
135389,,c7fbf674-7151-4b31-9215-b4523cffdc16,1,7DqPthgj1618412591027,311,figural_single_2_2,1,,0,green,383.39999999967404,1,single,e_g_16.png,color,green
135389,,c7fbf674-7151-4b31-9215-b4523cffdc16,1,7DqPthgj1618412591027,312,figural_single_2_2,1,,0,blue,417.399999999383,1,single,e_b_14.png,color,blue
135389,,c7fbf674-7151-4b31-9215-b4523cffdc16,1,7DqPthgj1618412591027,313,figural_single_2_2,1,,0,green,412.4000000001397,1,single,e_g_12.png,color,green
135389,,c7fbf674-7151-4b31-9215-b4523cffdc16,1,7DqPthgj1618412591027,314,figural_single_2_2,1,,0,green,510.9000000001979,1,single,r_g_07.png,color,green
135389,,c7fbf674-7151-4b31-9215-b4523cffdc16,1,7DqPthgj1618412591027,315,figural_single_2_2,1,,0,blue,362.9000000000233,1,single,e_b_15.png,color,blue
135389,,c7fbf674-7151-4b31-9215-b4523cffdc16,1,7DqPthgj1618412591027,316,figural_single_2_2,1,,0,blue,345.00000000029104,1,single,e_b_05.png,color,blue
135389,,c7fbf674-7151-4b31-9215-b4523cffdc16,1,7DqPthgj1618412591027,317,figural_single_2_2,1,,0,green,365.60000000009313,1,single,r_g_15.png,color,green
135389,,c7fbf674-7151-4b31-9215-b4523cffdc16,1,7DqPthgj1618412591027,318,figural_single_2_2,1,,0,green,428.2999999995809,0,single,r_b_06.png,color,blue
135389,,c7fbf674-7151-4b31-9215-b4523cffdc16,1,7DqPthgj1618412591027,319,figural_single_2_2,1,,0,green,624.6000000000931,1,single,e_g_02.png,color,green
135389,,c7fbf674-7151-4b31-9215-b4523cffdc16,1,7DqPthgj1618412591027,320,figural_single_2_2,1,,0,blue,486.39999999979045,0,single,r_g_16.png,color,green
135389,,c7fbf674-7151-4b31-9215-b4523cffdc16,1,7DqPthgj1618412591027,321,figural_single_2_2,1,,0,blue,662.8000000000466,1,single,e_b_10.png,color,blue
135389,,c7fbf674-7151-4b31-9215-b4523cffdc16,1,7DqPthgj1618412591027,322,figural_single_2_2,1,,0,green,472.0999999999767,1,single,e_g_05.png,color,green
135389,,c7fbf674-7151-4b31-9215-b4523cffdc16,1,7DqPthgj1618412591027,323,figural_single_2_2,1,,0,green,376.80000000004657,1,single,e_g_03.png,color,green
135389,,c7fbf674-7151-4b31-9215-b4523cffdc16,1,7DqPthgj1618412591027,324,figural_single_2_2,1,,0,green,394.4000000001397,1,single,e_g_11.png,color,green
135389,,c7fbf674-7151-4b31-9215-b4523cffdc16,1,7DqPthgj1618412591027,325,figural_single_2_2,1,,0,blue,396.3000000003376,1,single,r_b_15.png,color,blue
135389,,c7fbf674-7151-4b31-9215-b4523cffdc16,1,7DqPthgj1618412591027,326,figural_single_2_2,1,,0,blue,479.6000000005588,1,single,e_b_02.png,color,blue
135389,,c7fbf674-7151-4b31-9215-b4523cffdc16,1,7DqPthgj1618412591027,327,figural_single_2_2,1,,0,blue,422.8000000002794,1,single,r_b_08.png,color,blue
135389,,c7fbf674-7151-4b31-9215-b4523cffdc16,1,7DqPthgj1618412591027,328,figural_single_2_2,1,,0,green,424.5000000000582,1,single,e_g_06.png,color,green
135389,,c7fbf674-7151-4b31-9215-b4523cffdc16,1,7DqPthgj1618412591027,329,figural_single_2_2,1,,0,blue,476.20000000006985,1,single,e_b_16.png,color,blue
135389,,c7fbf674-7151-4b31-9215-b4523cffdc16,1,7DqPthgj1618412591027,330,figural_single_2_2,1,,0,blue,513.3999999998487,1,single,e_b_06.png,color,blue
135389,,c7fbf674-7151-4b31-9215-b4523cffdc16,1,7DqPthgj1618412591027,331,figural_single_2_2,1,,0,green,432.39999999973224,1,single,r_g_09.png,color,green
135389,,c7fbf674-7151-4b31-9215-b4523cffdc16,1,7DqPthgj1618412591027,332,figural_single_2_2,1,,0,green,352.7999999996973,1,single,e_g_10.png,color,green
135389,,c7fbf674-7151-4b31-9215-b4523cffdc16,1,7DqPthgj1618412591027,333,figural_single_2_2,1,,0,blue,398.2000000005355,1,single,e_b_12.png,color,blue
135389,,c7fbf674-7151-4b31-9215-b4523cffdc16,1,7DqPthgj1618412591027,334,figural_single_2_2,1,,0,green,542.3000000000466,1,single,r_g_11.png,color,green
135389,,c7fbf674-7151-4b31-9215-b4523cffdc16,1,7DqPthgj1618412591027,335,figural_single_2_2,1,,0,green,370.89999999984866,1,single,r_g_06.png,color,green
135389,,c7fbf674-7151-4b31-9215-b4523cffdc16,1,7DqPthgj1618412591027,336,figural_single_2_2,1,,0,green,360.9999999998254,1,single,e_g_04.png,color,green
135389,,c7fbf674-7151-4b31-9215-b4523cffdc16,1,7DqPthgj1618412591027,337,figural_single_2_2,1,,0,blue,388.10000000009313,1,single,r_b_01.png,color,blue
135389,,c7fbf674-7151-4b31-9215-b4523cffdc16,1,7DqPthgj1618412591027,338,figural_single_2_2,1,,0,blue,327.4999999994179,0,single,r_g_03.png,color,green
135389,,c7fbf674-7151-4b31-9215-b4523cffdc16,1,7DqPthgj1618412591027,339,figural_single_2_2,1,,0,blue,282.6000000004424,1,single,e_b_04.png,color,blue
135389,,c7fbf674-7151-4b31-9215-b4523cffdc16,1,7DqPthgj1618412591027,340,figural_single_2_2,1,,0,blue,349.9999999994179,1,single,r_b_12.png,color,blue
135389,,c7fbf674-7151-4b31-9215-b4523cffdc16,1,7DqPthgj1618412591027,341,figural_single_2_2,1,,0,green,432.0000000006985,1,single,r_g_13.png,color,green
135389,,c7fbf674-7151-4b31-9215-b4523cffdc16,1,7DqPthgj1618412591027,342,figural_single_2_2,1,,0,blue,416.4000000000815,1,single,r_b_02.png,color,blue
135389,,c7fbf674-7151-4b31-9215-b4523cffdc16,1,7DqPthgj1618412591027,343,figural_single_2_2,1,,0,green,362.0000000001164,1,single,e_g_09.png,color,green
135389,,c7fbf674-7151-4b31-9215-b4523cffdc16,1,7DqPthgj1618412591027,344,figural_single_2_2,1,,0,green,344.5000000001164,1,single,e_g_15.png,color,green
135389,,c7fbf674-7151-4b31-9215-b4523cffdc16,1,7DqPthgj1618412591027,345,figural_single_2_2,1,,0,green,389.6000000004424,1,single,e_g_08.png,color,green
135389,,c7fbf674-7151-4b31-9215-b4523cffdc16,1,7DqPthgj1618412591027,346,figural_single_2_2,1,,0,blue,490.20000000018626,1,single,r_b_05.png,color,blue
135389,,c7fbf674-7151-4b31-9215-b4523cffdc16,1,7DqPthgj1618412591027,347,figural_single_2_2,1,,0,green,375,1,single,r_g_14.png,color,green
135389,,c7fbf674-7151-4b31-9215-b4523cffdc16,1,7DqPthgj1618412591027,348,figural_single_2_2,1,,0,blue,398.79999999993015,1,single,r_b_04.png,color,blue
135389,,c7fbf674-7151-4b31-9215-b4523cffdc16,1,7DqPthgj1618412591027,349,figural_single_2_2,1,,0,green,318.9000000001979,1,single,r_g_10.png,color,green
135389,,c7fbf674-7151-4b31-9215-b4523cffdc16,1,7DqPthgj1618412591027,350,figural_single_2_2,1,,0,green,414.4999999998254,1,single,r_g_01.png,color,green
135389,,c7fbf674-7151-4b31-9215-b4523cffdc16,1,7DqPthgj1618412591027,351,figural_single_2_2,1,,0,blue,501.09999999951106,1,single,r_b_11.png,color,blue
135389,,c7fbf674-7151-4b31-9215-b4523cffdc16,1,7DqPthgj1618412591027,352,figural_single_2_2,1,,0,green,456.29999999981374,1,single,r_g_05.png,color,green
135389,,c7fbf674-7151-4b31-9215-b4523cffdc16,1,7DqPthgj1618412591027,353,figural_single_2_2,1,,0,blue,422.3999999994994,1,single,r_b_10.png,color,blue
135389,,c7fbf674-7151-4b31-9215-b4523cffdc16,1,7DqPthgj1618412591027,354,figural_single_2_2,1,,0,blue,459.7999999996391,1,single,e_b_13.png,color,blue
135389,,c7fbf674-7151-4b31-9215-b4523cffdc16,1,7DqPthgj1618412591027,355,figural_single_2_2,1,,0,green,421.5999999996857,1,single,e_g_14.png,color,green
135389,,c7fbf674-7151-4b31-9215-b4523cffdc16,1,7DqPthgj1618412591027,356,figural_single_2_2,1,,0,blue,370.39999999979045,1,single,e_b_07.png,color,blue
135389,,c7fbf674-7151-4b31-9215-b4523cffdc16,1,7DqPthgj1618412591027,357,figural_single_2_2,1,,0,blue,311.9999999998836,1,single,e_b_09.png,color,blue
135389,,c7fbf674-7151-4b31-9215-b4523cffdc16,1,7DqPthgj1618412591027,358,figural_single_1_2,1,,0,angular,578.3000000001048,1,single,e_g_11.png,shape,angular
135389,,c7fbf674-7151-4b31-9215-b4523cffdc16,1,7DqPthgj1618412591027,359,figural_single_1_2,1,,0,round,914.8999999997322,1,single,r_b_16.png,shape,round
135389,,c7fbf674-7151-4b31-9215-b4523cffdc16,1,7DqPthgj1618412591027,360,figural_single_1_2,1,,0,angular,1517.100000000035,1,single,e_b_10.png,shape,angular
135389,,c7fbf674-7151-4b31-9215-b4523cffdc16,1,7DqPthgj1618412591027,361,figural_single_1_2,1,,0,round,417.5999999997439,1,single,r_b_02.png,shape,round
135389,,c7fbf674-7151-4b31-9215-b4523cffdc16,1,7DqPthgj1618412591027,362,figural_single_1_2,1,,0,angular,491,0,single,r_g_08.png,shape,round
135389,,c7fbf674-7151-4b31-9215-b4523cffdc16,1,7DqPthgj1618412591027,363,figural_single_1_2,1,,0,angular,554.6999999997206,1,single,e_g_02.png,shape,angular
135389,,c7fbf674-7151-4b31-9215-b4523cffdc16,1,7DqPthgj1618412591027,364,figural_single_1_2,1,,0,round,542.9000000003725,1,single,r_g_05.png,shape,round
135389,,c7fbf674-7151-4b31-9215-b4523cffdc16,1,7DqPthgj1618412591027,365,figural_single_1_2,1,,0,angular,2246.599999999511,1,single,e_b_15.png,shape,angular
135389,,c7fbf674-7151-4b31-9215-b4523cffdc16,1,7DqPthgj1618412591027,366,figural_single_1_2,1,,0,round,505.7000000006519,1,single,r_b_09.png,shape,round
135389,,c7fbf674-7151-4b31-9215-b4523cffdc16,1,7DqPthgj1618412591027,367,figural_single_1_2,1,,0,angular,470.59999999962747,1,single,e_b_12.png,shape,angular
135389,,c7fbf674-7151-4b31-9215-b4523cffdc16,1,7DqPthgj1618412591027,368,figural_single_1_2,1,,0,angular,444.70000000001164,1,single,e_g_15.png,shape,angular
135389,,c7fbf674-7151-4b31-9215-b4523cffdc16,1,7DqPthgj1618412591027,369,figural_single_1_2,1,,0,round,524.6999999999534,1,single,r_g_04.png,shape,round
135389,,c7fbf674-7151-4b31-9215-b4523cffdc16,1,7DqPthgj1618412591027,370,figural_single_1_2,1,,0,angular,385.1000000004424,1,single,e_b_14.png,shape,angular
135389,,c7fbf674-7151-4b31-9215-b4523cffdc16,1,7DqPthgj1618412591027,371,figural_single_1_2,1,,0,angular,382.70000000012806,1,single,e_b_02.png,shape,angular
135389,,c7fbf674-7151-4b31-9215-b4523cffdc16,1,7DqPthgj1618412591027,372,figural_single_1_2,1,,0,round,444.99999999970896,1,single,r_g_15.png,shape,round
135389,,c7fbf674-7151-4b31-9215-b4523cffdc16,1,7DqPthgj1618412591027,373,figural_single_1_2,1,,0,angular,567.5000000001164,1,single,e_b_11.png,shape,angular
135389,,c7fbf674-7151-4b31-9215-b4523cffdc16,1,7DqPthgj1618412591027,374,figural_single_1_2,1,,0,round,580.3000000005122,1,single,r_b_07.png,shape,round
135389,,c7fbf674-7151-4b31-9215-b4523cffdc16,1,7DqPthgj1618412591027,375,figural_single_1_2,1,,0,round,459.60000000015134,1,single,r_g_06.png,shape,round
135389,,c7fbf674-7151-4b31-9215-b4523cffdc16,1,7DqPthgj1618412591027,376,figural_single_1_2,1,,0,round,457.09999999962747,1,single,r_g_02.png,shape,round
135389,,c7fbf674-7151-4b31-9215-b4523cffdc16,1,7DqPthgj1618412591027,377,figural_single_1_2,1,,0,angular,450.19999999931315,1,single,e_b_09.png,shape,angular
135389,,c7fbf674-7151-4b31-9215-b4523cffdc16,1,7DqPthgj1618412591027,378,figural_single_1_2,1,,0,round,456.7000000005937,1,single,r_b_15.png,shape,round
135389,,c7fbf674-7151-4b31-9215-b4523cffdc16,1,7DqPthgj1618412591027,379,figural_single_1_2,1,,0,angular,535.4999999999418,1,single,e_g_14.png,shape,angular
135389,,c7fbf674-7151-4b31-9215-b4523cffdc16,1,7DqPthgj1618412591027,380,figural_single_1_2,1,,0,round,386.8000000002212,1,single,r_b_04.png,shape,round
135389,,c7fbf674-7151-4b31-9215-b4523cffdc16,1,7DqPthgj1618412591027,381,figural_single_1_2,1,,0,angular,371.7000000005937,0,single,r_g_09.png,shape,round
135389,,c7fbf674-7151-4b31-9215-b4523cffdc16,1,7DqPthgj1618412591027,382,figural_single_1_2,1,,0,angular,478.3999999999651,1,single,e_g_03.png,shape,angular
135389,,c7fbf674-7151-4b31-9215-b4523cffdc16,1,7DqPthgj1618412591027,383,figural_single_1_2,1,,0,round,346.70000000006985,1,single,r_b_13.png,shape,round
135389,,c7fbf674-7151-4b31-9215-b4523cffdc16,1,7DqPthgj1618412591027,384,figural_single_1_2,1,,0,round,369.39999999961583,1,single,r_b_03.png,shape,round
135389,,c7fbf674-7151-4b31-9215-b4523cffdc16,1,7DqPthgj1618412591027,385,figural_single_1_2,1,,0,round,441.9000000007218,1,single,r_g_14.png,shape,round
135389,,c7fbf674-7151-4b31-9215-b4523cffdc16,1,7DqPthgj1618412591027,386,figural_single_1_2,1,,0,angular,399.99999999965075,1,single,e_b_05.png,shape,angular
135389,,c7fbf674-7151-4b31-9215-b4523cffdc16,1,7DqPthgj1618412591027,387,figural_single_1_2,1,,0,round,375.5000000000582,1,single,r_b_10.png,shape,round
135389,,c7fbf674-7151-4b31-9215-b4523cffdc16,1,7DqPthgj1618412591027,388,figural_single_1_2,1,,0,round,351.49999999976717,1,single,r_b_12.png,shape,round
135389,,c7fbf674-7151-4b31-9215-b4523cffdc16,1,7DqPthgj1618412591027,389,figural_single_1_2,1,,0,round,470.29999999993015,1,single,r_b_14.png,shape,round
135389,,c7fbf674-7151-4b31-9215-b4523cffdc16,1,7DqPthgj1618412591027,390,figural_single_1_2,1,,0,angular,455.2999999996391,1,single,e_g_16.png,shape,angular
135389,,c7fbf674-7151-4b31-9215-b4523cffdc16,1,7DqPthgj1618412591027,391,figural_single_1_2,1,,0,round,393.10000000026776,1,single,r_g_12.png,shape,round
135389,,c7fbf674-7151-4b31-9215-b4523cffdc16,1,7DqPthgj1618412591027,392,figural_single_1_2,1,,0,round,509,1,single,r_g_11.png,shape,round
135389,,c7fbf674-7151-4b31-9215-b4523cffdc16,1,7DqPthgj1618412591027,393,figural_single_1_2,1,,0,angular,415.5000000001164,1,single,e_b_03.png,shape,angular
135389,,c7fbf674-7151-4b31-9215-b4523cffdc16,1,7DqPthgj1618412591027,394,figural_single_1_2,1,,0,angular,439.50000000040745,1,single,e_b_04.png,shape,angular
135389,,c7fbf674-7151-4b31-9215-b4523cffdc16,1,7DqPthgj1618412591027,395,figural_single_1_2,1,,0,round,360.1000000007916,1,single,r_b_11.png,shape,round
135389,,c7fbf674-7151-4b31-9215-b4523cffdc16,1,7DqPthgj1618412591027,396,figural_single_1_2,1,,0,round,299.10000000020955,0,single,e_g_05.png,shape,angular
135389,,c7fbf674-7151-4b31-9215-b4523cffdc16,1,7DqPthgj1618412591027,397,figural_single_1_2,1,,0,angular,293.39999999961583,1,single,e_b_16.png,shape,angular
135389,,c7fbf674-7151-4b31-9215-b4523cffdc16,1,7DqPthgj1618412591027,398,figural_single_1_2,1,,0,angular,439.69999999995343,1,single,e_g_13.png,shape,angular
135389,,c7fbf674-7151-4b31-9215-b4523cffdc16,1,7DqPthgj1618412591027,399,figural_single_1_2,1,,0,round,366.0999999992782,1,single,r_g_01.png,shape,round
135389,,c7fbf674-7151-4b31-9215-b4523cffdc16,1,7DqPthgj1618412591027,400,figural_single_1_2,1,,0,angular,525.4000000004307,1,single,e_b_08.png,shape,angular
135389,,c7fbf674-7151-4b31-9215-b4523cffdc16,1,7DqPthgj1618412591027,401,figural_single_1_2,1,,0,round,463.3000000003958,0,single,e_g_10.png,shape,angular
135389,,c7fbf674-7151-4b31-9215-b4523cffdc16,1,7DqPthgj1618412591027,402,figural_single_1_2,1,,0,round,452.6000000005588,1,single,r_g_13.png,shape,round
135389,,c7fbf674-7151-4b31-9215-b4523cffdc16,1,7DqPthgj1618412591027,403,figural_single_1_2,1,,0,angular,415.7000000004773,1,single,e_b_01.png,shape,angular
135389,,c7fbf674-7151-4b31-9215-b4523cffdc16,1,7DqPthgj1618412591027,404,figural_single_1_2,1,,0,angular,383.1000000000349,1,single,e_b_06.png,shape,angular
135389,,c7fbf674-7151-4b31-9215-b4523cffdc16,1,7DqPthgj1618412591027,405,figural_single_1_2,1,,0,round,399.4000000002561,1,single,r_g_10.png,shape,round
135389,,c7fbf674-7151-4b31-9215-b4523cffdc16,1,7DqPthgj1618412591027,406,figural_single_1_2,1,,0,angular,519.4999999994761,1,single,e_g_08.png,shape,angular
135389,,c7fbf674-7151-4b31-9215-b4523cffdc16,1,7DqPthgj1618412591027,407,figural_single_1_2,1,,0,angular,455.5,1,single,e_g_07.png,shape,angular
135389,,c7fbf674-7151-4b31-9215-b4523cffdc16,1,7DqPthgj1618412591027,408,figural_single_1_2,1,,0,round,397.59999999933643,1,single,r_b_06.png,shape,round
135389,,c7fbf674-7151-4b31-9215-b4523cffdc16,1,7DqPthgj1618412591027,409,figural_single_1_2,1,,0,angular,558.2999999996973,1,single,e_g_09.png,shape,angular
135389,,c7fbf674-7151-4b31-9215-b4523cffdc16,1,7DqPthgj1618412591027,410,figural_single_1_2,1,,0,round,420.30000000068685,1,single,r_b_01.png,shape,round
135389,,c7fbf674-7151-4b31-9215-b4523cffdc16,1,7DqPthgj1618412591027,411,figural_single_1_2,1,,0,angular,390.9000000003143,1,single,e_b_13.png,shape,angular
135389,,c7fbf674-7151-4b31-9215-b4523cffdc16,1,7DqPthgj1618412591027,412,figural_single_1_2,1,,0,angular,482.2999999996391,1,single,e_g_04.png,shape,angular
135389,,c7fbf674-7151-4b31-9215-b4523cffdc16,1,7DqPthgj1618412591027,413,figural_single_1_2,1,,0,angular,630.1999999996042,1,single,e_g_12.png,shape,angular
135389,,c7fbf674-7151-4b31-9215-b4523cffdc16,1,7DqPthgj1618412591027,414,figural_single_1_2,1,,0,round,480.00000000046566,1,single,r_b_08.png,shape,round
135389,,c7fbf674-7151-4b31-9215-b4523cffdc16,1,7DqPthgj1618412591027,415,figural_single_1_2,1,,0,angular,500.30000000062864,1,single,e_b_07.png,shape,angular
135389,,c7fbf674-7151-4b31-9215-b4523cffdc16,1,7DqPthgj1618412591027,416,figural_single_1_2,1,,0,round,533.0000000003492,1,single,r_g_03.png,shape,round
135389,,c7fbf674-7151-4b31-9215-b4523cffdc16,1,7DqPthgj1618412591027,417,figural_single_1_2,1,,0,angular,471.19999999995343,1,single,e_g_06.png,shape,angular
135389,,c7fbf674-7151-4b31-9215-b4523cffdc16,1,7DqPthgj1618412591027,418,figural_single_1_2,1,,0,angular,441.40000000060536,0,single,r_g_16.png,shape,round
135389,,c7fbf674-7151-4b31-9215-b4523cffdc16,1,7DqPthgj1618412591027,419,figural_single_1_2,1,,0,angular,474.8999999993248,0,single,r_b_05.png,shape,round
135389,,c7fbf674-7151-4b31-9215-b4523cffdc16,1,7DqPthgj1618412591027,420,figural_single_1_2,1,,0,angular,537.8000000000466,1,single,e_g_01.png,shape,angular
135389,,c7fbf674-7151-4b31-9215-b4523cffdc16,1,7DqPthgj1618412591027,421,figural_single_1_2,1,,0,round,512.8000000005122,1,single,r_g_07.png,shape,round