userCode,extId,moduleId,sessionId,sessionToken,trialId,executableId,session.complete,session.condition,session.forceExit,givenResponse,reactionTime,score,shiftingType,stimulusValue,stimulusType,correctResponse
135405,,c7fbf674-7151-4b31-9215-b4523cffdc16,1,ZYWtQyiH1618426917600,1,figural_single_1_practice,1,,0,round,12768.00000000003,1,single,r_b_10.png,shape,round
135405,,c7fbf674-7151-4b31-9215-b4523cffdc16,1,ZYWtQyiH1618426917600,2,figural_single_1_practice,1,,0,angular,3688.799999999901,1,single,e_b_09.png,shape,angular
135405,,c7fbf674-7151-4b31-9215-b4523cffdc16,1,ZYWtQyiH1618426917600,3,figural_single_1_practice,1,,0,round,650.7999999994354,1,single,r_b_11.png,shape,round
135405,,c7fbf674-7151-4b31-9215-b4523cffdc16,1,ZYWtQyiH1618426917600,4,figural_single_1_practice,1,,0,round,495.30000000231666,1,single,r_g_05.png,shape,round
135405,,c7fbf674-7151-4b31-9215-b4523cffdc16,1,ZYWtQyiH1618426917600,5,figural_single_1_practice,1,,0,round,551.7999999974563,0,single,e_b_14.png,shape,angular
135405,,c7fbf674-7151-4b31-9215-b4523cffdc16,1,ZYWtQyiH1618426917600,6,figural_single_1_practice,1,,0,angular,623.4000000004016,1,single,e_g_07.png,shape,angular
135405,,c7fbf674-7151-4b31-9215-b4523cffdc16,1,ZYWtQyiH1618426917600,7,figural_single_1_practice,1,,0,angular,447.8000000017346,1,single,e_g_12.png,shape,angular
135405,,c7fbf674-7151-4b31-9215-b4523cffdc16,1,ZYWtQyiH1618426917600,8,figural_single_1_practice,1,,0,round,504.0999999982887,1,single,r_b_16.png,shape,round
135405,,c7fbf674-7151-4b31-9215-b4523cffdc16,1,ZYWtQyiH1618426917600,9,figural_single_1_practice,1,,0,round,679.8000000017055,1,single,r_g_02.png,shape,round
135405,,c7fbf674-7151-4b31-9215-b4523cffdc16,1,ZYWtQyiH1618426917600,10,figural_single_1_practice,1,,0,angular,555.899999999383,1,single,e_b_04.png,shape,angular
135405,,c7fbf674-7151-4b31-9215-b4523cffdc16,1,ZYWtQyiH1618426917600,11,figural_single_1_practice,1,,0,angular,509.79999999981374,1,single,e_g_06.png,shape,angular
135405,,c7fbf674-7151-4b31-9215-b4523cffdc16,1,ZYWtQyiH1618426917600,12,figural_single_1_practice,1,,0,round,445.79999999768916,1,single,r_g_15.png,shape,round
135405,,c7fbf674-7151-4b31-9215-b4523cffdc16,1,ZYWtQyiH1618426917600,13,figural_single_1_1,1,,0,round,957.8000000001339,1,single,r_b_01.png,shape,round
135405,,c7fbf674-7151-4b31-9215-b4523cffdc16,1,ZYWtQyiH1618426917600,14,figural_single_1_1,1,,0,angular,521.6000000000349,1,single,e_g_11.png,shape,angular
135405,,c7fbf674-7151-4b31-9215-b4523cffdc16,1,ZYWtQyiH1618426917600,15,figural_single_1_1,1,,0,round,484.70000000088476,1,single,r_b_10.png,shape,round
135405,,c7fbf674-7151-4b31-9215-b4523cffdc16,1,ZYWtQyiH1618426917600,16,figural_single_1_1,1,,0,round,440.59999999808497,1,single,r_b_06.png,shape,round
135405,,c7fbf674-7151-4b31-9215-b4523cffdc16,1,ZYWtQyiH1618426917600,17,figural_single_1_1,1,,0,angular,469.30000000065775,1,single,e_g_07.png,shape,angular
135405,,c7fbf674-7151-4b31-9215-b4523cffdc16,1,ZYWtQyiH1618426917600,18,figural_single_1_1,1,,0,angular,607.5999999993655,1,single,e_g_13.png,shape,angular
135405,,c7fbf674-7151-4b31-9215-b4523cffdc16,1,ZYWtQyiH1618426917600,19,figural_single_1_1,1,,0,round,417.09999999875436,1,single,r_g_06.png,shape,round
135405,,c7fbf674-7151-4b31-9215-b4523cffdc16,1,ZYWtQyiH1618426917600,20,figural_single_1_1,1,,0,angular,436.7000000020198,1,single,e_g_16.png,shape,angular
135405,,c7fbf674-7151-4b31-9215-b4523cffdc16,1,ZYWtQyiH1618426917600,21,figural_single_1_1,1,,0,angular,403.2999999981257,1,single,e_b_09.png,shape,angular
135405,,c7fbf674-7151-4b31-9215-b4523cffdc16,1,ZYWtQyiH1618426917600,22,figural_single_1_1,1,,0,angular,456.1000000030617,1,single,e_b_08.png,shape,angular
135405,,c7fbf674-7151-4b31-9215-b4523cffdc16,1,ZYWtQyiH1618426917600,23,figural_single_1_1,1,,0,round,599.1999999969266,1,single,r_b_12.png,shape,round
135405,,c7fbf674-7151-4b31-9215-b4523cffdc16,1,ZYWtQyiH1618426917600,24,figural_single_1_1,1,,0,angular,471.0000000013679,1,single,e_b_10.png,shape,angular
135405,,c7fbf674-7151-4b31-9215-b4523cffdc16,1,ZYWtQyiH1618426917600,25,figural_single_1_1,1,,0,angular,634.9999999983993,1,single,e_b_05.png,shape,angular
135405,,c7fbf674-7151-4b31-9215-b4523cffdc16,1,ZYWtQyiH1618426917600,26,figural_single_1_1,1,,0,round,450.2000000029511,1,single,r_b_13.png,shape,round
135405,,c7fbf674-7151-4b31-9215-b4523cffdc16,1,ZYWtQyiH1618426917600,27,figural_single_1_1,1,,0,round,520.4999999987194,1,single,r_g_15.png,shape,round
135405,,c7fbf674-7151-4b31-9215-b4523cffdc16,1,ZYWtQyiH1618426917600,28,figural_single_1_1,1,,0,angular,389.6999999997206,1,single,e_g_09.png,shape,angular
135405,,c7fbf674-7151-4b31-9215-b4523cffdc16,1,ZYWtQyiH1618426917600,29,figural_single_1_1,1,,0,round,493.6999999990803,1,single,r_g_02.png,shape,round
135405,,c7fbf674-7151-4b31-9215-b4523cffdc16,1,ZYWtQyiH1618426917600,30,figural_single_1_1,1,,0,angular,382.7999999994063,0,single,r_b_07.png,shape,round
135405,,c7fbf674-7151-4b31-9215-b4523cffdc16,1,ZYWtQyiH1618426917600,31,figural_single_1_1,1,,0,angular,361.800000002404,1,single,e_b_06.png,shape,angular
135405,,c7fbf674-7151-4b31-9215-b4523cffdc16,1,ZYWtQyiH1618426917600,32,figural_single_1_1,1,,0,round,435.3999999984808,1,single,r_b_16.png,shape,round
135405,,c7fbf674-7151-4b31-9215-b4523cffdc16,1,ZYWtQyiH1618426917600,33,figural_single_1_1,1,,0,round,388.49999999729334,1,single,r_b_02.png,shape,round
135405,,c7fbf674-7151-4b31-9215-b4523cffdc16,1,ZYWtQyiH1618426917600,34,figural_single_1_1,1,,0,angular,428.89999999897555,1,single,e_g_06.png,shape,angular
135405,,c7fbf674-7151-4b31-9215-b4523cffdc16,1,ZYWtQyiH1618426917600,35,figural_single_1_1,1,,0,round,404.500000000553,1,single,r_g_03.png,shape,round
135405,,c7fbf674-7151-4b31-9215-b4523cffdc16,1,ZYWtQyiH1618426917600,36,figural_single_1_1,1,,0,angular,489.000000001397,1,single,e_g_05.png,shape,angular
135405,,c7fbf674-7151-4b31-9215-b4523cffdc16,1,ZYWtQyiH1618426917600,37,figural_single_1_1,1,,0,angular,494.5999999981723,1,single,e_b_13.png,shape,angular
135405,,c7fbf674-7151-4b31-9215-b4523cffdc16,1,ZYWtQyiH1618426917600,38,figural_single_1_1,1,,0,angular,398.1999999996333,1,single,e_g_15.png,shape,angular
135405,,c7fbf674-7151-4b31-9215-b4523cffdc16,1,ZYWtQyiH1618426917600,39,figural_single_1_1,1,,0,round,461.4999999976135,1,single,r_g_08.png,shape,round
135405,,c7fbf674-7151-4b31-9215-b4523cffdc16,1,ZYWtQyiH1618426917600,40,figural_single_1_1,1,,0,angular,439.90000000121654,0,single,r_b_05.png,shape,round
135405,,c7fbf674-7151-4b31-9215-b4523cffdc16,1,ZYWtQyiH1618426917600,41,figural_single_1_1,1,,0,angular,462.4999999978172,1,single,e_b_02.png,shape,angular
135405,,c7fbf674-7151-4b31-9215-b4523cffdc16,1,ZYWtQyiH1618426917600,42,figural_single_1_1,1,,0,angular,604.6999999998661,1,single,e_g_14.png,shape,angular
135405,,c7fbf674-7151-4b31-9215-b4523cffdc16,1,ZYWtQyiH1618426917600,43,figural_single_1_1,1,,0,round,420.39999999906286,1,single,r_b_03.png,shape,round
135405,,c7fbf674-7151-4b31-9215-b4523cffdc16,1,ZYWtQyiH1618426917600,44,figural_single_1_1,1,,0,angular,1228.399999999965,1,single,e_b_14.png,shape,angular
135405,,c7fbf674-7151-4b31-9215-b4523cffdc16,1,ZYWtQyiH1618426917600,45,figural_single_1_1,1,,0,angular,386.4000000030501,1,single,e_b_04.png,shape,angular
135405,,c7fbf674-7151-4b31-9215-b4523cffdc16,1,ZYWtQyiH1618426917600,46,figural_single_1_1,1,,0,angular,505.00000000101863,1,single,e_b_03.png,shape,angular
135405,,c7fbf674-7151-4b31-9215-b4523cffdc16,1,ZYWtQyiH1618426917600,47,figural_single_1_1,1,,0,round,406.39999999984866,1,single,r_g_16.png,shape,round
135405,,c7fbf674-7151-4b31-9215-b4523cffdc16,1,ZYWtQyiH1618426917600,48,figural_single_1_1,1,,0,round,1391.1000000007334,1,single,r_g_13.png,shape,round
135405,,c7fbf674-7151-4b31-9215-b4523cffdc16,1,ZYWtQyiH1618426917600,49,figural_single_1_1,1,,0,round,461.8999999984226,1,single,r_g_14.png,shape,round
135405,,c7fbf674-7151-4b31-9215-b4523cffdc16,1,ZYWtQyiH1618426917600,50,figural_single_1_1,1,,0,angular,525.6999999983236,1,single,e_g_08.png,shape,angular
135405,,c7fbf674-7151-4b31-9215-b4523cffdc16,1,ZYWtQyiH1618426917600,51,figural_single_1_1,1,,0,round,607.5999999993655,1,single,r_g_09.png,shape,round
135405,,c7fbf674-7151-4b31-9215-b4523cffdc16,1,ZYWtQyiH1618426917600,52,figural_single_1_1,1,,0,angular,431.8999999995867,1,single,e_g_04.png,shape,angular
135405,,c7fbf674-7151-4b31-9215-b4523cffdc16,1,ZYWtQyiH1618426917600,53,figural_single_1_1,1,,0,angular,447.4999999983993,1,single,e_b_15.png,shape,angular
135405,,c7fbf674-7151-4b31-9215-b4523cffdc16,1,ZYWtQyiH1618426917600,54,figural_single_1_1,1,,0,round,388.10000000012224,1,single,r_g_04.png,shape,round
135405,,c7fbf674-7151-4b31-9215-b4523cffdc16,1,ZYWtQyiH1618426917600,55,figural_single_1_1,1,,0,angular,436.60000000090804,1,single,e_b_07.png,shape,angular
135405,,c7fbf674-7151-4b31-9215-b4523cffdc16,1,ZYWtQyiH1618426917600,56,figural_single_1_1,1,,0,angular,429.19999999867287,1,single,e_b_16.png,shape,angular
135405,,c7fbf674-7151-4b31-9215-b4523cffdc16,1,ZYWtQyiH1618426917600,57,figural_single_1_1,1,,0,round,477.69999999945867,1,single,r_b_08.png,shape,round
135405,,c7fbf674-7151-4b31-9215-b4523cffdc16,1,ZYWtQyiH1618426917600,58,figural_single_1_1,1,,0,angular,418.3000000011816,1,single,e_g_12.png,shape,angular
135405,,c7fbf674-7151-4b31-9215-b4523cffdc16,1,ZYWtQyiH1618426917600,59,figural_single_1_1,1,,0,round,489.6000000007916,1,single,r_b_14.png,shape,round
135405,,c7fbf674-7151-4b31-9215-b4523cffdc16,1,ZYWtQyiH1618426917600,60,figural_single_1_1,1,,0,angular,408.29999999914435,0,single,r_g_05.png,shape,round
135405,,c7fbf674-7151-4b31-9215-b4523cffdc16,1,ZYWtQyiH1618426917600,61,figural_single_1_1,1,,0,round,607.40000000078,1,single,r_g_01.png,shape,round
135405,,c7fbf674-7151-4b31-9215-b4523cffdc16,1,ZYWtQyiH1618426917600,62,figural_single_1_1,1,,0,angular,450.0000000007276,1,single,e_g_02.png,shape,angular
135405,,c7fbf674-7151-4b31-9215-b4523cffdc16,1,ZYWtQyiH1618426917600,63,figural_single_1_1,1,,0,round,425.8000000008906,1,single,r_g_11.png,shape,round
135405,,c7fbf674-7151-4b31-9215-b4523cffdc16,1,ZYWtQyiH1618426917600,64,figural_single_1_1,1,,0,round,424.9000000017986,1,single,r_g_10.png,shape,round
135405,,c7fbf674-7151-4b31-9215-b4523cffdc16,1,ZYWtQyiH1618426917600,65,figural_single_1_1,1,,0,round,586.4000000001397,1,single,r_b_04.png,shape,round
135405,,c7fbf674-7151-4b31-9215-b4523cffdc16,1,ZYWtQyiH1618426917600,66,figural_single_1_1,1,,0,angular,417.6000000006752,1,single,e_g_01.png,shape,angular
135405,,c7fbf674-7151-4b31-9215-b4523cffdc16,1,ZYWtQyiH1618426917600,67,figural_single_1_1,1,,0,round,498.1000000007043,1,single,r_b_09.png,shape,round
135405,,c7fbf674-7151-4b31-9215-b4523cffdc16,1,ZYWtQyiH1618426917600,68,figural_single_1_1,1,,0,round,450.0000000007276,1,single,r_b_15.png,shape,round
135405,,c7fbf674-7151-4b31-9215-b4523cffdc16,1,ZYWtQyiH1618426917600,69,figural_single_1_1,1,,0,round,504.3000000005122,1,single,r_g_07.png,shape,round
135405,,c7fbf674-7151-4b31-9215-b4523cffdc16,1,ZYWtQyiH1618426917600,70,figural_single_1_1,1,,0,angular,412.29999999995925,1,single,e_b_01.png,shape,angular
135405,,c7fbf674-7151-4b31-9215-b4523cffdc16,1,ZYWtQyiH1618426917600,71,figural_single_1_1,1,,0,angular,454.7999999995227,1,single,e_b_12.png,shape,angular
135405,,c7fbf674-7151-4b31-9215-b4523cffdc16,1,ZYWtQyiH1618426917600,72,figural_single_1_1,1,,0,round,389.9999999994179,1,single,r_b_11.png,shape,round
135405,,c7fbf674-7151-4b31-9215-b4523cffdc16,1,ZYWtQyiH1618426917600,73,figural_single_1_1,1,,0,round,471.10000000247965,1,single,r_g_12.png,shape,round
135405,,c7fbf674-7151-4b31-9215-b4523cffdc16,1,ZYWtQyiH1618426917600,74,figural_single_1_1,1,,0,angular,425.8000000008906,1,single,e_g_03.png,shape,angular
135405,,c7fbf674-7151-4b31-9215-b4523cffdc16,1,ZYWtQyiH1618426917600,75,figural_single_1_1,1,,0,angular,381.40000000203145,1,single,e_g_10.png,shape,angular
135405,,c7fbf674-7151-4b31-9215-b4523cffdc16,1,ZYWtQyiH1618426917600,76,figural_single_1_1,1,,0,angular,498.9999999997963,1,single,e_b_11.png,shape,angular
135405,,c7fbf674-7151-4b31-9215-b4523cffdc16,1,ZYWtQyiH1618426917600,77,figural_single_2_practice,1,,0,blue,1067.300000002433,1,single,r_b_07.png,color,blue
135405,,c7fbf674-7151-4b31-9215-b4523cffdc16,1,ZYWtQyiH1618426917600,78,figural_single_2_practice,1,,0,green,436.90000000060536,1,single,r_g_09.png,color,green
135405,,c7fbf674-7151-4b31-9215-b4523cffdc16,1,ZYWtQyiH1618426917600,79,figural_single_2_practice,1,,0,green,567.1000000002095,1,single,e_g_04.png,color,green
135405,,c7fbf674-7151-4b31-9215-b4523cffdc16,1,ZYWtQyiH1618426917600,80,figural_single_2_practice,1,,0,blue,767.600000002858,1,single,r_b_14.png,color,blue
135405,,c7fbf674-7151-4b31-9215-b4523cffdc16,1,ZYWtQyiH1618426917600,81,figural_single_2_practice,1,,0,green,576.600000000326,0,single,e_b_06.png,color,blue
135405,,c7fbf674-7151-4b31-9215-b4523cffdc16,1,ZYWtQyiH1618426917600,82,figural_single_2_practice,1,,0,blue,494.8000000003958,0,single,e_g_10.png,color,green
135405,,c7fbf674-7151-4b31-9215-b4523cffdc16,1,ZYWtQyiH1618426917600,83,figural_single_2_practice,1,,0,blue,524.3000000009488,1,single,e_b_16.png,color,blue
135405,,c7fbf674-7151-4b31-9215-b4523cffdc16,1,ZYWtQyiH1618426917600,84,figural_single_2_practice,1,,0,green,849.0000000019791,1,single,e_g_08.png,color,green
135405,,c7fbf674-7151-4b31-9215-b4523cffdc16,1,ZYWtQyiH1618426917600,85,figural_single_2_practice,1,,0,blue,425.600000002305,1,single,e_b_02.png,color,blue
135405,,c7fbf674-7151-4b31-9215-b4523cffdc16,1,ZYWtQyiH1618426917600,86,figural_single_2_practice,1,,0,green,576.3999999981024,1,single,r_g_03.png,color,green
135405,,c7fbf674-7151-4b31-9215-b4523cffdc16,1,ZYWtQyiH1618426917600,87,figural_single_2_practice,1,,0,blue,4161.700000000565,1,single,r_b_13.png,color,blue
135405,,c7fbf674-7151-4b31-9215-b4523cffdc16,1,ZYWtQyiH1618426917600,88,figural_single_2_practice,1,,0,green,989.3999999985681,1,single,r_g_01.png,color,green
135405,,c7fbf674-7151-4b31-9215-b4523cffdc16,1,ZYWtQyiH1618426917600,89,figural_single_2_1,1,,0,green,984.0999999978521,1,single,r_g_07.png,color,green
135405,,c7fbf674-7151-4b31-9215-b4523cffdc16,1,ZYWtQyiH1618426917600,90,figural_single_2_1,1,,0,blue,469.0000000009604,1,single,r_b_03.png,color,blue
135405,,c7fbf674-7151-4b31-9215-b4523cffdc16,1,ZYWtQyiH1618426917600,91,figural_single_2_1,1,,0,green,480.199999998149,1,single,r_g_08.png,color,green
135405,,c7fbf674-7151-4b31-9215-b4523cffdc16,1,ZYWtQyiH1618426917600,92,figural_single_2_1,1,,0,green,447.19999999870197,1,single,e_g_01.png,color,green
135405,,c7fbf674-7151-4b31-9215-b4523cffdc16,1,ZYWtQyiH1618426917600,93,figural_single_2_1,1,,0,green,438.6999999987893,1,single,e_g_09.png,color,green
135405,,c7fbf674-7151-4b31-9215-b4523cffdc16,1,ZYWtQyiH1618426917600,94,figural_single_2_1,1,,0,blue,395.39999999760767,1,single,r_b_08.png,color,blue
135405,,c7fbf674-7151-4b31-9215-b4523cffdc16,1,ZYWtQyiH1618426917600,95,figural_single_2_1,1,,0,blue,476.1999999973341,1,single,e_b_03.png,color,blue
135405,,c7fbf674-7151-4b31-9215-b4523cffdc16,1,ZYWtQyiH1618426917600,96,figural_single_2_1,1,,0,green,372.8999999984808,1,single,e_g_07.png,color,green
135405,,c7fbf674-7151-4b31-9215-b4523cffdc16,1,ZYWtQyiH1618426917600,97,figural_single_2_1,1,,0,blue,546.5999999978521,1,single,e_b_02.png,color,blue
135405,,c7fbf674-7151-4b31-9215-b4523cffdc16,1,ZYWtQyiH1618426917600,98,figural_single_2_1,1,,0,green,417.40000000208966,1,single,e_g_04.png,color,green
135405,,c7fbf674-7151-4b31-9215-b4523cffdc16,1,ZYWtQyiH1618426917600,99,figural_single_2_1,1,,0,green,404.59999999802676,1,single,r_g_06.png,color,green
135405,,c7fbf674-7151-4b31-9215-b4523cffdc16,1,ZYWtQyiH1618426917600,100,figural_single_2_1,1,,0,blue,383.79999999961,1,single,e_b_08.png,color,blue
135405,,c7fbf674-7151-4b31-9215-b4523cffdc16,1,ZYWtQyiH1618426917600,101,figural_single_2_1,1,,0,green,400.099999998929,1,single,e_g_16.png,color,green
135405,,c7fbf674-7151-4b31-9215-b4523cffdc16,1,ZYWtQyiH1618426917600,102,figural_single_2_1,1,,0,blue,405.5999999982305,1,single,e_b_06.png,color,blue
135405,,c7fbf674-7151-4b31-9215-b4523cffdc16,1,ZYWtQyiH1618426917600,103,figural_single_2_1,1,,0,green,468.4999999990396,0,single,e_b_04.png,color,blue
135405,,c7fbf674-7151-4b31-9215-b4523cffdc16,1,ZYWtQyiH1618426917600,104,figural_single_2_1,1,,0,green,348.7999999997555,1,single,r_g_10.png,color,green
135405,,c7fbf674-7151-4b31-9215-b4523cffdc16,1,ZYWtQyiH1618426917600,105,figural_single_2_1,1,,0,blue,400.099999998929,1,single,e_b_12.png,color,blue
135405,,c7fbf674-7151-4b31-9215-b4523cffdc16,1,ZYWtQyiH1618426917600,106,figural_single_2_1,1,,0,blue,397.19999999942956,1,single,r_b_09.png,color,blue
135405,,c7fbf674-7151-4b31-9215-b4523cffdc16,1,ZYWtQyiH1618426917600,107,figural_single_2_1,1,,0,green,422.90000000139116,1,single,r_g_15.png,color,green
135405,,c7fbf674-7151-4b31-9215-b4523cffdc16,1,ZYWtQyiH1618426917600,108,figural_single_2_1,1,,0,green,411.8000000016764,1,single,e_g_08.png,color,green
135405,,c7fbf674-7151-4b31-9215-b4523cffdc16,1,ZYWtQyiH1618426917600,109,figural_single_2_1,1,,0,blue,419.0999999991618,1,single,e_b_11.png,color,blue
135405,,c7fbf674-7151-4b31-9215-b4523cffdc16,1,ZYWtQyiH1618426917600,110,figural_single_2_1,1,,0,blue,408.3000000027823,1,single,r_b_13.png,color,blue
135405,,c7fbf674-7151-4b31-9215-b4523cffdc16,1,ZYWtQyiH1618426917600,111,figural_single_2_1,1,,0,blue,399.6000000006461,1,single,r_b_12.png,color,blue
135405,,c7fbf674-7151-4b31-9215-b4523cffdc16,1,ZYWtQyiH1618426917600,112,figural_single_2_1,1,,0,blue,414.4000000014785,1,single,r_b_15.png,color,blue
135405,,c7fbf674-7151-4b31-9215-b4523cffdc16,1,ZYWtQyiH1618426917600,113,figural_single_2_1,1,,0,green,438.9000000010128,1,single,e_g_05.png,color,green
135405,,c7fbf674-7151-4b31-9215-b4523cffdc16,1,ZYWtQyiH1618426917600,114,figural_single_2_1,1,,0,green,387.29999999850406,1,single,r_g_12.png,color,green
135405,,c7fbf674-7151-4b31-9215-b4523cffdc16,1,ZYWtQyiH1618426917600,115,figural_single_2_1,1,,0,blue,412.4999999985448,1,single,r_b_02.png,color,blue
135405,,c7fbf674-7151-4b31-9215-b4523cffdc16,1,ZYWtQyiH1618426917600,116,figural_single_2_1,1,,0,blue,414.3000000003667,1,single,r_b_01.png,color,blue
135405,,c7fbf674-7151-4b31-9215-b4523cffdc16,1,ZYWtQyiH1618426917600,117,figural_single_2_1,1,,0,blue,467.1999999991385,1,single,r_b_07.png,color,blue
135405,,c7fbf674-7151-4b31-9215-b4523cffdc16,1,ZYWtQyiH1618426917600,118,figural_single_2_1,1,,0,green,442.00000000273576,1,single,e_g_15.png,color,green
135405,,c7fbf674-7151-4b31-9215-b4523cffdc16,1,ZYWtQyiH1618426917600,119,figural_single_2_1,1,,0,green,491.79999999978463,1,single,e_g_11.png,color,green
135405,,c7fbf674-7151-4b31-9215-b4523cffdc16,1,ZYWtQyiH1618426917600,120,figural_single_2_1,1,,0,blue,500.3999999971711,1,single,e_b_07.png,color,blue
135405,,c7fbf674-7151-4b31-9215-b4523cffdc16,1,ZYWtQyiH1618426917600,121,figural_single_2_1,1,,0,green,418.59999999724096,1,single,r_g_04.png,color,green
135405,,c7fbf674-7151-4b31-9215-b4523cffdc16,1,ZYWtQyiH1618426917600,122,figural_single_2_1,1,,0,green,745.1000000000931,1,single,e_g_02.png,color,green
135405,,c7fbf674-7151-4b31-9215-b4523cffdc16,1,ZYWtQyiH1618426917600,123,figural_single_2_1,1,,0,blue,401.60000000105356,1,single,e_b_01.png,color,blue
135405,,c7fbf674-7151-4b31-9215-b4523cffdc16,1,ZYWtQyiH1618426917600,124,figural_single_2_1,1,,0,blue,388.39999999981956,1,single,r_b_05.png,color,blue
135405,,c7fbf674-7151-4b31-9215-b4523cffdc16,1,ZYWtQyiH1618426917600,125,figural_single_2_1,1,,0,green,407.7999999972235,1,single,e_g_03.png,color,green
135405,,c7fbf674-7151-4b31-9215-b4523cffdc16,1,ZYWtQyiH1618426917600,126,figural_single_2_1,1,,0,blue,489.3000000010943,1,single,r_b_04.png,color,blue
135405,,c7fbf674-7151-4b31-9215-b4523cffdc16,1,ZYWtQyiH1618426917600,127,figural_single_2_1,1,,0,green,488.6000000005879,1,single,e_g_06.png,color,green
135405,,c7fbf674-7151-4b31-9215-b4523cffdc16,1,ZYWtQyiH1618426917600,128,figural_single_2_1,1,,0,green,438.79999999990105,1,single,e_g_12.png,color,green
135405,,c7fbf674-7151-4b31-9215-b4523cffdc16,1,ZYWtQyiH1618426917600,129,figural_single_2_1,1,,0,green,413.8999999995576,1,single,r_g_14.png,color,green
135405,,c7fbf674-7151-4b31-9215-b4523cffdc16,1,ZYWtQyiH1618426917600,130,figural_single_2_1,1,,0,blue,414.60000000006403,1,single,e_b_09.png,color,blue
135405,,c7fbf674-7151-4b31-9215-b4523cffdc16,1,ZYWtQyiH1618426917600,131,figural_single_2_1,1,,0,blue,414.80000000228756,1,single,e_b_16.png,color,blue
135405,,c7fbf674-7151-4b31-9215-b4523cffdc16,1,ZYWtQyiH1618426917600,132,figural_single_2_1,1,,0,green,465.3999999973166,1,single,r_g_01.png,color,green
135405,,c7fbf674-7151-4b31-9215-b4523cffdc16,1,ZYWtQyiH1618426917600,133,figural_single_2_1,1,,0,green,407.4000000000524,1,single,r_g_09.png,color,green
135405,,c7fbf674-7151-4b31-9215-b4523cffdc16,1,ZYWtQyiH1618426917600,134,figural_single_2_1,1,,0,green,435.59999999706633,1,single,e_g_13.png,color,green
135405,,c7fbf674-7151-4b31-9215-b4523cffdc16,1,ZYWtQyiH1618426917600,135,figural_single_2_1,1,,0,blue,352.10000000006403,1,single,r_b_06.png,color,blue
135405,,c7fbf674-7151-4b31-9215-b4523cffdc16,1,ZYWtQyiH1618426917600,136,figural_single_2_1,1,,0,blue,418.0000000014843,1,single,r_b_14.png,color,blue
135405,,c7fbf674-7151-4b31-9215-b4523cffdc16,1,ZYWtQyiH1618426917600,137,figural_single_2_1,1,,0,green,398.2999999971071,1,single,r_g_05.png,color,green
135405,,c7fbf674-7151-4b31-9215-b4523cffdc16,1,ZYWtQyiH1618426917600,138,figural_single_2_1,1,,0,green,405.9999999990396,1,single,e_g_10.png,color,green
135405,,c7fbf674-7151-4b31-9215-b4523cffdc16,1,ZYWtQyiH1618426917600,139,figural_single_2_1,1,,0,green,486.0000000007858,1,single,r_g_02.png,color,green
135405,,c7fbf674-7151-4b31-9215-b4523cffdc16,1,ZYWtQyiH1618426917600,140,figural_single_2_1,1,,0,blue,334.2999999986205,1,single,e_b_10.png,color,blue
135405,,c7fbf674-7151-4b31-9215-b4523cffdc16,1,ZYWtQyiH1618426917600,141,figural_single_2_1,1,,0,blue,590.5000000020664,1,single,r_b_16.png,color,blue
135405,,c7fbf674-7151-4b31-9215-b4523cffdc16,1,ZYWtQyiH1618426917600,142,figural_single_2_1,1,,0,green,395.5999999998312,1,single,r_g_11.png,color,green
135405,,c7fbf674-7151-4b31-9215-b4523cffdc16,1,ZYWtQyiH1618426917600,143,figural_single_2_1,1,,0,green,378.49999999889405,1,single,r_g_03.png,color,green
135405,,c7fbf674-7151-4b31-9215-b4523cffdc16,1,ZYWtQyiH1618426917600,144,figural_single_2_1,1,,0,blue,351.9000000014785,1,single,e_b_14.png,color,blue
135405,,c7fbf674-7151-4b31-9215-b4523cffdc16,1,ZYWtQyiH1618426917600,145,figural_single_2_1,1,,0,blue,393.19999999861466,1,single,e_b_13.png,color,blue
135405,,c7fbf674-7151-4b31-9215-b4523cffdc16,1,ZYWtQyiH1618426917600,146,figural_single_2_1,1,,0,blue,392.3999999969965,1,single,r_b_10.png,color,blue
135405,,c7fbf674-7151-4b31-9215-b4523cffdc16,1,ZYWtQyiH1618426917600,147,figural_single_2_1,1,,0,green,468.0000000007567,1,single,e_g_14.png,color,green
135405,,c7fbf674-7151-4b31-9215-b4523cffdc16,1,ZYWtQyiH1618426917600,148,figural_single_2_1,1,,0,green,501.1000000013155,0,single,e_b_15.png,color,blue
135405,,c7fbf674-7151-4b31-9215-b4523cffdc16,1,ZYWtQyiH1618426917600,149,figural_single_2_1,1,,0,blue,533.5999999988417,1,single,e_b_05.png,color,blue
135405,,c7fbf674-7151-4b31-9215-b4523cffdc16,1,ZYWtQyiH1618426917600,150,figural_single_2_1,1,,0,blue,366.00000000180444,1,single,r_b_11.png,color,blue
135405,,c7fbf674-7151-4b31-9215-b4523cffdc16,1,ZYWtQyiH1618426917600,151,figural_single_2_1,1,,0,green,399.79999999923166,1,single,r_g_13.png,color,green
135405,,c7fbf674-7151-4b31-9215-b4523cffdc16,1,ZYWtQyiH1618426917600,152,figural_single_2_1,1,,0,green,654.7000000027765,1,single,r_g_16.png,color,green
135405,,c7fbf674-7151-4b31-9215-b4523cffdc16,1,ZYWtQyiH1618426917600,153,figural_mixed_practice,1,,0,angular,5441.100000000006,1,start,e_g_13.png,shape,angular
135405,,c7fbf674-7151-4b31-9215-b4523cffdc16,1,ZYWtQyiH1618426917600,154,figural_mixed_practice,1,,0,angular,1114.1999999999825,1,repetition,e_g_15.png,shape,angular
135405,,c7fbf674-7151-4b31-9215-b4523cffdc16,1,ZYWtQyiH1618426917600,155,figural_mixed_practice,1,,0,blue,457.50000000043656,1,switch,r_b_02.png,color,blue
135405,,c7fbf674-7151-4b31-9215-b4523cffdc16,1,ZYWtQyiH1618426917600,156,figural_mixed_practice,1,,0,green,1051.2000000016997,1,repetition,r_g_10.png,color,green
135405,,c7fbf674-7151-4b31-9215-b4523cffdc16,1,ZYWtQyiH1618426917600,157,figural_mixed_practice,1,,0,round,580.9000000008382,1,switch,r_b_03.png,shape,round
135405,,c7fbf674-7151-4b31-9215-b4523cffdc16,1,ZYWtQyiH1618426917600,158,figural_mixed_practice,1,,0,blue,1008.0999999991036,1,switch,e_b_11.png,color,blue
135405,,c7fbf674-7151-4b31-9215-b4523cffdc16,1,ZYWtQyiH1618426917600,159,figural_mixed_practice,1,,0,green,1597.5999999973283,1,repetition,r_g_06.png,color,green
135405,,c7fbf674-7151-4b31-9215-b4523cffdc16,1,ZYWtQyiH1618426917600,160,figural_mixed_practice,1,,0,round,1314.699999998993,1,switch,r_b_08.png,shape,round
135405,,c7fbf674-7151-4b31-9215-b4523cffdc16,1,ZYWtQyiH1618426917600,161,figural_mixed_practice,1,,0,angular,770.4000000012456,1,repetition,e_b_12.png,shape,angular
135405,,c7fbf674-7151-4b31-9215-b4523cffdc16,1,ZYWtQyiH1618426917600,162,figural_mixed_practice,1,,0,round,702.5000000030559,1,repetition,r_g_04.png,shape,round
135405,,c7fbf674-7151-4b31-9215-b4523cffdc16,1,ZYWtQyiH1618426917600,163,figural_mixed_practice,1,,0,blue,811.4999999997963,1,switch,e_b_01.png,color,blue
135405,,c7fbf674-7151-4b31-9215-b4523cffdc16,1,ZYWtQyiH1618426917600,164,figural_mixed_practice,1,,0,blue,795.1000000030035,0,repetition,e_g_05.png,color,green
135405,,c7fbf674-7151-4b31-9215-b4523cffdc16,1,ZYWtQyiH1618426917600,165,figural_mixed,1,,0,green,1357.0999999974447,1,start,r_g_12.png,color,green
135405,,c7fbf674-7151-4b31-9215-b4523cffdc16,1,ZYWtQyiH1618426917600,166,figural_mixed,1,,0,green,802.1999999982654,1,repetition,e_g_16.png,color,green
135405,,c7fbf674-7151-4b31-9215-b4523cffdc16,1,ZYWtQyiH1618426917600,167,figural_mixed,1,,0,round,684.1000000022177,1,switch,r_b_01.png,shape,round
135405,,c7fbf674-7151-4b31-9215-b4523cffdc16,1,ZYWtQyiH1618426917600,168,figural_mixed,1,,0,blue,1061.7999999994936,1,switch,e_b_10.png,color,blue
135405,,c7fbf674-7151-4b31-9215-b4523cffdc16,1,ZYWtQyiH1618426917600,169,figural_mixed,1,,0,round,805.2999999999884,1,switch,r_g_07.png,shape,round
135405,,c7fbf674-7151-4b31-9215-b4523cffdc16,1,ZYWtQyiH1618426917600,170,figural_mixed,1,,0,angular,996.900000001915,1,repetition,e_g_16.png,shape,angular
135405,,c7fbf674-7151-4b31-9215-b4523cffdc16,1,ZYWtQyiH1618426917600,171,figural_mixed,1,,0,angular,626.1000000013155,1,repetition,e_b_11.png,shape,angular
135405,,c7fbf674-7151-4b31-9215-b4523cffdc16,1,ZYWtQyiH1618426917600,172,figural_mixed,1,,0,green,1068.1000000004133,0,switch,e_b_12.png,color,blue
135405,,c7fbf674-7151-4b31-9215-b4523cffdc16,1,ZYWtQyiH1618426917600,173,figural_mixed,1,,0,blue,721.9000000004598,1,repetition,r_b_05.png,color,blue
135405,,c7fbf674-7151-4b31-9215-b4523cffdc16,1,ZYWtQyiH1618426917600,174,figural_mixed,1,,0,angular,781.6000000020722,1,switch,e_b_15.png,shape,angular
135405,,c7fbf674-7151-4b31-9215-b4523cffdc16,1,ZYWtQyiH1618426917600,175,figural_mixed,1,,0,round,800.199999997858,1,repetition,r_g_01.png,shape,round
135405,,c7fbf674-7151-4b31-9215-b4523cffdc16,1,ZYWtQyiH1618426917600,176,figural_mixed,1,,0,green,1019.800000001851,1,switch,r_g_11.png,color,green
135405,,c7fbf674-7151-4b31-9215-b4523cffdc16,1,ZYWtQyiH1618426917600,177,figural_mixed,1,,0,blue,738.3999999983644,1,repetition,e_b_14.png,color,blue
135405,,c7fbf674-7151-4b31-9215-b4523cffdc16,1,ZYWtQyiH1618426917600,178,figural_mixed,1,,0,green,847.3999999987427,1,repetition,r_g_05.png,color,green
135405,,c7fbf674-7151-4b31-9215-b4523cffdc16,1,ZYWtQyiH1618426917600,179,figural_mixed,1,,0,round,1098.7000000022817,0,switch,e_g_09.png,shape,angular
135405,,c7fbf674-7151-4b31-9215-b4523cffdc16,1,ZYWtQyiH1618426917600,180,figural_mixed,1,,0,round,1009.2999999978347,1,repetition,r_b_04.png,shape,round
135405,,c7fbf674-7151-4b31-9215-b4523cffdc16,1,ZYWtQyiH1618426917600,181,figural_mixed,1,,0,round,797.3999999994412,1,repetition,r_g_12.png,shape,round
135405,,c7fbf674-7151-4b31-9215-b4523cffdc16,1,ZYWtQyiH1618426917600,182,figural_mixed,1,,0,round,760.2999999981257,1,repetition,r_b_02.png,shape,round
135405,,c7fbf674-7151-4b31-9215-b4523cffdc16,1,ZYWtQyiH1618426917600,183,figural_mixed,1,,0,green,1005.3999999981606,1,switch,r_g_04.png,color,green
135405,,c7fbf674-7151-4b31-9215-b4523cffdc16,1,ZYWtQyiH1618426917600,184,figural_mixed,1,,0,blue,797.0999999998021,1,repetition,e_b_02.png,color,blue
135405,,c7fbf674-7151-4b31-9215-b4523cffdc16,1,ZYWtQyiH1618426917600,185,figural_mixed,1,,0,blue,731.4999999980209,1,repetition,r_b_16.png,color,blue
135405,,c7fbf674-7151-4b31-9215-b4523cffdc16,1,ZYWtQyiH1618426917600,186,figural_mixed,1,,0,angular,1106.5999999991618,1,switch,e_g_03.png,shape,angular
135405,,c7fbf674-7151-4b31-9215-b4523cffdc16,1,ZYWtQyiH1618426917600,187,figural_mixed,1,,0,blue,1080.0999999991618,1,switch,r_b_10.png,color,blue
135405,,c7fbf674-7151-4b31-9215-b4523cffdc16,1,ZYWtQyiH1618426917600,188,figural_mixed,1,,0,green,859.5999999998021,1,repetition,e_g_03.png,color,green
135405,,c7fbf674-7151-4b31-9215-b4523cffdc16,1,ZYWtQyiH1618426917600,189,figural_mixed,1,,0,green,1112.4999999992433,1,repetition,r_g_06.png,color,green
135405,,c7fbf674-7151-4b31-9215-b4523cffdc16,1,ZYWtQyiH1618426917600,190,figural_mixed,1,,0,round,872.4000000001979,1,switch,r_b_09.png,shape,round
135405,,c7fbf674-7151-4b31-9215-b4523cffdc16,1,ZYWtQyiH1618426917600,191,figural_mixed,1,,0,green,3619.4999999970314,0,switch,r_b_02.png,color,blue
135405,,c7fbf674-7151-4b31-9215-b4523cffdc16,1,ZYWtQyiH1618426917600,192,figural_mixed,1,,0,green,786.599999999511,1,repetition,r_g_01.png,color,green
135405,,c7fbf674-7151-4b31-9215-b4523cffdc16,1,ZYWtQyiH1618426917600,193,figural_mixed,1,,0,angular,1033.4999999976717,1,switch,e_g_07.png,shape,angular
135405,,c7fbf674-7151-4b31-9215-b4523cffdc16,1,ZYWtQyiH1618426917600,194,figural_mixed,1,,0,blue,710.9999999993015,1,switch,r_b_13.png,color,blue
135405,,c7fbf674-7151-4b31-9215-b4523cffdc16,1,ZYWtQyiH1618426917600,195,figural_mixed,1,,0,angular,617.7000000025146,1,switch,e_b_14.png,shape,angular
135405,,c7fbf674-7151-4b31-9215-b4523cffdc16,1,ZYWtQyiH1618426917600,196,figural_mixed,1,,0,round,675.8000000008615,1,repetition,r_g_09.png,shape,round
135405,,c7fbf674-7151-4b31-9215-b4523cffdc16,1,ZYWtQyiH1618426917600,197,figural_mixed,1,,0,round,722.3999999987427,1,repetition,r_b_11.png,shape,round
135405,,c7fbf674-7151-4b31-9215-b4523cffdc16,1,ZYWtQyiH1618426917600,198,figural_mixed,1,,0,green,1103.5999999985797,1,switch,r_g_07.png,color,green
135405,,c7fbf674-7151-4b31-9215-b4523cffdc16,1,ZYWtQyiH1618426917600,199,figural_mixed,1,,0,angular,1075.7999999987078,1,switch,e_b_04.png,shape,angular
135405,,c7fbf674-7151-4b31-9215-b4523cffdc16,1,ZYWtQyiH1618426917600,200,figural_mixed,1,,0,round,903.8999999974621,1,repetition,r_g_14.png,shape,round
135405,,c7fbf674-7151-4b31-9215-b4523cffdc16,1,ZYWtQyiH1618426917600,201,figural_mixed,1,,0,blue,916.8999999965308,1,switch,e_b_09.png,color,blue
135405,,c7fbf674-7151-4b31-9215-b4523cffdc16,1,ZYWtQyiH1618426917600,202,figural_mixed,1,,0,angular,887.2000000010012,1,switch,e_g_10.png,shape,angular
135405,,c7fbf674-7151-4b31-9215-b4523cffdc16,1,ZYWtQyiH1618426917600,203,figural_mixed,1,,0,green,1023.3000000007451,1,switch,r_g_15.png,color,green
135405,,c7fbf674-7151-4b31-9215-b4523cffdc16,1,ZYWtQyiH1618426917600,204,figural_mixed,1,,0,green,1544.3000000013853,1,repetition,e_g_14.png,color,green
135405,,c7fbf674-7151-4b31-9215-b4523cffdc16,1,ZYWtQyiH1618426917600,205,figural_mixed,1,,0,blue,1564.8000000001048,1,repetition,r_b_07.png,color,blue
135405,,c7fbf674-7151-4b31-9215-b4523cffdc16,1,ZYWtQyiH1618426917600,206,figural_mixed,1,,0,blue,855.599999998929,1,repetition,r_b_09.png,color,blue
135405,,c7fbf674-7151-4b31-9215-b4523cffdc16,1,ZYWtQyiH1618426917600,207,figural_mixed,1,,0,angular,2666.9000000001397,1,switch,e_g_14.png,shape,angular
135405,,c7fbf674-7151-4b31-9215-b4523cffdc16,1,ZYWtQyiH1618426917600,208,figural_mixed,1,,0,angular,802.9999999998836,1,repetition,e_g_13.png,shape,angular
135405,,c7fbf674-7151-4b31-9215-b4523cffdc16,1,ZYWtQyiH1618426917600,209,figural_mixed,1,,0,blue,885.5999999977648,1,switch,e_b_04.png,color,blue
135405,,c7fbf674-7151-4b31-9215-b4523cffdc16,1,ZYWtQyiH1618426917600,210,figural_mixed,1,,0,green,842.4999999988358,1,repetition,e_g_10.png,color,green
135405,,c7fbf674-7151-4b31-9215-b4523cffdc16,1,ZYWtQyiH1618426917600,211,figural_mixed,1,,0,green,946.7000000004191,1,repetition,e_g_04.png,color,green
135405,,c7fbf674-7151-4b31-9215-b4523cffdc16,1,ZYWtQyiH1618426917600,212,figural_mixed,1,,0,angular,780.6000000018976,1,switch,e_b_07.png,shape,angular
135405,,c7fbf674-7151-4b31-9215-b4523cffdc16,1,ZYWtQyiH1618426917600,213,figural_mixed,1,,0,round,5238.100000002305,1,repetition,r_g_11.png,shape,round
135405,,c7fbf674-7151-4b31-9215-b4523cffdc16,1,ZYWtQyiH1618426917600,214,figural_mixed,1,,0,round,938.9000000010128,1,repetition,r_g_04.png,shape,round
135405,,c7fbf674-7151-4b31-9215-b4523cffdc16,1,ZYWtQyiH1618426917600,215,figural_mixed,1,,0,angular,1215.2000000023982,1,repetition,e_g_15.png,shape,angular
135405,,c7fbf674-7151-4b31-9215-b4523cffdc16,1,ZYWtQyiH1618426917600,216,figural_mixed,1,,0,green,3249.099999997241,1,switch,e_g_11.png,color,green
135405,,c7fbf674-7151-4b31-9215-b4523cffdc16,1,ZYWtQyiH1618426917600,217,figural_mixed,1,,0,round,893.8999999991502,1,switch,r_g_08.png,shape,round
135405,,c7fbf674-7151-4b31-9215-b4523cffdc16,1,ZYWtQyiH1618426917600,218,figural_mixed,1,,0,round,887.6999999993131,1,repetition,r_g_10.png,shape,round
135405,,c7fbf674-7151-4b31-9215-b4523cffdc16,1,ZYWtQyiH1618426917600,219,figural_mixed,1,,0,green,2814.0000000021537,1,switch,e_g_15.png,color,green
135405,,c7fbf674-7151-4b31-9215-b4523cffdc16,1,ZYWtQyiH1618426917600,220,figural_mixed,1,,0,green,563.9999999984866,1,repetition,r_g_02.png,color,green
135405,,c7fbf674-7151-4b31-9215-b4523cffdc16,1,ZYWtQyiH1618426917600,221,figural_mixed,1,,0,round,966.1000000014901,0,switch,e_b_01.png,shape,angular
135405,,c7fbf674-7151-4b31-9215-b4523cffdc16,1,ZYWtQyiH1618426917600,222,figural_mixed,1,,0,blue,1141.9000000023516,1,switch,e_b_15.png,color,blue
135405,,c7fbf674-7151-4b31-9215-b4523cffdc16,1,ZYWtQyiH1618426917600,223,figural_mixed,1,,0,green,617.2000000006519,0,repetition,e_b_03.png,color,blue
135405,,c7fbf674-7151-4b31-9215-b4523cffdc16,1,ZYWtQyiH1618426917600,224,figural_mixed,1,,0,blue,1084.5999999982887,1,repetition,e_b_01.png,color,blue
135405,,c7fbf674-7151-4b31-9215-b4523cffdc16,1,ZYWtQyiH1618426917600,225,figural_mixed,1,,0,round,833.6999999991967,1,switch,r_g_02.png,shape,round
135405,,c7fbf674-7151-4b31-9215-b4523cffdc16,1,ZYWtQyiH1618426917600,226,figural_mixed,1,,0,green,786.1000000011991,1,switch,e_g_05.png,color,green
135405,,c7fbf674-7151-4b31-9215-b4523cffdc16,1,ZYWtQyiH1618426917600,227,figural_mixed,1,,0,round,868.6000000016065,1,switch,r_b_06.png,shape,round
135405,,c7fbf674-7151-4b31-9215-b4523cffdc16,1,ZYWtQyiH1618426917600,228,figural_mixed,1,,0,green,787.4999999985448,1,switch,e_g_08.png,color,green
135405,,c7fbf674-7151-4b31-9215-b4523cffdc16,1,ZYWtQyiH1618426917600,229,figural_mixed,1,,0,green,786.1999999986729,1,repetition,e_g_02.png,color,green
135405,,c7fbf674-7151-4b31-9215-b4523cffdc16,1,ZYWtQyiH1618426917600,230,figural_mixed,1,,0,blue,839.5000000018626,1,repetition,e_b_06.png,color,blue
135405,,c7fbf674-7151-4b31-9215-b4523cffdc16,1,ZYWtQyiH1618426917600,231,figural_mixed,1,,0,angular,1057.3999999978696,1,switch,e_b_08.png,shape,angular
135405,,c7fbf674-7151-4b31-9215-b4523cffdc16,1,ZYWtQyiH1618426917600,232,figural_mixed,1,,0,green,934.7999999991152,1,switch,r_g_09.png,color,green
135405,,c7fbf674-7151-4b31-9215-b4523cffdc16,1,ZYWtQyiH1618426917600,233,figural_mixed,1,,0,blue,1072.0000000001164,1,repetition,e_b_13.png,color,blue
135405,,c7fbf674-7151-4b31-9215-b4523cffdc16,1,ZYWtQyiH1618426917600,234,figural_mixed,1,,0,round,1442.1000000002095,1,switch,r_b_10.png,shape,round
135405,,c7fbf674-7151-4b31-9215-b4523cffdc16,1,ZYWtQyiH1618426917600,235,figural_mixed,1,,0,round,707.6999999990221,1,repetition,r_b_13.png,shape,round
135405,,c7fbf674-7151-4b31-9215-b4523cffdc16,1,ZYWtQyiH1618426917600,236,figural_mixed,1,,0,blue,4629.300000000512,1,switch,e_b_11.png,color,blue
135405,,c7fbf674-7151-4b31-9215-b4523cffdc16,1,ZYWtQyiH1618426917600,237,figural_mixed,1,,0,green,2103.9999999993597,1,repetition,r_g_08.png,color,green
135405,,c7fbf674-7151-4b31-9215-b4523cffdc16,1,ZYWtQyiH1618426917600,238,figural_mixed,1,,0,angular,1027.399999999092,1,switch,e_b_10.png,shape,angular
135405,,c7fbf674-7151-4b31-9215-b4523cffdc16,1,ZYWtQyiH1618426917600,239,figural_mixed,1,,0,angular,854.5999999987544,1,repetition,e_g_06.png,shape,angular
135405,,c7fbf674-7151-4b31-9215-b4523cffdc16,1,ZYWtQyiH1618426917600,240,figural_mixed,1,,0,angular,526.6999999985565,1,repetition,e_g_11.png,shape,angular
135405,,c7fbf674-7151-4b31-9215-b4523cffdc16,1,ZYWtQyiH1618426917600,241,figural_mixed,1,,0,round,799.6999999996042,1,repetition,r_b_07.png,shape,round
135405,,c7fbf674-7151-4b31-9215-b4523cffdc16,1,ZYWtQyiH1618426917600,242,figural_mixed,1,,0,blue,1179.4999999983702,1,switch,r_b_06.png,color,blue
135405,,c7fbf674-7151-4b31-9215-b4523cffdc16,1,ZYWtQyiH1618426917600,243,figural_mixed,1,,0,blue,595.7000000016997,1,repetition,e_b_07.png,color,blue
135405,,c7fbf674-7151-4b31-9215-b4523cffdc16,1,ZYWtQyiH1618426917600,244,figural_mixed,1,,0,blue,916.6000000004424,1,repetition,r_b_14.png,color,blue
135405,,c7fbf674-7151-4b31-9215-b4523cffdc16,1,ZYWtQyiH1618426917600,245,figural_mixed,1,,0,green,702.1999999997206,1,repetition,r_g_16.png,color,green
135405,,c7fbf674-7151-4b31-9215-b4523cffdc16,1,ZYWtQyiH1618426917600,246,figural_mixed,1,,0,angular,1237.9999999975553,1,switch,e_b_09.png,shape,angular
135405,,c7fbf674-7151-4b31-9215-b4523cffdc16,1,ZYWtQyiH1618426917600,247,figural_mixed,1,,0,round,744.7999999967869,1,repetition,r_g_05.png,shape,round
135405,,c7fbf674-7151-4b31-9215-b4523cffdc16,1,ZYWtQyiH1618426917600,248,figural_mixed,1,,0,angular,658.5000000013388,1,repetition,e_b_12.png,shape,angular
135405,,c7fbf674-7151-4b31-9215-b4523cffdc16,1,ZYWtQyiH1618426917600,249,figural_mixed,1,,0,blue,1033.8999999985099,1,switch,e_b_05.png,color,blue
135405,,c7fbf674-7151-4b31-9215-b4523cffdc16,1,ZYWtQyiH1618426917600,250,figural_mixed,1,,0,round,725.6999999990803,1,switch,r_g_06.png,shape,round
135405,,c7fbf674-7151-4b31-9215-b4523cffdc16,1,ZYWtQyiH1618426917600,251,figural_mixed,1,,0,blue,955.7999999997555,1,switch,e_b_16.png,color,blue
135405,,c7fbf674-7151-4b31-9215-b4523cffdc16,1,ZYWtQyiH1618426917600,252,figural_mixed,1,,0,green,615.7999999995809,1,repetition,r_g_13.png,color,green
135405,,c7fbf674-7151-4b31-9215-b4523cffdc16,1,ZYWtQyiH1618426917600,253,figural_mixed,1,,0,angular,843.4999999990687,1,switch,e_g_02.png,shape,angular
135405,,c7fbf674-7151-4b31-9215-b4523cffdc16,1,ZYWtQyiH1618426917600,254,figural_mixed,1,,0,round,786.5999999993946,1,repetition,r_b_03.png,shape,round
135405,,c7fbf674-7151-4b31-9215-b4523cffdc16,1,ZYWtQyiH1618426917600,255,figural_mixed,1,,0,round,739.6000000007916,1,repetition,r_b_14.png,shape,round
135405,,c7fbf674-7151-4b31-9215-b4523cffdc16,1,ZYWtQyiH1618426917600,256,figural_mixed,1,,0,angular,1015.5000000012806,1,repetition,e_g_12.png,shape,angular
135405,,c7fbf674-7151-4b31-9215-b4523cffdc16,1,ZYWtQyiH1618426917600,257,figural_mixed,1,,0,blue,1137.5000000007567,1,switch,r_b_04.png,color,blue
135405,,c7fbf674-7151-4b31-9215-b4523cffdc16,1,ZYWtQyiH1618426917600,258,figural_mixed,1,,0,round,654.3999999994412,1,switch,r_g_15.png,shape,round
135405,,c7fbf674-7151-4b31-9215-b4523cffdc16,1,ZYWtQyiH1618426917600,259,figural_mixed,1,,0,angular,1082.800000000163,1,repetition,e_g_08.png,shape,angular
135405,,c7fbf674-7151-4b31-9215-b4523cffdc16,1,ZYWtQyiH1618426917600,260,figural_mixed,1,,0,round,713.4000000006054,1,repetition,r_b_16.png,shape,round
135405,,c7fbf674-7151-4b31-9215-b4523cffdc16,1,ZYWtQyiH1618426917600,261,figural_mixed,1,,0,green,1060.0999999988126,1,switch,r_g_10.png,color,green
135405,,c7fbf674-7151-4b31-9215-b4523cffdc16,1,ZYWtQyiH1618426917600,262,figural_mixed,1,,0,green,882.7999999994063,1,repetition,e_g_06.png,color,green
135405,,c7fbf674-7151-4b31-9215-b4523cffdc16,1,ZYWtQyiH1618426917600,263,figural_mixed,1,,0,round,669.1000000028289,1,switch,r_g_13.png,shape,round
135405,,c7fbf674-7151-4b31-9215-b4523cffdc16,1,ZYWtQyiH1618426917600,264,figural_mixed,1,,0,blue,930.7999999983003,1,switch,r_b_03.png,color,blue
135405,,c7fbf674-7151-4b31-9215-b4523cffdc16,1,ZYWtQyiH1618426917600,265,figural_mixed,1,,0,angular,763.8000000006286,1,switch,e_b_02.png,shape,angular
135405,,c7fbf674-7151-4b31-9215-b4523cffdc16,1,ZYWtQyiH1618426917600,266,figural_mixed,1,,0,angular,4363.500000003143,1,repetition,e_b_03.png,shape,angular
135405,,c7fbf674-7151-4b31-9215-b4523cffdc16,1,ZYWtQyiH1618426917600,267,figural_mixed,1,,0,green,1044.5,1,switch,e_g_07.png,color,green
135405,,c7fbf674-7151-4b31-9215-b4523cffdc16,1,ZYWtQyiH1618426917600,268,figural_mixed,1,,0,blue,771.6000000000349,1,repetition,r_b_08.png,color,blue
135405,,c7fbf674-7151-4b31-9215-b4523cffdc16,1,ZYWtQyiH1618426917600,269,figural_mixed,1,,0,blue,796.999999998603,1,repetition,r_b_01.png,color,blue
135405,,c7fbf674-7151-4b31-9215-b4523cffdc16,1,ZYWtQyiH1618426917600,270,figural_mixed,1,,0,angular,761.2999999983003,1,switch,e_b_05.png,shape,angular
135405,,c7fbf674-7151-4b31-9215-b4523cffdc16,1,ZYWtQyiH1618426917600,271,figural_mixed,1,,0,green,987.0000000009313,1,switch,r_g_16.png,color,green
135405,,c7fbf674-7151-4b31-9215-b4523cffdc16,1,ZYWtQyiH1618426917600,272,figural_mixed,1,,0,angular,629.6000000002095,1,switch,e_g_04.png,shape,angular
135405,,c7fbf674-7151-4b31-9215-b4523cffdc16,1,ZYWtQyiH1618426917600,273,figural_mixed,1,,0,round,742.8000000000466,1,repetition,r_b_05.png,shape,round
135405,,c7fbf674-7151-4b31-9215-b4523cffdc16,1,ZYWtQyiH1618426917600,274,figural_mixed,1,,0,angular,672.5000000005821,0,repetition,r_g_03.png,shape,round
135405,,c7fbf674-7151-4b31-9215-b4523cffdc16,1,ZYWtQyiH1618426917600,275,figural_mixed,1,,0,blue,930.5000000022119,1,switch,r_b_15.png,color,blue
135405,,c7fbf674-7151-4b31-9215-b4523cffdc16,1,ZYWtQyiH1618426917600,276,figural_mixed,1,,0,green,757.900000000489,1,repetition,r_g_14.png,color,green
135405,,c7fbf674-7151-4b31-9215-b4523cffdc16,1,ZYWtQyiH1618426917600,277,figural_mixed,1,,0,angular,769.1999999987893,1,switch,e_g_01.png,shape,angular
135405,,c7fbf674-7151-4b31-9215-b4523cffdc16,1,ZYWtQyiH1618426917600,278,figural_mixed,1,,0,round,785.8999999989755,1,repetition,r_b_15.png,shape,round
135405,,c7fbf674-7151-4b31-9215-b4523cffdc16,1,ZYWtQyiH1618426917600,279,figural_mixed,1,,0,round,763.699999999546,1,repetition,r_b_08.png,shape,round
135405,,c7fbf674-7151-4b31-9215-b4523cffdc16,1,ZYWtQyiH1618426917600,280,figural_mixed,1,,0,green,776.2999999977183,1,switch,e_g_12.png,color,green
135405,,c7fbf674-7151-4b31-9215-b4523cffdc16,1,ZYWtQyiH1618426917600,281,figural_mixed,1,,0,angular,1208.8999999978114,1,switch,e_b_13.png,shape,angular
135405,,c7fbf674-7151-4b31-9215-b4523cffdc16,1,ZYWtQyiH1618426917600,282,figural_mixed,1,,0,green,886.0999999996857,1,switch,r_g_03.png,color,green
135405,,c7fbf674-7151-4b31-9215-b4523cffdc16,1,ZYWtQyiH1618426917600,283,figural_mixed,1,,0,blue,746.9999999994179,1,repetition,r_b_12.png,color,blue
135405,,c7fbf674-7151-4b31-9215-b4523cffdc16,1,ZYWtQyiH1618426917600,284,figural_mixed,1,,0,angular,748.4999999978463,1,switch,e_b_06.png,shape,angular
135405,,c7fbf674-7151-4b31-9215-b4523cffdc16,1,ZYWtQyiH1618426917600,285,figural_mixed,1,,0,angular,2467.5999999999185,1,repetition,e_g_05.png,shape,angular
135405,,c7fbf674-7151-4b31-9215-b4523cffdc16,1,ZYWtQyiH1618426917600,286,figural_mixed,1,,0,green,4632.89999999688,0,switch,r_b_11.png,color,blue
135405,,c7fbf674-7151-4b31-9215-b4523cffdc16,1,ZYWtQyiH1618426917600,287,figural_mixed,1,,0,angular,4206.6000000013155,1,switch,e_b_16.png,shape,angular
135405,,c7fbf674-7151-4b31-9215-b4523cffdc16,1,ZYWtQyiH1618426917600,288,figural_mixed,1,,0,green,6931.19999999908,1,switch,e_g_01.png,color,green
135405,,c7fbf674-7151-4b31-9215-b4523cffdc16,1,ZYWtQyiH1618426917600,289,figural_mixed,1,,0,green,776.3999999988009,1,repetition,e_g_13.png,color,green
135405,,c7fbf674-7151-4b31-9215-b4523cffdc16,1,ZYWtQyiH1618426917600,290,figural_mixed,1,,0,round,1286.7999999980675,1,switch,r_b_12.png,shape,round
135405,,c7fbf674-7151-4b31-9215-b4523cffdc16,1,ZYWtQyiH1618426917600,291,figural_mixed,1,,0,blue,4369.699999999313,1,switch,e_b_08.png,color,blue
135405,,c7fbf674-7151-4b31-9215-b4523cffdc16,1,ZYWtQyiH1618426917600,292,figural_mixed,1,,0,green,724.0999999994528,1,repetition,e_g_09.png,color,green
135405,,c7fbf674-7151-4b31-9215-b4523cffdc16,1,ZYWtQyiH1618426917600,293,figural_mixed,1,,0,green,6616.99999999837,1,repetition,r_g_12.png,color,green
135405,,c7fbf674-7151-4b31-9215-b4523cffdc16,1,ZYWtQyiH1618426917600,294,figural_single_2_2,1,,0,blue,4215.299999999814,1,single,e_b_01.png,color,blue
135405,,c7fbf674-7151-4b31-9215-b4523cffdc16,1,ZYWtQyiH1618426917600,295,figural_single_2_2,1,,0,blue,809.4000000018859,1,single,r_b_03.png,color,blue
135405,,c7fbf674-7151-4b31-9215-b4523cffdc16,1,ZYWtQyiH1618426917600,296,figural_single_2_2,1,,0,green,1136.900000001362,1,single,e_g_01.png,color,green
135405,,c7fbf674-7151-4b31-9215-b4523cffdc16,1,ZYWtQyiH1618426917600,297,figural_single_2_2,1,,0,green,566.5000000008149,1,single,e_g_13.png,color,green
135405,,c7fbf674-7151-4b31-9215-b4523cffdc16,1,ZYWtQyiH1618426917600,298,figural_single_2_2,1,,0,blue,506.49999999947613,1,single,r_b_16.png,color,blue
135405,,c7fbf674-7151-4b31-9215-b4523cffdc16,1,ZYWtQyiH1618426917600,299,figural_single_2_2,1,,0,blue,342.49999999883585,1,single,r_b_07.png,color,blue
135405,,c7fbf674-7151-4b31-9215-b4523cffdc16,1,ZYWtQyiH1618426917600,300,figural_single_2_2,1,,0,green,471.3999999985681,1,single,r_g_08.png,color,green
135405,,c7fbf674-7151-4b31-9215-b4523cffdc16,1,ZYWtQyiH1618426917600,301,figural_single_2_2,1,,0,blue,469.60000000038417,1,single,r_b_09.png,color,blue
135405,,c7fbf674-7151-4b31-9215-b4523cffdc16,1,ZYWtQyiH1618426917600,302,figural_single_2_2,1,,0,green,443.6999999997788,1,single,r_g_02.png,color,green
135405,,c7fbf674-7151-4b31-9215-b4523cffdc16,1,ZYWtQyiH1618426917600,303,figural_single_2_2,1,,0,green,441.9000000016531,1,single,r_g_12.png,color,green
135405,,c7fbf674-7151-4b31-9215-b4523cffdc16,1,ZYWtQyiH1618426917600,304,figural_single_2_2,1,,0,green,488.79999999917345,0,single,e_b_08.png,color,blue
135405,,c7fbf674-7151-4b31-9215-b4523cffdc16,1,ZYWtQyiH1618426917600,305,figural_single_2_2,1,,0,green,815.8000000003376,1,single,r_g_04.png,color,green
135405,,c7fbf674-7151-4b31-9215-b4523cffdc16,1,ZYWtQyiH1618426917600,306,figural_single_2_2,1,,0,blue,446.4000000007218,1,single,e_b_03.png,color,blue
135405,,c7fbf674-7151-4b31-9215-b4523cffdc16,1,ZYWtQyiH1618426917600,307,figural_single_2_2,1,,0,blue,516.1000000007334,1,single,e_b_11.png,color,blue
135405,,c7fbf674-7151-4b31-9215-b4523cffdc16,1,ZYWtQyiH1618426917600,308,figural_single_2_2,1,,0,blue,563.7999999998719,1,single,r_b_14.png,color,blue
135405,,c7fbf674-7151-4b31-9215-b4523cffdc16,1,ZYWtQyiH1618426917600,309,figural_single_2_2,1,,0,green,457.09999999962747,1,single,e_g_07.png,color,green
135405,,c7fbf674-7151-4b31-9215-b4523cffdc16,1,ZYWtQyiH1618426917600,310,figural_single_2_2,1,,0,blue,537.800000001851,1,single,r_b_13.png,color,blue
135405,,c7fbf674-7151-4b31-9215-b4523cffdc16,1,ZYWtQyiH1618426917600,311,figural_single_2_2,1,,0,green,474.00000000197906,1,single,e_g_16.png,color,green
135405,,c7fbf674-7151-4b31-9215-b4523cffdc16,1,ZYWtQyiH1618426917600,312,figural_single_2_2,1,,0,blue,514.5999999986379,1,single,e_b_14.png,color,blue
135405,,c7fbf674-7151-4b31-9215-b4523cffdc16,1,ZYWtQyiH1618426917600,313,figural_single_2_2,1,,0,green,482.10000000108266,1,single,e_g_12.png,color,green
135405,,c7fbf674-7151-4b31-9215-b4523cffdc16,1,ZYWtQyiH1618426917600,314,figural_single_2_2,1,,0,green,787.8999999993248,1,single,r_g_07.png,color,green
135405,,c7fbf674-7151-4b31-9215-b4523cffdc16,1,ZYWtQyiH1618426917600,315,figural_single_2_2,1,,0,blue,526.5,1,single,e_b_15.png,color,blue
135405,,c7fbf674-7151-4b31-9215-b4523cffdc16,1,ZYWtQyiH1618426917600,316,figural_single_2_2,1,,0,blue,488.70000000169966,1,single,e_b_05.png,color,blue
135405,,c7fbf674-7151-4b31-9215-b4523cffdc16,1,ZYWtQyiH1618426917600,317,figural_single_2_2,1,,0,green,440.59999999805586,1,single,r_g_15.png,color,green
135405,,c7fbf674-7151-4b31-9215-b4523cffdc16,1,ZYWtQyiH1618426917600,318,figural_single_2_2,1,,0,blue,578.7999999992899,1,single,r_b_06.png,color,blue
135405,,c7fbf674-7151-4b31-9215-b4523cffdc16,1,ZYWtQyiH1618426917600,319,figural_single_2_2,1,,0,green,481.2999999994645,1,single,e_g_02.png,color,green
135405,,c7fbf674-7151-4b31-9215-b4523cffdc16,1,ZYWtQyiH1618426917600,320,figural_single_2_2,1,,0,green,564.0999999996275,1,single,r_g_16.png,color,green
135405,,c7fbf674-7151-4b31-9215-b4523cffdc16,1,ZYWtQyiH1618426917600,321,figural_single_2_2,1,,0,green,574.9999999970896,0,single,e_b_10.png,color,blue
135405,,c7fbf674-7151-4b31-9215-b4523cffdc16,1,ZYWtQyiH1618426917600,322,figural_single_2_2,1,,0,green,564.5999999978812,1,single,e_g_05.png,color,green
135405,,c7fbf674-7151-4b31-9215-b4523cffdc16,1,ZYWtQyiH1618426917600,323,figural_single_2_2,1,,0,green,607.3000000033062,1,single,e_g_03.png,color,green
135405,,c7fbf674-7151-4b31-9215-b4523cffdc16,1,ZYWtQyiH1618426917600,324,figural_single_2_2,1,,0,green,843.8999999997905,1,single,e_g_11.png,color,green
135405,,c7fbf674-7151-4b31-9215-b4523cffdc16,1,ZYWtQyiH1618426917600,325,figural_single_2_2,1,,0,blue,1003.0000000006403,1,single,r_b_15.png,color,blue
135405,,c7fbf674-7151-4b31-9215-b4523cffdc16,1,ZYWtQyiH1618426917600,326,figural_single_2_2,1,,0,blue,546.6999999990221,1,single,e_b_02.png,color,blue
135405,,c7fbf674-7151-4b31-9215-b4523cffdc16,1,ZYWtQyiH1618426917600,327,figural_single_2_2,1,,0,blue,769.1999999987893,1,single,r_b_08.png,color,blue
135405,,c7fbf674-7151-4b31-9215-b4523cffdc16,1,ZYWtQyiH1618426917600,328,figural_single_2_2,1,,0,green,584.399999999674,1,single,e_g_06.png,color,green
135405,,c7fbf674-7151-4b31-9215-b4523cffdc16,1,ZYWtQyiH1618426917600,329,figural_single_2_2,1,,0,blue,605.5999999989872,1,single,e_b_16.png,color,blue
135405,,c7fbf674-7151-4b31-9215-b4523cffdc16,1,ZYWtQyiH1618426917600,330,figural_single_2_2,1,,0,blue,577.1999999997206,1,single,e_b_06.png,color,blue
135405,,c7fbf674-7151-4b31-9215-b4523cffdc16,1,ZYWtQyiH1618426917600,331,figural_single_2_2,1,,0,green,499.80000000144355,1,single,r_g_09.png,color,green
135405,,c7fbf674-7151-4b31-9215-b4523cffdc16,1,ZYWtQyiH1618426917600,332,figural_single_2_2,1,,0,green,569.2000000016997,1,single,e_g_10.png,color,green
135405,,c7fbf674-7151-4b31-9215-b4523cffdc16,1,ZYWtQyiH1618426917600,333,figural_single_2_2,1,,0,blue,680.899999999383,1,single,e_b_12.png,color,blue
135405,,c7fbf674-7151-4b31-9215-b4523cffdc16,1,ZYWtQyiH1618426917600,334,figural_single_2_2,1,,0,green,662.2999999999884,1,single,r_g_11.png,color,green
135405,,c7fbf674-7151-4b31-9215-b4523cffdc16,1,ZYWtQyiH1618426917600,335,figural_single_2_2,1,,0,green,579.3000000012689,1,single,r_g_06.png,color,green
135405,,c7fbf674-7151-4b31-9215-b4523cffdc16,1,ZYWtQyiH1618426917600,336,figural_single_2_2,1,,0,green,407.8000000008615,1,single,e_g_04.png,color,green
135405,,c7fbf674-7151-4b31-9215-b4523cffdc16,1,ZYWtQyiH1618426917600,337,figural_single_2_2,1,,0,blue,445.1000000007916,1,single,r_b_01.png,color,blue
135405,,c7fbf674-7151-4b31-9215-b4523cffdc16,1,ZYWtQyiH1618426917600,338,figural_single_2_2,1,,0,green,488.6999999980326,1,single,r_g_03.png,color,green
135405,,c7fbf674-7151-4b31-9215-b4523cffdc16,1,ZYWtQyiH1618426917600,339,figural_single_2_2,1,,0,green,585.9999999993597,0,single,e_b_04.png,color,blue
135405,,c7fbf674-7151-4b31-9215-b4523cffdc16,1,ZYWtQyiH1618426917600,340,figural_single_2_2,1,,0,blue,516.2000000018743,1,single,r_b_12.png,color,blue
135405,,c7fbf674-7151-4b31-9215-b4523cffdc16,1,ZYWtQyiH1618426917600,341,figural_single_2_2,1,,0,green,481.7000000003027,1,single,r_g_13.png,color,green
135405,,c7fbf674-7151-4b31-9215-b4523cffdc16,1,ZYWtQyiH1618426917600,342,figural_single_2_2,1,,0,blue,430.1000000014319,1,single,r_b_02.png,color,blue
135405,,c7fbf674-7151-4b31-9215-b4523cffdc16,1,ZYWtQyiH1618426917600,343,figural_single_2_2,1,,0,green,476.30000000214204,1,single,e_g_09.png,color,green
135405,,c7fbf674-7151-4b31-9215-b4523cffdc16,1,ZYWtQyiH1618426917600,344,figural_single_2_2,1,,0,green,495.2999999987078,1,single,e_g_15.png,color,green
135405,,c7fbf674-7151-4b31-9215-b4523cffdc16,1,ZYWtQyiH1618426917600,345,figural_single_2_2,1,,0,green,434.8000000027241,1,single,e_g_08.png,color,green
135405,,c7fbf674-7151-4b31-9215-b4523cffdc16,1,ZYWtQyiH1618426917600,346,figural_single_2_2,1,,0,blue,534.7000000001281,1,single,r_b_05.png,color,blue
135405,,c7fbf674-7151-4b31-9215-b4523cffdc16,1,ZYWtQyiH1618426917600,347,figural_single_2_2,1,,0,green,480.9000000022352,1,single,r_g_14.png,color,green
135405,,c7fbf674-7151-4b31-9215-b4523cffdc16,1,ZYWtQyiH1618426917600,348,figural_single_2_2,1,,0,blue,561.0000000015134,1,single,r_b_04.png,color,blue
135405,,c7fbf674-7151-4b31-9215-b4523cffdc16,1,ZYWtQyiH1618426917600,349,figural_single_2_2,1,,0,green,508.3999999988009,1,single,r_g_10.png,color,green
135405,,c7fbf674-7151-4b31-9215-b4523cffdc16,1,ZYWtQyiH1618426917600,350,figural_single_2_2,1,,0,green,461.50000000122236,1,single,r_g_01.png,color,green
135405,,c7fbf674-7151-4b31-9215-b4523cffdc16,1,ZYWtQyiH1618426917600,351,figural_single_2_2,1,,0,blue,438.9000000010128,1,single,r_b_11.png,color,blue
135405,,c7fbf674-7151-4b31-9215-b4523cffdc16,1,ZYWtQyiH1618426917600,352,figural_single_2_2,1,,0,green,554.7000000005937,1,single,r_g_05.png,color,green
135405,,c7fbf674-7151-4b31-9215-b4523cffdc16,1,ZYWtQyiH1618426917600,353,figural_single_2_2,1,,0,blue,395.40000000130385,1,single,r_b_10.png,color,blue
135405,,c7fbf674-7151-4b31-9215-b4523cffdc16,1,ZYWtQyiH1618426917600,354,figural_single_2_2,1,,0,blue,529.9999999988358,1,single,e_b_13.png,color,blue
135405,,c7fbf674-7151-4b31-9215-b4523cffdc16,1,ZYWtQyiH1618426917600,355,figural_single_2_2,1,,0,green,670.7000000023982,1,single,e_g_14.png,color,green
135405,,c7fbf674-7151-4b31-9215-b4523cffdc16,1,ZYWtQyiH1618426917600,356,figural_single_2_2,1,,0,blue,589.6000000029453,1,single,e_b_07.png,color,blue
135405,,c7fbf674-7151-4b31-9215-b4523cffdc16,1,ZYWtQyiH1618426917600,357,figural_single_2_2,1,,0,blue,792.0999999987544,1,single,e_b_09.png,color,blue
135405,,c7fbf674-7151-4b31-9215-b4523cffdc16,1,ZYWtQyiH1618426917600,358,figural_single_1_2,1,,0,angular,4028.0999999995693,1,single,e_g_11.png,shape,angular
135405,,c7fbf674-7151-4b31-9215-b4523cffdc16,1,ZYWtQyiH1618426917600,359,figural_single_1_2,1,,0,round,1082.0999999996275,1,single,r_b_16.png,shape,round
135405,,c7fbf674-7151-4b31-9215-b4523cffdc16,1,ZYWtQyiH1618426917600,360,figural_single_1_2,1,,0,angular,1335.800000000745,1,single,e_b_10.png,shape,angular
135405,,c7fbf674-7151-4b31-9215-b4523cffdc16,1,ZYWtQyiH1618426917600,361,figural_single_1_2,1,,0,round,440.3999999994412,1,single,r_b_02.png,shape,round
135405,,c7fbf674-7151-4b31-9215-b4523cffdc16,1,ZYWtQyiH1618426917600,362,figural_single_1_2,1,,0,round,722.7000000020489,1,single,r_g_08.png,shape,round
135405,,c7fbf674-7151-4b31-9215-b4523cffdc16,1,ZYWtQyiH1618426917600,363,figural_single_1_2,1,,0,angular,547.3000000020256,1,single,e_g_02.png,shape,angular
135405,,c7fbf674-7151-4b31-9215-b4523cffdc16,1,ZYWtQyiH1618426917600,364,figural_single_1_2,1,,0,round,520.7999999984168,1,single,r_g_05.png,shape,round
135405,,c7fbf674-7151-4b31-9215-b4523cffdc16,1,ZYWtQyiH1618426917600,365,figural_single_1_2,1,,0,angular,445.5999999990454,1,single,e_b_15.png,shape,angular
135405,,c7fbf674-7151-4b31-9215-b4523cffdc16,1,ZYWtQyiH1618426917600,366,figural_single_1_2,1,,0,round,476.99999999895226,1,single,r_b_09.png,shape,round
135405,,c7fbf674-7151-4b31-9215-b4523cffdc16,1,ZYWtQyiH1618426917600,367,figural_single_1_2,1,,0,angular,449.3000000002794,1,single,e_b_12.png,shape,angular
135405,,c7fbf674-7151-4b31-9215-b4523cffdc16,1,ZYWtQyiH1618426917600,368,figural_single_1_2,1,,0,angular,613.3000000008615,1,single,e_g_15.png,shape,angular
135405,,c7fbf674-7151-4b31-9215-b4523cffdc16,1,ZYWtQyiH1618426917600,369,figural_single_1_2,1,,0,round,409.9999999998836,1,single,r_g_04.png,shape,round
135405,,c7fbf674-7151-4b31-9215-b4523cffdc16,1,ZYWtQyiH1618426917600,370,figural_single_1_2,1,,0,angular,516.4999999979045,1,single,e_b_14.png,shape,angular
135405,,c7fbf674-7151-4b31-9215-b4523cffdc16,1,ZYWtQyiH1618426917600,371,figural_single_1_2,1,,0,angular,472.7999999995227,1,single,e_b_02.png,shape,angular
135405,,c7fbf674-7151-4b31-9215-b4523cffdc16,1,ZYWtQyiH1618426917600,372,figural_single_1_2,1,,0,round,443.19999999785796,1,single,r_g_15.png,shape,round
135405,,c7fbf674-7151-4b31-9215-b4523cffdc16,1,ZYWtQyiH1618426917600,373,figural_single_1_2,1,,0,angular,421.6999999989639,1,single,e_b_11.png,shape,angular
135405,,c7fbf674-7151-4b31-9215-b4523cffdc16,1,ZYWtQyiH1618426917600,374,figural_single_1_2,1,,0,round,438.39999999909196,1,single,r_b_07.png,shape,round
135405,,c7fbf674-7151-4b31-9215-b4523cffdc16,1,ZYWtQyiH1618426917600,375,figural_single_1_2,1,,0,angular,366.5000000000582,0,single,r_g_06.png,shape,round
135405,,c7fbf674-7151-4b31-9215-b4523cffdc16,1,ZYWtQyiH1618426917600,376,figural_single_1_2,1,,0,round,659.5999999990454,1,single,r_g_02.png,shape,round
135405,,c7fbf674-7151-4b31-9215-b4523cffdc16,1,ZYWtQyiH1618426917600,377,figural_single_1_2,1,,0,angular,477.80000000057044,1,single,e_b_09.png,shape,angular
135405,,c7fbf674-7151-4b31-9215-b4523cffdc16,1,ZYWtQyiH1618426917600,378,figural_single_1_2,1,,0,round,340.4000000009546,1,single,r_b_15.png,shape,round
135405,,c7fbf674-7151-4b31-9215-b4523cffdc16,1,ZYWtQyiH1618426917600,379,figural_single_1_2,1,,0,round,335.10000000020955,0,single,e_g_14.png,shape,angular
135405,,c7fbf674-7151-4b31-9215-b4523cffdc16,1,ZYWtQyiH1618426917600,380,figural_single_1_2,1,,0,round,368.3000000019092,1,single,r_b_04.png,shape,round
135405,,c7fbf674-7151-4b31-9215-b4523cffdc16,1,ZYWtQyiH1618426917600,381,figural_single_1_2,1,,0,round,548.0000000025611,1,single,r_g_09.png,shape,round
135405,,c7fbf674-7151-4b31-9215-b4523cffdc16,1,ZYWtQyiH1618426917600,382,figural_single_1_2,1,,0,angular,587.2000000016997,1,single,e_g_03.png,shape,angular
135405,,c7fbf674-7151-4b31-9215-b4523cffdc16,1,ZYWtQyiH1618426917600,383,figural_single_1_2,1,,0,round,470.4999999994179,1,single,r_b_13.png,shape,round
135405,,c7fbf674-7151-4b31-9215-b4523cffdc16,1,ZYWtQyiH1618426917600,384,figural_single_1_2,1,,0,round,498.99999999976717,1,single,r_b_03.png,shape,round
135405,,c7fbf674-7151-4b31-9215-b4523cffdc16,1,ZYWtQyiH1618426917600,385,figural_single_1_2,1,,0,round,447.3999999972875,1,single,r_g_14.png,shape,round
135405,,c7fbf674-7151-4b31-9215-b4523cffdc16,1,ZYWtQyiH1618426917600,386,figural_single_1_2,1,,0,angular,497.50000000128057,1,single,e_b_05.png,shape,angular
135405,,c7fbf674-7151-4b31-9215-b4523cffdc16,1,ZYWtQyiH1618426917600,387,figural_single_1_2,1,,0,round,418.29999999748543,1,single,r_b_10.png,shape,round
135405,,c7fbf674-7151-4b31-9215-b4523cffdc16,1,ZYWtQyiH1618426917600,388,figural_single_1_2,1,,0,round,506.199999999837,1,single,r_b_12.png,shape,round
135405,,c7fbf674-7151-4b31-9215-b4523cffdc16,1,ZYWtQyiH1618426917600,389,figural_single_1_2,1,,0,round,468.8000000023749,1,single,r_b_14.png,shape,round
135405,,c7fbf674-7151-4b31-9215-b4523cffdc16,1,ZYWtQyiH1618426917600,390,figural_single_1_2,1,,0,angular,513.6999999994878,1,single,e_g_16.png,shape,angular
135405,,c7fbf674-7151-4b31-9215-b4523cffdc16,1,ZYWtQyiH1618426917600,391,figural_single_1_2,1,,0,round,668.099999998929,1,single,r_g_12.png,shape,round
135405,,c7fbf674-7151-4b31-9215-b4523cffdc16,1,ZYWtQyiH1618426917600,392,figural_single_1_2,1,,0,round,833.5999999981141,1,single,r_g_11.png,shape,round
135405,,c7fbf674-7151-4b31-9215-b4523cffdc16,1,ZYWtQyiH1618426917600,393,figural_single_1_2,1,,0,angular,831.6999999987893,1,single,e_b_03.png,shape,angular
135405,,c7fbf674-7151-4b31-9215-b4523cffdc16,1,ZYWtQyiH1618426917600,394,figural_single_1_2,1,,0,round,420.79999999981374,0,single,e_b_04.png,shape,angular
135405,,c7fbf674-7151-4b31-9215-b4523cffdc16,1,ZYWtQyiH1618426917600,395,figural_single_1_2,1,,0,round,466.400000001071,1,single,r_b_11.png,shape,round
135405,,c7fbf674-7151-4b31-9215-b4523cffdc16,1,ZYWtQyiH1618426917600,396,figural_single_1_2,1,,0,angular,469.4000000017695,1,single,e_g_05.png,shape,angular
135405,,c7fbf674-7151-4b31-9215-b4523cffdc16,1,ZYWtQyiH1618426917600,397,figural_single_1_2,1,,0,angular,472.3999999987427,1,single,e_b_16.png,shape,angular
135405,,c7fbf674-7151-4b31-9215-b4523cffdc16,1,ZYWtQyiH1618426917600,398,figural_single_1_2,1,,0,angular,462.1999999980908,1,single,e_g_13.png,shape,angular
135405,,c7fbf674-7151-4b31-9215-b4523cffdc16,1,ZYWtQyiH1618426917600,399,figural_single_1_2,1,,0,round,486.4999999990687,1,single,r_g_01.png,shape,round
135405,,c7fbf674-7151-4b31-9215-b4523cffdc16,1,ZYWtQyiH1618426917600,400,figural_single_1_2,1,,0,angular,516.0000000032596,1,single,e_b_08.png,shape,angular
135405,,c7fbf674-7151-4b31-9215-b4523cffdc16,1,ZYWtQyiH1618426917600,401,figural_single_1_2,1,,0,angular,427.40000000060536,1,single,e_g_10.png,shape,angular
135405,,c7fbf674-7151-4b31-9215-b4523cffdc16,1,ZYWtQyiH1618426917600,402,figural_single_1_2,1,,0,round,451.0000000009313,1,single,r_g_13.png,shape,round
135405,,c7fbf674-7151-4b31-9215-b4523cffdc16,1,ZYWtQyiH1618426917600,403,figural_single_1_2,1,,0,angular,591.3999999975786,1,single,e_b_01.png,shape,angular
135405,,c7fbf674-7151-4b31-9215-b4523cffdc16,1,ZYWtQyiH1618426917600,404,figural_single_1_2,1,,0,angular,471.3999999985099,1,single,e_b_06.png,shape,angular
135405,,c7fbf674-7151-4b31-9215-b4523cffdc16,1,ZYWtQyiH1618426917600,405,figural_single_1_2,1,,0,round,366.5000000001164,1,single,r_g_10.png,shape,round
135405,,c7fbf674-7151-4b31-9215-b4523cffdc16,1,ZYWtQyiH1618426917600,406,figural_single_1_2,1,,0,angular,459.00000000256114,1,single,e_g_08.png,shape,angular
135405,,c7fbf674-7151-4b31-9215-b4523cffdc16,1,ZYWtQyiH1618426917600,407,figural_single_1_2,1,,0,angular,472.0999999990454,1,single,e_g_07.png,shape,angular
135405,,c7fbf674-7151-4b31-9215-b4523cffdc16,1,ZYWtQyiH1618426917600,408,figural_single_1_2,1,,0,round,633.6000000010245,1,single,r_b_06.png,shape,round
135405,,c7fbf674-7151-4b31-9215-b4523cffdc16,1,ZYWtQyiH1618426917600,409,figural_single_1_2,1,,0,angular,441.5999999982305,1,single,e_g_09.png,shape,angular
135405,,c7fbf674-7151-4b31-9215-b4523cffdc16,1,ZYWtQyiH1618426917600,410,figural_single_1_2,1,,0,round,593.3999999979278,1,single,r_b_01.png,shape,round
135405,,c7fbf674-7151-4b31-9215-b4523cffdc16,1,ZYWtQyiH1618426917600,411,figural_single_1_2,1,,0,angular,476.5000000006985,1,single,e_b_13.png,shape,angular
135405,,c7fbf674-7151-4b31-9215-b4523cffdc16,1,ZYWtQyiH1618426917600,412,figural_single_1_2,1,,0,angular,565.9000000014203,1,single,e_g_04.png,shape,angular
135405,,c7fbf674-7151-4b31-9215-b4523cffdc16,1,ZYWtQyiH1618426917600,413,figural_single_1_2,1,,0,angular,418.0000000015134,1,single,e_g_12.png,shape,angular
135405,,c7fbf674-7151-4b31-9215-b4523cffdc16,1,ZYWtQyiH1618426917600,414,figural_single_1_2,1,,0,round,480.70000000006985,1,single,r_b_08.png,shape,round
135405,,c7fbf674-7151-4b31-9215-b4523cffdc16,1,ZYWtQyiH1618426917600,415,figural_single_1_2,1,,0,angular,590.1999999987893,1,single,e_b_07.png,shape,angular
135405,,c7fbf674-7151-4b31-9215-b4523cffdc16,1,ZYWtQyiH1618426917600,416,figural_single_1_2,1,,0,round,475.3000000019092,1,single,r_g_03.png,shape,round
135405,,c7fbf674-7151-4b31-9215-b4523cffdc16,1,ZYWtQyiH1618426917600,417,figural_single_1_2,1,,0,angular,452.9000000001397,1,single,e_g_06.png,shape,angular
135405,,c7fbf674-7151-4b31-9215-b4523cffdc16,1,ZYWtQyiH1618426917600,418,figural_single_1_2,1,,0,round,526.2999999977183,1,single,r_g_16.png,shape,round
135405,,c7fbf674-7151-4b31-9215-b4523cffdc16,1,ZYWtQyiH1618426917600,419,figural_single_1_2,1,,0,angular,399.49999999953434,0,single,r_b_05.png,shape,round
135405,,c7fbf674-7151-4b31-9215-b4523cffdc16,1,ZYWtQyiH1618426917600,420,figural_single_1_2,1,,0,angular,622.0000000030268,1,single,e_g_01.png,shape,angular
135405,,c7fbf674-7151-4b31-9215-b4523cffdc16,1,ZYWtQyiH1618426917600,421,figural_single_1_2,1,,0,round,556.7999999985332,1,single,r_g_07.png,shape,round