userCode,extId,moduleId,sessionId,sessionToken,trialId,executableId,session.complete,session.condition,session.forceExit,givenResponse,reactionTime,score,shiftingType,stimulusValue,stimulusType,correctResponse
135501,,c7fbf674-7151-4b31-9215-b4523cffdc16,1,HOZ0d7tg1618658010206,1,figural_single_1_practice,1,,0,round,1377.599999999802,1,single,r_b_10.png,shape,round
135501,,c7fbf674-7151-4b31-9215-b4523cffdc16,1,HOZ0d7tg1618658010206,2,figural_single_1_practice,1,,0,angular,699.5999999999185,1,single,e_b_09.png,shape,angular
135501,,c7fbf674-7151-4b31-9215-b4523cffdc16,1,HOZ0d7tg1618658010206,3,figural_single_1_practice,1,,0,round,643.3000000006359,1,single,r_b_11.png,shape,round
135501,,c7fbf674-7151-4b31-9215-b4523cffdc16,1,HOZ0d7tg1618658010206,4,figural_single_1_practice,1,,0,round,842.4999999997453,1,single,r_g_05.png,shape,round
135501,,c7fbf674-7151-4b31-9215-b4523cffdc16,1,HOZ0d7tg1618658010206,5,figural_single_1_practice,1,,0,angular,643.1000000002314,1,single,e_b_14.png,shape,angular
135501,,c7fbf674-7151-4b31-9215-b4523cffdc16,1,HOZ0d7tg1618658010206,6,figural_single_1_practice,1,,0,angular,551.6000000006898,1,single,e_g_07.png,shape,angular
135501,,c7fbf674-7151-4b31-9215-b4523cffdc16,1,HOZ0d7tg1618658010206,7,figural_single_1_practice,1,,0,angular,599.6000000004642,1,single,e_g_12.png,shape,angular
135501,,c7fbf674-7151-4b31-9215-b4523cffdc16,1,HOZ0d7tg1618658010206,8,figural_single_1_practice,1,,0,round,524.8000000001412,1,single,r_b_16.png,shape,round
135501,,c7fbf674-7151-4b31-9215-b4523cffdc16,1,HOZ0d7tg1618658010206,9,figural_single_1_practice,1,,0,round,553.3999999997832,1,single,r_g_02.png,shape,round
135501,,c7fbf674-7151-4b31-9215-b4523cffdc16,1,HOZ0d7tg1618658010206,10,figural_single_1_practice,1,,0,angular,567.1000000002095,1,single,e_b_04.png,shape,angular
135501,,c7fbf674-7151-4b31-9215-b4523cffdc16,1,HOZ0d7tg1618658010206,11,figural_single_1_practice,1,,0,round,382.0000000005166,0,single,e_g_06.png,shape,angular
135501,,c7fbf674-7151-4b31-9215-b4523cffdc16,1,HOZ0d7tg1618658010206,12,figural_single_1_practice,1,,0,round,408.4000000002561,1,single,r_g_15.png,shape,round
135501,,c7fbf674-7151-4b31-9215-b4523cffdc16,1,HOZ0d7tg1618658010206,13,figural_single_1_1,1,,0,round,3190.500000000611,1,single,r_b_01.png,shape,round
135501,,c7fbf674-7151-4b31-9215-b4523cffdc16,1,HOZ0d7tg1618658010206,14,figural_single_1_1,1,,0,angular,789.9999999999636,1,single,e_g_11.png,shape,angular
135501,,c7fbf674-7151-4b31-9215-b4523cffdc16,1,HOZ0d7tg1618658010206,15,figural_single_1_1,1,,0,round,835.2999999997337,1,single,r_b_10.png,shape,round
135501,,c7fbf674-7151-4b31-9215-b4523cffdc16,1,HOZ0d7tg1618658010206,16,figural_single_1_1,1,,0,round,667.3000000000684,1,single,r_b_06.png,shape,round
135501,,c7fbf674-7151-4b31-9215-b4523cffdc16,1,HOZ0d7tg1618658010206,17,figural_single_1_1,1,,0,angular,640.1000000005297,1,single,e_g_07.png,shape,angular
135501,,c7fbf674-7151-4b31-9215-b4523cffdc16,1,HOZ0d7tg1618658010206,18,figural_single_1_1,1,,0,angular,565.4000000004089,1,single,e_g_13.png,shape,angular
135501,,c7fbf674-7151-4b31-9215-b4523cffdc16,1,HOZ0d7tg1618658010206,19,figural_single_1_1,1,,0,round,565.9999999998035,1,single,r_g_06.png,shape,round
135501,,c7fbf674-7151-4b31-9215-b4523cffdc16,1,HOZ0d7tg1618658010206,20,figural_single_1_1,1,,0,angular,558.29999999969,1,single,e_g_16.png,shape,angular
135501,,c7fbf674-7151-4b31-9215-b4523cffdc16,1,HOZ0d7tg1618658010206,21,figural_single_1_1,1,,0,angular,538.0999999997584,1,single,e_b_09.png,shape,angular
135501,,c7fbf674-7151-4b31-9215-b4523cffdc16,1,HOZ0d7tg1618658010206,22,figural_single_1_1,1,,0,angular,1381.9000000003143,1,single,e_b_08.png,shape,angular
135501,,c7fbf674-7151-4b31-9215-b4523cffdc16,1,HOZ0d7tg1618658010206,23,figural_single_1_1,1,,0,round,654.4999999996362,1,single,r_b_12.png,shape,round
135501,,c7fbf674-7151-4b31-9215-b4523cffdc16,1,HOZ0d7tg1618658010206,24,figural_single_1_1,1,,0,angular,656.1000000001513,1,single,e_b_10.png,shape,angular
135501,,c7fbf674-7151-4b31-9215-b4523cffdc16,1,HOZ0d7tg1618658010206,25,figural_single_1_1,1,,0,angular,1360.799999999479,1,single,e_b_05.png,shape,angular
135501,,c7fbf674-7151-4b31-9215-b4523cffdc16,1,HOZ0d7tg1618658010206,26,figural_single_1_1,1,,0,round,753.400000000518,1,single,r_b_13.png,shape,round
135501,,c7fbf674-7151-4b31-9215-b4523cffdc16,1,HOZ0d7tg1618658010206,27,figural_single_1_1,1,,0,round,532.0000000001455,1,single,r_g_15.png,shape,round
135501,,c7fbf674-7151-4b31-9215-b4523cffdc16,1,HOZ0d7tg1618658010206,28,figural_single_1_1,1,,0,angular,715.3000000007596,1,single,e_g_09.png,shape,angular
135501,,c7fbf674-7151-4b31-9215-b4523cffdc16,1,HOZ0d7tg1618658010206,29,figural_single_1_1,1,,0,round,912.0999999995693,1,single,r_g_02.png,shape,round
135501,,c7fbf674-7151-4b31-9215-b4523cffdc16,1,HOZ0d7tg1618658010206,30,figural_single_1_1,1,,0,round,963.8999999997468,1,single,r_b_07.png,shape,round
135501,,c7fbf674-7151-4b31-9215-b4523cffdc16,1,HOZ0d7tg1618658010206,31,figural_single_1_1,1,,0,angular,21640.10000000053,1,single,e_b_06.png,shape,angular
135501,,c7fbf674-7151-4b31-9215-b4523cffdc16,1,HOZ0d7tg1618658010206,32,figural_single_1_1,1,,0,round,1673.4999999998836,1,single,r_b_16.png,shape,round
135501,,c7fbf674-7151-4b31-9215-b4523cffdc16,1,HOZ0d7tg1618658010206,33,figural_single_1_1,1,,0,round,1124.7000000003027,1,single,r_b_02.png,shape,round
135501,,c7fbf674-7151-4b31-9215-b4523cffdc16,1,HOZ0d7tg1618658010206,34,figural_single_1_1,1,,0,angular,1127.6000000007189,1,single,e_g_06.png,shape,angular
135501,,c7fbf674-7151-4b31-9215-b4523cffdc16,1,HOZ0d7tg1618658010206,35,figural_single_1_1,1,,0,round,1071.8999999999069,1,single,r_g_03.png,shape,round
135501,,c7fbf674-7151-4b31-9215-b4523cffdc16,1,HOZ0d7tg1618658010206,36,figural_single_1_1,1,,0,angular,698.8000000001339,1,single,e_g_05.png,shape,angular
135501,,c7fbf674-7151-4b31-9215-b4523cffdc16,1,HOZ0d7tg1618658010206,37,figural_single_1_1,1,,0,angular,669.100000000064,1,single,e_b_13.png,shape,angular
135501,,c7fbf674-7151-4b31-9215-b4523cffdc16,1,HOZ0d7tg1618658010206,38,figural_single_1_1,1,,0,angular,652.399999999936,1,single,e_g_15.png,shape,angular
135501,,c7fbf674-7151-4b31-9215-b4523cffdc16,1,HOZ0d7tg1618658010206,39,figural_single_1_1,1,,0,round,1354.5999999996711,1,single,r_g_08.png,shape,round
135501,,c7fbf674-7151-4b31-9215-b4523cffdc16,1,HOZ0d7tg1618658010206,40,figural_single_1_1,1,,0,round,750.2999999996973,1,single,r_b_05.png,shape,round
135501,,c7fbf674-7151-4b31-9215-b4523cffdc16,1,HOZ0d7tg1618658010206,41,figural_single_1_1,1,,0,angular,671.6999999998807,1,single,e_b_02.png,shape,angular
135501,,c7fbf674-7151-4b31-9215-b4523cffdc16,1,HOZ0d7tg1618658010206,42,figural_single_1_1,1,,0,angular,630.1999999996042,1,single,e_g_14.png,shape,angular
135501,,c7fbf674-7151-4b31-9215-b4523cffdc16,1,HOZ0d7tg1618658010206,43,figural_single_1_1,1,,0,round,764.5000000002328,1,single,r_b_03.png,shape,round
135501,,c7fbf674-7151-4b31-9215-b4523cffdc16,1,HOZ0d7tg1618658010206,44,figural_single_1_1,1,,0,angular,651.7999999996391,1,single,e_b_14.png,shape,angular
135501,,c7fbf674-7151-4b31-9215-b4523cffdc16,1,HOZ0d7tg1618658010206,45,figural_single_1_1,1,,0,angular,722.8999999997468,1,single,e_b_04.png,shape,angular
135501,,c7fbf674-7151-4b31-9215-b4523cffdc16,1,HOZ0d7tg1618658010206,46,figural_single_1_1,1,,0,angular,873.800000000294,1,single,e_b_03.png,shape,angular
135501,,c7fbf674-7151-4b31-9215-b4523cffdc16,1,HOZ0d7tg1618658010206,47,figural_single_1_1,1,,0,round,889.7999999999302,1,single,r_g_16.png,shape,round
135501,,c7fbf674-7151-4b31-9215-b4523cffdc16,1,HOZ0d7tg1618658010206,48,figural_single_1_1,1,,0,round,1031.6000000002532,1,single,r_g_13.png,shape,round
135501,,c7fbf674-7151-4b31-9215-b4523cffdc16,1,HOZ0d7tg1618658010206,49,figural_single_1_1,1,,0,round,3267.6000000001222,1,single,r_g_14.png,shape,round
135501,,c7fbf674-7151-4b31-9215-b4523cffdc16,1,HOZ0d7tg1618658010206,50,figural_single_1_1,1,,0,angular,968.1999999993423,1,single,e_g_08.png,shape,angular
135501,,c7fbf674-7151-4b31-9215-b4523cffdc16,1,HOZ0d7tg1618658010206,51,figural_single_1_1,1,,0,round,1058,1,single,r_g_09.png,shape,round
135501,,c7fbf674-7151-4b31-9215-b4523cffdc16,1,HOZ0d7tg1618658010206,52,figural_single_1_1,1,,0,angular,646.6000000000349,1,single,e_g_04.png,shape,angular
135501,,c7fbf674-7151-4b31-9215-b4523cffdc16,1,HOZ0d7tg1618658010206,53,figural_single_1_1,1,,0,angular,728.2000000004628,1,single,e_b_15.png,shape,angular
135501,,c7fbf674-7151-4b31-9215-b4523cffdc16,1,HOZ0d7tg1618658010206,54,figural_single_1_1,1,,0,round,689.000000000291,1,single,r_g_04.png,shape,round
135501,,c7fbf674-7151-4b31-9215-b4523cffdc16,1,HOZ0d7tg1618658010206,55,figural_single_1_1,1,,0,angular,604.0000000002765,1,single,e_b_07.png,shape,angular
135501,,c7fbf674-7151-4b31-9215-b4523cffdc16,1,HOZ0d7tg1618658010206,56,figural_single_1_1,1,,0,angular,1442.1000000002095,1,single,e_b_16.png,shape,angular
135501,,c7fbf674-7151-4b31-9215-b4523cffdc16,1,HOZ0d7tg1618658010206,57,figural_single_1_1,1,,0,round,559.9000000001979,1,single,r_b_08.png,shape,round
135501,,c7fbf674-7151-4b31-9215-b4523cffdc16,1,HOZ0d7tg1618658010206,58,figural_single_1_1,1,,0,angular,481.8000000004686,1,single,e_g_12.png,shape,angular
135501,,c7fbf674-7151-4b31-9215-b4523cffdc16,1,HOZ0d7tg1618658010206,59,figural_single_1_1,1,,0,round,606.3000000003667,1,single,r_b_14.png,shape,round
135501,,c7fbf674-7151-4b31-9215-b4523cffdc16,1,HOZ0d7tg1618658010206,60,figural_single_1_1,1,,0,round,686.4999999997963,1,single,r_g_05.png,shape,round
135501,,c7fbf674-7151-4b31-9215-b4523cffdc16,1,HOZ0d7tg1618658010206,61,figural_single_1_1,1,,0,round,577.900000000227,1,single,r_g_01.png,shape,round
135501,,c7fbf674-7151-4b31-9215-b4523cffdc16,1,HOZ0d7tg1618658010206,62,figural_single_1_1,1,,0,angular,594.5000000001455,1,single,e_g_02.png,shape,angular
135501,,c7fbf674-7151-4b31-9215-b4523cffdc16,1,HOZ0d7tg1618658010206,63,figural_single_1_1,1,,0,round,1098.7999999997555,1,single,r_g_11.png,shape,round
135501,,c7fbf674-7151-4b31-9215-b4523cffdc16,1,HOZ0d7tg1618658010206,64,figural_single_1_1,1,,0,angular,927.8000000003958,0,single,r_g_10.png,shape,round
135501,,c7fbf674-7151-4b31-9215-b4523cffdc16,1,HOZ0d7tg1618658010206,65,figural_single_1_1,1,,0,round,814.1999999997788,1,single,r_b_04.png,shape,round
135501,,c7fbf674-7151-4b31-9215-b4523cffdc16,1,HOZ0d7tg1618658010206,66,figural_single_1_1,1,,0,angular,1448.199999999808,1,single,e_g_01.png,shape,angular
135501,,c7fbf674-7151-4b31-9215-b4523cffdc16,1,HOZ0d7tg1618658010206,67,figural_single_1_1,1,,0,round,3069.599999999802,1,single,r_b_09.png,shape,round
135501,,c7fbf674-7151-4b31-9215-b4523cffdc16,1,HOZ0d7tg1618658010206,68,figural_single_1_1,1,,0,round,632.5999999999185,1,single,r_b_15.png,shape,round
135501,,c7fbf674-7151-4b31-9215-b4523cffdc16,1,HOZ0d7tg1618658010206,69,figural_single_1_1,1,,0,round,7148.999999999447,1,single,r_g_07.png,shape,round
135501,,c7fbf674-7151-4b31-9215-b4523cffdc16,1,HOZ0d7tg1618658010206,70,figural_single_1_1,1,,0,angular,2525.20000000007,1,single,e_b_01.png,shape,angular
135501,,c7fbf674-7151-4b31-9215-b4523cffdc16,1,HOZ0d7tg1618658010206,71,figural_single_1_1,1,,0,angular,1319.9000000004307,1,single,e_b_12.png,shape,angular
135501,,c7fbf674-7151-4b31-9215-b4523cffdc16,1,HOZ0d7tg1618658010206,72,figural_single_1_1,1,,0,round,1451.6999999996042,1,single,r_b_11.png,shape,round
135501,,c7fbf674-7151-4b31-9215-b4523cffdc16,1,HOZ0d7tg1618658010206,73,figural_single_1_1,1,,0,round,1029.5999999998312,1,single,r_g_12.png,shape,round
135501,,c7fbf674-7151-4b31-9215-b4523cffdc16,1,HOZ0d7tg1618658010206,74,figural_single_1_1,1,,0,angular,1725.7999999992608,1,single,e_g_03.png,shape,angular
135501,,c7fbf674-7151-4b31-9215-b4523cffdc16,1,HOZ0d7tg1618658010206,75,figural_single_1_1,1,,0,angular,808.8999999999942,1,single,e_g_10.png,shape,angular
135501,,c7fbf674-7151-4b31-9215-b4523cffdc16,1,HOZ0d7tg1618658010206,76,figural_single_1_1,1,,0,angular,649.0999999996275,1,single,e_b_11.png,shape,angular
135501,,c7fbf674-7151-4b31-9215-b4523cffdc16,1,HOZ0d7tg1618658010206,77,figural_single_2_practice,1,,0,blue,2458.5999999999185,1,single,r_b_07.png,color,blue
135501,,c7fbf674-7151-4b31-9215-b4523cffdc16,1,HOZ0d7tg1618658010206,78,figural_single_2_practice,1,,0,green,1477.2000000002445,1,single,r_g_09.png,color,green
135501,,c7fbf674-7151-4b31-9215-b4523cffdc16,1,HOZ0d7tg1618658010206,79,figural_single_2_practice,1,,0,green,1465.2000000005355,1,single,e_g_04.png,color,green
135501,,c7fbf674-7151-4b31-9215-b4523cffdc16,1,HOZ0d7tg1618658010206,80,figural_single_2_practice,1,,0,blue,958.9000000005472,1,single,r_b_14.png,color,blue
135501,,c7fbf674-7151-4b31-9215-b4523cffdc16,1,HOZ0d7tg1618658010206,81,figural_single_2_practice,1,,0,blue,1077.1999999997206,1,single,e_b_06.png,color,blue
135501,,c7fbf674-7151-4b31-9215-b4523cffdc16,1,HOZ0d7tg1618658010206,82,figural_single_2_practice,1,,0,green,702.4999999994179,1,single,e_g_10.png,color,green
135501,,c7fbf674-7151-4b31-9215-b4523cffdc16,1,HOZ0d7tg1618658010206,83,figural_single_2_practice,1,,0,blue,2240.999999999971,1,single,e_b_16.png,color,blue
135501,,c7fbf674-7151-4b31-9215-b4523cffdc16,1,HOZ0d7tg1618658010206,84,figural_single_2_practice,1,,0,green,852.3999999997613,1,single,e_g_08.png,color,green
135501,,c7fbf674-7151-4b31-9215-b4523cffdc16,1,HOZ0d7tg1618658010206,85,figural_single_2_practice,1,,0,blue,851.8999999996449,1,single,e_b_02.png,color,blue
135501,,c7fbf674-7151-4b31-9215-b4523cffdc16,1,HOZ0d7tg1618658010206,86,figural_single_2_practice,1,,0,green,771.9999999999127,1,single,r_g_03.png,color,green
135501,,c7fbf674-7151-4b31-9215-b4523cffdc16,1,HOZ0d7tg1618658010206,87,figural_single_2_practice,1,,0,blue,860.4999999997963,1,single,r_b_13.png,color,blue
135501,,c7fbf674-7151-4b31-9215-b4523cffdc16,1,HOZ0d7tg1618658010206,88,figural_single_2_practice,1,,0,green,716.199999999837,1,single,r_g_01.png,color,green
135501,,c7fbf674-7151-4b31-9215-b4523cffdc16,1,HOZ0d7tg1618658010206,89,figural_single_2_1,1,,0,green,4926.699999999953,1,single,r_g_07.png,color,green
135501,,c7fbf674-7151-4b31-9215-b4523cffdc16,1,HOZ0d7tg1618658010206,90,figural_single_2_1,1,,0,blue,906.3000000005413,1,single,r_b_03.png,color,blue
135501,,c7fbf674-7151-4b31-9215-b4523cffdc16,1,HOZ0d7tg1618658010206,91,figural_single_2_1,1,,0,green,700.8000000005122,1,single,r_g_08.png,color,green
135501,,c7fbf674-7151-4b31-9215-b4523cffdc16,1,HOZ0d7tg1618658010206,92,figural_single_2_1,1,,0,green,1008.2000000002154,1,single,e_g_01.png,color,green
135501,,c7fbf674-7151-4b31-9215-b4523cffdc16,1,HOZ0d7tg1618658010206,93,figural_single_2_1,1,,0,green,742.4000000000815,1,single,e_g_09.png,color,green
135501,,c7fbf674-7151-4b31-9215-b4523cffdc16,1,HOZ0d7tg1618658010206,94,figural_single_2_1,1,,0,blue,560.0000000004075,1,single,r_b_08.png,color,blue
135501,,c7fbf674-7151-4b31-9215-b4523cffdc16,1,HOZ0d7tg1618658010206,95,figural_single_2_1,1,,0,blue,563.0000000000873,1,single,e_b_03.png,color,blue
135501,,c7fbf674-7151-4b31-9215-b4523cffdc16,1,HOZ0d7tg1618658010206,96,figural_single_2_1,1,,0,green,597.7000000002736,1,single,e_g_07.png,color,green
135501,,c7fbf674-7151-4b31-9215-b4523cffdc16,1,HOZ0d7tg1618658010206,97,figural_single_2_1,1,,0,blue,464.10000000012224,1,single,e_b_02.png,color,blue
135501,,c7fbf674-7151-4b31-9215-b4523cffdc16,1,HOZ0d7tg1618658010206,98,figural_single_2_1,1,,0,green,405.6000000000349,1,single,e_g_04.png,color,green
135501,,c7fbf674-7151-4b31-9215-b4523cffdc16,1,HOZ0d7tg1618658010206,99,figural_single_2_1,1,,0,blue,567.600000000326,0,single,r_g_06.png,color,green
135501,,c7fbf674-7151-4b31-9215-b4523cffdc16,1,HOZ0d7tg1618658010206,100,figural_single_2_1,1,,0,blue,732.7999999997555,1,single,e_b_08.png,color,blue
135501,,c7fbf674-7151-4b31-9215-b4523cffdc16,1,HOZ0d7tg1618658010206,101,figural_single_2_1,1,,0,green,504.10000000009313,1,single,e_g_16.png,color,green
135501,,c7fbf674-7151-4b31-9215-b4523cffdc16,1,HOZ0d7tg1618658010206,102,figural_single_2_1,1,,0,blue,459.4999999999418,1,single,e_b_06.png,color,blue
135501,,c7fbf674-7151-4b31-9215-b4523cffdc16,1,HOZ0d7tg1618658010206,103,figural_single_2_1,1,,0,blue,1368.2000000007974,1,single,e_b_04.png,color,blue
135501,,c7fbf674-7151-4b31-9215-b4523cffdc16,1,HOZ0d7tg1618658010206,104,figural_single_2_1,1,,0,green,565.1999999999825,1,single,r_g_10.png,color,green
135501,,c7fbf674-7151-4b31-9215-b4523cffdc16,1,HOZ0d7tg1618658010206,105,figural_single_2_1,1,,0,blue,490.0999999999767,1,single,e_b_12.png,color,blue
135501,,c7fbf674-7151-4b31-9215-b4523cffdc16,1,HOZ0d7tg1618658010206,106,figural_single_2_1,1,,0,blue,463.20000000015716,1,single,r_b_09.png,color,blue
135501,,c7fbf674-7151-4b31-9215-b4523cffdc16,1,HOZ0d7tg1618658010206,107,figural_single_2_1,1,,0,green,406.2000000003318,1,single,r_g_15.png,color,green
135501,,c7fbf674-7151-4b31-9215-b4523cffdc16,1,HOZ0d7tg1618658010206,108,figural_single_2_1,1,,0,green,406.10000000015134,1,single,e_g_08.png,color,green
135501,,c7fbf674-7151-4b31-9215-b4523cffdc16,1,HOZ0d7tg1618658010206,109,figural_single_2_1,1,,0,blue,420.2999999997555,1,single,e_b_11.png,color,blue
135501,,c7fbf674-7151-4b31-9215-b4523cffdc16,1,HOZ0d7tg1618658010206,110,figural_single_2_1,1,,0,blue,420.9000000000524,1,single,r_b_13.png,color,blue
135501,,c7fbf674-7151-4b31-9215-b4523cffdc16,1,HOZ0d7tg1618658010206,111,figural_single_2_1,1,,0,green,425.79999999998836,0,single,r_b_12.png,color,blue
135501,,c7fbf674-7151-4b31-9215-b4523cffdc16,1,HOZ0d7tg1618658010206,112,figural_single_2_1,1,,0,blue,434.4000000001106,1,single,r_b_15.png,color,blue
135501,,c7fbf674-7151-4b31-9215-b4523cffdc16,1,HOZ0d7tg1618658010206,113,figural_single_2_1,1,,0,green,638.29999999961,1,single,e_g_05.png,color,green
135501,,c7fbf674-7151-4b31-9215-b4523cffdc16,1,HOZ0d7tg1618658010206,114,figural_single_2_1,1,,0,green,395.3000000001048,1,single,r_g_12.png,color,green
135501,,c7fbf674-7151-4b31-9215-b4523cffdc16,1,HOZ0d7tg1618658010206,115,figural_single_2_1,1,,0,blue,523.3000000007451,1,single,r_b_02.png,color,blue
135501,,c7fbf674-7151-4b31-9215-b4523cffdc16,1,HOZ0d7tg1618658010206,116,figural_single_2_1,1,,0,blue,1286.2000000004773,1,single,r_b_01.png,color,blue
135501,,c7fbf674-7151-4b31-9215-b4523cffdc16,1,HOZ0d7tg1618658010206,117,figural_single_2_1,1,,0,blue,464.7999999997555,1,single,r_b_07.png,color,blue
135501,,c7fbf674-7151-4b31-9215-b4523cffdc16,1,HOZ0d7tg1618658010206,118,figural_single_2_1,1,,0,green,568.1000000003842,1,single,e_g_15.png,color,green
135501,,c7fbf674-7151-4b31-9215-b4523cffdc16,1,HOZ0d7tg1618658010206,119,figural_single_2_1,1,,0,green,475.8999999994703,1,single,e_g_11.png,color,green
135501,,c7fbf674-7151-4b31-9215-b4523cffdc16,1,HOZ0d7tg1618658010206,120,figural_single_2_1,1,,0,blue,542.4000000002561,1,single,e_b_07.png,color,blue
135501,,c7fbf674-7151-4b31-9215-b4523cffdc16,1,HOZ0d7tg1618658010206,121,figural_single_2_1,1,,0,green,520.8999999994994,1,single,r_g_04.png,color,green
135501,,c7fbf674-7151-4b31-9215-b4523cffdc16,1,HOZ0d7tg1618658010206,122,figural_single_2_1,1,,0,green,493.5999999998021,1,single,e_g_02.png,color,green
135501,,c7fbf674-7151-4b31-9215-b4523cffdc16,1,HOZ0d7tg1618658010206,123,figural_single_2_1,1,,0,blue,460.4999999992142,1,single,e_b_01.png,color,blue
135501,,c7fbf674-7151-4b31-9215-b4523cffdc16,1,HOZ0d7tg1618658010206,124,figural_single_2_1,1,,0,blue,600.4000000002561,1,single,r_b_05.png,color,blue
135501,,c7fbf674-7151-4b31-9215-b4523cffdc16,1,HOZ0d7tg1618658010206,125,figural_single_2_1,1,,0,green,432.7999999995809,1,single,e_g_03.png,color,green
135501,,c7fbf674-7151-4b31-9215-b4523cffdc16,1,HOZ0d7tg1618658010206,126,figural_single_2_1,1,,0,blue,599.7999999999302,1,single,r_b_04.png,color,blue
135501,,c7fbf674-7151-4b31-9215-b4523cffdc16,1,HOZ0d7tg1618658010206,127,figural_single_2_1,1,,0,green,502.49999999962165,1,single,e_g_06.png,color,green
135501,,c7fbf674-7151-4b31-9215-b4523cffdc16,1,HOZ0d7tg1618658010206,128,figural_single_2_1,1,,0,green,441.7000000003318,1,single,e_g_12.png,color,green
135501,,c7fbf674-7151-4b31-9215-b4523cffdc16,1,HOZ0d7tg1618658010206,129,figural_single_2_1,1,,0,green,495.5,1,single,r_g_14.png,color,green
135501,,c7fbf674-7151-4b31-9215-b4523cffdc16,1,HOZ0d7tg1618658010206,130,figural_single_2_1,1,,0,blue,483.79999999998836,1,single,e_b_09.png,color,blue
135501,,c7fbf674-7151-4b31-9215-b4523cffdc16,1,HOZ0d7tg1618658010206,131,figural_single_2_1,1,,0,blue,505.5000000002037,1,single,e_b_16.png,color,blue
135501,,c7fbf674-7151-4b31-9215-b4523cffdc16,1,HOZ0d7tg1618658010206,132,figural_single_2_1,1,,0,blue,427.9999999998836,0,single,r_g_01.png,color,green
135501,,c7fbf674-7151-4b31-9215-b4523cffdc16,1,HOZ0d7tg1618658010206,133,figural_single_2_1,1,,0,green,522.9999999992433,1,single,r_g_09.png,color,green
135501,,c7fbf674-7151-4b31-9215-b4523cffdc16,1,HOZ0d7tg1618658010206,134,figural_single_2_1,1,,0,green,437.40000000069267,1,single,e_g_13.png,color,green
135501,,c7fbf674-7151-4b31-9215-b4523cffdc16,1,HOZ0d7tg1618658010206,135,figural_single_2_1,1,,0,blue,458.89999999964493,1,single,r_b_06.png,color,blue
135501,,c7fbf674-7151-4b31-9215-b4523cffdc16,1,HOZ0d7tg1618658010206,136,figural_single_2_1,1,,0,blue,489.5000000006112,1,single,r_b_14.png,color,blue
135501,,c7fbf674-7151-4b31-9215-b4523cffdc16,1,HOZ0d7tg1618658010206,137,figural_single_2_1,1,,0,green,525.7000000001281,1,single,r_g_05.png,color,green
135501,,c7fbf674-7151-4b31-9215-b4523cffdc16,1,HOZ0d7tg1618658010206,138,figural_single_2_1,1,,0,green,519.5999999996275,1,single,e_g_10.png,color,green
135501,,c7fbf674-7151-4b31-9215-b4523cffdc16,1,HOZ0d7tg1618658010206,139,figural_single_2_1,1,,0,green,488.4000000001688,1,single,r_g_02.png,color,green
135501,,c7fbf674-7151-4b31-9215-b4523cffdc16,1,HOZ0d7tg1618658010206,140,figural_single_2_1,1,,0,blue,661.6999999996624,1,single,e_b_10.png,color,blue
135501,,c7fbf674-7151-4b31-9215-b4523cffdc16,1,HOZ0d7tg1618658010206,141,figural_single_2_1,1,,0,blue,650.2000000000698,1,single,r_b_16.png,color,blue
135501,,c7fbf674-7151-4b31-9215-b4523cffdc16,1,HOZ0d7tg1618658010206,142,figural_single_2_1,1,,0,green,534.5999999999476,1,single,r_g_11.png,color,green
135501,,c7fbf674-7151-4b31-9215-b4523cffdc16,1,HOZ0d7tg1618658010206,143,figural_single_2_1,1,,0,green,620.5,1,single,r_g_03.png,color,green
135501,,c7fbf674-7151-4b31-9215-b4523cffdc16,1,HOZ0d7tg1618658010206,144,figural_single_2_1,1,,0,blue,530.3000000003376,1,single,e_b_14.png,color,blue
135501,,c7fbf674-7151-4b31-9215-b4523cffdc16,1,HOZ0d7tg1618658010206,145,figural_single_2_1,1,,0,blue,695.7000000002154,1,single,e_b_13.png,color,blue
135501,,c7fbf674-7151-4b31-9215-b4523cffdc16,1,HOZ0d7tg1618658010206,146,figural_single_2_1,1,,0,blue,641.9999999998254,1,single,r_b_10.png,color,blue
135501,,c7fbf674-7151-4b31-9215-b4523cffdc16,1,HOZ0d7tg1618658010206,147,figural_single_2_1,1,,0,green,1377.2000000007974,1,single,e_g_14.png,color,green
135501,,c7fbf674-7151-4b31-9215-b4523cffdc16,1,HOZ0d7tg1618658010206,148,figural_single_2_1,1,,0,blue,577.5999999996275,1,single,e_b_15.png,color,blue
135501,,c7fbf674-7151-4b31-9215-b4523cffdc16,1,HOZ0d7tg1618658010206,149,figural_single_2_1,1,,0,green,472.3000000003667,0,single,e_b_05.png,color,blue
135501,,c7fbf674-7151-4b31-9215-b4523cffdc16,1,HOZ0d7tg1618658010206,150,figural_single_2_1,1,,0,blue,566.6999999994005,1,single,r_b_11.png,color,blue
135501,,c7fbf674-7151-4b31-9215-b4523cffdc16,1,HOZ0d7tg1618658010206,151,figural_single_2_1,1,,0,green,537.5000000003492,1,single,r_g_13.png,color,green
135501,,c7fbf674-7151-4b31-9215-b4523cffdc16,1,HOZ0d7tg1618658010206,152,figural_single_2_1,1,,0,green,497.00000000029104,1,single,r_g_16.png,color,green
135501,,c7fbf674-7151-4b31-9215-b4523cffdc16,1,HOZ0d7tg1618658010206,153,figural_mixed_practice,1,,0,angular,1125.6999999996042,1,start,e_g_13.png,shape,angular
135501,,c7fbf674-7151-4b31-9215-b4523cffdc16,1,HOZ0d7tg1618658010206,154,figural_mixed_practice,1,,0,angular,1364.3999999994703,1,repetition,e_g_15.png,shape,angular
135501,,c7fbf674-7151-4b31-9215-b4523cffdc16,1,HOZ0d7tg1618658010206,155,figural_mixed_practice,1,,0,blue,714.8999999999651,1,switch,r_b_02.png,color,blue
135501,,c7fbf674-7151-4b31-9215-b4523cffdc16,1,HOZ0d7tg1618658010206,156,figural_mixed_practice,1,,0,green,1259.1000000002095,1,repetition,r_g_10.png,color,green
135501,,c7fbf674-7151-4b31-9215-b4523cffdc16,1,HOZ0d7tg1618658010206,157,figural_mixed_practice,1,,0,round,1221.1000000006752,1,switch,r_b_03.png,shape,round
135501,,c7fbf674-7151-4b31-9215-b4523cffdc16,1,HOZ0d7tg1618658010206,158,figural_mixed_practice,1,,0,blue,3112.4999999992433,1,switch,e_b_11.png,color,blue
135501,,c7fbf674-7151-4b31-9215-b4523cffdc16,1,HOZ0d7tg1618658010206,159,figural_mixed_practice,1,,0,green,877.5999999998021,1,repetition,r_g_06.png,color,green
135501,,c7fbf674-7151-4b31-9215-b4523cffdc16,1,HOZ0d7tg1618658010206,160,figural_mixed_practice,1,,0,round,915.8999999999651,1,switch,r_b_08.png,shape,round
135501,,c7fbf674-7151-4b31-9215-b4523cffdc16,1,HOZ0d7tg1618658010206,161,figural_mixed_practice,1,,0,angular,831.6999999997206,1,repetition,e_b_12.png,shape,angular
135501,,c7fbf674-7151-4b31-9215-b4523cffdc16,1,HOZ0d7tg1618658010206,162,figural_mixed_practice,1,,0,round,922.5000000005821,1,repetition,r_g_04.png,shape,round
135501,,c7fbf674-7151-4b31-9215-b4523cffdc16,1,HOZ0d7tg1618658010206,163,figural_mixed_practice,1,,0,blue,1034.7000000001863,1,switch,e_b_01.png,color,blue
135501,,c7fbf674-7151-4b31-9215-b4523cffdc16,1,HOZ0d7tg1618658010206,164,figural_mixed_practice,1,,0,green,997.9000000002561,1,repetition,e_g_05.png,color,green
135501,,c7fbf674-7151-4b31-9215-b4523cffdc16,1,HOZ0d7tg1618658010206,165,figural_mixed,1,,0,green,2944.500000000524,1,start,r_g_12.png,color,green
135501,,c7fbf674-7151-4b31-9215-b4523cffdc16,1,HOZ0d7tg1618658010206,166,figural_mixed,1,,0,green,1664.600000000035,1,repetition,e_g_16.png,color,green
135501,,c7fbf674-7151-4b31-9215-b4523cffdc16,1,HOZ0d7tg1618658010206,167,figural_mixed,1,,0,round,860.5999999999767,1,switch,r_b_01.png,shape,round
135501,,c7fbf674-7151-4b31-9215-b4523cffdc16,1,HOZ0d7tg1618658010206,168,figural_mixed,1,,0,blue,805.4999999994761,1,switch,e_b_10.png,color,blue
135501,,c7fbf674-7151-4b31-9215-b4523cffdc16,1,HOZ0d7tg1618658010206,169,figural_mixed,1,,0,angular,852.7000000003609,0,switch,r_g_07.png,shape,round
135501,,c7fbf674-7151-4b31-9215-b4523cffdc16,1,HOZ0d7tg1618658010206,170,figural_mixed,1,,0,angular,671.8000000000466,1,repetition,e_g_16.png,shape,angular
135501,,c7fbf674-7151-4b31-9215-b4523cffdc16,1,HOZ0d7tg1618658010206,171,figural_mixed,1,,0,round,751.500000000291,0,repetition,e_b_11.png,shape,angular
135501,,c7fbf674-7151-4b31-9215-b4523cffdc16,1,HOZ0d7tg1618658010206,172,figural_mixed,1,,0,blue,703.9999999997672,1,switch,e_b_12.png,color,blue
135501,,c7fbf674-7151-4b31-9215-b4523cffdc16,1,HOZ0d7tg1618658010206,173,figural_mixed,1,,0,blue,1012.0999999999185,1,repetition,r_b_05.png,color,blue
135501,,c7fbf674-7151-4b31-9215-b4523cffdc16,1,HOZ0d7tg1618658010206,174,figural_mixed,1,,0,angular,812.2999999996391,1,switch,e_b_15.png,shape,angular
135501,,c7fbf674-7151-4b31-9215-b4523cffdc16,1,HOZ0d7tg1618658010206,175,figural_mixed,1,,0,round,867.4000000000815,1,repetition,r_g_01.png,shape,round
135501,,c7fbf674-7151-4b31-9215-b4523cffdc16,1,HOZ0d7tg1618658010206,176,figural_mixed,1,,0,green,932.7000000003027,1,switch,r_g_11.png,color,green
135501,,c7fbf674-7151-4b31-9215-b4523cffdc16,1,HOZ0d7tg1618658010206,177,figural_mixed,1,,0,blue,850.3000000000466,1,repetition,e_b_14.png,color,blue
135501,,c7fbf674-7151-4b31-9215-b4523cffdc16,1,HOZ0d7tg1618658010206,178,figural_mixed,1,,0,green,790.2000000003609,1,repetition,r_g_05.png,color,green
135501,,c7fbf674-7151-4b31-9215-b4523cffdc16,1,HOZ0d7tg1618658010206,179,figural_mixed,1,,0,angular,1096.3999999994412,1,switch,e_g_09.png,shape,angular
135501,,c7fbf674-7151-4b31-9215-b4523cffdc16,1,HOZ0d7tg1618658010206,180,figural_mixed,1,,0,round,604.6999999998952,1,repetition,r_b_04.png,shape,round
135501,,c7fbf674-7151-4b31-9215-b4523cffdc16,1,HOZ0d7tg1618658010206,181,figural_mixed,1,,0,round,744.6000000000349,1,repetition,r_g_12.png,shape,round
135501,,c7fbf674-7151-4b31-9215-b4523cffdc16,1,HOZ0d7tg1618658010206,182,figural_mixed,1,,0,round,687.8999999999069,1,repetition,r_b_02.png,shape,round
135501,,c7fbf674-7151-4b31-9215-b4523cffdc16,1,HOZ0d7tg1618658010206,183,figural_mixed,1,,0,green,827.5000000003492,1,switch,r_g_04.png,color,green
135501,,c7fbf674-7151-4b31-9215-b4523cffdc16,1,HOZ0d7tg1618658010206,184,figural_mixed,1,,0,blue,1476.0999999998603,1,repetition,e_b_02.png,color,blue
135501,,c7fbf674-7151-4b31-9215-b4523cffdc16,1,HOZ0d7tg1618658010206,185,figural_mixed,1,,0,blue,611.6000000002095,1,repetition,r_b_16.png,color,blue
135501,,c7fbf674-7151-4b31-9215-b4523cffdc16,1,HOZ0d7tg1618658010206,186,figural_mixed,1,,0,angular,767.3000000003958,1,switch,e_g_03.png,shape,angular
135501,,c7fbf674-7151-4b31-9215-b4523cffdc16,1,HOZ0d7tg1618658010206,187,figural_mixed,1,,0,blue,734.999999999709,1,switch,r_b_10.png,color,blue
135501,,c7fbf674-7151-4b31-9215-b4523cffdc16,1,HOZ0d7tg1618658010206,188,figural_mixed,1,,0,green,710,1,repetition,e_g_03.png,color,green
135501,,c7fbf674-7151-4b31-9215-b4523cffdc16,1,HOZ0d7tg1618658010206,189,figural_mixed,1,,0,blue,774.3000000000466,0,repetition,r_g_06.png,color,green
135501,,c7fbf674-7151-4b31-9215-b4523cffdc16,1,HOZ0d7tg1618658010206,190,figural_mixed,1,,0,round,815.0999999998021,1,switch,r_b_09.png,shape,round
135501,,c7fbf674-7151-4b31-9215-b4523cffdc16,1,HOZ0d7tg1618658010206,191,figural_mixed,1,,0,blue,621.599999999511,1,switch,r_b_02.png,color,blue
135501,,c7fbf674-7151-4b31-9215-b4523cffdc16,1,HOZ0d7tg1618658010206,192,figural_mixed,1,,0,green,620.8999999998487,1,repetition,r_g_01.png,color,green
135501,,c7fbf674-7151-4b31-9215-b4523cffdc16,1,HOZ0d7tg1618658010206,193,figural_mixed,1,,0,angular,2021.800000000454,1,switch,e_g_07.png,shape,angular
135501,,c7fbf674-7151-4b31-9215-b4523cffdc16,1,HOZ0d7tg1618658010206,194,figural_mixed,1,,0,blue,698.7000000008265,1,switch,r_b_13.png,color,blue
135501,,c7fbf674-7151-4b31-9215-b4523cffdc16,1,HOZ0d7tg1618658010206,195,figural_mixed,1,,0,angular,1117.4000000000815,1,switch,e_b_14.png,shape,angular
135501,,c7fbf674-7151-4b31-9215-b4523cffdc16,1,HOZ0d7tg1618658010206,196,figural_mixed,1,,0,round,1104.4000000001397,1,repetition,r_g_09.png,shape,round
135501,,c7fbf674-7151-4b31-9215-b4523cffdc16,1,HOZ0d7tg1618658010206,197,figural_mixed,1,,0,round,1002.3000000001048,1,repetition,r_b_11.png,shape,round
135501,,c7fbf674-7151-4b31-9215-b4523cffdc16,1,HOZ0d7tg1618658010206,198,figural_mixed,1,,0,green,926.4000000003143,1,switch,r_g_07.png,color,green
135501,,c7fbf674-7151-4b31-9215-b4523cffdc16,1,HOZ0d7tg1618658010206,199,figural_mixed,1,,0,angular,824.9999999998254,1,switch,e_b_04.png,shape,angular
135501,,c7fbf674-7151-4b31-9215-b4523cffdc16,1,HOZ0d7tg1618658010206,200,figural_mixed,1,,0,angular,933.2999999996973,0,repetition,r_g_14.png,shape,round
135501,,c7fbf674-7151-4b31-9215-b4523cffdc16,1,HOZ0d7tg1618658010206,201,figural_mixed,1,,0,green,1468.8999999998487,0,switch,e_b_09.png,color,blue
135501,,c7fbf674-7151-4b31-9215-b4523cffdc16,1,HOZ0d7tg1618658010206,202,figural_mixed,1,,0,angular,802.9999999998836,1,switch,e_g_10.png,shape,angular
135501,,c7fbf674-7151-4b31-9215-b4523cffdc16,1,HOZ0d7tg1618658010206,203,figural_mixed,1,,0,green,912.2999999999302,1,switch,r_g_15.png,color,green
135501,,c7fbf674-7151-4b31-9215-b4523cffdc16,1,HOZ0d7tg1618658010206,204,figural_mixed,1,,0,green,957.0000000003492,1,repetition,e_g_14.png,color,green
135501,,c7fbf674-7151-4b31-9215-b4523cffdc16,1,HOZ0d7tg1618658010206,205,figural_mixed,1,,0,blue,898.100000000326,1,repetition,r_b_07.png,color,blue
135501,,c7fbf674-7151-4b31-9215-b4523cffdc16,1,HOZ0d7tg1618658010206,206,figural_mixed,1,,0,blue,906.699999999546,1,repetition,r_b_09.png,color,blue
135501,,c7fbf674-7151-4b31-9215-b4523cffdc16,1,HOZ0d7tg1618658010206,207,figural_mixed,1,,0,angular,728.0000000000582,1,switch,e_g_14.png,shape,angular
135501,,c7fbf674-7151-4b31-9215-b4523cffdc16,1,HOZ0d7tg1618658010206,208,figural_mixed,1,,0,angular,817.3999999999069,1,repetition,e_g_13.png,shape,angular
135501,,c7fbf674-7151-4b31-9215-b4523cffdc16,1,HOZ0d7tg1618658010206,209,figural_mixed,1,,0,blue,878.6000000000349,1,switch,e_b_04.png,color,blue
135501,,c7fbf674-7151-4b31-9215-b4523cffdc16,1,HOZ0d7tg1618658010206,210,figural_mixed,1,,0,green,756.3000000000466,1,repetition,e_g_10.png,color,green
135501,,c7fbf674-7151-4b31-9215-b4523cffdc16,1,HOZ0d7tg1618658010206,211,figural_mixed,1,,0,green,1813.9000000000815,1,repetition,e_g_04.png,color,green
135501,,c7fbf674-7151-4b31-9215-b4523cffdc16,1,HOZ0d7tg1618658010206,212,figural_mixed,1,,0,angular,876.9000000001979,1,switch,e_b_07.png,shape,angular
135501,,c7fbf674-7151-4b31-9215-b4523cffdc16,1,HOZ0d7tg1618658010206,213,figural_mixed,1,,0,round,969.2999999997555,1,repetition,r_g_11.png,shape,round
135501,,c7fbf674-7151-4b31-9215-b4523cffdc16,1,HOZ0d7tg1618658010206,214,figural_mixed,1,,0,round,809.500000000291,1,repetition,r_g_04.png,shape,round
135501,,c7fbf674-7151-4b31-9215-b4523cffdc16,1,HOZ0d7tg1618658010206,215,figural_mixed,1,,0,angular,850.5999999997439,1,repetition,e_g_15.png,shape,angular
135501,,c7fbf674-7151-4b31-9215-b4523cffdc16,1,HOZ0d7tg1618658010206,216,figural_mixed,1,,0,green,831.7000000006519,1,switch,e_g_11.png,color,green
135501,,c7fbf674-7151-4b31-9215-b4523cffdc16,1,HOZ0d7tg1618658010206,217,figural_mixed,1,,0,round,1096.500000000582,1,switch,r_g_08.png,shape,round
135501,,c7fbf674-7151-4b31-9215-b4523cffdc16,1,HOZ0d7tg1618658010206,218,figural_mixed,1,,0,round,2066.600000000093,1,repetition,r_g_10.png,shape,round
135501,,c7fbf674-7151-4b31-9215-b4523cffdc16,1,HOZ0d7tg1618658010206,219,figural_mixed,1,,0,green,705.2999999995809,1,switch,e_g_15.png,color,green
135501,,c7fbf674-7151-4b31-9215-b4523cffdc16,1,HOZ0d7tg1618658010206,220,figural_mixed,1,,0,green,622.6999999998952,1,repetition,r_g_02.png,color,green
135501,,c7fbf674-7151-4b31-9215-b4523cffdc16,1,HOZ0d7tg1618658010206,221,figural_mixed,1,,0,round,962.1999999998952,0,switch,e_b_01.png,shape,angular
135501,,c7fbf674-7151-4b31-9215-b4523cffdc16,1,HOZ0d7tg1618658010206,222,figural_mixed,1,,0,blue,981.6000000000931,1,switch,e_b_15.png,color,blue
135501,,c7fbf674-7151-4b31-9215-b4523cffdc16,1,HOZ0d7tg1618658010206,223,figural_mixed,1,,0,blue,1044.799999999639,1,repetition,e_b_03.png,color,blue
135501,,c7fbf674-7151-4b31-9215-b4523cffdc16,1,HOZ0d7tg1618658010206,224,figural_mixed,1,,0,blue,1009,1,repetition,e_b_01.png,color,blue
135501,,c7fbf674-7151-4b31-9215-b4523cffdc16,1,HOZ0d7tg1618658010206,225,figural_mixed,1,,0,round,1233.700000000652,1,switch,r_g_02.png,shape,round
135501,,c7fbf674-7151-4b31-9215-b4523cffdc16,1,HOZ0d7tg1618658010206,226,figural_mixed,1,,0,green,1071.700000000419,1,switch,e_g_05.png,color,green
135501,,c7fbf674-7151-4b31-9215-b4523cffdc16,1,HOZ0d7tg1618658010206,227,figural_mixed,1,,0,round,1806.4000000003725,1,switch,r_b_06.png,shape,round
135501,,c7fbf674-7151-4b31-9215-b4523cffdc16,1,HOZ0d7tg1618658010206,228,figural_mixed,1,,0,green,700.2000000002445,1,switch,e_g_08.png,color,green
135501,,c7fbf674-7151-4b31-9215-b4523cffdc16,1,HOZ0d7tg1618658010206,229,figural_mixed,1,,0,green,935.3000000001048,1,repetition,e_g_02.png,color,green
135501,,c7fbf674-7151-4b31-9215-b4523cffdc16,1,HOZ0d7tg1618658010206,230,figural_mixed,1,,0,blue,880.9000000000815,1,repetition,e_b_06.png,color,blue
135501,,c7fbf674-7151-4b31-9215-b4523cffdc16,1,HOZ0d7tg1618658010206,231,figural_mixed,1,,0,angular,853.9999999993597,1,switch,e_b_08.png,shape,angular
135501,,c7fbf674-7151-4b31-9215-b4523cffdc16,1,HOZ0d7tg1618658010206,232,figural_mixed,1,,0,blue,845.8000000001048,0,switch,r_g_09.png,color,green
135501,,c7fbf674-7151-4b31-9215-b4523cffdc16,1,HOZ0d7tg1618658010206,233,figural_mixed,1,,0,blue,1018.7000000005355,1,repetition,e_b_13.png,color,blue
135501,,c7fbf674-7151-4b31-9215-b4523cffdc16,1,HOZ0d7tg1618658010206,234,figural_mixed,1,,0,round,1343.100000000035,1,switch,r_b_10.png,shape,round
135501,,c7fbf674-7151-4b31-9215-b4523cffdc16,1,HOZ0d7tg1618658010206,235,figural_mixed,1,,0,round,769.9000000001979,1,repetition,r_b_13.png,shape,round
135501,,c7fbf674-7151-4b31-9215-b4523cffdc16,1,HOZ0d7tg1618658010206,236,figural_mixed,1,,0,blue,860.8000000003958,1,switch,e_b_11.png,color,blue
135501,,c7fbf674-7151-4b31-9215-b4523cffdc16,1,HOZ0d7tg1618658010206,237,figural_mixed,1,,0,green,728.9000000000233,1,repetition,r_g_08.png,color,green
135501,,c7fbf674-7151-4b31-9215-b4523cffdc16,1,HOZ0d7tg1618658010206,238,figural_mixed,1,,0,angular,1037.1999999997788,1,switch,e_b_10.png,shape,angular
135501,,c7fbf674-7151-4b31-9215-b4523cffdc16,1,HOZ0d7tg1618658010206,239,figural_mixed,1,,0,angular,850.6999999999534,1,repetition,e_g_06.png,shape,angular
135501,,c7fbf674-7151-4b31-9215-b4523cffdc16,1,HOZ0d7tg1618658010206,240,figural_mixed,1,,0,angular,643.1999999994878,1,repetition,e_g_11.png,shape,angular
135501,,c7fbf674-7151-4b31-9215-b4523cffdc16,1,HOZ0d7tg1618658010206,241,figural_mixed,1,,0,round,660.1000000000931,1,repetition,r_b_07.png,shape,round
135501,,c7fbf674-7151-4b31-9215-b4523cffdc16,1,HOZ0d7tg1618658010206,242,figural_mixed,1,,0,blue,865.8000000005122,1,switch,r_b_06.png,color,blue
135501,,c7fbf674-7151-4b31-9215-b4523cffdc16,1,HOZ0d7tg1618658010206,243,figural_mixed,1,,0,blue,1006.5999999996857,1,repetition,e_b_07.png,color,blue
135501,,c7fbf674-7151-4b31-9215-b4523cffdc16,1,HOZ0d7tg1618658010206,244,figural_mixed,1,,0,blue,1534.400000000489,1,repetition,r_b_14.png,color,blue
135501,,c7fbf674-7151-4b31-9215-b4523cffdc16,1,HOZ0d7tg1618658010206,245,figural_mixed,1,,0,green,640.9999999996508,1,repetition,r_g_16.png,color,green
135501,,c7fbf674-7151-4b31-9215-b4523cffdc16,1,HOZ0d7tg1618658010206,246,figural_mixed,1,,0,angular,791.4000000000815,1,switch,e_b_09.png,shape,angular
135501,,c7fbf674-7151-4b31-9215-b4523cffdc16,1,HOZ0d7tg1618658010206,247,figural_mixed,1,,0,round,966.2000000007683,1,repetition,r_g_05.png,shape,round
135501,,c7fbf674-7151-4b31-9215-b4523cffdc16,1,HOZ0d7tg1618658010206,248,figural_mixed,1,,0,angular,1184.7000000007101,1,repetition,e_b_12.png,shape,angular
135501,,c7fbf674-7151-4b31-9215-b4523cffdc16,1,HOZ0d7tg1618658010206,249,figural_mixed,1,,0,green,985.899999999674,0,switch,e_b_05.png,color,blue
135501,,c7fbf674-7151-4b31-9215-b4523cffdc16,1,HOZ0d7tg1618658010206,250,figural_mixed,1,,0,round,1022.6000000002678,1,switch,r_g_06.png,shape,round
135501,,c7fbf674-7151-4b31-9215-b4523cffdc16,1,HOZ0d7tg1618658010206,251,figural_mixed,1,,0,blue,1258.2000000002445,1,switch,e_b_16.png,color,blue
135501,,c7fbf674-7151-4b31-9215-b4523cffdc16,1,HOZ0d7tg1618658010206,252,figural_mixed,1,,0,green,774.5999999997439,1,repetition,r_g_13.png,color,green
135501,,c7fbf674-7151-4b31-9215-b4523cffdc16,1,HOZ0d7tg1618658010206,253,figural_mixed,1,,0,angular,736.3000000005122,1,switch,e_g_02.png,shape,angular
135501,,c7fbf674-7151-4b31-9215-b4523cffdc16,1,HOZ0d7tg1618658010206,254,figural_mixed,1,,0,round,1002.3000000001048,1,repetition,r_b_03.png,shape,round
135501,,c7fbf674-7151-4b31-9215-b4523cffdc16,1,HOZ0d7tg1618658010206,255,figural_mixed,1,,0,round,769.9999999995343,1,repetition,r_b_14.png,shape,round
135501,,c7fbf674-7151-4b31-9215-b4523cffdc16,1,HOZ0d7tg1618658010206,256,figural_mixed,1,,0,angular,834.4000000006636,1,repetition,e_g_12.png,shape,angular
135501,,c7fbf674-7151-4b31-9215-b4523cffdc16,1,HOZ0d7tg1618658010206,257,figural_mixed,1,,0,blue,751.0000000002328,1,switch,r_b_04.png,color,blue
135501,,c7fbf674-7151-4b31-9215-b4523cffdc16,1,HOZ0d7tg1618658010206,258,figural_mixed,1,,0,round,913.9000000004307,1,switch,r_g_15.png,shape,round
135501,,c7fbf674-7151-4b31-9215-b4523cffdc16,1,HOZ0d7tg1618658010206,259,figural_mixed,1,,0,angular,661.3000000006869,1,repetition,e_g_08.png,shape,angular
135501,,c7fbf674-7151-4b31-9215-b4523cffdc16,1,HOZ0d7tg1618658010206,260,figural_mixed,1,,0,round,1321.299999999639,1,repetition,r_b_16.png,shape,round
135501,,c7fbf674-7151-4b31-9215-b4523cffdc16,1,HOZ0d7tg1618658010206,261,figural_mixed,1,,0,green,1027.0000000000582,1,switch,r_g_10.png,color,green
135501,,c7fbf674-7151-4b31-9215-b4523cffdc16,1,HOZ0d7tg1618658010206,262,figural_mixed,1,,0,green,711.9000000002561,1,repetition,e_g_06.png,color,green
135501,,c7fbf674-7151-4b31-9215-b4523cffdc16,1,HOZ0d7tg1618658010206,263,figural_mixed,1,,0,round,1698.9000000003725,1,switch,r_g_13.png,shape,round
135501,,c7fbf674-7151-4b31-9215-b4523cffdc16,1,HOZ0d7tg1618658010206,264,figural_mixed,1,,0,blue,4049.699999999604,1,switch,r_b_03.png,color,blue
135501,,c7fbf674-7151-4b31-9215-b4523cffdc16,1,HOZ0d7tg1618658010206,265,figural_mixed,1,,0,angular,3632.5999999999185,1,switch,e_b_02.png,shape,angular
135501,,c7fbf674-7151-4b31-9215-b4523cffdc16,1,HOZ0d7tg1618658010206,266,figural_mixed,1,,0,angular,643.9000000000233,1,repetition,e_b_03.png,shape,angular
135501,,c7fbf674-7151-4b31-9215-b4523cffdc16,1,HOZ0d7tg1618658010206,267,figural_mixed,1,,0,green,696.9999999992433,1,switch,e_g_07.png,color,green
135501,,c7fbf674-7151-4b31-9215-b4523cffdc16,1,HOZ0d7tg1618658010206,268,figural_mixed,1,,0,blue,646.9000000006636,1,repetition,r_b_08.png,color,blue
135501,,c7fbf674-7151-4b31-9215-b4523cffdc16,1,HOZ0d7tg1618658010206,269,figural_mixed,1,,0,blue,873.9999999997672,1,repetition,r_b_01.png,color,blue
135501,,c7fbf674-7151-4b31-9215-b4523cffdc16,1,HOZ0d7tg1618658010206,270,figural_mixed,1,,0,angular,864.4999999996508,1,switch,e_b_05.png,shape,angular
135501,,c7fbf674-7151-4b31-9215-b4523cffdc16,1,HOZ0d7tg1618658010206,271,figural_mixed,1,,0,blue,823.9999999996508,0,switch,r_g_16.png,color,green
135501,,c7fbf674-7151-4b31-9215-b4523cffdc16,1,HOZ0d7tg1618658010206,272,figural_mixed,1,,0,angular,822.4999999993015,1,switch,e_g_04.png,shape,angular
135501,,c7fbf674-7151-4b31-9215-b4523cffdc16,1,HOZ0d7tg1618658010206,273,figural_mixed,1,,0,round,1397.8999999999069,1,repetition,r_b_05.png,shape,round
135501,,c7fbf674-7151-4b31-9215-b4523cffdc16,1,HOZ0d7tg1618658010206,274,figural_mixed,1,,0,round,1035.6000000001513,1,repetition,r_g_03.png,shape,round
135501,,c7fbf674-7151-4b31-9215-b4523cffdc16,1,HOZ0d7tg1618658010206,275,figural_mixed,1,,0,blue,844.600000000326,1,switch,r_b_15.png,color,blue
135501,,c7fbf674-7151-4b31-9215-b4523cffdc16,1,HOZ0d7tg1618658010206,276,figural_mixed,1,,0,green,918.8000000003958,1,repetition,r_g_14.png,color,green
135501,,c7fbf674-7151-4b31-9215-b4523cffdc16,1,HOZ0d7tg1618658010206,277,figural_mixed,1,,0,angular,1274.0000000003492,1,switch,e_g_01.png,shape,angular
135501,,c7fbf674-7151-4b31-9215-b4523cffdc16,1,HOZ0d7tg1618658010206,278,figural_mixed,1,,0,round,879.6000000002095,1,repetition,r_b_15.png,shape,round
135501,,c7fbf674-7151-4b31-9215-b4523cffdc16,1,HOZ0d7tg1618658010206,279,figural_mixed,1,,0,round,842.3999999995576,1,repetition,r_b_08.png,shape,round
135501,,c7fbf674-7151-4b31-9215-b4523cffdc16,1,HOZ0d7tg1618658010206,280,figural_mixed,1,,0,green,807.4999999998836,1,switch,e_g_12.png,color,green
135501,,c7fbf674-7151-4b31-9215-b4523cffdc16,1,HOZ0d7tg1618658010206,281,figural_mixed,1,,0,angular,972.0000000006403,1,switch,e_b_13.png,shape,angular
135501,,c7fbf674-7151-4b31-9215-b4523cffdc16,1,HOZ0d7tg1618658010206,282,figural_mixed,1,,0,green,1402.0000000000582,1,switch,r_g_03.png,color,green
135501,,c7fbf674-7151-4b31-9215-b4523cffdc16,1,HOZ0d7tg1618658010206,283,figural_mixed,1,,0,blue,6174.100000000151,1,repetition,r_b_12.png,color,blue
135501,,c7fbf674-7151-4b31-9215-b4523cffdc16,1,HOZ0d7tg1618658010206,284,figural_mixed,1,,0,angular,1140.4999999994761,1,switch,e_b_06.png,shape,angular
135501,,c7fbf674-7151-4b31-9215-b4523cffdc16,1,HOZ0d7tg1618658010206,285,figural_mixed,1,,0,angular,761.7000000000116,1,repetition,e_g_05.png,shape,angular
135501,,c7fbf674-7151-4b31-9215-b4523cffdc16,1,HOZ0d7tg1618658010206,286,figural_mixed,1,,0,blue,2135.100000000384,1,switch,r_b_11.png,color,blue
135501,,c7fbf674-7151-4b31-9215-b4523cffdc16,1,HOZ0d7tg1618658010206,287,figural_mixed,1,,0,angular,1749.7000000003027,1,switch,e_b_16.png,shape,angular
135501,,c7fbf674-7151-4b31-9215-b4523cffdc16,1,HOZ0d7tg1618658010206,288,figural_mixed,1,,0,green,1366.1999999994296,1,switch,e_g_01.png,color,green
135501,,c7fbf674-7151-4b31-9215-b4523cffdc16,1,HOZ0d7tg1618658010206,289,figural_mixed,1,,0,green,1503.600000000035,1,repetition,e_g_13.png,color,green
135501,,c7fbf674-7151-4b31-9215-b4523cffdc16,1,HOZ0d7tg1618658010206,290,figural_mixed,1,,0,round,731.8999999997322,1,switch,r_b_12.png,shape,round
135501,,c7fbf674-7151-4b31-9215-b4523cffdc16,1,HOZ0d7tg1618658010206,291,figural_mixed,1,,0,green,1338.4999999998254,0,switch,e_b_08.png,color,blue
135501,,c7fbf674-7151-4b31-9215-b4523cffdc16,1,HOZ0d7tg1618658010206,292,figural_mixed,1,,0,green,1391.499999999709,1,repetition,e_g_09.png,color,green
135501,,c7fbf674-7151-4b31-9215-b4523cffdc16,1,HOZ0d7tg1618658010206,293,figural_mixed,1,,0,green,872.6999999998952,1,repetition,r_g_12.png,color,green
135501,,c7fbf674-7151-4b31-9215-b4523cffdc16,1,HOZ0d7tg1618658010206,294,figural_single_2_2,1,,0,blue,1653.5000000003492,1,single,e_b_01.png,color,blue
135501,,c7fbf674-7151-4b31-9215-b4523cffdc16,1,HOZ0d7tg1618658010206,295,figural_single_2_2,1,,0,blue,1917.6000000006752,1,single,r_b_03.png,color,blue
135501,,c7fbf674-7151-4b31-9215-b4523cffdc16,1,HOZ0d7tg1618658010206,296,figural_single_2_2,1,,0,green,690.2000000000116,1,single,e_g_01.png,color,green
135501,,c7fbf674-7151-4b31-9215-b4523cffdc16,1,HOZ0d7tg1618658010206,297,figural_single_2_2,1,,0,green,682.59999999922,1,single,e_g_13.png,color,green
135501,,c7fbf674-7151-4b31-9215-b4523cffdc16,1,HOZ0d7tg1618658010206,298,figural_single_2_2,1,,0,blue,1594.3999999999069,1,single,r_b_16.png,color,blue
135501,,c7fbf674-7151-4b31-9215-b4523cffdc16,1,HOZ0d7tg1618658010206,299,figural_single_2_2,1,,0,blue,1504.3999999997905,1,single,r_b_07.png,color,blue
135501,,c7fbf674-7151-4b31-9215-b4523cffdc16,1,HOZ0d7tg1618658010206,300,figural_single_2_2,1,,0,green,951.9000000000233,1,single,r_g_08.png,color,green
135501,,c7fbf674-7151-4b31-9215-b4523cffdc16,1,HOZ0d7tg1618658010206,301,figural_single_2_2,1,,0,blue,1193.0000000002328,1,single,r_b_09.png,color,blue
135501,,c7fbf674-7151-4b31-9215-b4523cffdc16,1,HOZ0d7tg1618658010206,302,figural_single_2_2,1,,0,green,847.8999999997905,1,single,r_g_02.png,color,green
135501,,c7fbf674-7151-4b31-9215-b4523cffdc16,1,HOZ0d7tg1618658010206,303,figural_single_2_2,1,,0,green,632.900000000489,1,single,r_g_12.png,color,green
135501,,c7fbf674-7151-4b31-9215-b4523cffdc16,1,HOZ0d7tg1618658010206,304,figural_single_2_2,1,,0,blue,712.1999999999534,1,single,e_b_08.png,color,blue
135501,,c7fbf674-7151-4b31-9215-b4523cffdc16,1,HOZ0d7tg1618658010206,305,figural_single_2_2,1,,0,green,893.9000000000233,1,single,r_g_04.png,color,green
135501,,c7fbf674-7151-4b31-9215-b4523cffdc16,1,HOZ0d7tg1618658010206,306,figural_single_2_2,1,,0,blue,1218.4999999999418,1,single,e_b_03.png,color,blue
135501,,c7fbf674-7151-4b31-9215-b4523cffdc16,1,HOZ0d7tg1618658010206,307,figural_single_2_2,1,,0,blue,520.300000000163,1,single,e_b_11.png,color,blue
135501,,c7fbf674-7151-4b31-9215-b4523cffdc16,1,HOZ0d7tg1618658010206,308,figural_single_2_2,1,,0,blue,760.9999999994761,1,single,r_b_14.png,color,blue
135501,,c7fbf674-7151-4b31-9215-b4523cffdc16,1,HOZ0d7tg1618658010206,309,figural_single_2_2,1,,0,green,1046.4000000001397,1,single,e_g_07.png,color,green
135501,,c7fbf674-7151-4b31-9215-b4523cffdc16,1,HOZ0d7tg1618658010206,310,figural_single_2_2,1,,0,blue,804.6000000003842,1,single,r_b_13.png,color,blue
135501,,c7fbf674-7151-4b31-9215-b4523cffdc16,1,HOZ0d7tg1618658010206,311,figural_single_2_2,1,,0,green,1332.199999999837,1,single,e_g_16.png,color,green
135501,,c7fbf674-7151-4b31-9215-b4523cffdc16,1,HOZ0d7tg1618658010206,312,figural_single_2_2,1,,0,green,579.9999999998836,0,single,e_b_14.png,color,blue
135501,,c7fbf674-7151-4b31-9215-b4523cffdc16,1,HOZ0d7tg1618658010206,313,figural_single_2_2,1,,0,green,552.2000000001281,1,single,e_g_12.png,color,green
135501,,c7fbf674-7151-4b31-9215-b4523cffdc16,1,HOZ0d7tg1618658010206,314,figural_single_2_2,1,,0,green,1169.1000000000931,1,single,r_g_07.png,color,green
135501,,c7fbf674-7151-4b31-9215-b4523cffdc16,1,HOZ0d7tg1618658010206,315,figural_single_2_2,1,,0,blue,760.7000000007101,1,single,e_b_15.png,color,blue
135501,,c7fbf674-7151-4b31-9215-b4523cffdc16,1,HOZ0d7tg1618658010206,316,figural_single_2_2,1,,0,blue,1100.599999999802,1,single,e_b_05.png,color,blue
135501,,c7fbf674-7151-4b31-9215-b4523cffdc16,1,HOZ0d7tg1618658010206,317,figural_single_2_2,1,,0,green,455.7999999997555,1,single,r_g_15.png,color,green
135501,,c7fbf674-7151-4b31-9215-b4523cffdc16,1,HOZ0d7tg1618658010206,318,figural_single_2_2,1,,0,blue,1609.6999999999534,1,single,r_b_06.png,color,blue
135501,,c7fbf674-7151-4b31-9215-b4523cffdc16,1,HOZ0d7tg1618658010206,319,figural_single_2_2,1,,0,green,1188.0000000001164,1,single,e_g_02.png,color,green
135501,,c7fbf674-7151-4b31-9215-b4523cffdc16,1,HOZ0d7tg1618658010206,320,figural_single_2_2,1,,0,green,596.7000000000698,1,single,r_g_16.png,color,green
135501,,c7fbf674-7151-4b31-9215-b4523cffdc16,1,HOZ0d7tg1618658010206,321,figural_single_2_2,1,,0,blue,873.2000000000116,1,single,e_b_10.png,color,blue
135501,,c7fbf674-7151-4b31-9215-b4523cffdc16,1,HOZ0d7tg1618658010206,322,figural_single_2_2,1,,0,green,488.29999999998836,1,single,e_g_05.png,color,green
135501,,c7fbf674-7151-4b31-9215-b4523cffdc16,1,HOZ0d7tg1618658010206,323,figural_single_2_2,1,,0,green,1166.6000000004424,1,single,e_g_03.png,color,green
135501,,c7fbf674-7151-4b31-9215-b4523cffdc16,1,HOZ0d7tg1618658010206,324,figural_single_2_2,1,,0,green,541.7999999999884,1,single,e_g_11.png,color,green
135501,,c7fbf674-7151-4b31-9215-b4523cffdc16,1,HOZ0d7tg1618658010206,325,figural_single_2_2,1,,0,blue,1124.6000000000931,1,single,r_b_15.png,color,blue
135501,,c7fbf674-7151-4b31-9215-b4523cffdc16,1,HOZ0d7tg1618658010206,326,figural_single_2_2,1,,0,blue,1073.3000000000466,1,single,e_b_02.png,color,blue
135501,,c7fbf674-7151-4b31-9215-b4523cffdc16,1,HOZ0d7tg1618658010206,327,figural_single_2_2,1,,0,blue,1149.6999999998952,1,single,r_b_08.png,color,blue
135501,,c7fbf674-7151-4b31-9215-b4523cffdc16,1,HOZ0d7tg1618658010206,328,figural_single_2_2,1,,0,green,1185.8000000002212,1,single,e_g_06.png,color,green
135501,,c7fbf674-7151-4b31-9215-b4523cffdc16,1,HOZ0d7tg1618658010206,329,figural_single_2_2,1,,0,blue,698.5999999996857,1,single,e_b_16.png,color,blue
135501,,c7fbf674-7151-4b31-9215-b4523cffdc16,1,HOZ0d7tg1618658010206,330,figural_single_2_2,1,,0,blue,504.60000000020955,1,single,e_b_06.png,color,blue
135501,,c7fbf674-7151-4b31-9215-b4523cffdc16,1,HOZ0d7tg1618658010206,331,figural_single_2_2,1,,0,green,1128.7000000001863,1,single,r_g_09.png,color,green
135501,,c7fbf674-7151-4b31-9215-b4523cffdc16,1,HOZ0d7tg1618658010206,332,figural_single_2_2,1,,0,green,590.9000000001397,1,single,e_g_10.png,color,green
135501,,c7fbf674-7151-4b31-9215-b4523cffdc16,1,HOZ0d7tg1618658010206,333,figural_single_2_2,1,,0,blue,602.2999999995809,1,single,e_b_12.png,color,blue
135501,,c7fbf674-7151-4b31-9215-b4523cffdc16,1,HOZ0d7tg1618658010206,334,figural_single_2_2,1,,0,green,1152.7999999998137,1,single,r_g_11.png,color,green
135501,,c7fbf674-7151-4b31-9215-b4523cffdc16,1,HOZ0d7tg1618658010206,335,figural_single_2_2,1,,0,green,649.5000000004657,1,single,r_g_06.png,color,green
135501,,c7fbf674-7151-4b31-9215-b4523cffdc16,1,HOZ0d7tg1618658010206,336,figural_single_2_2,1,,0,green,554.3999999999651,1,single,e_g_04.png,color,green
135501,,c7fbf674-7151-4b31-9215-b4523cffdc16,1,HOZ0d7tg1618658010206,337,figural_single_2_2,1,,0,blue,538.7000000000698,1,single,r_b_01.png,color,blue
135501,,c7fbf674-7151-4b31-9215-b4523cffdc16,1,HOZ0d7tg1618658010206,338,figural_single_2_2,1,,0,green,506.899999999383,1,single,r_g_03.png,color,green
135501,,c7fbf674-7151-4b31-9215-b4523cffdc16,1,HOZ0d7tg1618658010206,339,figural_single_2_2,1,,0,blue,796.4000000001397,1,single,e_b_04.png,color,blue
135501,,c7fbf674-7151-4b31-9215-b4523cffdc16,1,HOZ0d7tg1618658010206,340,figural_single_2_2,1,,0,blue,438.09999999939464,1,single,r_b_12.png,color,blue
135501,,c7fbf674-7151-4b31-9215-b4523cffdc16,1,HOZ0d7tg1618658010206,341,figural_single_2_2,1,,0,green,1077.2999999999302,1,single,r_g_13.png,color,green
135501,,c7fbf674-7151-4b31-9215-b4523cffdc16,1,HOZ0d7tg1618658010206,342,figural_single_2_2,1,,0,green,277.79999999987194,0,single,r_b_02.png,color,blue
135501,,c7fbf674-7151-4b31-9215-b4523cffdc16,1,HOZ0d7tg1618658010206,343,figural_single_2_2,1,,0,green,638.2000000003027,1,single,e_g_09.png,color,green
135501,,c7fbf674-7151-4b31-9215-b4523cffdc16,1,HOZ0d7tg1618658010206,344,figural_single_2_2,1,,0,green,1048.3000000003958,1,single,e_g_15.png,color,green
135501,,c7fbf674-7151-4b31-9215-b4523cffdc16,1,HOZ0d7tg1618658010206,345,figural_single_2_2,1,,0,green,539.9999999999418,1,single,e_g_08.png,color,green
135501,,c7fbf674-7151-4b31-9215-b4523cffdc16,1,HOZ0d7tg1618658010206,346,figural_single_2_2,1,,0,blue,727.8999999998487,1,single,r_b_05.png,color,blue
135501,,c7fbf674-7151-4b31-9215-b4523cffdc16,1,HOZ0d7tg1618658010206,347,figural_single_2_2,1,,0,green,564.9000000003143,1,single,r_g_14.png,color,green
135501,,c7fbf674-7151-4b31-9215-b4523cffdc16,1,HOZ0d7tg1618658010206,348,figural_single_2_2,1,,0,blue,1172.8999999996158,1,single,r_b_04.png,color,blue
135501,,c7fbf674-7151-4b31-9215-b4523cffdc16,1,HOZ0d7tg1618658010206,349,figural_single_2_2,1,,0,green,717.2999999993481,1,single,r_g_10.png,color,green
135501,,c7fbf674-7151-4b31-9215-b4523cffdc16,1,HOZ0d7tg1618658010206,350,figural_single_2_2,1,,0,green,480.5000000005821,1,single,r_g_01.png,color,green
135501,,c7fbf674-7151-4b31-9215-b4523cffdc16,1,HOZ0d7tg1618658010206,351,figural_single_2_2,1,,0,blue,474.50000000029104,1,single,r_b_11.png,color,blue
135501,,c7fbf674-7151-4b31-9215-b4523cffdc16,1,HOZ0d7tg1618658010206,352,figural_single_2_2,1,,0,green,1511.4999999995925,1,single,r_g_05.png,color,green
135501,,c7fbf674-7151-4b31-9215-b4523cffdc16,1,HOZ0d7tg1618658010206,353,figural_single_2_2,1,,0,blue,1927.899999999674,1,single,r_b_10.png,color,blue
135501,,c7fbf674-7151-4b31-9215-b4523cffdc16,1,HOZ0d7tg1618658010206,354,figural_single_2_2,1,,0,blue,531.7999999997555,1,single,e_b_13.png,color,blue
135501,,c7fbf674-7151-4b31-9215-b4523cffdc16,1,HOZ0d7tg1618658010206,355,figural_single_2_2,1,,0,green,1615.2999999994645,1,single,e_g_14.png,color,green
135501,,c7fbf674-7151-4b31-9215-b4523cffdc16,1,HOZ0d7tg1618658010206,356,figural_single_2_2,1,,0,blue,817.4999999991851,1,single,e_b_07.png,color,blue
135501,,c7fbf674-7151-4b31-9215-b4523cffdc16,1,HOZ0d7tg1618658010206,357,figural_single_2_2,1,,0,blue,1101.0999999998603,1,single,e_b_09.png,color,blue
135501,,c7fbf674-7151-4b31-9215-b4523cffdc16,1,HOZ0d7tg1618658010206,358,figural_single_1_2,1,,0,angular,1098.1999999994296,1,single,e_g_11.png,shape,angular
135501,,c7fbf674-7151-4b31-9215-b4523cffdc16,1,HOZ0d7tg1618658010206,359,figural_single_1_2,1,,0,round,537.2000000006519,1,single,r_b_16.png,shape,round
135501,,c7fbf674-7151-4b31-9215-b4523cffdc16,1,HOZ0d7tg1618658010206,360,figural_single_1_2,1,,0,angular,475.00000000040745,1,single,e_b_10.png,shape,angular
135501,,c7fbf674-7151-4b31-9215-b4523cffdc16,1,HOZ0d7tg1618658010206,361,figural_single_1_2,1,,0,round,405.7999999995809,1,single,r_b_02.png,shape,round
135501,,c7fbf674-7151-4b31-9215-b4523cffdc16,1,HOZ0d7tg1618658010206,362,figural_single_1_2,1,,0,round,524.8000000000466,1,single,r_g_08.png,shape,round
135501,,c7fbf674-7151-4b31-9215-b4523cffdc16,1,HOZ0d7tg1618658010206,363,figural_single_1_2,1,,0,angular,411.79999999981374,1,single,e_g_02.png,shape,angular
135501,,c7fbf674-7151-4b31-9215-b4523cffdc16,1,HOZ0d7tg1618658010206,364,figural_single_1_2,1,,0,round,505.79999999981374,1,single,r_g_05.png,shape,round
135501,,c7fbf674-7151-4b31-9215-b4523cffdc16,1,HOZ0d7tg1618658010206,365,figural_single_1_2,1,,0,angular,424.7000000004191,1,single,e_b_15.png,shape,angular
135501,,c7fbf674-7151-4b31-9215-b4523cffdc16,1,HOZ0d7tg1618658010206,366,figural_single_1_2,1,,0,round,396.4999999998836,1,single,r_b_09.png,shape,round
135501,,c7fbf674-7151-4b31-9215-b4523cffdc16,1,HOZ0d7tg1618658010206,367,figural_single_1_2,1,,0,angular,424.79999999981374,1,single,e_b_12.png,shape,angular
135501,,c7fbf674-7151-4b31-9215-b4523cffdc16,1,HOZ0d7tg1618658010206,368,figural_single_1_2,1,,0,angular,413.90000000037253,1,single,e_g_15.png,shape,angular
135501,,c7fbf674-7151-4b31-9215-b4523cffdc16,1,HOZ0d7tg1618658010206,369,figural_single_1_2,1,,0,round,349.6000000004424,1,single,r_g_04.png,shape,round
135501,,c7fbf674-7151-4b31-9215-b4523cffdc16,1,HOZ0d7tg1618658010206,370,figural_single_1_2,1,,0,angular,421.5999999997439,1,single,e_b_14.png,shape,angular
135501,,c7fbf674-7151-4b31-9215-b4523cffdc16,1,HOZ0d7tg1618658010206,371,figural_single_1_2,1,,0,angular,1302.0999999998603,1,single,e_b_02.png,shape,angular
135501,,c7fbf674-7151-4b31-9215-b4523cffdc16,1,HOZ0d7tg1618658010206,372,figural_single_1_2,1,,0,round,457.30000000004657,1,single,r_g_15.png,shape,round
135501,,c7fbf674-7151-4b31-9215-b4523cffdc16,1,HOZ0d7tg1618658010206,373,figural_single_1_2,1,,0,angular,423.20000000018626,1,single,e_b_11.png,shape,angular
135501,,c7fbf674-7151-4b31-9215-b4523cffdc16,1,HOZ0d7tg1618658010206,374,figural_single_1_2,1,,0,round,539.4000000006054,1,single,r_b_07.png,shape,round
135501,,c7fbf674-7151-4b31-9215-b4523cffdc16,1,HOZ0d7tg1618658010206,375,figural_single_1_2,1,,0,round,1256.7000000008848,1,single,r_g_06.png,shape,round
135501,,c7fbf674-7151-4b31-9215-b4523cffdc16,1,HOZ0d7tg1618658010206,376,figural_single_1_2,1,,0,round,565.2000000000698,1,single,r_g_02.png,shape,round
135501,,c7fbf674-7151-4b31-9215-b4523cffdc16,1,HOZ0d7tg1618658010206,377,figural_single_1_2,1,,0,angular,429.39999999990687,1,single,e_b_09.png,shape,angular
135501,,c7fbf674-7151-4b31-9215-b4523cffdc16,1,HOZ0d7tg1618658010206,378,figural_single_1_2,1,,0,round,1267.399999999674,1,single,r_b_15.png,shape,round
135501,,c7fbf674-7151-4b31-9215-b4523cffdc16,1,HOZ0d7tg1618658010206,379,figural_single_1_2,1,,0,angular,545.9999999993015,1,single,e_g_14.png,shape,angular
135501,,c7fbf674-7151-4b31-9215-b4523cffdc16,1,HOZ0d7tg1618658010206,380,figural_single_1_2,1,,0,round,522.2000000003027,1,single,r_b_04.png,shape,round
135501,,c7fbf674-7151-4b31-9215-b4523cffdc16,1,HOZ0d7tg1618658010206,381,figural_single_1_2,1,,0,angular,521.0999999998603,0,single,r_g_09.png,shape,round
135501,,c7fbf674-7151-4b31-9215-b4523cffdc16,1,HOZ0d7tg1618658010206,382,figural_single_1_2,1,,0,angular,551.199999999837,1,single,e_g_03.png,shape,angular
135501,,c7fbf674-7151-4b31-9215-b4523cffdc16,1,HOZ0d7tg1618658010206,383,figural_single_1_2,1,,0,round,542.1999999999534,1,single,r_b_13.png,shape,round
135501,,c7fbf674-7151-4b31-9215-b4523cffdc16,1,HOZ0d7tg1618658010206,384,figural_single_1_2,1,,0,round,577.7999999999302,1,single,r_b_03.png,shape,round
135501,,c7fbf674-7151-4b31-9215-b4523cffdc16,1,HOZ0d7tg1618658010206,385,figural_single_1_2,1,,0,round,953.3999999993248,1,single,r_g_14.png,shape,round
135501,,c7fbf674-7151-4b31-9215-b4523cffdc16,1,HOZ0d7tg1618658010206,386,figural_single_1_2,1,,0,angular,563.9999999994179,1,single,e_b_05.png,shape,angular
135501,,c7fbf674-7151-4b31-9215-b4523cffdc16,1,HOZ0d7tg1618658010206,387,figural_single_1_2,1,,0,round,670.9000000001397,1,single,r_b_10.png,shape,round
135501,,c7fbf674-7151-4b31-9215-b4523cffdc16,1,HOZ0d7tg1618658010206,388,figural_single_1_2,1,,0,round,824.7999999993481,1,single,r_b_12.png,shape,round
135501,,c7fbf674-7151-4b31-9215-b4523cffdc16,1,HOZ0d7tg1618658010206,389,figural_single_1_2,1,,0,round,620.2999999995809,1,single,r_b_14.png,shape,round
135501,,c7fbf674-7151-4b31-9215-b4523cffdc16,1,HOZ0d7tg1618658010206,390,figural_single_1_2,1,,0,angular,742.699999999837,1,single,e_g_16.png,shape,angular
135501,,c7fbf674-7151-4b31-9215-b4523cffdc16,1,HOZ0d7tg1618658010206,391,figural_single_1_2,1,,0,angular,512.7000000001863,0,single,r_g_12.png,shape,round
135501,,c7fbf674-7151-4b31-9215-b4523cffdc16,1,HOZ0d7tg1618658010206,392,figural_single_1_2,1,,0,round,516.899999999674,1,single,r_g_11.png,shape,round
135501,,c7fbf674-7151-4b31-9215-b4523cffdc16,1,HOZ0d7tg1618658010206,393,figural_single_1_2,1,,0,angular,724.5000000002328,1,single,e_b_03.png,shape,angular
135501,,c7fbf674-7151-4b31-9215-b4523cffdc16,1,HOZ0d7tg1618658010206,394,figural_single_1_2,1,,0,angular,628.5999999999767,1,single,e_b_04.png,shape,angular
135501,,c7fbf674-7151-4b31-9215-b4523cffdc16,1,HOZ0d7tg1618658010206,395,figural_single_1_2,1,,0,round,535.4000000007218,1,single,r_b_11.png,shape,round
135501,,c7fbf674-7151-4b31-9215-b4523cffdc16,1,HOZ0d7tg1618658010206,396,figural_single_1_2,1,,0,angular,442.9000000000233,1,single,e_g_05.png,shape,angular
135501,,c7fbf674-7151-4b31-9215-b4523cffdc16,1,HOZ0d7tg1618658010206,397,figural_single_1_2,1,,0,angular,560.5999999997439,1,single,e_b_16.png,shape,angular
135501,,c7fbf674-7151-4b31-9215-b4523cffdc16,1,HOZ0d7tg1618658010206,398,figural_single_1_2,1,,0,angular,520.5999999998603,1,single,e_g_13.png,shape,angular
135501,,c7fbf674-7151-4b31-9215-b4523cffdc16,1,HOZ0d7tg1618658010206,399,figural_single_1_2,1,,0,round,462.300000000163,1,single,r_g_01.png,shape,round
135501,,c7fbf674-7151-4b31-9215-b4523cffdc16,1,HOZ0d7tg1618658010206,400,figural_single_1_2,1,,0,angular,548.0999999999767,1,single,e_b_08.png,shape,angular
135501,,c7fbf674-7151-4b31-9215-b4523cffdc16,1,HOZ0d7tg1618658010206,401,figural_single_1_2,1,,0,angular,1156.3000000005122,1,single,e_g_10.png,shape,angular
135501,,c7fbf674-7151-4b31-9215-b4523cffdc16,1,HOZ0d7tg1618658010206,402,figural_single_1_2,1,,0,round,615.399999999674,1,single,r_g_13.png,shape,round
135501,,c7fbf674-7151-4b31-9215-b4523cffdc16,1,HOZ0d7tg1618658010206,403,figural_single_1_2,1,,0,angular,516.4999999997672,1,single,e_b_01.png,shape,angular
135501,,c7fbf674-7151-4b31-9215-b4523cffdc16,1,HOZ0d7tg1618658010206,404,figural_single_1_2,1,,0,angular,1120.5999999992782,1,single,e_b_06.png,shape,angular
135501,,c7fbf674-7151-4b31-9215-b4523cffdc16,1,HOZ0d7tg1618658010206,405,figural_single_1_2,1,,0,angular,1080.7999999998137,0,single,r_g_10.png,shape,round
135501,,c7fbf674-7151-4b31-9215-b4523cffdc16,1,HOZ0d7tg1618658010206,406,figural_single_1_2,1,,0,angular,1241.2000000003027,1,single,e_g_08.png,shape,angular
135501,,c7fbf674-7151-4b31-9215-b4523cffdc16,1,HOZ0d7tg1618658010206,407,figural_single_1_2,1,,0,angular,687.8999999999069,1,single,e_g_07.png,shape,angular
135501,,c7fbf674-7151-4b31-9215-b4523cffdc16,1,HOZ0d7tg1618658010206,408,figural_single_1_2,1,,0,round,567.7999999998137,1,single,r_b_06.png,shape,round
135501,,c7fbf674-7151-4b31-9215-b4523cffdc16,1,HOZ0d7tg1618658010206,409,figural_single_1_2,1,,0,angular,598.7000000005355,1,single,e_g_09.png,shape,angular
135501,,c7fbf674-7151-4b31-9215-b4523cffdc16,1,HOZ0d7tg1618658010206,410,figural_single_1_2,1,,0,round,1169.000000000815,1,single,r_b_01.png,shape,round
135501,,c7fbf674-7151-4b31-9215-b4523cffdc16,1,HOZ0d7tg1618658010206,411,figural_single_1_2,1,,0,angular,1232.8999999999069,1,single,e_b_13.png,shape,angular
135501,,c7fbf674-7151-4b31-9215-b4523cffdc16,1,HOZ0d7tg1618658010206,412,figural_single_1_2,1,,0,angular,1200.8999999997905,1,single,e_g_04.png,shape,angular
135501,,c7fbf674-7151-4b31-9215-b4523cffdc16,1,HOZ0d7tg1618658010206,413,figural_single_1_2,1,,0,angular,997.5000000003492,1,single,e_g_12.png,shape,angular
135501,,c7fbf674-7151-4b31-9215-b4523cffdc16,1,HOZ0d7tg1618658010206,414,figural_single_1_2,1,,0,round,631.4000000001397,1,single,r_b_08.png,shape,round
135501,,c7fbf674-7151-4b31-9215-b4523cffdc16,1,HOZ0d7tg1618658010206,415,figural_single_1_2,1,,0,angular,639.2999999998137,1,single,e_b_07.png,shape,angular
135501,,c7fbf674-7151-4b31-9215-b4523cffdc16,1,HOZ0d7tg1618658010206,416,figural_single_1_2,1,,0,round,797.2999999992317,1,single,r_g_03.png,shape,round
135501,,c7fbf674-7151-4b31-9215-b4523cffdc16,1,HOZ0d7tg1618658010206,417,figural_single_1_2,1,,0,angular,1895.0000000004657,1,single,e_g_06.png,shape,angular
135501,,c7fbf674-7151-4b31-9215-b4523cffdc16,1,HOZ0d7tg1618658010206,418,figural_single_1_2,1,,0,round,1208.2000000000698,1,single,r_g_16.png,shape,round
135501,,c7fbf674-7151-4b31-9215-b4523cffdc16,1,HOZ0d7tg1618658010206,419,figural_single_1_2,1,,0,round,1856.6999999993714,1,single,r_b_05.png,shape,round
135501,,c7fbf674-7151-4b31-9215-b4523cffdc16,1,HOZ0d7tg1618658010206,420,figural_single_1_2,1,,0,angular,2317.0000000001164,1,single,e_g_01.png,shape,angular
135501,,c7fbf674-7151-4b31-9215-b4523cffdc16,1,HOZ0d7tg1618658010206,421,figural_single_1_2,1,,0,round,896.6000000000931,1,single,r_g_07.png,shape,round