userCode,extId,moduleId,sessionId,sessionToken,trialId,executableId,session.complete,session.condition,session.forceExit,givenResponse,reactionTime,score,shiftingType,stimulusValue,stimulusType,correctResponse
135558,,c7fbf674-7151-4b31-9215-b4523cffdc16,1,R0XMN6Xj1618936448912,1,figural_single_1_practice,1,,0,round,2032.2850000229664,1,single,r_b_10.png,shape,round
135558,,c7fbf674-7151-4b31-9215-b4523cffdc16,1,R0XMN6Xj1618936448912,2,figural_single_1_practice,1,,0,angular,705.9899999876507,1,single,e_b_09.png,shape,angular
135558,,c7fbf674-7151-4b31-9215-b4523cffdc16,1,R0XMN6Xj1618936448912,3,figural_single_1_practice,1,,0,round,602.9799999960233,1,single,r_b_11.png,shape,round
135558,,c7fbf674-7151-4b31-9215-b4523cffdc16,1,R0XMN6Xj1618936448912,4,figural_single_1_practice,1,,0,round,642.5799999851733,1,single,r_g_05.png,shape,round
135558,,c7fbf674-7151-4b31-9215-b4523cffdc16,1,R0XMN6Xj1618936448912,5,figural_single_1_practice,1,,0,angular,588.7199999997392,1,single,e_b_14.png,shape,angular
135558,,c7fbf674-7151-4b31-9215-b4523cffdc16,1,R0XMN6Xj1618936448912,6,figural_single_1_practice,1,,0,angular,511.00500000757165,1,single,e_g_07.png,shape,angular
135558,,c7fbf674-7151-4b31-9215-b4523cffdc16,1,R0XMN6Xj1618936448912,7,figural_single_1_practice,1,,0,angular,408.064999995986,1,single,e_g_12.png,shape,angular
135558,,c7fbf674-7151-4b31-9215-b4523cffdc16,1,R0XMN6Xj1618936448912,8,figural_single_1_practice,1,,0,round,437.32499997713603,1,single,r_b_16.png,shape,round
135558,,c7fbf674-7151-4b31-9215-b4523cffdc16,1,R0XMN6Xj1618936448912,9,figural_single_1_practice,1,,0,round,444.8699999775272,1,single,r_g_02.png,shape,round
135558,,c7fbf674-7151-4b31-9215-b4523cffdc16,1,R0XMN6Xj1618936448912,10,figural_single_1_practice,1,,0,angular,544.9599999992643,1,single,e_b_04.png,shape,angular
135558,,c7fbf674-7151-4b31-9215-b4523cffdc16,1,R0XMN6Xj1618936448912,11,figural_single_1_practice,1,,0,angular,622.2349999879953,1,single,e_g_06.png,shape,angular
135558,,c7fbf674-7151-4b31-9215-b4523cffdc16,1,R0XMN6Xj1618936448912,12,figural_single_1_practice,1,,0,angular,438.04999999701977,0,single,r_g_15.png,shape,round
135558,,c7fbf674-7151-4b31-9215-b4523cffdc16,1,R0XMN6Xj1618936448912,13,figural_single_1_1,1,,0,round,971.6199999966193,1,single,r_b_01.png,shape,round
135558,,c7fbf674-7151-4b31-9215-b4523cffdc16,1,R0XMN6Xj1618936448912,14,figural_single_1_1,1,,0,angular,873.5799999849405,1,single,e_g_11.png,shape,angular
135558,,c7fbf674-7151-4b31-9215-b4523cffdc16,1,R0XMN6Xj1618936448912,15,figural_single_1_1,1,,0,round,512.9199999792036,1,single,r_b_10.png,shape,round
135558,,c7fbf674-7151-4b31-9215-b4523cffdc16,1,R0XMN6Xj1618936448912,16,figural_single_1_1,1,,0,round,611.6449999972247,1,single,r_b_06.png,shape,round
135558,,c7fbf674-7151-4b31-9215-b4523cffdc16,1,R0XMN6Xj1618936448912,17,figural_single_1_1,1,,0,angular,507.09500000812113,1,single,e_g_07.png,shape,angular
135558,,c7fbf674-7151-4b31-9215-b4523cffdc16,1,R0XMN6Xj1618936448912,18,figural_single_1_1,1,,0,angular,555.5299999832641,1,single,e_g_13.png,shape,angular
135558,,c7fbf674-7151-4b31-9215-b4523cffdc16,1,R0XMN6Xj1618936448912,19,figural_single_1_1,1,,0,round,560.5849999992643,1,single,r_g_06.png,shape,round
135558,,c7fbf674-7151-4b31-9215-b4523cffdc16,1,R0XMN6Xj1618936448912,20,figural_single_1_1,1,,0,angular,570.2199999941513,1,single,e_g_16.png,shape,angular
135558,,c7fbf674-7151-4b31-9215-b4523cffdc16,1,R0XMN6Xj1618936448912,21,figural_single_1_1,1,,0,angular,501.2350000033621,1,single,e_b_09.png,shape,angular
135558,,c7fbf674-7151-4b31-9215-b4523cffdc16,1,R0XMN6Xj1618936448912,22,figural_single_1_1,1,,0,angular,524.5449999929406,1,single,e_b_08.png,shape,angular
135558,,c7fbf674-7151-4b31-9215-b4523cffdc16,1,R0XMN6Xj1618936448912,23,figural_single_1_1,1,,0,round,527.7099999948405,1,single,r_b_12.png,shape,round
135558,,c7fbf674-7151-4b31-9215-b4523cffdc16,1,R0XMN6Xj1618936448912,24,figural_single_1_1,1,,0,angular,692.4650000000838,1,single,e_b_10.png,shape,angular
135558,,c7fbf674-7151-4b31-9215-b4523cffdc16,1,R0XMN6Xj1618936448912,25,figural_single_1_1,1,,0,angular,661.2399999867193,1,single,e_b_05.png,shape,angular
135558,,c7fbf674-7151-4b31-9215-b4523cffdc16,1,R0XMN6Xj1618936448912,26,figural_single_1_1,1,,0,round,572.4800000025425,1,single,r_b_13.png,shape,round
135558,,c7fbf674-7151-4b31-9215-b4523cffdc16,1,R0XMN6Xj1618936448912,27,figural_single_1_1,1,,0,round,538.7200000113808,1,single,r_g_15.png,shape,round
135558,,c7fbf674-7151-4b31-9215-b4523cffdc16,1,R0XMN6Xj1618936448912,28,figural_single_1_1,1,,0,angular,503.9249999972526,1,single,e_g_09.png,shape,angular
135558,,c7fbf674-7151-4b31-9215-b4523cffdc16,1,R0XMN6Xj1618936448912,29,figural_single_1_1,1,,0,round,501.27000000793487,1,single,r_g_02.png,shape,round
135558,,c7fbf674-7151-4b31-9215-b4523cffdc16,1,R0XMN6Xj1618936448912,30,figural_single_1_1,1,,0,round,632.4000000022352,1,single,r_b_07.png,shape,round
135558,,c7fbf674-7151-4b31-9215-b4523cffdc16,1,R0XMN6Xj1618936448912,31,figural_single_1_1,1,,0,angular,546.9800000137184,1,single,e_b_06.png,shape,angular
135558,,c7fbf674-7151-4b31-9215-b4523cffdc16,1,R0XMN6Xj1618936448912,32,figural_single_1_1,1,,0,round,526.6650000121444,1,single,r_b_16.png,shape,round
135558,,c7fbf674-7151-4b31-9215-b4523cffdc16,1,R0XMN6Xj1618936448912,33,figural_single_1_1,1,,0,round,541.3899999985006,1,single,r_b_02.png,shape,round
135558,,c7fbf674-7151-4b31-9215-b4523cffdc16,1,R0XMN6Xj1618936448912,34,figural_single_1_1,1,,0,angular,636.6299999936018,1,single,e_g_06.png,shape,angular
135558,,c7fbf674-7151-4b31-9215-b4523cffdc16,1,R0XMN6Xj1618936448912,35,figural_single_1_1,1,,0,round,619.0649999771267,1,single,r_g_03.png,shape,round
135558,,c7fbf674-7151-4b31-9215-b4523cffdc16,1,R0XMN6Xj1618936448912,36,figural_single_1_1,1,,0,angular,729.5650000160094,1,single,e_g_05.png,shape,angular
135558,,c7fbf674-7151-4b31-9215-b4523cffdc16,1,R0XMN6Xj1618936448912,37,figural_single_1_1,1,,0,angular,534.4000000040978,1,single,e_b_13.png,shape,angular
135558,,c7fbf674-7151-4b31-9215-b4523cffdc16,1,R0XMN6Xj1618936448912,38,figural_single_1_1,1,,0,round,472.24000000278465,0,single,e_g_15.png,shape,angular
135558,,c7fbf674-7151-4b31-9215-b4523cffdc16,1,R0XMN6Xj1618936448912,39,figural_single_1_1,1,,0,angular,711.7650000145659,0,single,r_g_08.png,shape,round
135558,,c7fbf674-7151-4b31-9215-b4523cffdc16,1,R0XMN6Xj1618936448912,40,figural_single_1_1,1,,0,angular,688.0249999812804,0,single,r_b_05.png,shape,round
135558,,c7fbf674-7151-4b31-9215-b4523cffdc16,1,R0XMN6Xj1618936448912,41,figural_single_1_1,1,,0,angular,995.4199999920093,1,single,e_b_02.png,shape,angular
135558,,c7fbf674-7151-4b31-9215-b4523cffdc16,1,R0XMN6Xj1618936448912,42,figural_single_1_1,1,,0,round,463.755000004312,0,single,e_g_14.png,shape,angular
135558,,c7fbf674-7151-4b31-9215-b4523cffdc16,1,R0XMN6Xj1618936448912,43,figural_single_1_1,1,,0,round,483.12499999883585,1,single,r_b_03.png,shape,round
135558,,c7fbf674-7151-4b31-9215-b4523cffdc16,1,R0XMN6Xj1618936448912,44,figural_single_1_1,1,,0,angular,871.4800000016112,1,single,e_b_14.png,shape,angular
135558,,c7fbf674-7151-4b31-9215-b4523cffdc16,1,R0XMN6Xj1618936448912,45,figural_single_1_1,1,,0,angular,745.9899999957997,1,single,e_b_04.png,shape,angular
135558,,c7fbf674-7151-4b31-9215-b4523cffdc16,1,R0XMN6Xj1618936448912,46,figural_single_1_1,1,,0,angular,582.315000006929,1,single,e_b_03.png,shape,angular
135558,,c7fbf674-7151-4b31-9215-b4523cffdc16,1,R0XMN6Xj1618936448912,47,figural_single_1_1,1,,0,round,525.5250000045635,1,single,r_g_16.png,shape,round
135558,,c7fbf674-7151-4b31-9215-b4523cffdc16,1,R0XMN6Xj1618936448912,48,figural_single_1_1,1,,0,round,643.6699999903794,1,single,r_g_13.png,shape,round
135558,,c7fbf674-7151-4b31-9215-b4523cffdc16,1,R0XMN6Xj1618936448912,49,figural_single_1_1,1,,0,round,598.7850000092294,1,single,r_g_14.png,shape,round
135558,,c7fbf674-7151-4b31-9215-b4523cffdc16,1,R0XMN6Xj1618936448912,50,figural_single_1_1,1,,0,round,764.3899999966379,0,single,e_g_08.png,shape,angular
135558,,c7fbf674-7151-4b31-9215-b4523cffdc16,1,R0XMN6Xj1618936448912,51,figural_single_1_1,1,,0,round,504.39499999629334,1,single,r_g_09.png,shape,round
135558,,c7fbf674-7151-4b31-9215-b4523cffdc16,1,R0XMN6Xj1618936448912,52,figural_single_1_1,1,,0,angular,520.2299999946263,1,single,e_g_04.png,shape,angular
135558,,c7fbf674-7151-4b31-9215-b4523cffdc16,1,R0XMN6Xj1618936448912,53,figural_single_1_1,1,,0,angular,592.9199999955017,1,single,e_b_15.png,shape,angular
135558,,c7fbf674-7151-4b31-9215-b4523cffdc16,1,R0XMN6Xj1618936448912,54,figural_single_1_1,1,,0,round,574.8200000089128,1,single,r_g_04.png,shape,round
135558,,c7fbf674-7151-4b31-9215-b4523cffdc16,1,R0XMN6Xj1618936448912,55,figural_single_1_1,1,,0,angular,531.6100000054576,1,single,e_b_07.png,shape,angular
135558,,c7fbf674-7151-4b31-9215-b4523cffdc16,1,R0XMN6Xj1618936448912,56,figural_single_1_1,1,,0,angular,482.85000000032596,1,single,e_b_16.png,shape,angular
135558,,c7fbf674-7151-4b31-9215-b4523cffdc16,1,R0XMN6Xj1618936448912,57,figural_single_1_1,1,,0,angular,530.0050000078045,0,single,r_b_08.png,shape,round
135558,,c7fbf674-7151-4b31-9215-b4523cffdc16,1,R0XMN6Xj1618936448912,58,figural_single_1_1,1,,0,angular,466.33000002475455,1,single,e_g_12.png,shape,angular
135558,,c7fbf674-7151-4b31-9215-b4523cffdc16,1,R0XMN6Xj1618936448912,59,figural_single_1_1,1,,0,round,514.3799999787007,1,single,r_b_14.png,shape,round
135558,,c7fbf674-7151-4b31-9215-b4523cffdc16,1,R0XMN6Xj1618936448912,60,figural_single_1_1,1,,0,round,616.1299999803305,1,single,r_g_05.png,shape,round
135558,,c7fbf674-7151-4b31-9215-b4523cffdc16,1,R0XMN6Xj1618936448912,61,figural_single_1_1,1,,0,round,546.7650000064168,1,single,r_g_01.png,shape,round
135558,,c7fbf674-7151-4b31-9215-b4523cffdc16,1,R0XMN6Xj1618936448912,62,figural_single_1_1,1,,0,angular,682.2199999878649,1,single,e_g_02.png,shape,angular
135558,,c7fbf674-7151-4b31-9215-b4523cffdc16,1,R0XMN6Xj1618936448912,63,figural_single_1_1,1,,0,round,493.71000000974163,1,single,r_g_11.png,shape,round
135558,,c7fbf674-7151-4b31-9215-b4523cffdc16,1,R0XMN6Xj1618936448912,64,figural_single_1_1,1,,0,round,425.279999995837,1,single,r_g_10.png,shape,round
135558,,c7fbf674-7151-4b31-9215-b4523cffdc16,1,R0XMN6Xj1618936448912,65,figural_single_1_1,1,,0,angular,466.66999999433756,0,single,r_b_04.png,shape,round
135558,,c7fbf674-7151-4b31-9215-b4523cffdc16,1,R0XMN6Xj1618936448912,66,figural_single_1_1,1,,0,angular,1026.7449999810196,1,single,e_g_01.png,shape,angular
135558,,c7fbf674-7151-4b31-9215-b4523cffdc16,1,R0XMN6Xj1618936448912,67,figural_single_1_1,1,,0,round,802.9749999986961,1,single,r_b_09.png,shape,round
135558,,c7fbf674-7151-4b31-9215-b4523cffdc16,1,R0XMN6Xj1618936448912,68,figural_single_1_1,1,,0,round,936.054999998305,1,single,r_b_15.png,shape,round
135558,,c7fbf674-7151-4b31-9215-b4523cffdc16,1,R0XMN6Xj1618936448912,69,figural_single_1_1,1,,0,round,397.6750000147149,1,single,r_g_07.png,shape,round
135558,,c7fbf674-7151-4b31-9215-b4523cffdc16,1,R0XMN6Xj1618936448912,70,figural_single_1_1,1,,0,round,465.3099999995902,0,single,e_b_01.png,shape,angular
135558,,c7fbf674-7151-4b31-9215-b4523cffdc16,1,R0XMN6Xj1618936448912,71,figural_single_1_1,1,,0,angular,779.4399999838788,1,single,e_b_12.png,shape,angular
135558,,c7fbf674-7151-4b31-9215-b4523cffdc16,1,R0XMN6Xj1618936448912,72,figural_single_1_1,1,,0,round,821.9249999965541,1,single,r_b_11.png,shape,round
135558,,c7fbf674-7151-4b31-9215-b4523cffdc16,1,R0XMN6Xj1618936448912,73,figural_single_1_1,1,,0,round,735.8750000130385,1,single,r_g_12.png,shape,round
135558,,c7fbf674-7151-4b31-9215-b4523cffdc16,1,R0XMN6Xj1618936448912,74,figural_single_1_1,1,,0,angular,962.52000000095,1,single,e_g_03.png,shape,angular
135558,,c7fbf674-7151-4b31-9215-b4523cffdc16,1,R0XMN6Xj1618936448912,75,figural_single_1_1,1,,0,angular,707.8650000039488,1,single,e_g_10.png,shape,angular
135558,,c7fbf674-7151-4b31-9215-b4523cffdc16,1,R0XMN6Xj1618936448912,76,figural_single_1_1,1,,0,angular,762.8100000147242,1,single,e_b_11.png,shape,angular
135558,,c7fbf674-7151-4b31-9215-b4523cffdc16,1,R0XMN6Xj1618936448912,77,figural_single_2_practice,1,,0,blue,1872.5000000267755,1,single,r_b_07.png,color,blue
135558,,c7fbf674-7151-4b31-9215-b4523cffdc16,1,R0XMN6Xj1618936448912,78,figural_single_2_practice,1,,0,green,617.5349999975879,1,single,r_g_09.png,color,green
135558,,c7fbf674-7151-4b31-9215-b4523cffdc16,1,R0XMN6Xj1618936448912,79,figural_single_2_practice,1,,0,green,411.9300000020303,1,single,e_g_04.png,color,green
135558,,c7fbf674-7151-4b31-9215-b4523cffdc16,1,R0XMN6Xj1618936448912,80,figural_single_2_practice,1,,0,blue,434.67000001692213,1,single,r_b_14.png,color,blue
135558,,c7fbf674-7151-4b31-9215-b4523cffdc16,1,R0XMN6Xj1618936448912,81,figural_single_2_practice,1,,0,blue,300.0600000086706,1,single,e_b_06.png,color,blue
135558,,c7fbf674-7151-4b31-9215-b4523cffdc16,1,R0XMN6Xj1618936448912,82,figural_single_2_practice,1,,0,green,818.23499998427,1,single,e_g_10.png,color,green
135558,,c7fbf674-7151-4b31-9215-b4523cffdc16,1,R0XMN6Xj1618936448912,83,figural_single_2_practice,1,,0,blue,343.35499998996966,1,single,e_b_16.png,color,blue
135558,,c7fbf674-7151-4b31-9215-b4523cffdc16,1,R0XMN6Xj1618936448912,84,figural_single_2_practice,1,,0,green,402.38500002305955,1,single,e_g_08.png,color,green
135558,,c7fbf674-7151-4b31-9215-b4523cffdc16,1,R0XMN6Xj1618936448912,85,figural_single_2_practice,1,,0,blue,378.3549999934621,1,single,e_b_02.png,color,blue
135558,,c7fbf674-7151-4b31-9215-b4523cffdc16,1,R0XMN6Xj1618936448912,86,figural_single_2_practice,1,,0,green,288.42499997699633,1,single,r_g_03.png,color,green
135558,,c7fbf674-7151-4b31-9215-b4523cffdc16,1,R0XMN6Xj1618936448912,87,figural_single_2_practice,1,,0,blue,614.9600000062492,1,single,r_b_13.png,color,blue
135558,,c7fbf674-7151-4b31-9215-b4523cffdc16,1,R0XMN6Xj1618936448912,88,figural_single_2_practice,1,,0,green,375.47499997890554,1,single,r_g_01.png,color,green
135558,,c7fbf674-7151-4b31-9215-b4523cffdc16,1,R0XMN6Xj1618936448912,89,figural_single_2_1,1,,0,green,768.0549999931827,1,single,r_g_07.png,color,green
135558,,c7fbf674-7151-4b31-9215-b4523cffdc16,1,R0XMN6Xj1618936448912,90,figural_single_2_1,1,,0,blue,505.2600000053644,1,single,r_b_03.png,color,blue
135558,,c7fbf674-7151-4b31-9215-b4523cffdc16,1,R0XMN6Xj1618936448912,91,figural_single_2_1,1,,0,green,614.8600000014994,1,single,r_g_08.png,color,green
135558,,c7fbf674-7151-4b31-9215-b4523cffdc16,1,R0XMN6Xj1618936448912,92,figural_single_2_1,1,,0,green,442.4099999887403,1,single,e_g_01.png,color,green
135558,,c7fbf674-7151-4b31-9215-b4523cffdc16,1,R0XMN6Xj1618936448912,93,figural_single_2_1,1,,0,green,496.8650000228081,1,single,e_g_09.png,color,green
135558,,c7fbf674-7151-4b31-9215-b4523cffdc16,1,R0XMN6Xj1618936448912,94,figural_single_2_1,1,,0,blue,463.0600000091363,1,single,r_b_08.png,color,blue
135558,,c7fbf674-7151-4b31-9215-b4523cffdc16,1,R0XMN6Xj1618936448912,95,figural_single_2_1,1,,0,blue,472.07499999785796,1,single,e_b_03.png,color,blue
135558,,c7fbf674-7151-4b31-9215-b4523cffdc16,1,R0XMN6Xj1618936448912,96,figural_single_2_1,1,,0,green,413.7150000024121,1,single,e_g_07.png,color,green
135558,,c7fbf674-7151-4b31-9215-b4523cffdc16,1,R0XMN6Xj1618936448912,97,figural_single_2_1,1,,0,blue,421.2100000004284,1,single,e_b_02.png,color,blue
135558,,c7fbf674-7151-4b31-9215-b4523cffdc16,1,R0XMN6Xj1618936448912,98,figural_single_2_1,1,,0,green,562.2049999947194,1,single,e_g_04.png,color,green
135558,,c7fbf674-7151-4b31-9215-b4523cffdc16,1,R0XMN6Xj1618936448912,99,figural_single_2_1,1,,0,blue,342.85499999532476,0,single,r_g_06.png,color,green
135558,,c7fbf674-7151-4b31-9215-b4523cffdc16,1,R0XMN6Xj1618936448912,100,figural_single_2_1,1,,0,blue,575.5500000086613,1,single,e_b_08.png,color,blue
135558,,c7fbf674-7151-4b31-9215-b4523cffdc16,1,R0XMN6Xj1618936448912,101,figural_single_2_1,1,,0,green,660.3400000021793,1,single,e_g_16.png,color,green
135558,,c7fbf674-7151-4b31-9215-b4523cffdc16,1,R0XMN6Xj1618936448912,102,figural_single_2_1,1,,0,blue,437.37500000861473,1,single,e_b_06.png,color,blue
135558,,c7fbf674-7151-4b31-9215-b4523cffdc16,1,R0XMN6Xj1618936448912,103,figural_single_2_1,1,,0,blue,535.4449999867938,1,single,e_b_04.png,color,blue
135558,,c7fbf674-7151-4b31-9215-b4523cffdc16,1,R0XMN6Xj1618936448912,104,figural_single_2_1,1,,0,green,543.6999999801628,1,single,r_g_10.png,color,green
135558,,c7fbf674-7151-4b31-9215-b4523cffdc16,1,R0XMN6Xj1618936448912,105,figural_single_2_1,1,,0,blue,415.5650000029709,1,single,e_b_12.png,color,blue
135558,,c7fbf674-7151-4b31-9215-b4523cffdc16,1,R0XMN6Xj1618936448912,106,figural_single_2_1,1,,0,blue,446.52999998652376,1,single,r_b_09.png,color,blue
135558,,c7fbf674-7151-4b31-9215-b4523cffdc16,1,R0XMN6Xj1618936448912,107,figural_single_2_1,1,,0,blue,445.08499998482876,0,single,r_g_15.png,color,green
135558,,c7fbf674-7151-4b31-9215-b4523cffdc16,1,R0XMN6Xj1618936448912,108,figural_single_2_1,1,,0,blue,427.27000001468696,0,single,e_g_08.png,color,green
135558,,c7fbf674-7151-4b31-9215-b4523cffdc16,1,R0XMN6Xj1618936448912,109,figural_single_2_1,1,,0,blue,458.27999999164604,1,single,e_b_11.png,color,blue
135558,,c7fbf674-7151-4b31-9215-b4523cffdc16,1,R0XMN6Xj1618936448912,110,figural_single_2_1,1,,0,blue,364.21999998856336,1,single,r_b_13.png,color,blue
135558,,c7fbf674-7151-4b31-9215-b4523cffdc16,1,R0XMN6Xj1618936448912,111,figural_single_2_1,1,,0,blue,407.55999999237247,1,single,r_b_12.png,color,blue
135558,,c7fbf674-7151-4b31-9215-b4523cffdc16,1,R0XMN6Xj1618936448912,112,figural_single_2_1,1,,0,blue,413.85499999159947,1,single,r_b_15.png,color,blue
135558,,c7fbf674-7151-4b31-9215-b4523cffdc16,1,R0XMN6Xj1618936448912,113,figural_single_2_1,1,,0,green,479.73999998066574,1,single,e_g_05.png,color,green
135558,,c7fbf674-7151-4b31-9215-b4523cffdc16,1,R0XMN6Xj1618936448912,114,figural_single_2_1,1,,0,green,267.6799999899231,1,single,r_g_12.png,color,green
135558,,c7fbf674-7151-4b31-9215-b4523cffdc16,1,R0XMN6Xj1618936448912,115,figural_single_2_1,1,,0,blue,405.4500000202097,1,single,r_b_02.png,color,blue
135558,,c7fbf674-7151-4b31-9215-b4523cffdc16,1,R0XMN6Xj1618936448912,116,figural_single_2_1,1,,0,blue,307.570000004489,1,single,r_b_01.png,color,blue
135558,,c7fbf674-7151-4b31-9215-b4523cffdc16,1,R0XMN6Xj1618936448912,117,figural_single_2_1,1,,0,green,414.95999999460764,0,single,r_b_07.png,color,blue
135558,,c7fbf674-7151-4b31-9215-b4523cffdc16,1,R0XMN6Xj1618936448912,118,figural_single_2_1,1,,0,green,365.33000000054017,1,single,e_g_15.png,color,green
135558,,c7fbf674-7151-4b31-9215-b4523cffdc16,1,R0XMN6Xj1618936448912,119,figural_single_2_1,1,,0,green,494.88499999279156,1,single,e_g_11.png,color,green
135558,,c7fbf674-7151-4b31-9215-b4523cffdc16,1,R0XMN6Xj1618936448912,120,figural_single_2_1,1,,0,blue,299.64499999186955,1,single,e_b_07.png,color,blue
135558,,c7fbf674-7151-4b31-9215-b4523cffdc16,1,R0XMN6Xj1618936448912,121,figural_single_2_1,1,,0,blue,283.3950000058394,0,single,r_g_04.png,color,green
135558,,c7fbf674-7151-4b31-9215-b4523cffdc16,1,R0XMN6Xj1618936448912,122,figural_single_2_1,1,,0,blue,289.01499998755753,0,single,e_g_02.png,color,green
135558,,c7fbf674-7151-4b31-9215-b4523cffdc16,1,R0XMN6Xj1618936448912,123,figural_single_2_1,1,,0,green,358.73499998706393,0,single,e_b_01.png,color,blue
135558,,c7fbf674-7151-4b31-9215-b4523cffdc16,1,R0XMN6Xj1618936448912,124,figural_single_2_1,1,,0,blue,888.3999999961816,1,single,r_b_05.png,color,blue
135558,,c7fbf674-7151-4b31-9215-b4523cffdc16,1,R0XMN6Xj1618936448912,125,figural_single_2_1,1,,0,green,598.935000016354,1,single,e_g_03.png,color,green
135558,,c7fbf674-7151-4b31-9215-b4523cffdc16,1,R0XMN6Xj1618936448912,126,figural_single_2_1,1,,0,blue,495.1349999755621,1,single,r_b_04.png,color,blue
135558,,c7fbf674-7151-4b31-9215-b4523cffdc16,1,R0XMN6Xj1618936448912,127,figural_single_2_1,1,,0,green,464.48500000406057,1,single,e_g_06.png,color,green
135558,,c7fbf674-7151-4b31-9215-b4523cffdc16,1,R0XMN6Xj1618936448912,128,figural_single_2_1,1,,0,green,557.6550000114366,1,single,e_g_12.png,color,green
135558,,c7fbf674-7151-4b31-9215-b4523cffdc16,1,R0XMN6Xj1618936448912,129,figural_single_2_1,1,,0,green,478.2300000078976,1,single,r_g_14.png,color,green
135558,,c7fbf674-7151-4b31-9215-b4523cffdc16,1,R0XMN6Xj1618936448912,130,figural_single_2_1,1,,0,blue,408.03999998024665,1,single,e_b_09.png,color,blue
135558,,c7fbf674-7151-4b31-9215-b4523cffdc16,1,R0XMN6Xj1618936448912,131,figural_single_2_1,1,,0,blue,330.5199999886099,1,single,e_b_16.png,color,blue
135558,,c7fbf674-7151-4b31-9215-b4523cffdc16,1,R0XMN6Xj1618936448912,132,figural_single_2_1,1,,0,green,415.90500000165775,1,single,r_g_01.png,color,green
135558,,c7fbf674-7151-4b31-9215-b4523cffdc16,1,R0XMN6Xj1618936448912,133,figural_single_2_1,1,,0,green,448.41499999165535,1,single,r_g_09.png,color,green
135558,,c7fbf674-7151-4b31-9215-b4523cffdc16,1,R0XMN6Xj1618936448912,134,figural_single_2_1,1,,0,blue,335.90999999432825,0,single,e_g_13.png,color,green
135558,,c7fbf674-7151-4b31-9215-b4523cffdc16,1,R0XMN6Xj1618936448912,135,figural_single_2_1,1,,0,blue,498.08999997912906,1,single,r_b_06.png,color,blue
135558,,c7fbf674-7151-4b31-9215-b4523cffdc16,1,R0XMN6Xj1618936448912,136,figural_single_2_1,1,,0,blue,561.939999985043,1,single,r_b_14.png,color,blue
135558,,c7fbf674-7151-4b31-9215-b4523cffdc16,1,R0XMN6Xj1618936448912,137,figural_single_2_1,1,,0,green,481.92000002018176,1,single,r_g_05.png,color,green
135558,,c7fbf674-7151-4b31-9215-b4523cffdc16,1,R0XMN6Xj1618936448912,138,figural_single_2_1,1,,0,green,359.62500001187436,1,single,e_g_10.png,color,green
135558,,c7fbf674-7151-4b31-9215-b4523cffdc16,1,R0XMN6Xj1618936448912,139,figural_single_2_1,1,,0,green,298.81000000750646,1,single,r_g_02.png,color,green
135558,,c7fbf674-7151-4b31-9215-b4523cffdc16,1,R0XMN6Xj1618936448912,140,figural_single_2_1,1,,0,blue,365.5649999855086,1,single,e_b_10.png,color,blue
135558,,c7fbf674-7151-4b31-9215-b4523cffdc16,1,R0XMN6Xj1618936448912,141,figural_single_2_1,1,,0,blue,302.8700000140816,1,single,r_b_16.png,color,blue
135558,,c7fbf674-7151-4b31-9215-b4523cffdc16,1,R0XMN6Xj1618936448912,142,figural_single_2_1,1,,0,green,451.7200000118464,1,single,r_g_11.png,color,green
135558,,c7fbf674-7151-4b31-9215-b4523cffdc16,1,R0XMN6Xj1618936448912,143,figural_single_2_1,1,,0,blue,346.44999998272397,0,single,r_g_03.png,color,green
135558,,c7fbf674-7151-4b31-9215-b4523cffdc16,1,R0XMN6Xj1618936448912,144,figural_single_2_1,1,,0,blue,640.3750000172295,1,single,e_b_14.png,color,blue
135558,,c7fbf674-7151-4b31-9215-b4523cffdc16,1,R0XMN6Xj1618936448912,145,figural_single_2_1,1,,0,green,403.33499998087063,0,single,e_b_13.png,color,blue
135558,,c7fbf674-7151-4b31-9215-b4523cffdc16,1,R0XMN6Xj1618936448912,146,figural_single_2_1,1,,0,green,454.8249999934342,0,single,r_b_10.png,color,blue
135558,,c7fbf674-7151-4b31-9215-b4523cffdc16,1,R0XMN6Xj1618936448912,147,figural_single_2_1,1,,0,green,436.97000000975095,1,single,e_g_14.png,color,green
135558,,c7fbf674-7151-4b31-9215-b4523cffdc16,1,R0XMN6Xj1618936448912,148,figural_single_2_1,1,,0,blue,532.7549999929033,1,single,e_b_15.png,color,blue
135558,,c7fbf674-7151-4b31-9215-b4523cffdc16,1,R0XMN6Xj1618936448912,149,figural_single_2_1,1,,0,blue,479.36500000650994,1,single,e_b_05.png,color,blue
135558,,c7fbf674-7151-4b31-9215-b4523cffdc16,1,R0XMN6Xj1618936448912,150,figural_single_2_1,1,,0,blue,396.7899999988731,1,single,r_b_11.png,color,blue
135558,,c7fbf674-7151-4b31-9215-b4523cffdc16,1,R0XMN6Xj1618936448912,151,figural_single_2_1,1,,0,green,672.32499999227,1,single,r_g_13.png,color,green
135558,,c7fbf674-7151-4b31-9215-b4523cffdc16,1,R0XMN6Xj1618936448912,152,figural_single_2_1,1,,0,green,447.8700000036042,1,single,r_g_16.png,color,green
135558,,c7fbf674-7151-4b31-9215-b4523cffdc16,1,R0XMN6Xj1618936448912,153,figural_mixed_practice,1,,0,angular,1361.2250000005588,1,start,e_g_13.png,shape,angular
135558,,c7fbf674-7151-4b31-9215-b4523cffdc16,1,R0XMN6Xj1618936448912,154,figural_mixed_practice,1,,0,angular,1484.309999999823,1,repetition,e_g_15.png,shape,angular
135558,,c7fbf674-7151-4b31-9215-b4523cffdc16,1,R0XMN6Xj1618936448912,155,figural_mixed_practice,1,,0,blue,702.3749999934807,1,switch,r_b_02.png,color,blue
135558,,c7fbf674-7151-4b31-9215-b4523cffdc16,1,R0XMN6Xj1618936448912,156,figural_mixed_practice,1,,0,green,709.2599999741651,1,repetition,r_g_10.png,color,green
135558,,c7fbf674-7151-4b31-9215-b4523cffdc16,1,R0XMN6Xj1618936448912,157,figural_mixed_practice,1,,0,round,564.2400000069756,1,switch,r_b_03.png,shape,round
135558,,c7fbf674-7151-4b31-9215-b4523cffdc16,1,R0XMN6Xj1618936448912,158,figural_mixed_practice,1,,0,blue,794.3699999887031,1,switch,e_b_11.png,color,blue
135558,,c7fbf674-7151-4b31-9215-b4523cffdc16,1,R0XMN6Xj1618936448912,159,figural_mixed_practice,1,,0,blue,603.754999989178,0,repetition,r_g_06.png,color,green
135558,,c7fbf674-7151-4b31-9215-b4523cffdc16,1,R0XMN6Xj1618936448912,160,figural_mixed_practice,1,,0,round,1344.8700000008103,1,switch,r_b_08.png,shape,round
135558,,c7fbf674-7151-4b31-9215-b4523cffdc16,1,R0XMN6Xj1618936448912,161,figural_mixed_practice,1,,0,angular,590.9000000101514,1,repetition,e_b_12.png,shape,angular
135558,,c7fbf674-7151-4b31-9215-b4523cffdc16,1,R0XMN6Xj1618936448912,162,figural_mixed_practice,1,,0,round,849.8050000052899,1,repetition,r_g_04.png,shape,round
135558,,c7fbf674-7151-4b31-9215-b4523cffdc16,1,R0XMN6Xj1618936448912,163,figural_mixed_practice,1,,0,green,882.3050000064541,0,switch,e_b_01.png,color,blue
135558,,c7fbf674-7151-4b31-9215-b4523cffdc16,1,R0XMN6Xj1618936448912,164,figural_mixed_practice,1,,0,green,840.649999998277,1,repetition,e_g_05.png,color,green
135558,,c7fbf674-7151-4b31-9215-b4523cffdc16,1,R0XMN6Xj1618936448912,165,figural_mixed,1,,0,green,811.0300000116695,1,start,r_g_12.png,color,green
135558,,c7fbf674-7151-4b31-9215-b4523cffdc16,1,R0XMN6Xj1618936448912,166,figural_mixed,1,,0,green,403.3800000033807,1,repetition,e_g_16.png,color,green
135558,,c7fbf674-7151-4b31-9215-b4523cffdc16,1,R0XMN6Xj1618936448912,167,figural_mixed,1,,0,round,810.5049999721814,1,switch,r_b_01.png,shape,round
135558,,c7fbf674-7151-4b31-9215-b4523cffdc16,1,R0XMN6Xj1618936448912,168,figural_mixed,1,,0,blue,651.480000000447,1,switch,e_b_10.png,color,blue
135558,,c7fbf674-7151-4b31-9215-b4523cffdc16,1,R0XMN6Xj1618936448912,169,figural_mixed,1,,0,round,1012.6199999940582,1,switch,r_g_07.png,shape,round
135558,,c7fbf674-7151-4b31-9215-b4523cffdc16,1,R0XMN6Xj1618936448912,170,figural_mixed,1,,0,angular,815.679999999702,1,repetition,e_g_16.png,shape,angular
135558,,c7fbf674-7151-4b31-9215-b4523cffdc16,1,R0XMN6Xj1618936448912,171,figural_mixed,1,,0,angular,742.1599999943282,1,repetition,e_b_11.png,shape,angular
135558,,c7fbf674-7151-4b31-9215-b4523cffdc16,1,R0XMN6Xj1618936448912,172,figural_mixed,1,,0,blue,893.580000003567,1,switch,e_b_12.png,color,blue
135558,,c7fbf674-7151-4b31-9215-b4523cffdc16,1,R0XMN6Xj1618936448912,173,figural_mixed,1,,0,blue,787.6450000039767,1,repetition,r_b_05.png,color,blue
135558,,c7fbf674-7151-4b31-9215-b4523cffdc16,1,R0XMN6Xj1618936448912,174,figural_mixed,1,,0,round,1029.6899999957532,0,switch,e_b_15.png,shape,angular
135558,,c7fbf674-7151-4b31-9215-b4523cffdc16,1,R0XMN6Xj1618936448912,175,figural_mixed,1,,0,round,1138.715000008233,1,repetition,r_g_01.png,shape,round
135558,,c7fbf674-7151-4b31-9215-b4523cffdc16,1,R0XMN6Xj1618936448912,176,figural_mixed,1,,0,green,869.3550000025425,1,switch,r_g_11.png,color,green
135558,,c7fbf674-7151-4b31-9215-b4523cffdc16,1,R0XMN6Xj1618936448912,177,figural_mixed,1,,0,blue,808.904999983497,1,repetition,e_b_14.png,color,blue
135558,,c7fbf674-7151-4b31-9215-b4523cffdc16,1,R0XMN6Xj1618936448912,178,figural_mixed,1,,0,green,836.9300000194926,1,repetition,r_g_05.png,color,green
135558,,c7fbf674-7151-4b31-9215-b4523cffdc16,1,R0XMN6Xj1618936448912,179,figural_mixed,1,,0,angular,743.1199999991804,1,switch,e_g_09.png,shape,angular
135558,,c7fbf674-7151-4b31-9215-b4523cffdc16,1,R0XMN6Xj1618936448912,180,figural_mixed,1,,0,angular,622.075000021141,0,repetition,r_b_04.png,shape,round
135558,,c7fbf674-7151-4b31-9215-b4523cffdc16,1,R0XMN6Xj1618936448912,181,figural_mixed,1,,0,round,973.3149999810848,1,repetition,r_g_12.png,shape,round
135558,,c7fbf674-7151-4b31-9215-b4523cffdc16,1,R0XMN6Xj1618936448912,182,figural_mixed,1,,0,round,903.9249999914318,1,repetition,r_b_02.png,shape,round
135558,,c7fbf674-7151-4b31-9215-b4523cffdc16,1,R0XMN6Xj1618936448912,183,figural_mixed,1,,0,green,1232.9199999803677,1,switch,r_g_04.png,color,green
135558,,c7fbf674-7151-4b31-9215-b4523cffdc16,1,R0XMN6Xj1618936448912,184,figural_mixed,1,,0,blue,731.5999999991618,1,repetition,e_b_02.png,color,blue
135558,,c7fbf674-7151-4b31-9215-b4523cffdc16,1,R0XMN6Xj1618936448912,185,figural_mixed,1,,0,blue,746.6450000065379,1,repetition,r_b_16.png,color,blue
135558,,c7fbf674-7151-4b31-9215-b4523cffdc16,1,R0XMN6Xj1618936448912,186,figural_mixed,1,,0,angular,795.7149999856483,1,switch,e_g_03.png,shape,angular
135558,,c7fbf674-7151-4b31-9215-b4523cffdc16,1,R0XMN6Xj1618936448912,187,figural_mixed,1,,0,blue,1435.075000015786,1,switch,r_b_10.png,color,blue
135558,,c7fbf674-7151-4b31-9215-b4523cffdc16,1,R0XMN6Xj1618936448912,188,figural_mixed,1,,0,green,1157.47000000556,1,repetition,e_g_03.png,color,green
135558,,c7fbf674-7151-4b31-9215-b4523cffdc16,1,R0XMN6Xj1618936448912,189,figural_mixed,1,,0,green,703.8400000019465,1,repetition,r_g_06.png,color,green
135558,,c7fbf674-7151-4b31-9215-b4523cffdc16,1,R0XMN6Xj1618936448912,190,figural_mixed,1,,0,round,954.635000001872,1,switch,r_b_09.png,shape,round
135558,,c7fbf674-7151-4b31-9215-b4523cffdc16,1,R0XMN6Xj1618936448912,191,figural_mixed,1,,0,blue,1129.6750000037719,1,switch,r_b_02.png,color,blue
135558,,c7fbf674-7151-4b31-9215-b4523cffdc16,1,R0XMN6Xj1618936448912,192,figural_mixed,1,,0,green,784.0649999852758,1,repetition,r_g_01.png,color,green
135558,,c7fbf674-7151-4b31-9215-b4523cffdc16,1,R0XMN6Xj1618936448912,193,figural_mixed,1,,0,angular,852.1100000070874,1,switch,e_g_07.png,shape,angular
135558,,c7fbf674-7151-4b31-9215-b4523cffdc16,1,R0XMN6Xj1618936448912,194,figural_mixed,1,,0,blue,796.0900000180118,1,switch,r_b_13.png,color,blue
135558,,c7fbf674-7151-4b31-9215-b4523cffdc16,1,R0XMN6Xj1618936448912,195,figural_mixed,1,,0,angular,892.7050000056624,1,switch,e_b_14.png,shape,angular
135558,,c7fbf674-7151-4b31-9215-b4523cffdc16,1,R0XMN6Xj1618936448912,196,figural_mixed,1,,0,angular,709.9850000231527,0,repetition,r_g_09.png,shape,round
135558,,c7fbf674-7151-4b31-9215-b4523cffdc16,1,R0XMN6Xj1618936448912,197,figural_mixed,1,,0,angular,726.8049999838695,0,repetition,r_b_11.png,shape,round
135558,,c7fbf674-7151-4b31-9215-b4523cffdc16,1,R0XMN6Xj1618936448912,198,figural_mixed,1,,0,blue,1457.0299999904819,0,switch,r_g_07.png,color,green
135558,,c7fbf674-7151-4b31-9215-b4523cffdc16,1,R0XMN6Xj1618936448912,199,figural_mixed,1,,0,round,1206.4249999821186,0,switch,e_b_04.png,shape,angular
135558,,c7fbf674-7151-4b31-9215-b4523cffdc16,1,R0XMN6Xj1618936448912,200,figural_mixed,1,,0,round,28.254999982891604,1,repetition,r_g_14.png,shape,round
135558,,c7fbf674-7151-4b31-9215-b4523cffdc16,1,R0XMN6Xj1618936448912,201,figural_mixed,1,,0,blue,1105.1299999817275,1,switch,e_b_09.png,color,blue
135558,,c7fbf674-7151-4b31-9215-b4523cffdc16,1,R0XMN6Xj1618936448912,202,figural_mixed,1,,0,angular,1079.3999999877997,1,switch,e_g_10.png,shape,angular
135558,,c7fbf674-7151-4b31-9215-b4523cffdc16,1,R0XMN6Xj1618936448912,203,figural_mixed,1,,0,green,687.3400000040419,1,switch,r_g_15.png,color,green
135558,,c7fbf674-7151-4b31-9215-b4523cffdc16,1,R0XMN6Xj1618936448912,204,figural_mixed,1,,0,green,653.055000002496,1,repetition,e_g_14.png,color,green
135558,,c7fbf674-7151-4b31-9215-b4523cffdc16,1,R0XMN6Xj1618936448912,205,figural_mixed,1,,0,blue,802.5950000155717,1,repetition,r_b_07.png,color,blue
135558,,c7fbf674-7151-4b31-9215-b4523cffdc16,1,R0XMN6Xj1618936448912,206,figural_mixed,1,,0,blue,583.9850000047591,1,repetition,r_b_09.png,color,blue
135558,,c7fbf674-7151-4b31-9215-b4523cffdc16,1,R0XMN6Xj1618936448912,207,figural_mixed,1,,0,angular,741.5749999927357,1,switch,e_g_14.png,shape,angular
135558,,c7fbf674-7151-4b31-9215-b4523cffdc16,1,R0XMN6Xj1618936448912,208,figural_mixed,1,,0,angular,640.7349999935832,1,repetition,e_g_13.png,shape,angular
135558,,c7fbf674-7151-4b31-9215-b4523cffdc16,1,R0XMN6Xj1618936448912,209,figural_mixed,1,,0,blue,1037.9700000048615,1,switch,e_b_04.png,color,blue
135558,,c7fbf674-7151-4b31-9215-b4523cffdc16,1,R0XMN6Xj1618936448912,210,figural_mixed,1,,0,green,832.315000006929,1,repetition,e_g_10.png,color,green
135558,,c7fbf674-7151-4b31-9215-b4523cffdc16,1,R0XMN6Xj1618936448912,211,figural_mixed,1,,0,green,626.3850000104867,1,repetition,e_g_04.png,color,green
135558,,c7fbf674-7151-4b31-9215-b4523cffdc16,1,R0XMN6Xj1618936448912,212,figural_mixed,1,,0,angular,905.0399999832734,1,switch,e_b_07.png,shape,angular
135558,,c7fbf674-7151-4b31-9215-b4523cffdc16,1,R0XMN6Xj1618936448912,213,figural_mixed,1,,0,angular,658.4399999992456,0,repetition,r_g_11.png,shape,round
135558,,c7fbf674-7151-4b31-9215-b4523cffdc16,1,R0XMN6Xj1618936448912,214,figural_mixed,1,,0,round,933.1299999903422,1,repetition,r_g_04.png,shape,round
135558,,c7fbf674-7151-4b31-9215-b4523cffdc16,1,R0XMN6Xj1618936448912,215,figural_mixed,1,,0,angular,1251.589999999851,1,repetition,e_g_15.png,shape,angular
135558,,c7fbf674-7151-4b31-9215-b4523cffdc16,1,R0XMN6Xj1618936448912,216,figural_mixed,1,,0,green,663.2150000077672,1,switch,e_g_11.png,color,green
135558,,c7fbf674-7151-4b31-9215-b4523cffdc16,1,R0XMN6Xj1618936448912,217,figural_mixed,1,,0,round,1176.3150000188034,1,switch,r_g_08.png,shape,round
135558,,c7fbf674-7151-4b31-9215-b4523cffdc16,1,R0XMN6Xj1618936448912,218,figural_mixed,1,,0,round,762.2299999929965,1,repetition,r_g_10.png,shape,round
135558,,c7fbf674-7151-4b31-9215-b4523cffdc16,1,R0XMN6Xj1618936448912,219,figural_mixed,1,,0,green,935.2700000163168,1,switch,e_g_15.png,color,green
135558,,c7fbf674-7151-4b31-9215-b4523cffdc16,1,R0XMN6Xj1618936448912,220,figural_mixed,1,,0,green,504.7799999883864,1,repetition,r_g_02.png,color,green
135558,,c7fbf674-7151-4b31-9215-b4523cffdc16,1,R0XMN6Xj1618936448912,221,figural_mixed,1,,0,angular,992.934999987483,1,switch,e_b_01.png,shape,angular
135558,,c7fbf674-7151-4b31-9215-b4523cffdc16,1,R0XMN6Xj1618936448912,222,figural_mixed,1,,0,blue,812.4600000155624,1,switch,e_b_15.png,color,blue
135558,,c7fbf674-7151-4b31-9215-b4523cffdc16,1,R0XMN6Xj1618936448912,223,figural_mixed,1,,0,blue,660.8649999834597,1,repetition,e_b_03.png,color,blue
135558,,c7fbf674-7151-4b31-9215-b4523cffdc16,1,R0XMN6Xj1618936448912,224,figural_mixed,1,,0,blue,456.5500000026077,1,repetition,e_b_01.png,color,blue
135558,,c7fbf674-7151-4b31-9215-b4523cffdc16,1,R0XMN6Xj1618936448912,225,figural_mixed,1,,0,angular,580.9200000076089,0,switch,r_g_02.png,shape,round
135558,,c7fbf674-7151-4b31-9215-b4523cffdc16,1,R0XMN6Xj1618936448912,226,figural_mixed,1,,0,green,1594.9799999943934,1,switch,e_g_05.png,color,green
135558,,c7fbf674-7151-4b31-9215-b4523cffdc16,1,R0XMN6Xj1618936448912,227,figural_mixed,1,,0,round,777.7249999926426,1,switch,r_b_06.png,shape,round
135558,,c7fbf674-7151-4b31-9215-b4523cffdc16,1,R0XMN6Xj1618936448912,228,figural_mixed,1,,0,green,730.1800000132062,1,switch,e_g_08.png,color,green
135558,,c7fbf674-7151-4b31-9215-b4523cffdc16,1,R0XMN6Xj1618936448912,229,figural_mixed,1,,0,green,849.4300000020303,1,repetition,e_g_02.png,color,green
135558,,c7fbf674-7151-4b31-9215-b4523cffdc16,1,R0XMN6Xj1618936448912,230,figural_mixed,1,,0,blue,725.6499999784864,1,repetition,e_b_06.png,color,blue
135558,,c7fbf674-7151-4b31-9215-b4523cffdc16,1,R0XMN6Xj1618936448912,231,figural_mixed,1,,0,angular,1618.3099999907427,1,switch,e_b_08.png,shape,angular
135558,,c7fbf674-7151-4b31-9215-b4523cffdc16,1,R0XMN6Xj1618936448912,232,figural_mixed,1,,0,green,999.1250000020955,1,switch,r_g_09.png,color,green
135558,,c7fbf674-7151-4b31-9215-b4523cffdc16,1,R0XMN6Xj1618936448912,233,figural_mixed,1,,0,blue,1147.3150000092573,1,repetition,e_b_13.png,color,blue
135558,,c7fbf674-7151-4b31-9215-b4523cffdc16,1,R0XMN6Xj1618936448912,234,figural_mixed,1,,0,angular,994.0700000151992,0,switch,r_b_10.png,shape,round
135558,,c7fbf674-7151-4b31-9215-b4523cffdc16,1,R0XMN6Xj1618936448912,235,figural_mixed,1,,0,round,1374.4000000006054,1,repetition,r_b_13.png,shape,round
135558,,c7fbf674-7151-4b31-9215-b4523cffdc16,1,R0XMN6Xj1618936448912,236,figural_mixed,1,,0,blue,1238.7049999961164,1,switch,e_b_11.png,color,blue
135558,,c7fbf674-7151-4b31-9215-b4523cffdc16,1,R0XMN6Xj1618936448912,237,figural_mixed,1,,0,green,639.324999996461,1,repetition,r_g_08.png,color,green
135558,,c7fbf674-7151-4b31-9215-b4523cffdc16,1,R0XMN6Xj1618936448912,238,figural_mixed,1,,0,round,712.8899999952409,0,switch,e_b_10.png,shape,angular
135558,,c7fbf674-7151-4b31-9215-b4523cffdc16,1,R0XMN6Xj1618936448912,239,figural_mixed,1,,0,angular,1677.9499999829568,1,repetition,e_g_06.png,shape,angular
135558,,c7fbf674-7151-4b31-9215-b4523cffdc16,1,R0XMN6Xj1618936448912,240,figural_mixed,1,,0,angular,829.2849999852479,1,repetition,e_g_11.png,shape,angular
135558,,c7fbf674-7151-4b31-9215-b4523cffdc16,1,R0XMN6Xj1618936448912,241,figural_mixed,1,,0,round,888.2100000046194,1,repetition,r_b_07.png,shape,round
135558,,c7fbf674-7151-4b31-9215-b4523cffdc16,1,R0XMN6Xj1618936448912,242,figural_mixed,1,,0,blue,702.3749999934807,1,switch,r_b_06.png,color,blue
135558,,c7fbf674-7151-4b31-9215-b4523cffdc16,1,R0XMN6Xj1618936448912,243,figural_mixed,1,,0,blue,848.7800000002608,1,repetition,e_b_07.png,color,blue
135558,,c7fbf674-7151-4b31-9215-b4523cffdc16,1,R0XMN6Xj1618936448912,244,figural_mixed,1,,0,blue,737.5999999931082,1,repetition,r_b_14.png,color,blue
135558,,c7fbf674-7151-4b31-9215-b4523cffdc16,1,R0XMN6Xj1618936448912,245,figural_mixed,1,,0,green,750.5200000014156,1,repetition,r_g_16.png,color,green
135558,,c7fbf674-7151-4b31-9215-b4523cffdc16,1,R0XMN6Xj1618936448912,246,figural_mixed,1,,0,round,562.9450000124052,0,switch,e_b_09.png,shape,angular
135558,,c7fbf674-7151-4b31-9215-b4523cffdc16,1,R0XMN6Xj1618936448912,247,figural_mixed,1,,0,round,1820.1599999738391,1,repetition,r_g_05.png,shape,round
135558,,c7fbf674-7151-4b31-9215-b4523cffdc16,1,R0XMN6Xj1618936448912,248,figural_mixed,1,,0,angular,683.309999993071,1,repetition,e_b_12.png,shape,angular
135558,,c7fbf674-7151-4b31-9215-b4523cffdc16,1,R0XMN6Xj1618936448912,249,figural_mixed,1,,0,blue,1651.849999994738,1,switch,e_b_05.png,color,blue
135558,,c7fbf674-7151-4b31-9215-b4523cffdc16,1,R0XMN6Xj1618936448912,250,figural_mixed,1,,0,round,1105.0300000060815,1,switch,r_g_06.png,shape,round
135558,,c7fbf674-7151-4b31-9215-b4523cffdc16,1,R0XMN6Xj1618936448912,251,figural_mixed,1,,0,blue,677.3150000080932,1,switch,e_b_16.png,color,blue
135558,,c7fbf674-7151-4b31-9215-b4523cffdc16,1,R0XMN6Xj1618936448912,252,figural_mixed,1,,0,blue,632.1849999949336,0,repetition,r_g_13.png,color,green
135558,,c7fbf674-7151-4b31-9215-b4523cffdc16,1,R0XMN6Xj1618936448912,253,figural_mixed,1,,0,angular,1442.0200000167824,1,switch,e_g_02.png,shape,angular
135558,,c7fbf674-7151-4b31-9215-b4523cffdc16,1,R0XMN6Xj1618936448912,254,figural_mixed,1,,0,round,5034.179999987828,1,repetition,r_b_03.png,shape,round
135558,,c7fbf674-7151-4b31-9215-b4523cffdc16,1,R0XMN6Xj1618936448912,255,figural_mixed,1,,0,round,784.1550000011921,1,repetition,r_b_14.png,shape,round
135558,,c7fbf674-7151-4b31-9215-b4523cffdc16,1,R0XMN6Xj1618936448912,256,figural_mixed,1,,0,angular,754.7950000152923,1,repetition,e_g_12.png,shape,angular
135558,,c7fbf674-7151-4b31-9215-b4523cffdc16,1,R0XMN6Xj1618936448912,257,figural_mixed,1,,0,blue,1249.599999981001,1,switch,r_b_04.png,color,blue
135558,,c7fbf674-7151-4b31-9215-b4523cffdc16,1,R0XMN6Xj1618936448912,258,figural_mixed,1,,0,round,1125.5400000081863,1,switch,r_g_15.png,shape,round
135558,,c7fbf674-7151-4b31-9215-b4523cffdc16,1,R0XMN6Xj1618936448912,259,figural_mixed,1,,0,angular,1295.1799999864306,1,repetition,e_g_08.png,shape,angular
135558,,c7fbf674-7151-4b31-9215-b4523cffdc16,1,R0XMN6Xj1618936448912,260,figural_mixed,1,,0,round,1101.1149999976624,1,repetition,r_b_16.png,shape,round
135558,,c7fbf674-7151-4b31-9215-b4523cffdc16,1,R0XMN6Xj1618936448912,261,figural_mixed,1,,0,blue,576.9250000012107,0,switch,r_g_10.png,color,green
135558,,c7fbf674-7151-4b31-9215-b4523cffdc16,1,R0XMN6Xj1618936448912,262,figural_mixed,1,,0,blue,1700.7750000047963,0,repetition,e_g_06.png,color,green
135558,,c7fbf674-7151-4b31-9215-b4523cffdc16,1,R0XMN6Xj1618936448912,263,figural_mixed,1,,0,round,1715.8500000077765,1,switch,r_g_13.png,shape,round
135558,,c7fbf674-7151-4b31-9215-b4523cffdc16,1,R0XMN6Xj1618936448912,264,figural_mixed,1,,0,blue,1267.8350000060163,1,switch,r_b_03.png,color,blue
135558,,c7fbf674-7151-4b31-9215-b4523cffdc16,1,R0XMN6Xj1618936448912,265,figural_mixed,1,,0,angular,880.8999999891967,1,switch,e_b_02.png,shape,angular
135558,,c7fbf674-7151-4b31-9215-b4523cffdc16,1,R0XMN6Xj1618936448912,266,figural_mixed,1,,0,angular,940.1249999937136,1,repetition,e_b_03.png,shape,angular
135558,,c7fbf674-7151-4b31-9215-b4523cffdc16,1,R0XMN6Xj1618936448912,267,figural_mixed,1,,0,green,1341.4750000229105,1,switch,e_g_07.png,color,green
135558,,c7fbf674-7151-4b31-9215-b4523cffdc16,1,R0XMN6Xj1618936448912,268,figural_mixed,1,,0,blue,855.085000017425,1,repetition,r_b_08.png,color,blue
135558,,c7fbf674-7151-4b31-9215-b4523cffdc16,1,R0XMN6Xj1618936448912,269,figural_mixed,1,,0,blue,809.2599999799859,1,repetition,r_b_01.png,color,blue
135558,,c7fbf674-7151-4b31-9215-b4523cffdc16,1,R0XMN6Xj1618936448912,270,figural_mixed,1,,0,angular,1149.1899999964517,1,switch,e_b_05.png,shape,angular
135558,,c7fbf674-7151-4b31-9215-b4523cffdc16,1,R0XMN6Xj1618936448912,271,figural_mixed,1,,0,green,783.6649999953806,1,switch,r_g_16.png,color,green
135558,,c7fbf674-7151-4b31-9215-b4523cffdc16,1,R0XMN6Xj1618936448912,272,figural_mixed,1,,0,angular,1126.319999981206,1,switch,e_g_04.png,shape,angular
135558,,c7fbf674-7151-4b31-9215-b4523cffdc16,1,R0XMN6Xj1618936448912,273,figural_mixed,1,,0,round,826.0650000011083,1,repetition,r_b_05.png,shape,round
135558,,c7fbf674-7151-4b31-9215-b4523cffdc16,1,R0XMN6Xj1618936448912,274,figural_mixed,1,,0,round,1186.939999985043,1,repetition,r_g_03.png,shape,round
135558,,c7fbf674-7151-4b31-9215-b4523cffdc16,1,R0XMN6Xj1618936448912,275,figural_mixed,1,,0,green,836.234999995213,0,switch,r_b_15.png,color,blue
135558,,c7fbf674-7151-4b31-9215-b4523cffdc16,1,R0XMN6Xj1618936448912,276,figural_mixed,1,,0,green,874.7849999926984,1,repetition,r_g_14.png,color,green
135558,,c7fbf674-7151-4b31-9215-b4523cffdc16,1,R0XMN6Xj1618936448912,277,figural_mixed,1,,0,angular,979.1649999970105,1,switch,e_g_01.png,shape,angular
135558,,c7fbf674-7151-4b31-9215-b4523cffdc16,1,R0XMN6Xj1618936448912,278,figural_mixed,1,,0,round,823.3150000160094,1,repetition,r_b_15.png,shape,round
135558,,c7fbf674-7151-4b31-9215-b4523cffdc16,1,R0XMN6Xj1618936448912,279,figural_mixed,1,,0,round,880.6050000130199,1,repetition,r_b_08.png,shape,round
135558,,c7fbf674-7151-4b31-9215-b4523cffdc16,1,R0XMN6Xj1618936448912,280,figural_mixed,1,,0,green,1232.8700000070967,1,switch,e_g_12.png,color,green
135558,,c7fbf674-7151-4b31-9215-b4523cffdc16,1,R0XMN6Xj1618936448912,281,figural_mixed,1,,0,angular,1361.064999975497,1,switch,e_b_13.png,shape,angular
135558,,c7fbf674-7151-4b31-9215-b4523cffdc16,1,R0XMN6Xj1618936448912,282,figural_mixed,1,,0,green,773.0000000155997,1,switch,r_g_03.png,color,green
135558,,c7fbf674-7151-4b31-9215-b4523cffdc16,1,R0XMN6Xj1618936448912,283,figural_mixed,1,,0,blue,892.7799999946728,1,repetition,r_b_12.png,color,blue
135558,,c7fbf674-7151-4b31-9215-b4523cffdc16,1,R0XMN6Xj1618936448912,284,figural_mixed,1,,0,angular,1215.9749999991618,1,switch,e_b_06.png,shape,angular
135558,,c7fbf674-7151-4b31-9215-b4523cffdc16,1,R0XMN6Xj1618936448912,285,figural_mixed,1,,0,angular,830.5150000087451,1,repetition,e_g_05.png,shape,angular
135558,,c7fbf674-7151-4b31-9215-b4523cffdc16,1,R0XMN6Xj1618936448912,286,figural_mixed,1,,0,blue,1086.2849999975879,1,switch,r_b_11.png,color,blue
135558,,c7fbf674-7151-4b31-9215-b4523cffdc16,1,R0XMN6Xj1618936448912,287,figural_mixed,1,,0,angular,957.0349999994505,1,switch,e_b_16.png,shape,angular
135558,,c7fbf674-7151-4b31-9215-b4523cffdc16,1,R0XMN6Xj1618936448912,288,figural_mixed,1,,0,green,1149.3849999969825,1,switch,e_g_01.png,color,green
135558,,c7fbf674-7151-4b31-9215-b4523cffdc16,1,R0XMN6Xj1618936448912,289,figural_mixed,1,,0,green,704.1350000072271,1,repetition,e_g_13.png,color,green
135558,,c7fbf674-7151-4b31-9215-b4523cffdc16,1,R0XMN6Xj1618936448912,290,figural_mixed,1,,0,round,915.2049999975134,1,switch,r_b_12.png,shape,round
135558,,c7fbf674-7151-4b31-9215-b4523cffdc16,1,R0XMN6Xj1618936448912,291,figural_mixed,1,,0,blue,868.1849999993574,1,switch,e_b_08.png,color,blue
135558,,c7fbf674-7151-4b31-9215-b4523cffdc16,1,R0XMN6Xj1618936448912,292,figural_mixed,1,,0,green,753.4749999758787,1,repetition,e_g_09.png,color,green
135558,,c7fbf674-7151-4b31-9215-b4523cffdc16,1,R0XMN6Xj1618936448912,293,figural_mixed,1,,0,green,822.8200000012293,1,repetition,r_g_12.png,color,green
135558,,c7fbf674-7151-4b31-9215-b4523cffdc16,1,R0XMN6Xj1618936448912,294,figural_single_2_2,1,,0,blue,1099.7450000140816,1,single,e_b_01.png,color,blue
135558,,c7fbf674-7151-4b31-9215-b4523cffdc16,1,R0XMN6Xj1618936448912,295,figural_single_2_2,1,,0,blue,528.1599999871105,1,single,r_b_03.png,color,blue
135558,,c7fbf674-7151-4b31-9215-b4523cffdc16,1,R0XMN6Xj1618936448912,296,figural_single_2_2,1,,0,green,578.7600000039674,1,single,e_g_01.png,color,green
135558,,c7fbf674-7151-4b31-9215-b4523cffdc16,1,R0XMN6Xj1618936448912,297,figural_single_2_2,1,,0,green,715.6399999803398,1,single,e_g_13.png,color,green
135558,,c7fbf674-7151-4b31-9215-b4523cffdc16,1,R0XMN6Xj1618936448912,298,figural_single_2_2,1,,0,blue,496.4699999836739,1,single,r_b_16.png,color,blue
135558,,c7fbf674-7151-4b31-9215-b4523cffdc16,1,R0XMN6Xj1618936448912,299,figural_single_2_2,1,,0,blue,415.58500000974163,1,single,r_b_07.png,color,blue
135558,,c7fbf674-7151-4b31-9215-b4523cffdc16,1,R0XMN6Xj1618936448912,300,figural_single_2_2,1,,0,green,376.6849999956321,1,single,r_g_08.png,color,green
135558,,c7fbf674-7151-4b31-9215-b4523cffdc16,1,R0XMN6Xj1618936448912,301,figural_single_2_2,1,,0,blue,569.244999991497,1,single,r_b_09.png,color,blue
135558,,c7fbf674-7151-4b31-9215-b4523cffdc16,1,R0XMN6Xj1618936448912,302,figural_single_2_2,1,,0,green,400.4549999954179,1,single,r_g_02.png,color,green
135558,,c7fbf674-7151-4b31-9215-b4523cffdc16,1,R0XMN6Xj1618936448912,303,figural_single_2_2,1,,0,green,412.87000000011176,1,single,r_g_12.png,color,green
135558,,c7fbf674-7151-4b31-9215-b4523cffdc16,1,R0XMN6Xj1618936448912,304,figural_single_2_2,1,,0,blue,434.4850000052247,1,single,e_b_08.png,color,blue
135558,,c7fbf674-7151-4b31-9215-b4523cffdc16,1,R0XMN6Xj1618936448912,305,figural_single_2_2,1,,0,green,412.87499997997656,1,single,r_g_04.png,color,green
135558,,c7fbf674-7151-4b31-9215-b4523cffdc16,1,R0XMN6Xj1618936448912,306,figural_single_2_2,1,,0,blue,446.1100000189617,1,single,e_b_03.png,color,blue
135558,,c7fbf674-7151-4b31-9215-b4523cffdc16,1,R0XMN6Xj1618936448912,307,figural_single_2_2,1,,0,blue,443.25000001117587,1,single,e_b_11.png,color,blue
135558,,c7fbf674-7151-4b31-9215-b4523cffdc16,1,R0XMN6Xj1618936448912,308,figural_single_2_2,1,,0,blue,390.78499999595806,1,single,r_b_14.png,color,blue
135558,,c7fbf674-7151-4b31-9215-b4523cffdc16,1,R0XMN6Xj1618936448912,309,figural_single_2_2,1,,0,green,421.1899999936577,1,single,e_g_07.png,color,green
135558,,c7fbf674-7151-4b31-9215-b4523cffdc16,1,R0XMN6Xj1618936448912,310,figural_single_2_2,1,,0,blue,381.5750000067055,1,single,r_b_13.png,color,blue
135558,,c7fbf674-7151-4b31-9215-b4523cffdc16,1,R0XMN6Xj1618936448912,311,figural_single_2_2,1,,0,green,372.6100000203587,1,single,e_g_16.png,color,green
135558,,c7fbf674-7151-4b31-9215-b4523cffdc16,1,R0XMN6Xj1618936448912,312,figural_single_2_2,1,,0,blue,403.42499999678694,1,single,e_b_14.png,color,blue
135558,,c7fbf674-7151-4b31-9215-b4523cffdc16,1,R0XMN6Xj1618936448912,313,figural_single_2_2,1,,0,green,320.6299999728799,1,single,e_g_12.png,color,green
135558,,c7fbf674-7151-4b31-9215-b4523cffdc16,1,R0XMN6Xj1618936448912,314,figural_single_2_2,1,,0,blue,386.6400000115391,0,single,r_g_07.png,color,green
135558,,c7fbf674-7151-4b31-9215-b4523cffdc16,1,R0XMN6Xj1618936448912,315,figural_single_2_2,1,,0,blue,628.8349999813363,1,single,e_b_15.png,color,blue
135558,,c7fbf674-7151-4b31-9215-b4523cffdc16,1,R0XMN6Xj1618936448912,316,figural_single_2_2,1,,0,green,416.1599999933969,0,single,e_b_05.png,color,blue
135558,,c7fbf674-7151-4b31-9215-b4523cffdc16,1,R0XMN6Xj1618936448912,317,figural_single_2_2,1,,0,green,715.2550000173505,1,single,r_g_15.png,color,green
135558,,c7fbf674-7151-4b31-9215-b4523cffdc16,1,R0XMN6Xj1618936448912,318,figural_single_2_2,1,,0,blue,385.8450000116136,1,single,r_b_06.png,color,blue
135558,,c7fbf674-7151-4b31-9215-b4523cffdc16,1,R0XMN6Xj1618936448912,319,figural_single_2_2,1,,0,green,794.0400000079535,1,single,e_g_02.png,color,green
135558,,c7fbf674-7151-4b31-9215-b4523cffdc16,1,R0XMN6Xj1618936448912,320,figural_single_2_2,1,,0,green,550.134999997681,1,single,r_g_16.png,color,green
135558,,c7fbf674-7151-4b31-9215-b4523cffdc16,1,R0XMN6Xj1618936448912,321,figural_single_2_2,1,,0,blue,343.6950000177603,1,single,e_b_10.png,color,blue
135558,,c7fbf674-7151-4b31-9215-b4523cffdc16,1,R0XMN6Xj1618936448912,322,figural_single_2_2,1,,0,green,584.9300000118092,1,single,e_g_05.png,color,green
135558,,c7fbf674-7151-4b31-9215-b4523cffdc16,1,R0XMN6Xj1618936448912,323,figural_single_2_2,1,,0,blue,353.6550000135321,0,single,e_g_03.png,color,green
135558,,c7fbf674-7151-4b31-9215-b4523cffdc16,1,R0XMN6Xj1618936448912,324,figural_single_2_2,1,,0,green,910.7399999920744,1,single,e_g_11.png,color,green
135558,,c7fbf674-7151-4b31-9215-b4523cffdc16,1,R0XMN6Xj1618936448912,325,figural_single_2_2,1,,0,blue,465.635000000475,1,single,r_b_15.png,color,blue
135558,,c7fbf674-7151-4b31-9215-b4523cffdc16,1,R0XMN6Xj1618936448912,326,figural_single_2_2,1,,0,blue,401.9150000240188,1,single,e_b_02.png,color,blue
135558,,c7fbf674-7151-4b31-9215-b4523cffdc16,1,R0XMN6Xj1618936448912,327,figural_single_2_2,1,,0,blue,400.93000000342727,1,single,r_b_08.png,color,blue
135558,,c7fbf674-7151-4b31-9215-b4523cffdc16,1,R0XMN6Xj1618936448912,328,figural_single_2_2,1,,0,green,412.9850000026636,1,single,e_g_06.png,color,green
135558,,c7fbf674-7151-4b31-9215-b4523cffdc16,1,R0XMN6Xj1618936448912,329,figural_single_2_2,1,,0,blue,580.7149999891408,1,single,e_b_16.png,color,blue
135558,,c7fbf674-7151-4b31-9215-b4523cffdc16,1,R0XMN6Xj1618936448912,330,figural_single_2_2,1,,0,blue,339.31999999913387,1,single,e_b_06.png,color,blue
135558,,c7fbf674-7151-4b31-9215-b4523cffdc16,1,R0XMN6Xj1618936448912,331,figural_single_2_2,1,,0,green,474.44999997969717,1,single,r_g_09.png,color,green
135558,,c7fbf674-7151-4b31-9215-b4523cffdc16,1,R0XMN6Xj1618936448912,332,figural_single_2_2,1,,0,green,603.5999999730848,1,single,e_g_10.png,color,green
135558,,c7fbf674-7151-4b31-9215-b4523cffdc16,1,R0XMN6Xj1618936448912,333,figural_single_2_2,1,,0,blue,388.2750000047963,1,single,e_b_12.png,color,blue
135558,,c7fbf674-7151-4b31-9215-b4523cffdc16,1,R0XMN6Xj1618936448912,334,figural_single_2_2,1,,0,green,610.290000011446,1,single,r_g_11.png,color,green
135558,,c7fbf674-7151-4b31-9215-b4523cffdc16,1,R0XMN6Xj1618936448912,335,figural_single_2_2,1,,0,green,610.4950000008103,1,single,r_g_06.png,color,green
135558,,c7fbf674-7151-4b31-9215-b4523cffdc16,1,R0XMN6Xj1618936448912,336,figural_single_2_2,1,,0,green,498.6600000120234,1,single,e_g_04.png,color,green
135558,,c7fbf674-7151-4b31-9215-b4523cffdc16,1,R0XMN6Xj1618936448912,337,figural_single_2_2,1,,0,blue,474.06999999657273,1,single,r_b_01.png,color,blue
135558,,c7fbf674-7151-4b31-9215-b4523cffdc16,1,R0XMN6Xj1618936448912,338,figural_single_2_2,1,,0,green,634.2399999848567,1,single,r_g_03.png,color,green
135558,,c7fbf674-7151-4b31-9215-b4523cffdc16,1,R0XMN6Xj1618936448912,339,figural_single_2_2,1,,0,blue,360.3550000116229,1,single,e_b_04.png,color,blue
135558,,c7fbf674-7151-4b31-9215-b4523cffdc16,1,R0XMN6Xj1618936448912,340,figural_single_2_2,1,,0,green,303.14499998348765,0,single,r_b_12.png,color,blue
135558,,c7fbf674-7151-4b31-9215-b4523cffdc16,1,R0XMN6Xj1618936448912,341,figural_single_2_2,1,,0,green,585.8899999875575,1,single,r_g_13.png,color,green
135558,,c7fbf674-7151-4b31-9215-b4523cffdc16,1,R0XMN6Xj1618936448912,342,figural_single_2_2,1,,0,blue,437.275000003865,1,single,r_b_02.png,color,blue
135558,,c7fbf674-7151-4b31-9215-b4523cffdc16,1,R0XMN6Xj1618936448912,343,figural_single_2_2,1,,0,green,475.6749999942258,1,single,e_g_09.png,color,green
135558,,c7fbf674-7151-4b31-9215-b4523cffdc16,1,R0XMN6Xj1618936448912,344,figural_single_2_2,1,,0,blue,446.13000002573244,0,single,e_g_15.png,color,green
135558,,c7fbf674-7151-4b31-9215-b4523cffdc16,1,R0XMN6Xj1618936448912,345,figural_single_2_2,1,,0,green,562.789999996312,1,single,e_g_08.png,color,green
135558,,c7fbf674-7151-4b31-9215-b4523cffdc16,1,R0XMN6Xj1618936448912,346,figural_single_2_2,1,,0,blue,519.2199999873992,1,single,r_b_05.png,color,blue
135558,,c7fbf674-7151-4b31-9215-b4523cffdc16,1,R0XMN6Xj1618936448912,347,figural_single_2_2,1,,0,green,529.4099999882746,1,single,r_g_14.png,color,green
135558,,c7fbf674-7151-4b31-9215-b4523cffdc16,1,R0XMN6Xj1618936448912,348,figural_single_2_2,1,,0,blue,429.01000002166256,1,single,r_b_04.png,color,blue
135558,,c7fbf674-7151-4b31-9215-b4523cffdc16,1,R0XMN6Xj1618936448912,349,figural_single_2_2,1,,0,green,601.6950000193901,1,single,r_g_10.png,color,green
135558,,c7fbf674-7151-4b31-9215-b4523cffdc16,1,R0XMN6Xj1618936448912,350,figural_single_2_2,1,,0,green,457.6250000100117,1,single,r_g_01.png,color,green
135558,,c7fbf674-7151-4b31-9215-b4523cffdc16,1,R0XMN6Xj1618936448912,351,figural_single_2_2,1,,0,blue,501.51000000187196,1,single,r_b_11.png,color,blue
135558,,c7fbf674-7151-4b31-9215-b4523cffdc16,1,R0XMN6Xj1618936448912,352,figural_single_2_2,1,,0,green,426.210000005085,1,single,r_g_05.png,color,green
135558,,c7fbf674-7151-4b31-9215-b4523cffdc16,1,R0XMN6Xj1618936448912,353,figural_single_2_2,1,,0,blue,518.96499999566,1,single,r_b_10.png,color,blue
135558,,c7fbf674-7151-4b31-9215-b4523cffdc16,1,R0XMN6Xj1618936448912,354,figural_single_2_2,1,,0,blue,328.4350000030827,1,single,e_b_13.png,color,blue
135558,,c7fbf674-7151-4b31-9215-b4523cffdc16,1,R0XMN6Xj1618936448912,355,figural_single_2_2,1,,0,green,401.5050000161864,1,single,e_g_14.png,color,green
135558,,c7fbf674-7151-4b31-9215-b4523cffdc16,1,R0XMN6Xj1618936448912,356,figural_single_2_2,1,,0,blue,433.98999999044463,1,single,e_b_07.png,color,blue
135558,,c7fbf674-7151-4b31-9215-b4523cffdc16,1,R0XMN6Xj1618936448912,357,figural_single_2_2,1,,0,green,441.38000000384636,0,single,e_b_09.png,color,blue
135558,,c7fbf674-7151-4b31-9215-b4523cffdc16,1,R0XMN6Xj1618936448912,358,figural_single_1_2,1,,0,angular,4323.009999992792,1,single,e_g_11.png,shape,angular
135558,,c7fbf674-7151-4b31-9215-b4523cffdc16,1,R0XMN6Xj1618936448912,359,figural_single_1_2,1,,0,round,1561.9350000051782,1,single,r_b_16.png,shape,round
135558,,c7fbf674-7151-4b31-9215-b4523cffdc16,1,R0XMN6Xj1618936448912,360,figural_single_1_2,1,,0,angular,15211.509999993723,1,single,e_b_10.png,shape,angular
135558,,c7fbf674-7151-4b31-9215-b4523cffdc16,1,R0XMN6Xj1618936448912,361,figural_single_1_2,1,,0,round,656.684999994468,1,single,r_b_02.png,shape,round
135558,,c7fbf674-7151-4b31-9215-b4523cffdc16,1,R0XMN6Xj1618936448912,362,figural_single_1_2,1,,0,round,957.1849999774713,1,single,r_g_08.png,shape,round
135558,,c7fbf674-7151-4b31-9215-b4523cffdc16,1,R0XMN6Xj1618936448912,363,figural_single_1_2,1,,0,angular,711.5300000004936,1,single,e_g_02.png,shape,angular
135558,,c7fbf674-7151-4b31-9215-b4523cffdc16,1,R0XMN6Xj1618936448912,364,figural_single_1_2,1,,0,round,700.8399999758694,1,single,r_g_05.png,shape,round
135558,,c7fbf674-7151-4b31-9215-b4523cffdc16,1,R0XMN6Xj1618936448912,365,figural_single_1_2,1,,0,angular,706.6449999983888,1,single,e_b_15.png,shape,angular
135558,,c7fbf674-7151-4b31-9215-b4523cffdc16,1,R0XMN6Xj1618936448912,366,figural_single_1_2,1,,0,round,628.5099999804515,1,single,r_b_09.png,shape,round
135558,,c7fbf674-7151-4b31-9215-b4523cffdc16,1,R0XMN6Xj1618936448912,367,figural_single_1_2,1,,0,angular,570.8250000025146,1,single,e_b_12.png,shape,angular
135558,,c7fbf674-7151-4b31-9215-b4523cffdc16,1,R0XMN6Xj1618936448912,368,figural_single_1_2,1,,0,angular,703.5949999990407,1,single,e_g_15.png,shape,angular
135558,,c7fbf674-7151-4b31-9215-b4523cffdc16,1,R0XMN6Xj1618936448912,369,figural_single_1_2,1,,0,round,528.5399999993388,1,single,r_g_04.png,shape,round
135558,,c7fbf674-7151-4b31-9215-b4523cffdc16,1,R0XMN6Xj1618936448912,370,figural_single_1_2,1,,0,angular,576.2899999972433,1,single,e_b_14.png,shape,angular
135558,,c7fbf674-7151-4b31-9215-b4523cffdc16,1,R0XMN6Xj1618936448912,371,figural_single_1_2,1,,0,angular,574.8699999821838,1,single,e_b_02.png,shape,angular
135558,,c7fbf674-7151-4b31-9215-b4523cffdc16,1,R0XMN6Xj1618936448912,372,figural_single_1_2,1,,0,round,584.3499999900814,1,single,r_g_15.png,shape,round
135558,,c7fbf674-7151-4b31-9215-b4523cffdc16,1,R0XMN6Xj1618936448912,373,figural_single_1_2,1,,0,angular,638.6200000124518,1,single,e_b_11.png,shape,angular
135558,,c7fbf674-7151-4b31-9215-b4523cffdc16,1,R0XMN6Xj1618936448912,374,figural_single_1_2,1,,0,round,752.1650000126101,1,single,r_b_07.png,shape,round
135558,,c7fbf674-7151-4b31-9215-b4523cffdc16,1,R0XMN6Xj1618936448912,375,figural_single_1_2,1,,0,round,466.7849999968894,1,single,r_g_06.png,shape,round
135558,,c7fbf674-7151-4b31-9215-b4523cffdc16,1,R0XMN6Xj1618936448912,376,figural_single_1_2,1,,0,round,620.5450000124983,1,single,r_g_02.png,shape,round
135558,,c7fbf674-7151-4b31-9215-b4523cffdc16,1,R0XMN6Xj1618936448912,377,figural_single_1_2,1,,0,angular,478.0649999738671,1,single,e_b_09.png,shape,angular
135558,,c7fbf674-7151-4b31-9215-b4523cffdc16,1,R0XMN6Xj1618936448912,378,figural_single_1_2,1,,0,round,499.6250000258442,1,single,r_b_15.png,shape,round
135558,,c7fbf674-7151-4b31-9215-b4523cffdc16,1,R0XMN6Xj1618936448912,379,figural_single_1_2,1,,0,angular,454.13500000722706,1,single,e_g_14.png,shape,angular
135558,,c7fbf674-7151-4b31-9215-b4523cffdc16,1,R0XMN6Xj1618936448912,380,figural_single_1_2,1,,0,round,505.52999999490567,1,single,r_b_04.png,shape,round
135558,,c7fbf674-7151-4b31-9215-b4523cffdc16,1,R0XMN6Xj1618936448912,381,figural_single_1_2,1,,0,angular,474.5450000045821,0,single,r_g_09.png,shape,round
135558,,c7fbf674-7151-4b31-9215-b4523cffdc16,1,R0XMN6Xj1618936448912,382,figural_single_1_2,1,,0,angular,1705.2049999765586,1,single,e_g_03.png,shape,angular
135558,,c7fbf674-7151-4b31-9215-b4523cffdc16,1,R0XMN6Xj1618936448912,383,figural_single_1_2,1,,0,round,417.5649999815505,1,single,r_b_13.png,shape,round
135558,,c7fbf674-7151-4b31-9215-b4523cffdc16,1,R0XMN6Xj1618936448912,384,figural_single_1_2,1,,0,round,443.47499997820705,1,single,r_b_03.png,shape,round
135558,,c7fbf674-7151-4b31-9215-b4523cffdc16,1,R0XMN6Xj1618936448912,385,figural_single_1_2,1,,0,round,536.4150000095833,1,single,r_g_14.png,shape,round
135558,,c7fbf674-7151-4b31-9215-b4523cffdc16,1,R0XMN6Xj1618936448912,386,figural_single_1_2,1,,0,angular,534.0700000233483,1,single,e_b_05.png,shape,angular
135558,,c7fbf674-7151-4b31-9215-b4523cffdc16,1,R0XMN6Xj1618936448912,387,figural_single_1_2,1,,0,round,556.0350000159815,1,single,r_b_10.png,shape,round
135558,,c7fbf674-7151-4b31-9215-b4523cffdc16,1,R0XMN6Xj1618936448912,388,figural_single_1_2,1,,0,round,435.34500000532717,1,single,r_b_12.png,shape,round
135558,,c7fbf674-7151-4b31-9215-b4523cffdc16,1,R0XMN6Xj1618936448912,389,figural_single_1_2,1,,0,round,484.27499999525025,1,single,r_b_14.png,shape,round
135558,,c7fbf674-7151-4b31-9215-b4523cffdc16,1,R0XMN6Xj1618936448912,390,figural_single_1_2,1,,0,angular,531.6799999854993,1,single,e_g_16.png,shape,angular
135558,,c7fbf674-7151-4b31-9215-b4523cffdc16,1,R0XMN6Xj1618936448912,391,figural_single_1_2,1,,0,round,396.3699999731034,1,single,r_g_12.png,shape,round
135558,,c7fbf674-7151-4b31-9215-b4523cffdc16,1,R0XMN6Xj1618936448912,392,figural_single_1_2,1,,0,round,730.5749999941327,1,single,r_g_11.png,shape,round
135558,,c7fbf674-7151-4b31-9215-b4523cffdc16,1,R0XMN6Xj1618936448912,393,figural_single_1_2,1,,0,angular,447.98999998602085,1,single,e_b_03.png,shape,angular
135558,,c7fbf674-7151-4b31-9215-b4523cffdc16,1,R0XMN6Xj1618936448912,394,figural_single_1_2,1,,0,round,408.3000000100583,0,single,e_b_04.png,shape,angular
135558,,c7fbf674-7151-4b31-9215-b4523cffdc16,1,R0XMN6Xj1618936448912,395,figural_single_1_2,1,,0,round,60.919999988982454,1,single,r_b_11.png,shape,round
135558,,c7fbf674-7151-4b31-9215-b4523cffdc16,1,R0XMN6Xj1618936448912,396,figural_single_1_2,1,,0,angular,1644.510000012815,1,single,e_g_05.png,shape,angular
135558,,c7fbf674-7151-4b31-9215-b4523cffdc16,1,R0XMN6Xj1618936448912,397,figural_single_1_2,1,,0,angular,549.2549999908078,1,single,e_b_16.png,shape,angular
135558,,c7fbf674-7151-4b31-9215-b4523cffdc16,1,R0XMN6Xj1618936448912,398,figural_single_1_2,1,,0,angular,594.5899999933317,1,single,e_g_13.png,shape,angular
135558,,c7fbf674-7151-4b31-9215-b4523cffdc16,1,R0XMN6Xj1618936448912,399,figural_single_1_2,1,,0,round,545.5000000074506,1,single,r_g_01.png,shape,round
135558,,c7fbf674-7151-4b31-9215-b4523cffdc16,1,R0XMN6Xj1618936448912,400,figural_single_1_2,1,,0,angular,795.0950000085868,1,single,e_b_08.png,shape,angular
135558,,c7fbf674-7151-4b31-9215-b4523cffdc16,1,R0XMN6Xj1618936448912,401,figural_single_1_2,1,,0,round,642.1700000064448,0,single,e_g_10.png,shape,angular
135558,,c7fbf674-7151-4b31-9215-b4523cffdc16,1,R0XMN6Xj1618936448912,402,figural_single_1_2,1,,0,round,860.3000000002794,1,single,r_g_13.png,shape,round
135558,,c7fbf674-7151-4b31-9215-b4523cffdc16,1,R0XMN6Xj1618936448912,403,figural_single_1_2,1,,0,angular,536.6049999720417,1,single,e_b_01.png,shape,angular
135558,,c7fbf674-7151-4b31-9215-b4523cffdc16,1,R0XMN6Xj1618936448912,404,figural_single_1_2,1,,0,angular,418.9299999852665,1,single,e_b_06.png,shape,angular
135558,,c7fbf674-7151-4b31-9215-b4523cffdc16,1,R0XMN6Xj1618936448912,405,figural_single_1_2,1,,0,angular,455.1199999987148,0,single,r_g_10.png,shape,round
135558,,c7fbf674-7151-4b31-9215-b4523cffdc16,1,R0XMN6Xj1618936448912,406,figural_single_1_2,1,,0,angular,572.8299999900628,1,single,e_g_08.png,shape,angular
135558,,c7fbf674-7151-4b31-9215-b4523cffdc16,1,R0XMN6Xj1618936448912,407,figural_single_1_2,1,,0,round,613.3450000197627,0,single,e_g_07.png,shape,angular
135558,,c7fbf674-7151-4b31-9215-b4523cffdc16,1,R0XMN6Xj1618936448912,408,figural_single_1_2,1,,0,round,1054.0949999995064,1,single,r_b_06.png,shape,round
135558,,c7fbf674-7151-4b31-9215-b4523cffdc16,1,R0XMN6Xj1618936448912,409,figural_single_1_2,1,,0,angular,818.6149999964982,1,single,e_g_09.png,shape,angular
135558,,c7fbf674-7151-4b31-9215-b4523cffdc16,1,R0XMN6Xj1618936448912,410,figural_single_1_2,1,,0,angular,753.0749999859836,0,single,r_b_01.png,shape,round
135558,,c7fbf674-7151-4b31-9215-b4523cffdc16,1,R0XMN6Xj1618936448912,411,figural_single_1_2,1,,0,angular,910.2450000063982,1,single,e_b_13.png,shape,angular
135558,,c7fbf674-7151-4b31-9215-b4523cffdc16,1,R0XMN6Xj1618936448912,412,figural_single_1_2,1,,0,angular,834.7849999845494,1,single,e_g_04.png,shape,angular
135558,,c7fbf674-7151-4b31-9215-b4523cffdc16,1,R0XMN6Xj1618936448912,413,figural_single_1_2,1,,0,angular,862.8299999982119,1,single,e_g_12.png,shape,angular
135558,,c7fbf674-7151-4b31-9215-b4523cffdc16,1,R0XMN6Xj1618936448912,414,figural_single_1_2,1,,0,round,627.2049999970477,1,single,r_b_08.png,shape,round
135558,,c7fbf674-7151-4b31-9215-b4523cffdc16,1,R0XMN6Xj1618936448912,415,figural_single_1_2,1,,0,angular,710.5450000090059,1,single,e_b_07.png,shape,angular
135558,,c7fbf674-7151-4b31-9215-b4523cffdc16,1,R0XMN6Xj1618936448912,416,figural_single_1_2,1,,0,round,588.74000000651,1,single,r_g_03.png,shape,round
135558,,c7fbf674-7151-4b31-9215-b4523cffdc16,1,R0XMN6Xj1618936448912,417,figural_single_1_2,1,,0,angular,577.0649999903981,1,single,e_g_06.png,shape,angular
135558,,c7fbf674-7151-4b31-9215-b4523cffdc16,1,R0XMN6Xj1618936448912,418,figural_single_1_2,1,,0,round,779.2949999857228,1,single,r_g_16.png,shape,round
135558,,c7fbf674-7151-4b31-9215-b4523cffdc16,1,R0XMN6Xj1618936448912,419,figural_single_1_2,1,,0,round,630.1000000094064,1,single,r_b_05.png,shape,round
135558,,c7fbf674-7151-4b31-9215-b4523cffdc16,1,R0XMN6Xj1618936448912,420,figural_single_1_2,1,,0,angular,802.9700000188313,1,single,e_g_01.png,shape,angular
135558,,c7fbf674-7151-4b31-9215-b4523cffdc16,1,R0XMN6Xj1618936448912,421,figural_single_1_2,1,,0,round,609.6099999849685,1,single,r_g_07.png,shape,round